06 Apr 2025 12:51:45,441 [JavaFX Application Thread] DEBUG ro.mpp2024.StartJsonClient 27 start - Starting client application
06 Apr 2025 12:51:45,445 [JavaFX Application Thread] INFO  ro.mpp2024.StartJsonClient 31 start - Client properties set {server.host=localhost, server.port=55556}
06 Apr 2025 12:51:45,446 [JavaFX Application Thread] INFO  ro.mpp2024.StartJsonClient 48 start - Connecting to server localhost on port 55556
06 Apr 2025 12:52:42,906 [JavaFX Application Thread] ERROR ro.mpp2024.protocol.ServicesJsonProxy 172 initializeConnection - java.net.ConnectException: Connection refused: connect
06 Apr 2025 12:52:42,907 [JavaFX Application Thread] ERROR ro.mpp2024.protocol.ServicesJsonProxy 173 initializeConnection - [Ljava.lang.StackTraceElement;@e00e956
06 Apr 2025 12:54:24,055 [JavaFX Application Thread] DEBUG ro.mpp2024.StartJsonClient 27 start - Starting client application
06 Apr 2025 12:54:24,058 [JavaFX Application Thread] INFO  ro.mpp2024.StartJsonClient 31 start - Client properties set {server.host=localhost, server.port=55556}
06 Apr 2025 12:54:24,059 [JavaFX Application Thread] INFO  ro.mpp2024.StartJsonClient 48 start - Connecting to server localhost on port 55556
06 Apr 2025 12:55:03,211 [Thread-3] DEBUG ro.mpp2024.protocol.ServicesJsonProxy$ReaderThread 203 run - response received {"type":"LOGGED_ACC","user":{"nume":"Alice Johnson","username":"alice.j","password":"UGFzc3cwcmQxIQ\u003d\u003d","id_proba":"s1"}}
06 Apr 2025 12:55:08,201 [Thread-4] DEBUG ro.mpp2024.protocol.ServicesJsonProxy$ReaderThread 203 run - response received {"type":"LOGGED_ACC","user":{"nume":"","username":"test","password":"","id_proba":""}}
06 Apr 2025 12:55:18,688 [Thread-5] DEBUG ro.mpp2024.protocol.ServicesJsonProxy$ReaderThread 203 run - response received {"type":"LOGGED_ACC","user":{"nume":"Alice Johnson","username":"alice.j","password":"UGFzc3cwcmQxIQ\u003d\u003d","id_proba":"s1"}}
06 Apr 2025 13:14:15,865 [JavaFX Application Thread] DEBUG ro.mpp2024.StartJsonClient 28 start - Starting client application
06 Apr 2025 13:14:15,870 [JavaFX Application Thread] INFO  ro.mpp2024.StartJsonClient 32 start - Client properties set {server.host=localhost, server.port=55556}
06 Apr 2025 13:14:15,870 [JavaFX Application Thread] INFO  ro.mpp2024.StartJsonClient 49 start - Connecting to server localhost on port 55556
06 Apr 2025 13:16:08,008 [JavaFX Application Thread] DEBUG ro.mpp2024.StartJsonClient 28 start - Starting client application
06 Apr 2025 13:16:08,011 [JavaFX Application Thread] INFO  ro.mpp2024.StartJsonClient 32 start - Client properties set {server.host=localhost, server.port=55556}
06 Apr 2025 13:16:08,012 [JavaFX Application Thread] INFO  ro.mpp2024.StartJsonClient 49 start - Connecting to server localhost on port 55556
06 Apr 2025 13:29:32,792 [JavaFX Application Thread] DEBUG ro.mpp2024.StartJsonClient 29 start - Starting client application
06 Apr 2025 13:29:32,795 [JavaFX Application Thread] INFO  ro.mpp2024.StartJsonClient 33 start - Client properties set {server.host=localhost, server.port=55556}
06 Apr 2025 13:29:32,795 [JavaFX Application Thread] INFO  ro.mpp2024.StartJsonClient 50 start - Connecting to server localhost on port 55556
06 Apr 2025 13:29:55,721 [JavaFX Application Thread] DEBUG ro.mpp2024.StartJsonClient 29 start - Starting client application
06 Apr 2025 13:29:55,725 [JavaFX Application Thread] INFO  ro.mpp2024.StartJsonClient 33 start - Client properties set {server.host=localhost, server.port=55556}
06 Apr 2025 13:29:55,725 [JavaFX Application Thread] INFO  ro.mpp2024.StartJsonClient 50 start - Connecting to server localhost on port 55556
06 Apr 2025 13:30:08,381 [Thread-3] DEBUG ro.mpp2024.protocol.ServicesJsonProxy$ReaderThread 203 run - response received {"type":"LOGGED_ACC","user":{"nume":"Alice Johnson","username":"alice.j","password":"UGFzc3cwcmQxIQ\u003d\u003d","id_proba":"s1"}}
06 Apr 2025 13:37:10,286 [JavaFX Application Thread] DEBUG ro.mpp2024.StartJsonClient 29 start - Starting client application
06 Apr 2025 13:37:10,289 [JavaFX Application Thread] INFO  ro.mpp2024.StartJsonClient 33 start - Client properties set {server.host=localhost, server.port=55556}
06 Apr 2025 13:37:10,289 [JavaFX Application Thread] INFO  ro.mpp2024.StartJsonClient 50 start - Connecting to server localhost on port 55556
06 Apr 2025 13:37:31,252 [JavaFX Application Thread] DEBUG ro.mpp2024.StartJsonClient 29 start - Starting client application
06 Apr 2025 13:37:31,255 [JavaFX Application Thread] INFO  ro.mpp2024.StartJsonClient 33 start - Client properties set {server.host=localhost, server.port=55556}
06 Apr 2025 13:37:31,256 [JavaFX Application Thread] INFO  ro.mpp2024.StartJsonClient 50 start - Connecting to server localhost on port 55556
06 Apr 2025 13:37:36,422 [Thread-3] DEBUG ro.mpp2024.protocol.ServicesJsonProxy$ReaderThread 203 run - response received {"type":"LOGGED_ACC","user":{"id":20,"nume":"Alice Johnson","username":"alice.j","password":"UGFzc3cwcmQxIQ\u003d\u003d","id_proba":"s1"}}
06 Apr 2025 13:39:05,915 [JavaFX Application Thread] DEBUG ro.mpp2024.StartJsonClient 29 start - Starting client application
06 Apr 2025 13:39:05,919 [JavaFX Application Thread] INFO  ro.mpp2024.StartJsonClient 33 start - Client properties set {server.host=localhost, server.port=55556}
06 Apr 2025 13:39:05,919 [JavaFX Application Thread] INFO  ro.mpp2024.StartJsonClient 50 start - Connecting to server localhost on port 55556
06 Apr 2025 13:39:10,142 [Thread-3] DEBUG ro.mpp2024.protocol.ServicesJsonProxy$ReaderThread 203 run - response received {"type":"LOGGED_ACC","user":{"id":20,"nume":"Alice Johnson","username":"alice.j","password":"UGFzc3cwcmQxIQ\u003d\u003d","id_proba":"s1"}}
06 Apr 2025 13:40:40,098 [JavaFX Application Thread] DEBUG ro.mpp2024.StartJsonClient 29 start - Starting client application
06 Apr 2025 13:40:40,102 [JavaFX Application Thread] INFO  ro.mpp2024.StartJsonClient 33 start - Client properties set {server.host=localhost, server.port=55556}
06 Apr 2025 13:40:40,102 [JavaFX Application Thread] INFO  ro.mpp2024.StartJsonClient 50 start - Connecting to server localhost on port 55556
06 Apr 2025 13:40:48,506 [JavaFX Application Thread] DEBUG ro.mpp2024.StartJsonClient 29 start - Starting client application
06 Apr 2025 13:40:48,510 [JavaFX Application Thread] INFO  ro.mpp2024.StartJsonClient 33 start - Client properties set {server.host=localhost, server.port=55556}
06 Apr 2025 13:40:48,510 [JavaFX Application Thread] INFO  ro.mpp2024.StartJsonClient 50 start - Connecting to server localhost on port 55556
06 Apr 2025 13:41:53,330 [Thread-3] DEBUG ro.mpp2024.protocol.ServicesJsonProxy$ReaderThread 203 run - response received {"type":"LOGGED_ACC","user":{"id":20,"nume":"Alice Johnson","username":"alice.j","password":"UGFzc3cwcmQxIQ\u003d\u003d","id_proba":"s1"}}
06 Apr 2025 13:42:14,342 [Thread-3] DEBUG ro.mpp2024.protocol.ServicesJsonProxy$ReaderThread 203 run - response received {"type":"LOGGED_ACC","user":{"id":21,"nume":"Bob Smith","username":"bob.smith","password":"U2VjdXJlUEBzczI\u003d","id_proba":"c1"}}
06 Apr 2025 13:42:39,416 [Thread-3] DEBUG ro.mpp2024.protocol.ServicesJsonProxy$ReaderThread 203 run - response received {"type":"OK"}
06 Apr 2025 13:42:40,430 [Thread-3] DEBUG ro.mpp2024.protocol.ServicesJsonProxy$ReaderThread 203 run - response received null
06 Apr 2025 13:42:41,840 [Thread-3] DEBUG ro.mpp2024.protocol.ServicesJsonProxy$ReaderThread 203 run - response received {"type":"OK"}
06 Apr 2025 13:42:42,855 [Thread-3] DEBUG ro.mpp2024.protocol.ServicesJsonProxy$ReaderThread 203 run - response received null
06 Apr 2025 13:44:44,847 [JavaFX Application Thread] DEBUG ro.mpp2024.StartJsonClient 29 start - Starting client application
06 Apr 2025 13:44:44,850 [JavaFX Application Thread] INFO  ro.mpp2024.StartJsonClient 33 start - Client properties set {server.host=localhost, server.port=55556}
06 Apr 2025 13:44:44,850 [JavaFX Application Thread] INFO  ro.mpp2024.StartJsonClient 50 start - Connecting to server localhost on port 55556
06 Apr 2025 13:44:51,941 [JavaFX Application Thread] DEBUG ro.mpp2024.StartJsonClient 29 start - Starting client application
06 Apr 2025 13:44:51,944 [JavaFX Application Thread] INFO  ro.mpp2024.StartJsonClient 33 start - Client properties set {server.host=localhost, server.port=55556}
06 Apr 2025 13:44:51,944 [JavaFX Application Thread] INFO  ro.mpp2024.StartJsonClient 50 start - Connecting to server localhost on port 55556
06 Apr 2025 13:45:13,201 [Thread-3] DEBUG ro.mpp2024.protocol.ServicesJsonProxy$ReaderThread 203 run - response received {"type":"LOGGED_ACC","user":{"id":21,"nume":"Bob Smith","username":"bob.smith","password":"U2VjdXJlUEBzczI\u003d","id_proba":"c1"}}
06 Apr 2025 13:45:31,867 [Thread-3] DEBUG ro.mpp2024.protocol.ServicesJsonProxy$ReaderThread 203 run - response received {"type":"LOGGED_ACC","user":{"id":20,"nume":"Alice Johnson","username":"alice.j","password":"UGFzc3cwcmQxIQ\u003d\u003d","id_proba":"s1"}}
06 Apr 2025 13:45:39,461 [Thread-3] DEBUG ro.mpp2024.protocol.ServicesJsonProxy$ReaderThread 203 run - response received {"type":"OK"}
06 Apr 2025 13:45:40,464 [Thread-3] DEBUG ro.mpp2024.protocol.ServicesJsonProxy$ReaderThread 203 run - response received null
06 Apr 2025 13:45:47,301 [Thread-3] DEBUG ro.mpp2024.protocol.ServicesJsonProxy$ReaderThread 203 run - response received {"type":"OK"}
06 Apr 2025 13:45:48,302 [Thread-3] DEBUG ro.mpp2024.protocol.ServicesJsonProxy$ReaderThread 203 run - response received null
06 Apr 2025 13:47:10,688 [JavaFX Application Thread] DEBUG ro.mpp2024.StartJsonClient 29 start - Starting client application
06 Apr 2025 13:47:10,692 [JavaFX Application Thread] INFO  ro.mpp2024.StartJsonClient 33 start - Client properties set {server.host=localhost, server.port=55556}
06 Apr 2025 13:47:10,693 [JavaFX Application Thread] INFO  ro.mpp2024.StartJsonClient 50 start - Connecting to server localhost on port 55556
06 Apr 2025 13:47:16,974 [Thread-3] DEBUG ro.mpp2024.protocol.ServicesJsonProxy$ReaderThread 203 run - response received {"type":"LOGGED_ACC","user":{"id":20,"nume":"Alice Johnson","username":"alice.j","password":"UGFzc3cwcmQxIQ\u003d\u003d","id_proba":"s1"}}
06 Apr 2025 13:47:19,863 [Thread-3] DEBUG ro.mpp2024.protocol.ServicesJsonProxy$ReaderThread 203 run - response received {"type":"OK"}
06 Apr 2025 13:47:20,868 [Thread-3] DEBUG ro.mpp2024.protocol.ServicesJsonProxy$ReaderThread 203 run - response received null
06 Apr 2025 13:48:59,476 [JavaFX Application Thread] DEBUG ro.mpp2024.StartJsonClient 29 start - Starting client application
06 Apr 2025 13:48:59,480 [JavaFX Application Thread] INFO  ro.mpp2024.StartJsonClient 33 start - Client properties set {server.host=localhost, server.port=55556}
06 Apr 2025 13:48:59,480 [JavaFX Application Thread] INFO  ro.mpp2024.StartJsonClient 50 start - Connecting to server localhost on port 55556
06 Apr 2025 13:49:18,958 [JavaFX Application Thread] DEBUG ro.mpp2024.StartJsonClient 29 start - Starting client application
06 Apr 2025 13:49:18,962 [JavaFX Application Thread] INFO  ro.mpp2024.StartJsonClient 33 start - Client properties set {server.host=localhost, server.port=55556}
06 Apr 2025 13:49:18,962 [JavaFX Application Thread] INFO  ro.mpp2024.StartJsonClient 50 start - Connecting to server localhost on port 55556
06 Apr 2025 13:49:38,626 [Thread-3] DEBUG ro.mpp2024.protocol.ServicesJsonProxy$ReaderThread 203 run - response received {"type":"LOGGED_ACC","user":{"id":20,"nume":"Alice Johnson","username":"alice.j","password":"UGFzc3cwcmQxIQ\u003d\u003d","id_proba":"s1"}}
06 Apr 2025 13:49:52,728 [Thread-3] DEBUG ro.mpp2024.protocol.ServicesJsonProxy$ReaderThread 203 run - response received {"type":"OK"}
06 Apr 2025 13:49:53,729 [Thread-3] DEBUG ro.mpp2024.protocol.ServicesJsonProxy$ReaderThread 203 run - response received null
06 Apr 2025 13:50:31,031 [JavaFX Application Thread] DEBUG ro.mpp2024.StartJsonClient 29 start - Starting client application
06 Apr 2025 13:50:31,035 [JavaFX Application Thread] INFO  ro.mpp2024.StartJsonClient 33 start - Client properties set {server.host=localhost, server.port=55556}
06 Apr 2025 13:50:31,035 [JavaFX Application Thread] INFO  ro.mpp2024.StartJsonClient 50 start - Connecting to server localhost on port 55556
06 Apr 2025 13:50:35,972 [JavaFX Application Thread] ERROR ro.mpp2024.protocol.ServicesJsonProxy 172 initializeConnection - java.net.ConnectException: Connection refused: connect
06 Apr 2025 13:50:35,973 [JavaFX Application Thread] ERROR ro.mpp2024.protocol.ServicesJsonProxy 173 initializeConnection - [Ljava.lang.StackTraceElement;@50812278
06 Apr 2025 13:57:42,677 [JavaFX Application Thread] DEBUG ro.mpp2024.StartJsonClient 29 start - Starting client application
06 Apr 2025 13:57:42,681 [JavaFX Application Thread] INFO  ro.mpp2024.StartJsonClient 33 start - Client properties set {server.host=localhost, server.port=55556}
06 Apr 2025 13:57:42,681 [JavaFX Application Thread] INFO  ro.mpp2024.StartJsonClient 50 start - Connecting to server localhost on port 55556
06 Apr 2025 13:58:05,215 [Thread-3] DEBUG ro.mpp2024.protocol.ServicesJsonProxy$ReaderThread 203 run - response received {"type":"LOGGED_ACC","user":{"id":20,"nume":"Alice Johnson","username":"alice.j","password":"UGFzc3cwcmQxIQ\u003d\u003d","id_proba":"s1"}}
06 Apr 2025 13:58:07,311 [Thread-3] DEBUG ro.mpp2024.protocol.ServicesJsonProxy$ReaderThread 203 run - response received {"type":"OK"}
06 Apr 2025 13:58:08,322 [Thread-3] DEBUG ro.mpp2024.protocol.ServicesJsonProxy$ReaderThread 203 run - response received null
06 Apr 2025 14:01:40,087 [JavaFX Application Thread] DEBUG ro.mpp2024.StartJsonClient 29 start - Starting client application
06 Apr 2025 14:01:40,091 [JavaFX Application Thread] INFO  ro.mpp2024.StartJsonClient 33 start - Client properties set {server.host=localhost, server.port=55556}
06 Apr 2025 14:01:40,091 [JavaFX Application Thread] INFO  ro.mpp2024.StartJsonClient 50 start - Connecting to server localhost on port 55556
06 Apr 2025 14:01:44,176 [Thread-3] DEBUG ro.mpp2024.protocol.ServicesJsonProxy$ReaderThread 203 run - response received {"type":"LOGGED_ACC","user":{"id":20,"nume":"Alice Johnson","username":"alice.j","password":"UGFzc3cwcmQxIQ\u003d\u003d","id_proba":"s1"}}
06 Apr 2025 14:01:45,812 [Thread-3] DEBUG ro.mpp2024.protocol.ServicesJsonProxy$ReaderThread 203 run - response received {"type":"OK"}
06 Apr 2025 14:01:46,824 [Thread-3] DEBUG ro.mpp2024.protocol.ServicesJsonProxy$ReaderThread 203 run - response received null
06 Apr 2025 14:01:59,020 [JavaFX Application Thread] DEBUG ro.mpp2024.StartJsonClient 29 start - Starting client application
06 Apr 2025 14:01:59,024 [JavaFX Application Thread] INFO  ro.mpp2024.StartJsonClient 33 start - Client properties set {server.host=localhost, server.port=55556}
06 Apr 2025 14:01:59,024 [JavaFX Application Thread] INFO  ro.mpp2024.StartJsonClient 50 start - Connecting to server localhost on port 55556
06 Apr 2025 14:02:06,287 [Thread-3] DEBUG ro.mpp2024.protocol.ServicesJsonProxy$ReaderThread 203 run - response received {"type":"LOGGED_ACC","user":{"id":20,"nume":"Alice Johnson","username":"alice.j","password":"UGFzc3cwcmQxIQ\u003d\u003d","id_proba":"s1"}}
06 Apr 2025 14:02:08,454 [Thread-3] DEBUG ro.mpp2024.protocol.ServicesJsonProxy$ReaderThread 203 run - response received {"type":"OK"}
06 Apr 2025 14:02:34,163 [Thread-3] DEBUG ro.mpp2024.protocol.ServicesJsonProxy$ReaderThread 203 run - response received null
06 Apr 2025 14:10:35,551 [JavaFX Application Thread] DEBUG ro.mpp2024.StartJsonClient 29 start - Starting client application
06 Apr 2025 14:10:35,555 [JavaFX Application Thread] INFO  ro.mpp2024.StartJsonClient 33 start - Client properties set {server.host=localhost, server.port=55556}
06 Apr 2025 14:10:35,555 [JavaFX Application Thread] INFO  ro.mpp2024.StartJsonClient 50 start - Connecting to server localhost on port 55556
06 Apr 2025 14:10:50,728 [Thread-3] DEBUG ro.mpp2024.protocol.ServicesJsonProxy$ReaderThread 203 run - response received {"type":"LOGGED_ACC","user":{"id":-1,"nume":"","username":"test","password":"","id_proba":""}}
06 Apr 2025 14:10:55,555 [Thread-4] DEBUG ro.mpp2024.protocol.ServicesJsonProxy$ReaderThread 203 run - response received {"type":"LOGGED_ACC","user":{"id":20,"nume":"Alice Johnson","username":"alice.j","password":"UGFzc3cwcmQxIQ\u003d\u003d","id_proba":"s1"}}
06 Apr 2025 14:10:57,075 [Thread-4] DEBUG ro.mpp2024.protocol.ServicesJsonProxy$ReaderThread 203 run - response received {"type":"OK"}
06 Apr 2025 14:10:58,091 [Thread-4] DEBUG ro.mpp2024.protocol.ServicesJsonProxy$ReaderThread 203 run - response received null
06 Apr 2025 14:12:16,284 [JavaFX Application Thread] DEBUG ro.mpp2024.StartJsonClient 29 start - Starting client application
06 Apr 2025 14:12:16,287 [JavaFX Application Thread] INFO  ro.mpp2024.StartJsonClient 33 start - Client properties set {server.host=localhost, server.port=55556}
06 Apr 2025 14:12:16,288 [JavaFX Application Thread] INFO  ro.mpp2024.StartJsonClient 50 start - Connecting to server localhost on port 55556
06 Apr 2025 14:12:21,316 [JavaFX Application Thread] ERROR ro.mpp2024.protocol.ServicesJsonProxy 172 initializeConnection - java.net.ConnectException: Connection refused: connect
06 Apr 2025 14:12:21,317 [JavaFX Application Thread] ERROR ro.mpp2024.protocol.ServicesJsonProxy 173 initializeConnection - [Ljava.lang.StackTraceElement;@2faa27
06 Apr 2025 14:12:34,607 [Thread-3] DEBUG ro.mpp2024.protocol.ServicesJsonProxy$ReaderThread 203 run - response received {"type":"LOGGED_ACC","user":{"id":20,"nume":"Alice Johnson","username":"alice.j","password":"UGFzc3cwcmQxIQ\u003d\u003d","id_proba":"s1"}}
06 Apr 2025 14:12:37,009 [Thread-3] DEBUG ro.mpp2024.protocol.ServicesJsonProxy$ReaderThread 203 run - response received {"type":"OK"}
06 Apr 2025 14:12:38,021 [Thread-3] DEBUG ro.mpp2024.protocol.ServicesJsonProxy$ReaderThread 203 run - response received null
06 Apr 2025 14:13:31,149 [Thread-4] DEBUG ro.mpp2024.protocol.ServicesJsonProxy$ReaderThread 203 run - response received {"type":"LOGGED_ACC","user":{"id":20,"nume":"Alice Johnson","username":"alice.j","password":"UGFzc3cwcmQxIQ\u003d\u003d","id_proba":"s1"}}
06 Apr 2025 14:13:35,378 [Thread-5] DEBUG ro.mpp2024.protocol.ServicesJsonProxy$ReaderThread 203 run - response received {"type":"LOGGED_ACC","user":{"id":20,"nume":"Alice Johnson","username":"alice.j","password":"UGFzc3cwcmQxIQ\u003d\u003d","id_proba":"s1"}}
06 Apr 2025 14:14:49,428 [JavaFX Application Thread] DEBUG ro.mpp2024.StartJsonClient 29 start - Starting client application
06 Apr 2025 14:14:49,432 [JavaFX Application Thread] INFO  ro.mpp2024.StartJsonClient 33 start - Client properties set {server.host=localhost, server.port=55556}
06 Apr 2025 14:14:49,432 [JavaFX Application Thread] INFO  ro.mpp2024.StartJsonClient 50 start - Connecting to server localhost on port 55556
06 Apr 2025 14:14:57,412 [JavaFX Application Thread] DEBUG ro.mpp2024.StartJsonClient 29 start - Starting client application
06 Apr 2025 14:14:57,415 [JavaFX Application Thread] INFO  ro.mpp2024.StartJsonClient 33 start - Client properties set {server.host=localhost, server.port=55556}
06 Apr 2025 14:14:57,416 [JavaFX Application Thread] INFO  ro.mpp2024.StartJsonClient 50 start - Connecting to server localhost on port 55556
06 Apr 2025 14:15:04,679 [JavaFX Application Thread] DEBUG ro.mpp2024.StartJsonClient 29 start - Starting client application
06 Apr 2025 14:15:04,683 [JavaFX Application Thread] INFO  ro.mpp2024.StartJsonClient 33 start - Client properties set {server.host=localhost, server.port=55556}
06 Apr 2025 14:15:04,683 [JavaFX Application Thread] INFO  ro.mpp2024.StartJsonClient 50 start - Connecting to server localhost on port 55556
06 Apr 2025 14:15:28,783 [Thread-3] DEBUG ro.mpp2024.protocol.ServicesJsonProxy$ReaderThread 204 run - response received {"type":"LOGGED_ACC","user":{"id":20,"nume":"Alice Johnson","username":"alice.j","password":"UGFzc3cwcmQxIQ\u003d\u003d","id_proba":"s1"}}
06 Apr 2025 14:15:37,004 [Thread-3] DEBUG ro.mpp2024.protocol.ServicesJsonProxy$ReaderThread 204 run - response received {"type":"OK"}
06 Apr 2025 14:15:38,014 [Thread-3] DEBUG ro.mpp2024.protocol.ServicesJsonProxy$ReaderThread 204 run - response received null
06 Apr 2025 14:15:58,655 [Thread-4] DEBUG ro.mpp2024.protocol.ServicesJsonProxy$ReaderThread 204 run - response received {"type":"LOGGED_ACC","user":{"id":20,"nume":"Alice Johnson","username":"alice.j","password":"UGFzc3cwcmQxIQ\u003d\u003d","id_proba":"s1"}}
06 Apr 2025 14:21:45,095 [JavaFX Application Thread] DEBUG ro.mpp2024.StartJsonClient 29 start - Starting client application
06 Apr 2025 14:21:45,098 [JavaFX Application Thread] INFO  ro.mpp2024.StartJsonClient 33 start - Client properties set {server.host=localhost, server.port=55556}
06 Apr 2025 14:21:45,098 [JavaFX Application Thread] INFO  ro.mpp2024.StartJsonClient 50 start - Connecting to server localhost on port 55556
06 Apr 2025 14:22:00,200 [Thread-3] DEBUG ro.mpp2024.protocol.ServicesJsonProxy$ReaderThread 204 run - response received {"type":"LOGGED_ACC","user":{"id":20,"nume":"Alice Johnson","username":"alice.j","password":"UGFzc3cwcmQxIQ\u003d\u003d","id_proba":"s1"}}
06 Apr 2025 14:22:01,818 [Thread-3] DEBUG ro.mpp2024.protocol.ServicesJsonProxy$ReaderThread 204 run - response received {"type":"OK"}
06 Apr 2025 14:22:02,821 [Thread-3] DEBUG ro.mpp2024.protocol.ServicesJsonProxy$ReaderThread 204 run - response received null
06 Apr 2025 14:22:09,194 [Thread-4] DEBUG ro.mpp2024.protocol.ServicesJsonProxy$ReaderThread 204 run - response received {"type":"LOGGED_ACC","user":{"id":20,"nume":"Alice Johnson","username":"alice.j","password":"UGFzc3cwcmQxIQ\u003d\u003d","id_proba":"s1"}}
06 Apr 2025 14:26:10,850 [JavaFX Application Thread] DEBUG ro.mpp2024.StartJsonClient 29 start - Starting client application
06 Apr 2025 14:26:10,854 [JavaFX Application Thread] INFO  ro.mpp2024.StartJsonClient 33 start - Client properties set {server.host=localhost, server.port=55556}
06 Apr 2025 14:26:10,854 [JavaFX Application Thread] INFO  ro.mpp2024.StartJsonClient 50 start - Connecting to server localhost on port 55556
06 Apr 2025 14:26:27,676 [Thread-3] DEBUG ro.mpp2024.protocol.ServicesJsonProxy$ReaderThread 204 run - response received {"type":"LOGGED_ACC","user":{"id":20,"nume":"Alice Johnson","username":"alice.j","password":"UGFzc3cwcmQxIQ\u003d\u003d","id_proba":"s1"}}
06 Apr 2025 14:26:28,687 [Thread-3] DEBUG ro.mpp2024.protocol.ServicesJsonProxy$ReaderThread 204 run - response received {"type":"OK"}
06 Apr 2025 14:26:29,691 [Thread-3] DEBUG ro.mpp2024.protocol.ServicesJsonProxy$ReaderThread 204 run - response received null
06 Apr 2025 14:26:35,140 [Thread-4] DEBUG ro.mpp2024.protocol.ServicesJsonProxy$ReaderThread 204 run - response received {"type":"LOGGED_ACC","user":{"id":20,"nume":"Alice Johnson","username":"alice.j","password":"UGFzc3cwcmQxIQ\u003d\u003d","id_proba":"s1"}}
06 Apr 2025 14:31:07,671 [JavaFX Application Thread] DEBUG ro.mpp2024.StartJsonClient 29 start - Starting client application
06 Apr 2025 14:31:07,675 [JavaFX Application Thread] INFO  ro.mpp2024.StartJsonClient 33 start - Client properties set {server.host=localhost, server.port=55556}
06 Apr 2025 14:31:07,675 [JavaFX Application Thread] INFO  ro.mpp2024.StartJsonClient 50 start - Connecting to server localhost on port 55556
06 Apr 2025 14:31:17,648 [Thread-3] DEBUG ro.mpp2024.protocol.ServicesJsonProxy$ReaderThread 204 run - response received {"type":"LOGGED_ACC","user":{"id":20,"nume":"Alice Johnson","username":"alice.j","password":"UGFzc3cwcmQxIQ\u003d\u003d","id_proba":"s1"}}
06 Apr 2025 14:31:18,670 [Thread-3] DEBUG ro.mpp2024.protocol.ServicesJsonProxy$ReaderThread 204 run - response received {"type":"OK"}
06 Apr 2025 14:31:19,681 [Thread-3] DEBUG ro.mpp2024.protocol.ServicesJsonProxy$ReaderThread 204 run - response received null
06 Apr 2025 14:31:21,488 [Thread-4] DEBUG ro.mpp2024.protocol.ServicesJsonProxy$ReaderThread 204 run - response received {"type":"LOGGED_ACC","user":{"id":20,"nume":"Alice Johnson","username":"alice.j","password":"UGFzc3cwcmQxIQ\u003d\u003d","id_proba":"s1"}}
06 Apr 2025 14:31:22,594 [Thread-4] DEBUG ro.mpp2024.protocol.ServicesJsonProxy$ReaderThread 204 run - response received {"type":"OK"}
06 Apr 2025 14:31:23,597 [Thread-4] DEBUG ro.mpp2024.protocol.ServicesJsonProxy$ReaderThread 204 run - response received null
06 Apr 2025 14:33:38,895 [JavaFX Application Thread] DEBUG ro.mpp2024.StartJsonClient 29 start - Starting client application
06 Apr 2025 14:33:38,899 [JavaFX Application Thread] INFO  ro.mpp2024.StartJsonClient 33 start - Client properties set {server.host=localhost, server.port=55556}
06 Apr 2025 14:33:38,900 [JavaFX Application Thread] INFO  ro.mpp2024.StartJsonClient 50 start - Connecting to server localhost on port 55556
06 Apr 2025 14:33:52,246 [Thread-3] DEBUG ro.mpp2024.protocol.ServicesJsonProxy$ReaderThread 206 run - response received {"type":"LOGGED_ACC","user":{"id":20,"nume":"Alice Johnson","username":"alice.j","password":"UGFzc3cwcmQxIQ\u003d\u003d","id_proba":"s1"}}
06 Apr 2025 14:33:53,258 [Thread-3] DEBUG ro.mpp2024.protocol.ServicesJsonProxy$ReaderThread 206 run - response received {"type":"OK"}
06 Apr 2025 14:33:54,270 [Thread-3] DEBUG ro.mpp2024.protocol.ServicesJsonProxy$ReaderThread 206 run - response received null
06 Apr 2025 14:37:25,558 [JavaFX Application Thread] DEBUG ro.mpp2024.StartJsonClient 29 start - Starting client application
06 Apr 2025 14:37:25,561 [JavaFX Application Thread] INFO  ro.mpp2024.StartJsonClient 33 start - Client properties set {server.host=localhost, server.port=55556}
06 Apr 2025 14:37:25,562 [JavaFX Application Thread] INFO  ro.mpp2024.StartJsonClient 50 start - Connecting to server localhost on port 55556
06 Apr 2025 14:37:30,512 [Thread-3] DEBUG ro.mpp2024.protocol.ServicesJsonProxy$ReaderThread 206 run - response received {"type":"LOGGED_ACC","user":{"id":20,"nume":"Alice Johnson","username":"alice.j","password":"UGFzc3cwcmQxIQ\u003d\u003d","id_proba":"s1"}}
06 Apr 2025 14:37:32,234 [Thread-3] DEBUG ro.mpp2024.protocol.ServicesJsonProxy$ReaderThread 206 run - response received {"type":"OK"}
06 Apr 2025 14:37:33,248 [Thread-3] DEBUG ro.mpp2024.protocol.ServicesJsonProxy$ReaderThread 206 run - response received null
06 Apr 2025 14:38:27,776 [JavaFX Application Thread] DEBUG ro.mpp2024.StartJsonClient 29 start - Starting client application
06 Apr 2025 14:38:27,780 [JavaFX Application Thread] INFO  ro.mpp2024.StartJsonClient 33 start - Client properties set {server.host=localhost, server.port=55556}
06 Apr 2025 14:38:27,780 [JavaFX Application Thread] INFO  ro.mpp2024.StartJsonClient 50 start - Connecting to server localhost on port 55556
06 Apr 2025 14:38:33,628 [JavaFX Application Thread] ERROR ro.mpp2024.protocol.ServicesJsonProxy 173 initializeConnection - java.net.ConnectException: Connection refused: connect
06 Apr 2025 14:38:33,628 [JavaFX Application Thread] ERROR ro.mpp2024.protocol.ServicesJsonProxy 174 initializeConnection - [Ljava.lang.StackTraceElement;@193d7407
06 Apr 2025 14:38:44,858 [Thread-3] DEBUG ro.mpp2024.protocol.ServicesJsonProxy$ReaderThread 206 run - response received {"type":"LOGGED_ACC","user":{"id":20,"nume":"Alice Johnson","username":"alice.j","password":"UGFzc3cwcmQxIQ\u003d\u003d","id_proba":"s1"}}
06 Apr 2025 14:38:45,894 [Thread-3] DEBUG ro.mpp2024.protocol.ServicesJsonProxy$ReaderThread 206 run - response received {"type":"OK"}
06 Apr 2025 14:38:46,900 [Thread-3] DEBUG ro.mpp2024.protocol.ServicesJsonProxy$ReaderThread 206 run - response received null
06 Apr 2025 14:38:50,019 [Thread-4] DEBUG ro.mpp2024.protocol.ServicesJsonProxy$ReaderThread 206 run - response received {"type":"LOGGED_ACC","user":{"id":20,"nume":"Alice Johnson","username":"alice.j","password":"UGFzc3cwcmQxIQ\u003d\u003d","id_proba":"s1"}}
06 Apr 2025 14:38:54,773 [Thread-4] DEBUG ro.mpp2024.protocol.ServicesJsonProxy$ReaderThread 206 run - response received {"type":"OK"}
06 Apr 2025 14:38:55,778 [Thread-4] DEBUG ro.mpp2024.protocol.ServicesJsonProxy$ReaderThread 206 run - response received null
06 Apr 2025 14:40:36,264 [JavaFX Application Thread] DEBUG ro.mpp2024.StartJsonClient 29 start - Starting client application
06 Apr 2025 14:40:36,267 [JavaFX Application Thread] INFO  ro.mpp2024.StartJsonClient 33 start - Client properties set {server.host=localhost, server.port=55556}
06 Apr 2025 14:40:36,268 [JavaFX Application Thread] INFO  ro.mpp2024.StartJsonClient 50 start - Connecting to server localhost on port 55556
06 Apr 2025 14:40:53,343 [Thread-3] DEBUG ro.mpp2024.protocol.ServicesJsonProxy$ReaderThread 206 run - response received {"type":"LOGGED_ACC","user":{"id":20,"nume":"Alice Johnson","username":"alice.j","password":"UGFzc3cwcmQxIQ\u003d\u003d","id_proba":"s1"}}
06 Apr 2025 14:42:40,125 [JavaFX Application Thread] DEBUG ro.mpp2024.StartJsonClient 29 start - Starting client application
06 Apr 2025 14:42:40,129 [JavaFX Application Thread] INFO  ro.mpp2024.StartJsonClient 33 start - Client properties set {server.host=localhost, server.port=55556}
06 Apr 2025 14:42:40,130 [JavaFX Application Thread] INFO  ro.mpp2024.StartJsonClient 50 start - Connecting to server localhost on port 55556
06 Apr 2025 14:42:47,388 [Thread-3] DEBUG ro.mpp2024.protocol.ServicesJsonProxy$ReaderThread 206 run - response received {"type":"LOGGED_ACC","user":{"id":20,"nume":"Alice Johnson","username":"alice.j","password":"UGFzc3cwcmQxIQ\u003d\u003d","id_proba":"s1"}}
06 Apr 2025 14:44:30,364 [JavaFX Application Thread] DEBUG ro.mpp2024.StartJsonClient 29 start - Starting client application
06 Apr 2025 14:44:30,368 [JavaFX Application Thread] INFO  ro.mpp2024.StartJsonClient 33 start - Client properties set {server.host=localhost, server.port=55556}
06 Apr 2025 14:44:30,369 [JavaFX Application Thread] INFO  ro.mpp2024.StartJsonClient 50 start - Connecting to server localhost on port 55556
06 Apr 2025 14:44:34,851 [Thread-3] DEBUG ro.mpp2024.protocol.ServicesJsonProxy$ReaderThread 206 run - response received {"type":"LOGGED_ACC","user":{"id":20,"nume":"Alice Johnson","username":"alice.j","password":"UGFzc3cwcmQxIQ\u003d\u003d","id_proba":"s1"}}
06 Apr 2025 14:47:57,921 [JavaFX Application Thread] DEBUG ro.mpp2024.StartJsonClient 29 start - Starting client application
06 Apr 2025 14:47:57,924 [JavaFX Application Thread] INFO  ro.mpp2024.StartJsonClient 33 start - Client properties set {server.host=localhost, server.port=55556}
06 Apr 2025 14:47:57,925 [JavaFX Application Thread] INFO  ro.mpp2024.StartJsonClient 50 start - Connecting to server localhost on port 55556
06 Apr 2025 14:48:01,462 [Thread-3] DEBUG ro.mpp2024.protocol.ServicesJsonProxy$ReaderThread 206 run - response received {"type":"LOGGED_ACC","user":{"id":20,"nume":"Alice Johnson","username":"alice.j","password":"UGFzc3cwcmQxIQ\u003d\u003d","id_proba":"s1"}}
06 Apr 2025 14:48:02,472 [Thread-3] DEBUG ro.mpp2024.protocol.ServicesJsonProxy$ReaderThread 206 run - response received {"type":"ALL_REZULTATE","punctaje":[{"idParticipant":18,"nume":"Barbu","prenume":"Irina","varsta":27,"punctaj":200},{"idParticipant":19,"nume":"Constantin","prenume":"Marius","varsta":30,"punctaj":278},{"idParticipant":13,"nume":"Dobre","prenume":"Adriana","varsta":34,"punctaj":165},{"idParticipant":21,"nume":"Dragomir","prenume":"Adrian","varsta":26,"punctaj":130},{"idParticipant":4,"nume":"Dumitrescu","prenume":"Elena","varsta":28,"punctaj":143},{"idParticipant":20,"nume":"Enache","prenume":"Laura","varsta":29,"punctaj":315},{"idParticipant":22,"nume":"Filip","prenume":"Bianca","varsta":31,"punctaj":307},{"idParticipant":3,"nume":"Georgescu","prenume":"Andrei","varsta":22,"punctaj":122},{"idParticipant":17,"nume":"Gheorghe","prenume":"Vlad","varsta":28,"punctaj":200},{"idParticipant":23,"nume":"Grigore","prenume":"Stefan","varsta":24,"punctaj":145},{"idParticipant":24,"nume":"Hagi","prenume":"Diana","varsta":32,"punctaj":193},{"idParticipant":25,"nume":"Iacob","prenume":"Radu","varsta":23,"punctaj":195},{"idParticipant":11,"nume":"Iliescu","prenume":"Daniela","varsta":32,"punctaj":310},{"idParticipant":2,"nume":"Ionescu","prenume":"Maria","varsta":30,"punctaj":156},{"idParticipant":26,"nume":"Jianu","prenume":"Oana","varsta":34,"punctaj":142},{"idParticipant":27,"nume":"Kovacs","prenume":"Cristina","varsta":21,"punctaj":199},{"idParticipant":16,"nume":"Lazar","prenume":"Roxana","varsta":25,"punctaj":185},{"idParticipant":28,"nume":"Lupu","prenume":"George","varsta":33,"punctaj":199},{"idParticipant":29,"nume":"Manole","prenume":"Simona","varsta":25,"punctaj":117},{"idParticipant":8,"nume":"Marin","prenume":"Ana","varsta":29,"punctaj":134},{"idParticipant":14,"nume":"Munteanu","prenume":"Sorin","varsta":21,"punctaj":301},{"idParticipant":30,"nume":"Nedelcu","prenume":"Alexandra","varsta":28,"punctaj":169},{"idParticipant":15,"nume":"Nistor","prenume":"Carmen","varsta":33,"punctaj":189},{"idParticipant":40,"nume":"nume","prenume":"prenume","varsta":20,"punctaj":300},{"idParticipant":31,"nume":"Oprea","prenume":"Bogdan","varsta":27,"punctaj":282},{"idParticipant":32,"nume":"Pavel","prenume":"Monica","varsta":30,"punctaj":111},{"idParticipant":10,"nume":"Petrescu","prenume":"Gabriel","varsta":26,"punctaj":188},{"idParticipant":5,"nume":"Popa","prenume":"Mihai","varsta":35,"punctaj":282},{"idParticipant":1,"nume":"Popescu","prenume":"Ion","varsta":25,"punctaj":158},{"idParticipant":7,"nume":"Radu","prenume":"Cristian","varsta":24,"punctaj":256},{"idParticipant":33,"nume":"Rusu","prenume":"Andreea","varsta":29,"punctaj":313},{"idParticipant":34,"nume":"Sandu","prenume":"Victor","varsta":26,"punctaj":115},{"idParticipant":6,"nume":"Stan","prenume":"Ioana","varsta":27,"punctaj":289},{"idParticipant":35,"nume":"Toma","prenume":"Gabriela","varsta":31,"punctaj":132},{"idParticipant":9,"nume":"Tudor","prenume":"Alexandru","varsta":31,"punctaj":288},{"idParticipant":36,"nume":"Ursu","prenume":"Mihail","varsta":24,"punctaj":155},{"idParticipant":12,"nume":"Vasilescu","prenume":"Florin","varsta":23,"punctaj":372},{"idParticipant":37,"nume":"Vlad","prenume":"Anca","varsta":32,"punctaj":128},{"idParticipant":39,"nume":"Voicu","prenume":"Raluca","varsta":34,"punctaj":190},{"idParticipant":38,"nume":"Zamfir","prenume":"Lucian","varsta":23,"punctaj":177}]}
06 Apr 2025 14:48:03,482 [Thread-3] DEBUG ro.mpp2024.protocol.ServicesJsonProxy$ReaderThread 206 run - response received {"type":"REZULTATE","punctaje":[{"idParticipant":28,"nume":"Lupu","prenume":"George","varsta":33,"punctaj":199},{"idParticipant":12,"nume":"Vasilescu","prenume":"Florin","varsta":23,"punctaj":198},{"idParticipant":11,"nume":"Iliescu","prenume":"Daniela","varsta":32,"punctaj":185},{"idParticipant":20,"nume":"Enache","prenume":"Laura","varsta":29,"punctaj":140},{"idParticipant":19,"nume":"Constantin","prenume":"Marius","varsta":30,"punctaj":100},{"idParticipant":18,"nume":"Barbu","prenume":"Irina","varsta":27,"punctaj":20},{"idParticipant":3,"nume":"Georgescu","prenume":"Andrei","varsta":22,"punctaj":20}]}
06 Apr 2025 14:48:04,497 [Thread-3] DEBUG ro.mpp2024.protocol.ServicesJsonProxy$ReaderThread 206 run - response received {"type":"PARTICIPANTI","participanti":[{"idParticipant":1,"nume":"Popescu","prenume":"Ion","varsta":25,"punctaj":0},{"idParticipant":2,"nume":"Ionescu","prenume":"Maria","varsta":30,"punctaj":0},{"idParticipant":3,"nume":"Georgescu","prenume":"Andrei","varsta":22,"punctaj":0},{"idParticipant":4,"nume":"Dumitrescu","prenume":"Elena","varsta":28,"punctaj":0},{"idParticipant":5,"nume":"Popa","prenume":"Mihai","varsta":35,"punctaj":0},{"idParticipant":6,"nume":"Stan","prenume":"Ioana","varsta":27,"punctaj":0},{"idParticipant":7,"nume":"Radu","prenume":"Cristian","varsta":24,"punctaj":0},{"idParticipant":8,"nume":"Marin","prenume":"Ana","varsta":29,"punctaj":0},{"idParticipant":9,"nume":"Tudor","prenume":"Alexandru","varsta":31,"punctaj":0},{"idParticipant":10,"nume":"Petrescu","prenume":"Gabriel","varsta":26,"punctaj":0},{"idParticipant":11,"nume":"Iliescu","prenume":"Daniela","varsta":32,"punctaj":0},{"idParticipant":12,"nume":"Vasilescu","prenume":"Florin","varsta":23,"punctaj":0},{"idParticipant":13,"nume":"Dobre","prenume":"Adriana","varsta":34,"punctaj":0},{"idParticipant":14,"nume":"Munteanu","prenume":"Sorin","varsta":21,"punctaj":0},{"idParticipant":15,"nume":"Nistor","prenume":"Carmen","varsta":33,"punctaj":0},{"idParticipant":16,"nume":"Lazar","prenume":"Roxana","varsta":25,"punctaj":0},{"idParticipant":17,"nume":"Gheorghe","prenume":"Vlad","varsta":28,"punctaj":0},{"idParticipant":18,"nume":"Barbu","prenume":"Irina","varsta":27,"punctaj":0},{"idParticipant":19,"nume":"Constantin","prenume":"Marius","varsta":30,"punctaj":0},{"idParticipant":20,"nume":"Enache","prenume":"Laura","varsta":29,"punctaj":0},{"idParticipant":21,"nume":"Dragomir","prenume":"Adrian","varsta":26,"punctaj":0},{"idParticipant":22,"nume":"Filip","prenume":"Bianca","varsta":31,"punctaj":0},{"idParticipant":23,"nume":"Grigore","prenume":"Stefan","varsta":24,"punctaj":0},{"idParticipant":24,"nume":"Hagi","prenume":"Diana","varsta":32,"punctaj":0},{"idParticipant":25,"nume":"Iacob","prenume":"Radu","varsta":23,"punctaj":0},{"idParticipant":26,"nume":"Jianu","prenume":"Oana","varsta":34,"punctaj":0},{"idParticipant":27,"nume":"Kovacs","prenume":"Cristina","varsta":21,"punctaj":0},{"idParticipant":28,"nume":"Lupu","prenume":"George","varsta":33,"punctaj":0},{"idParticipant":29,"nume":"Manole","prenume":"Simona","varsta":25,"punctaj":0},{"idParticipant":30,"nume":"Nedelcu","prenume":"Alexandra","varsta":28,"punctaj":0},{"idParticipant":31,"nume":"Oprea","prenume":"Bogdan","varsta":27,"punctaj":0},{"idParticipant":32,"nume":"Pavel","prenume":"Monica","varsta":30,"punctaj":0},{"idParticipant":33,"nume":"Rusu","prenume":"Andreea","varsta":29,"punctaj":0},{"idParticipant":34,"nume":"Sandu","prenume":"Victor","varsta":26,"punctaj":0},{"idParticipant":35,"nume":"Toma","prenume":"Gabriela","varsta":31,"punctaj":0},{"idParticipant":36,"nume":"Ursu","prenume":"Mihail","varsta":24,"punctaj":0},{"idParticipant":37,"nume":"Vlad","prenume":"Anca","varsta":32,"punctaj":0},{"idParticipant":38,"nume":"Zamfir","prenume":"Lucian","varsta":23,"punctaj":0},{"idParticipant":39,"nume":"Voicu","prenume":"Raluca","varsta":34,"punctaj":0},{"idParticipant":40,"nume":"nume","prenume":"prenume","varsta":20,"punctaj":0}]}
06 Apr 2025 15:06:57,668 [JavaFX Application Thread] DEBUG ro.mpp2024.StartJsonClient 29 start - Starting client application
06 Apr 2025 15:06:57,672 [JavaFX Application Thread] INFO  ro.mpp2024.StartJsonClient 33 start - Client properties set {server.host=localhost, server.port=55556}
06 Apr 2025 15:06:57,673 [JavaFX Application Thread] INFO  ro.mpp2024.StartJsonClient 50 start - Connecting to server localhost on port 55556
06 Apr 2025 15:07:09,204 [JavaFX Application Thread] DEBUG ro.mpp2024.StartJsonClient 29 start - Starting client application
06 Apr 2025 15:07:09,208 [JavaFX Application Thread] INFO  ro.mpp2024.StartJsonClient 33 start - Client properties set {server.host=localhost, server.port=55556}
06 Apr 2025 15:07:09,208 [JavaFX Application Thread] INFO  ro.mpp2024.StartJsonClient 50 start - Connecting to server localhost on port 55556
06 Apr 2025 15:07:26,512 [Thread-3] DEBUG ro.mpp2024.protocol.ServicesJsonProxy$ReaderThread 208 run - response received {"type":"LOGGED_ACC","user":{"id":20,"nume":"Alice Johnson","username":"alice.j","password":"UGFzc3cwcmQxIQ\u003d\u003d","id_proba":"s1"}}
06 Apr 2025 15:07:27,515 [Thread-3] DEBUG ro.mpp2024.protocol.ServicesJsonProxy$ReaderThread 208 run - response received {"type":"ALL_REZULTATE","punctaje":[{"idParticipant":18,"nume":"Barbu","prenume":"Irina","varsta":27,"punctaj":200},{"idParticipant":19,"nume":"Constantin","prenume":"Marius","varsta":30,"punctaj":278},{"idParticipant":13,"nume":"Dobre","prenume":"Adriana","varsta":34,"punctaj":165},{"idParticipant":21,"nume":"Dragomir","prenume":"Adrian","varsta":26,"punctaj":130},{"idParticipant":4,"nume":"Dumitrescu","prenume":"Elena","varsta":28,"punctaj":143},{"idParticipant":20,"nume":"Enache","prenume":"Laura","varsta":29,"punctaj":315},{"idParticipant":22,"nume":"Filip","prenume":"Bianca","varsta":31,"punctaj":307},{"idParticipant":3,"nume":"Georgescu","prenume":"Andrei","varsta":22,"punctaj":122},{"idParticipant":17,"nume":"Gheorghe","prenume":"Vlad","varsta":28,"punctaj":200},{"idParticipant":23,"nume":"Grigore","prenume":"Stefan","varsta":24,"punctaj":145},{"idParticipant":24,"nume":"Hagi","prenume":"Diana","varsta":32,"punctaj":193},{"idParticipant":25,"nume":"Iacob","prenume":"Radu","varsta":23,"punctaj":195},{"idParticipant":11,"nume":"Iliescu","prenume":"Daniela","varsta":32,"punctaj":310},{"idParticipant":2,"nume":"Ionescu","prenume":"Maria","varsta":30,"punctaj":156},{"idParticipant":26,"nume":"Jianu","prenume":"Oana","varsta":34,"punctaj":142},{"idParticipant":27,"nume":"Kovacs","prenume":"Cristina","varsta":21,"punctaj":199},{"idParticipant":16,"nume":"Lazar","prenume":"Roxana","varsta":25,"punctaj":185},{"idParticipant":28,"nume":"Lupu","prenume":"George","varsta":33,"punctaj":199},{"idParticipant":29,"nume":"Manole","prenume":"Simona","varsta":25,"punctaj":117},{"idParticipant":8,"nume":"Marin","prenume":"Ana","varsta":29,"punctaj":134},{"idParticipant":14,"nume":"Munteanu","prenume":"Sorin","varsta":21,"punctaj":301},{"idParticipant":30,"nume":"Nedelcu","prenume":"Alexandra","varsta":28,"punctaj":169},{"idParticipant":15,"nume":"Nistor","prenume":"Carmen","varsta":33,"punctaj":189},{"idParticipant":40,"nume":"nume","prenume":"prenume","varsta":20,"punctaj":300},{"idParticipant":31,"nume":"Oprea","prenume":"Bogdan","varsta":27,"punctaj":282},{"idParticipant":32,"nume":"Pavel","prenume":"Monica","varsta":30,"punctaj":111},{"idParticipant":10,"nume":"Petrescu","prenume":"Gabriel","varsta":26,"punctaj":188},{"idParticipant":5,"nume":"Popa","prenume":"Mihai","varsta":35,"punctaj":282},{"idParticipant":1,"nume":"Popescu","prenume":"Ion","varsta":25,"punctaj":158},{"idParticipant":7,"nume":"Radu","prenume":"Cristian","varsta":24,"punctaj":256},{"idParticipant":33,"nume":"Rusu","prenume":"Andreea","varsta":29,"punctaj":313},{"idParticipant":34,"nume":"Sandu","prenume":"Victor","varsta":26,"punctaj":115},{"idParticipant":6,"nume":"Stan","prenume":"Ioana","varsta":27,"punctaj":289},{"idParticipant":35,"nume":"Toma","prenume":"Gabriela","varsta":31,"punctaj":132},{"idParticipant":9,"nume":"Tudor","prenume":"Alexandru","varsta":31,"punctaj":288},{"idParticipant":36,"nume":"Ursu","prenume":"Mihail","varsta":24,"punctaj":155},{"idParticipant":12,"nume":"Vasilescu","prenume":"Florin","varsta":23,"punctaj":372},{"idParticipant":37,"nume":"Vlad","prenume":"Anca","varsta":32,"punctaj":128},{"idParticipant":39,"nume":"Voicu","prenume":"Raluca","varsta":34,"punctaj":190},{"idParticipant":38,"nume":"Zamfir","prenume":"Lucian","varsta":23,"punctaj":177}]}
06 Apr 2025 15:07:28,522 [Thread-3] DEBUG ro.mpp2024.protocol.ServicesJsonProxy$ReaderThread 208 run - response received {"type":"REZULTATE","punctaje":[{"idParticipant":28,"nume":"Lupu","prenume":"George","varsta":33,"punctaj":199},{"idParticipant":12,"nume":"Vasilescu","prenume":"Florin","varsta":23,"punctaj":198},{"idParticipant":11,"nume":"Iliescu","prenume":"Daniela","varsta":32,"punctaj":185},{"idParticipant":20,"nume":"Enache","prenume":"Laura","varsta":29,"punctaj":140},{"idParticipant":19,"nume":"Constantin","prenume":"Marius","varsta":30,"punctaj":100},{"idParticipant":18,"nume":"Barbu","prenume":"Irina","varsta":27,"punctaj":20},{"idParticipant":3,"nume":"Georgescu","prenume":"Andrei","varsta":22,"punctaj":20}]}
06 Apr 2025 15:07:29,531 [Thread-3] DEBUG ro.mpp2024.protocol.ServicesJsonProxy$ReaderThread 208 run - response received {"type":"PARTICIPANTI","participanti":[{"idParticipant":1,"nume":"Popescu","prenume":"Ion","varsta":25,"punctaj":0},{"idParticipant":2,"nume":"Ionescu","prenume":"Maria","varsta":30,"punctaj":0},{"idParticipant":3,"nume":"Georgescu","prenume":"Andrei","varsta":22,"punctaj":0},{"idParticipant":4,"nume":"Dumitrescu","prenume":"Elena","varsta":28,"punctaj":0},{"idParticipant":5,"nume":"Popa","prenume":"Mihai","varsta":35,"punctaj":0},{"idParticipant":6,"nume":"Stan","prenume":"Ioana","varsta":27,"punctaj":0},{"idParticipant":7,"nume":"Radu","prenume":"Cristian","varsta":24,"punctaj":0},{"idParticipant":8,"nume":"Marin","prenume":"Ana","varsta":29,"punctaj":0},{"idParticipant":9,"nume":"Tudor","prenume":"Alexandru","varsta":31,"punctaj":0},{"idParticipant":10,"nume":"Petrescu","prenume":"Gabriel","varsta":26,"punctaj":0},{"idParticipant":11,"nume":"Iliescu","prenume":"Daniela","varsta":32,"punctaj":0},{"idParticipant":12,"nume":"Vasilescu","prenume":"Florin","varsta":23,"punctaj":0},{"idParticipant":13,"nume":"Dobre","prenume":"Adriana","varsta":34,"punctaj":0},{"idParticipant":14,"nume":"Munteanu","prenume":"Sorin","varsta":21,"punctaj":0},{"idParticipant":15,"nume":"Nistor","prenume":"Carmen","varsta":33,"punctaj":0},{"idParticipant":16,"nume":"Lazar","prenume":"Roxana","varsta":25,"punctaj":0},{"idParticipant":17,"nume":"Gheorghe","prenume":"Vlad","varsta":28,"punctaj":0},{"idParticipant":18,"nume":"Barbu","prenume":"Irina","varsta":27,"punctaj":0},{"idParticipant":19,"nume":"Constantin","prenume":"Marius","varsta":30,"punctaj":0},{"idParticipant":20,"nume":"Enache","prenume":"Laura","varsta":29,"punctaj":0},{"idParticipant":21,"nume":"Dragomir","prenume":"Adrian","varsta":26,"punctaj":0},{"idParticipant":22,"nume":"Filip","prenume":"Bianca","varsta":31,"punctaj":0},{"idParticipant":23,"nume":"Grigore","prenume":"Stefan","varsta":24,"punctaj":0},{"idParticipant":24,"nume":"Hagi","prenume":"Diana","varsta":32,"punctaj":0},{"idParticipant":25,"nume":"Iacob","prenume":"Radu","varsta":23,"punctaj":0},{"idParticipant":26,"nume":"Jianu","prenume":"Oana","varsta":34,"punctaj":0},{"idParticipant":27,"nume":"Kovacs","prenume":"Cristina","varsta":21,"punctaj":0},{"idParticipant":28,"nume":"Lupu","prenume":"George","varsta":33,"punctaj":0},{"idParticipant":29,"nume":"Manole","prenume":"Simona","varsta":25,"punctaj":0},{"idParticipant":30,"nume":"Nedelcu","prenume":"Alexandra","varsta":28,"punctaj":0},{"idParticipant":31,"nume":"Oprea","prenume":"Bogdan","varsta":27,"punctaj":0},{"idParticipant":32,"nume":"Pavel","prenume":"Monica","varsta":30,"punctaj":0},{"idParticipant":33,"nume":"Rusu","prenume":"Andreea","varsta":29,"punctaj":0},{"idParticipant":34,"nume":"Sandu","prenume":"Victor","varsta":26,"punctaj":0},{"idParticipant":35,"nume":"Toma","prenume":"Gabriela","varsta":31,"punctaj":0},{"idParticipant":36,"nume":"Ursu","prenume":"Mihail","varsta":24,"punctaj":0},{"idParticipant":37,"nume":"Vlad","prenume":"Anca","varsta":32,"punctaj":0},{"idParticipant":38,"nume":"Zamfir","prenume":"Lucian","varsta":23,"punctaj":0},{"idParticipant":39,"nume":"Voicu","prenume":"Raluca","varsta":34,"punctaj":0},{"idParticipant":40,"nume":"nume","prenume":"prenume","varsta":20,"punctaj":0}]}
06 Apr 2025 15:07:45,553 [Thread-3] DEBUG ro.mpp2024.protocol.ServicesJsonProxy$ReaderThread 208 run - response received {"type":"LOGGED_ACC","user":{"id":21,"nume":"Bob Smith","username":"bob.smith","password":"U2VjdXJlUEBzczI\u003d","id_proba":"c1"}}
06 Apr 2025 15:07:46,562 [Thread-3] DEBUG ro.mpp2024.protocol.ServicesJsonProxy$ReaderThread 208 run - response received {"type":"ALL_REZULTATE","punctaje":[{"idParticipant":18,"nume":"Barbu","prenume":"Irina","varsta":27,"punctaj":200},{"idParticipant":19,"nume":"Constantin","prenume":"Marius","varsta":30,"punctaj":278},{"idParticipant":13,"nume":"Dobre","prenume":"Adriana","varsta":34,"punctaj":165},{"idParticipant":21,"nume":"Dragomir","prenume":"Adrian","varsta":26,"punctaj":130},{"idParticipant":4,"nume":"Dumitrescu","prenume":"Elena","varsta":28,"punctaj":143},{"idParticipant":20,"nume":"Enache","prenume":"Laura","varsta":29,"punctaj":315},{"idParticipant":22,"nume":"Filip","prenume":"Bianca","varsta":31,"punctaj":307},{"idParticipant":3,"nume":"Georgescu","prenume":"Andrei","varsta":22,"punctaj":122},{"idParticipant":17,"nume":"Gheorghe","prenume":"Vlad","varsta":28,"punctaj":200},{"idParticipant":23,"nume":"Grigore","prenume":"Stefan","varsta":24,"punctaj":145},{"idParticipant":24,"nume":"Hagi","prenume":"Diana","varsta":32,"punctaj":193},{"idParticipant":25,"nume":"Iacob","prenume":"Radu","varsta":23,"punctaj":195},{"idParticipant":11,"nume":"Iliescu","prenume":"Daniela","varsta":32,"punctaj":310},{"idParticipant":2,"nume":"Ionescu","prenume":"Maria","varsta":30,"punctaj":156},{"idParticipant":26,"nume":"Jianu","prenume":"Oana","varsta":34,"punctaj":142},{"idParticipant":27,"nume":"Kovacs","prenume":"Cristina","varsta":21,"punctaj":199},{"idParticipant":16,"nume":"Lazar","prenume":"Roxana","varsta":25,"punctaj":185},{"idParticipant":28,"nume":"Lupu","prenume":"George","varsta":33,"punctaj":199},{"idParticipant":29,"nume":"Manole","prenume":"Simona","varsta":25,"punctaj":117},{"idParticipant":8,"nume":"Marin","prenume":"Ana","varsta":29,"punctaj":134},{"idParticipant":14,"nume":"Munteanu","prenume":"Sorin","varsta":21,"punctaj":301},{"idParticipant":30,"nume":"Nedelcu","prenume":"Alexandra","varsta":28,"punctaj":169},{"idParticipant":15,"nume":"Nistor","prenume":"Carmen","varsta":33,"punctaj":189},{"idParticipant":40,"nume":"nume","prenume":"prenume","varsta":20,"punctaj":300},{"idParticipant":31,"nume":"Oprea","prenume":"Bogdan","varsta":27,"punctaj":282},{"idParticipant":32,"nume":"Pavel","prenume":"Monica","varsta":30,"punctaj":111},{"idParticipant":10,"nume":"Petrescu","prenume":"Gabriel","varsta":26,"punctaj":188},{"idParticipant":5,"nume":"Popa","prenume":"Mihai","varsta":35,"punctaj":282},{"idParticipant":1,"nume":"Popescu","prenume":"Ion","varsta":25,"punctaj":158},{"idParticipant":7,"nume":"Radu","prenume":"Cristian","varsta":24,"punctaj":256},{"idParticipant":33,"nume":"Rusu","prenume":"Andreea","varsta":29,"punctaj":313},{"idParticipant":34,"nume":"Sandu","prenume":"Victor","varsta":26,"punctaj":115},{"idParticipant":6,"nume":"Stan","prenume":"Ioana","varsta":27,"punctaj":289},{"idParticipant":35,"nume":"Toma","prenume":"Gabriela","varsta":31,"punctaj":132},{"idParticipant":9,"nume":"Tudor","prenume":"Alexandru","varsta":31,"punctaj":288},{"idParticipant":36,"nume":"Ursu","prenume":"Mihail","varsta":24,"punctaj":155},{"idParticipant":12,"nume":"Vasilescu","prenume":"Florin","varsta":23,"punctaj":372},{"idParticipant":37,"nume":"Vlad","prenume":"Anca","varsta":32,"punctaj":128},{"idParticipant":39,"nume":"Voicu","prenume":"Raluca","varsta":34,"punctaj":190},{"idParticipant":38,"nume":"Zamfir","prenume":"Lucian","varsta":23,"punctaj":177}]}
06 Apr 2025 15:07:47,570 [Thread-3] DEBUG ro.mpp2024.protocol.ServicesJsonProxy$ReaderThread 208 run - response received {"type":"REZULTATE","punctaje":[{"idParticipant":38,"nume":"Zamfir","prenume":"Lucian","varsta":23,"punctaj":177},{"idParticipant":6,"nume":"Stan","prenume":"Ioana","varsta":27,"punctaj":152},{"idParticipant":9,"nume":"Tudor","prenume":"Alexandru","varsta":31,"punctaj":150},{"idParticipant":1,"nume":"Popescu","prenume":"Ion","varsta":25,"punctaj":10}]}
06 Apr 2025 15:07:48,584 [Thread-3] DEBUG ro.mpp2024.protocol.ServicesJsonProxy$ReaderThread 208 run - response received {"type":"PARTICIPANTI","participanti":[{"idParticipant":1,"nume":"Popescu","prenume":"Ion","varsta":25,"punctaj":0},{"idParticipant":2,"nume":"Ionescu","prenume":"Maria","varsta":30,"punctaj":0},{"idParticipant":3,"nume":"Georgescu","prenume":"Andrei","varsta":22,"punctaj":0},{"idParticipant":4,"nume":"Dumitrescu","prenume":"Elena","varsta":28,"punctaj":0},{"idParticipant":5,"nume":"Popa","prenume":"Mihai","varsta":35,"punctaj":0},{"idParticipant":6,"nume":"Stan","prenume":"Ioana","varsta":27,"punctaj":0},{"idParticipant":7,"nume":"Radu","prenume":"Cristian","varsta":24,"punctaj":0},{"idParticipant":8,"nume":"Marin","prenume":"Ana","varsta":29,"punctaj":0},{"idParticipant":9,"nume":"Tudor","prenume":"Alexandru","varsta":31,"punctaj":0},{"idParticipant":10,"nume":"Petrescu","prenume":"Gabriel","varsta":26,"punctaj":0},{"idParticipant":11,"nume":"Iliescu","prenume":"Daniela","varsta":32,"punctaj":0},{"idParticipant":12,"nume":"Vasilescu","prenume":"Florin","varsta":23,"punctaj":0},{"idParticipant":13,"nume":"Dobre","prenume":"Adriana","varsta":34,"punctaj":0},{"idParticipant":14,"nume":"Munteanu","prenume":"Sorin","varsta":21,"punctaj":0},{"idParticipant":15,"nume":"Nistor","prenume":"Carmen","varsta":33,"punctaj":0},{"idParticipant":16,"nume":"Lazar","prenume":"Roxana","varsta":25,"punctaj":0},{"idParticipant":17,"nume":"Gheorghe","prenume":"Vlad","varsta":28,"punctaj":0},{"idParticipant":18,"nume":"Barbu","prenume":"Irina","varsta":27,"punctaj":0},{"idParticipant":19,"nume":"Constantin","prenume":"Marius","varsta":30,"punctaj":0},{"idParticipant":20,"nume":"Enache","prenume":"Laura","varsta":29,"punctaj":0},{"idParticipant":21,"nume":"Dragomir","prenume":"Adrian","varsta":26,"punctaj":0},{"idParticipant":22,"nume":"Filip","prenume":"Bianca","varsta":31,"punctaj":0},{"idParticipant":23,"nume":"Grigore","prenume":"Stefan","varsta":24,"punctaj":0},{"idParticipant":24,"nume":"Hagi","prenume":"Diana","varsta":32,"punctaj":0},{"idParticipant":25,"nume":"Iacob","prenume":"Radu","varsta":23,"punctaj":0},{"idParticipant":26,"nume":"Jianu","prenume":"Oana","varsta":34,"punctaj":0},{"idParticipant":27,"nume":"Kovacs","prenume":"Cristina","varsta":21,"punctaj":0},{"idParticipant":28,"nume":"Lupu","prenume":"George","varsta":33,"punctaj":0},{"idParticipant":29,"nume":"Manole","prenume":"Simona","varsta":25,"punctaj":0},{"idParticipant":30,"nume":"Nedelcu","prenume":"Alexandra","varsta":28,"punctaj":0},{"idParticipant":31,"nume":"Oprea","prenume":"Bogdan","varsta":27,"punctaj":0},{"idParticipant":32,"nume":"Pavel","prenume":"Monica","varsta":30,"punctaj":0},{"idParticipant":33,"nume":"Rusu","prenume":"Andreea","varsta":29,"punctaj":0},{"idParticipant":34,"nume":"Sandu","prenume":"Victor","varsta":26,"punctaj":0},{"idParticipant":35,"nume":"Toma","prenume":"Gabriela","varsta":31,"punctaj":0},{"idParticipant":36,"nume":"Ursu","prenume":"Mihail","varsta":24,"punctaj":0},{"idParticipant":37,"nume":"Vlad","prenume":"Anca","varsta":32,"punctaj":0},{"idParticipant":38,"nume":"Zamfir","prenume":"Lucian","varsta":23,"punctaj":0},{"idParticipant":39,"nume":"Voicu","prenume":"Raluca","varsta":34,"punctaj":0},{"idParticipant":40,"nume":"nume","prenume":"prenume","varsta":20,"punctaj":0}]}
06 Apr 2025 15:09:21,633 [Thread-3] DEBUG ro.mpp2024.protocol.ServicesJsonProxy$ReaderThread 208 run - response received {"type":"REZULTAT_ADDED","rezultat":{"idProba":"c1","idParticipant":18,"puncte":30}}
06 Apr 2025 15:10:54,655 [JavaFX Application Thread] DEBUG ro.mpp2024.StartJsonClient 29 start - Starting client application
06 Apr 2025 15:10:54,659 [JavaFX Application Thread] INFO  ro.mpp2024.StartJsonClient 33 start - Client properties set {server.host=localhost, server.port=55556}
06 Apr 2025 15:10:54,659 [JavaFX Application Thread] INFO  ro.mpp2024.StartJsonClient 50 start - Connecting to server localhost on port 55556
06 Apr 2025 15:11:02,379 [Thread-3] DEBUG ro.mpp2024.protocol.ServicesJsonProxy$ReaderThread 208 run - response received {"type":"LOGGED_ACC","user":{"id":21,"nume":"Bob Smith","username":"bob.smith","password":"U2VjdXJlUEBzczI\u003d","id_proba":"c1"}}
06 Apr 2025 15:11:03,392 [Thread-3] DEBUG ro.mpp2024.protocol.ServicesJsonProxy$ReaderThread 208 run - response received {"type":"ALL_REZULTATE","punctaje":[{"idParticipant":18,"nume":"Barbu","prenume":"Irina","varsta":27,"punctaj":230},{"idParticipant":19,"nume":"Constantin","prenume":"Marius","varsta":30,"punctaj":278},{"idParticipant":13,"nume":"Dobre","prenume":"Adriana","varsta":34,"punctaj":165},{"idParticipant":21,"nume":"Dragomir","prenume":"Adrian","varsta":26,"punctaj":130},{"idParticipant":4,"nume":"Dumitrescu","prenume":"Elena","varsta":28,"punctaj":143},{"idParticipant":20,"nume":"Enache","prenume":"Laura","varsta":29,"punctaj":315},{"idParticipant":22,"nume":"Filip","prenume":"Bianca","varsta":31,"punctaj":307},{"idParticipant":3,"nume":"Georgescu","prenume":"Andrei","varsta":22,"punctaj":122},{"idParticipant":17,"nume":"Gheorghe","prenume":"Vlad","varsta":28,"punctaj":200},{"idParticipant":23,"nume":"Grigore","prenume":"Stefan","varsta":24,"punctaj":145},{"idParticipant":24,"nume":"Hagi","prenume":"Diana","varsta":32,"punctaj":193},{"idParticipant":25,"nume":"Iacob","prenume":"Radu","varsta":23,"punctaj":195},{"idParticipant":11,"nume":"Iliescu","prenume":"Daniela","varsta":32,"punctaj":310},{"idParticipant":2,"nume":"Ionescu","prenume":"Maria","varsta":30,"punctaj":156},{"idParticipant":26,"nume":"Jianu","prenume":"Oana","varsta":34,"punctaj":142},{"idParticipant":27,"nume":"Kovacs","prenume":"Cristina","varsta":21,"punctaj":199},{"idParticipant":16,"nume":"Lazar","prenume":"Roxana","varsta":25,"punctaj":185},{"idParticipant":28,"nume":"Lupu","prenume":"George","varsta":33,"punctaj":199},{"idParticipant":29,"nume":"Manole","prenume":"Simona","varsta":25,"punctaj":117},{"idParticipant":8,"nume":"Marin","prenume":"Ana","varsta":29,"punctaj":134},{"idParticipant":14,"nume":"Munteanu","prenume":"Sorin","varsta":21,"punctaj":301},{"idParticipant":30,"nume":"Nedelcu","prenume":"Alexandra","varsta":28,"punctaj":169},{"idParticipant":15,"nume":"Nistor","prenume":"Carmen","varsta":33,"punctaj":189},{"idParticipant":40,"nume":"nume","prenume":"prenume","varsta":20,"punctaj":300},{"idParticipant":31,"nume":"Oprea","prenume":"Bogdan","varsta":27,"punctaj":282},{"idParticipant":32,"nume":"Pavel","prenume":"Monica","varsta":30,"punctaj":111},{"idParticipant":10,"nume":"Petrescu","prenume":"Gabriel","varsta":26,"punctaj":188},{"idParticipant":5,"nume":"Popa","prenume":"Mihai","varsta":35,"punctaj":282},{"idParticipant":1,"nume":"Popescu","prenume":"Ion","varsta":25,"punctaj":158},{"idParticipant":7,"nume":"Radu","prenume":"Cristian","varsta":24,"punctaj":256},{"idParticipant":33,"nume":"Rusu","prenume":"Andreea","varsta":29,"punctaj":313},{"idParticipant":34,"nume":"Sandu","prenume":"Victor","varsta":26,"punctaj":115},{"idParticipant":6,"nume":"Stan","prenume":"Ioana","varsta":27,"punctaj":289},{"idParticipant":35,"nume":"Toma","prenume":"Gabriela","varsta":31,"punctaj":132},{"idParticipant":9,"nume":"Tudor","prenume":"Alexandru","varsta":31,"punctaj":288},{"idParticipant":36,"nume":"Ursu","prenume":"Mihail","varsta":24,"punctaj":155},{"idParticipant":12,"nume":"Vasilescu","prenume":"Florin","varsta":23,"punctaj":372},{"idParticipant":37,"nume":"Vlad","prenume":"Anca","varsta":32,"punctaj":128},{"idParticipant":39,"nume":"Voicu","prenume":"Raluca","varsta":34,"punctaj":190},{"idParticipant":38,"nume":"Zamfir","prenume":"Lucian","varsta":23,"punctaj":177}]}
06 Apr 2025 15:11:04,404 [Thread-3] DEBUG ro.mpp2024.protocol.ServicesJsonProxy$ReaderThread 208 run - response received {"type":"REZULTATE","punctaje":[{"idParticipant":38,"nume":"Zamfir","prenume":"Lucian","varsta":23,"punctaj":177},{"idParticipant":6,"nume":"Stan","prenume":"Ioana","varsta":27,"punctaj":152},{"idParticipant":9,"nume":"Tudor","prenume":"Alexandru","varsta":31,"punctaj":150},{"idParticipant":18,"nume":"Barbu","prenume":"Irina","varsta":27,"punctaj":30},{"idParticipant":1,"nume":"Popescu","prenume":"Ion","varsta":25,"punctaj":10}]}
06 Apr 2025 15:11:05,417 [Thread-3] DEBUG ro.mpp2024.protocol.ServicesJsonProxy$ReaderThread 208 run - response received {"type":"PARTICIPANTI","participanti":[{"idParticipant":1,"nume":"Popescu","prenume":"Ion","varsta":25,"punctaj":0},{"idParticipant":2,"nume":"Ionescu","prenume":"Maria","varsta":30,"punctaj":0},{"idParticipant":3,"nume":"Georgescu","prenume":"Andrei","varsta":22,"punctaj":0},{"idParticipant":4,"nume":"Dumitrescu","prenume":"Elena","varsta":28,"punctaj":0},{"idParticipant":5,"nume":"Popa","prenume":"Mihai","varsta":35,"punctaj":0},{"idParticipant":6,"nume":"Stan","prenume":"Ioana","varsta":27,"punctaj":0},{"idParticipant":7,"nume":"Radu","prenume":"Cristian","varsta":24,"punctaj":0},{"idParticipant":8,"nume":"Marin","prenume":"Ana","varsta":29,"punctaj":0},{"idParticipant":9,"nume":"Tudor","prenume":"Alexandru","varsta":31,"punctaj":0},{"idParticipant":10,"nume":"Petrescu","prenume":"Gabriel","varsta":26,"punctaj":0},{"idParticipant":11,"nume":"Iliescu","prenume":"Daniela","varsta":32,"punctaj":0},{"idParticipant":12,"nume":"Vasilescu","prenume":"Florin","varsta":23,"punctaj":0},{"idParticipant":13,"nume":"Dobre","prenume":"Adriana","varsta":34,"punctaj":0},{"idParticipant":14,"nume":"Munteanu","prenume":"Sorin","varsta":21,"punctaj":0},{"idParticipant":15,"nume":"Nistor","prenume":"Carmen","varsta":33,"punctaj":0},{"idParticipant":16,"nume":"Lazar","prenume":"Roxana","varsta":25,"punctaj":0},{"idParticipant":17,"nume":"Gheorghe","prenume":"Vlad","varsta":28,"punctaj":0},{"idParticipant":18,"nume":"Barbu","prenume":"Irina","varsta":27,"punctaj":0},{"idParticipant":19,"nume":"Constantin","prenume":"Marius","varsta":30,"punctaj":0},{"idParticipant":20,"nume":"Enache","prenume":"Laura","varsta":29,"punctaj":0},{"idParticipant":21,"nume":"Dragomir","prenume":"Adrian","varsta":26,"punctaj":0},{"idParticipant":22,"nume":"Filip","prenume":"Bianca","varsta":31,"punctaj":0},{"idParticipant":23,"nume":"Grigore","prenume":"Stefan","varsta":24,"punctaj":0},{"idParticipant":24,"nume":"Hagi","prenume":"Diana","varsta":32,"punctaj":0},{"idParticipant":25,"nume":"Iacob","prenume":"Radu","varsta":23,"punctaj":0},{"idParticipant":26,"nume":"Jianu","prenume":"Oana","varsta":34,"punctaj":0},{"idParticipant":27,"nume":"Kovacs","prenume":"Cristina","varsta":21,"punctaj":0},{"idParticipant":28,"nume":"Lupu","prenume":"George","varsta":33,"punctaj":0},{"idParticipant":29,"nume":"Manole","prenume":"Simona","varsta":25,"punctaj":0},{"idParticipant":30,"nume":"Nedelcu","prenume":"Alexandra","varsta":28,"punctaj":0},{"idParticipant":31,"nume":"Oprea","prenume":"Bogdan","varsta":27,"punctaj":0},{"idParticipant":32,"nume":"Pavel","prenume":"Monica","varsta":30,"punctaj":0},{"idParticipant":33,"nume":"Rusu","prenume":"Andreea","varsta":29,"punctaj":0},{"idParticipant":34,"nume":"Sandu","prenume":"Victor","varsta":26,"punctaj":0},{"idParticipant":35,"nume":"Toma","prenume":"Gabriela","varsta":31,"punctaj":0},{"idParticipant":36,"nume":"Ursu","prenume":"Mihail","varsta":24,"punctaj":0},{"idParticipant":37,"nume":"Vlad","prenume":"Anca","varsta":32,"punctaj":0},{"idParticipant":38,"nume":"Zamfir","prenume":"Lucian","varsta":23,"punctaj":0},{"idParticipant":39,"nume":"Voicu","prenume":"Raluca","varsta":34,"punctaj":0},{"idParticipant":40,"nume":"nume","prenume":"prenume","varsta":20,"punctaj":0}]}
06 Apr 2025 15:11:12,420 [Thread-3] DEBUG ro.mpp2024.protocol.ServicesJsonProxy$ReaderThread 208 run - response received {"type":"REZULTAT_ADDED","rezultat":{"idProba":"c1","idParticipant":12,"puncte":100}}
06 Apr 2025 15:14:38,012 [JavaFX Application Thread] DEBUG ro.mpp2024.StartJsonClient 29 start - Starting client application
06 Apr 2025 15:14:38,016 [JavaFX Application Thread] INFO  ro.mpp2024.StartJsonClient 33 start - Client properties set {server.host=localhost, server.port=55556}
06 Apr 2025 15:14:38,016 [JavaFX Application Thread] INFO  ro.mpp2024.StartJsonClient 50 start - Connecting to server localhost on port 55556
06 Apr 2025 15:14:45,177 [Thread-3] DEBUG ro.mpp2024.protocol.ServicesJsonProxy$ReaderThread 207 run - response received {"type":"LOGGED_ACC","user":{"id":21,"nume":"Bob Smith","username":"bob.smith","password":"U2VjdXJlUEBzczI\u003d","id_proba":"c1"}}
06 Apr 2025 15:14:46,191 [Thread-3] DEBUG ro.mpp2024.protocol.ServicesJsonProxy$ReaderThread 207 run - response received {"type":"ALL_REZULTATE","punctaje":[{"idParticipant":18,"nume":"Barbu","prenume":"Irina","varsta":27,"punctaj":230},{"idParticipant":19,"nume":"Constantin","prenume":"Marius","varsta":30,"punctaj":278},{"idParticipant":13,"nume":"Dobre","prenume":"Adriana","varsta":34,"punctaj":165},{"idParticipant":21,"nume":"Dragomir","prenume":"Adrian","varsta":26,"punctaj":130},{"idParticipant":4,"nume":"Dumitrescu","prenume":"Elena","varsta":28,"punctaj":143},{"idParticipant":20,"nume":"Enache","prenume":"Laura","varsta":29,"punctaj":315},{"idParticipant":22,"nume":"Filip","prenume":"Bianca","varsta":31,"punctaj":307},{"idParticipant":3,"nume":"Georgescu","prenume":"Andrei","varsta":22,"punctaj":122},{"idParticipant":17,"nume":"Gheorghe","prenume":"Vlad","varsta":28,"punctaj":200},{"idParticipant":23,"nume":"Grigore","prenume":"Stefan","varsta":24,"punctaj":145},{"idParticipant":24,"nume":"Hagi","prenume":"Diana","varsta":32,"punctaj":193},{"idParticipant":25,"nume":"Iacob","prenume":"Radu","varsta":23,"punctaj":195},{"idParticipant":11,"nume":"Iliescu","prenume":"Daniela","varsta":32,"punctaj":310},{"idParticipant":2,"nume":"Ionescu","prenume":"Maria","varsta":30,"punctaj":156},{"idParticipant":26,"nume":"Jianu","prenume":"Oana","varsta":34,"punctaj":142},{"idParticipant":27,"nume":"Kovacs","prenume":"Cristina","varsta":21,"punctaj":199},{"idParticipant":16,"nume":"Lazar","prenume":"Roxana","varsta":25,"punctaj":185},{"idParticipant":28,"nume":"Lupu","prenume":"George","varsta":33,"punctaj":199},{"idParticipant":29,"nume":"Manole","prenume":"Simona","varsta":25,"punctaj":117},{"idParticipant":8,"nume":"Marin","prenume":"Ana","varsta":29,"punctaj":134},{"idParticipant":14,"nume":"Munteanu","prenume":"Sorin","varsta":21,"punctaj":301},{"idParticipant":30,"nume":"Nedelcu","prenume":"Alexandra","varsta":28,"punctaj":169},{"idParticipant":15,"nume":"Nistor","prenume":"Carmen","varsta":33,"punctaj":189},{"idParticipant":40,"nume":"nume","prenume":"prenume","varsta":20,"punctaj":300},{"idParticipant":31,"nume":"Oprea","prenume":"Bogdan","varsta":27,"punctaj":282},{"idParticipant":32,"nume":"Pavel","prenume":"Monica","varsta":30,"punctaj":111},{"idParticipant":10,"nume":"Petrescu","prenume":"Gabriel","varsta":26,"punctaj":188},{"idParticipant":5,"nume":"Popa","prenume":"Mihai","varsta":35,"punctaj":282},{"idParticipant":1,"nume":"Popescu","prenume":"Ion","varsta":25,"punctaj":158},{"idParticipant":7,"nume":"Radu","prenume":"Cristian","varsta":24,"punctaj":256},{"idParticipant":33,"nume":"Rusu","prenume":"Andreea","varsta":29,"punctaj":313},{"idParticipant":34,"nume":"Sandu","prenume":"Victor","varsta":26,"punctaj":115},{"idParticipant":6,"nume":"Stan","prenume":"Ioana","varsta":27,"punctaj":289},{"idParticipant":35,"nume":"Toma","prenume":"Gabriela","varsta":31,"punctaj":132},{"idParticipant":9,"nume":"Tudor","prenume":"Alexandru","varsta":31,"punctaj":288},{"idParticipant":36,"nume":"Ursu","prenume":"Mihail","varsta":24,"punctaj":155},{"idParticipant":12,"nume":"Vasilescu","prenume":"Florin","varsta":23,"punctaj":472},{"idParticipant":37,"nume":"Vlad","prenume":"Anca","varsta":32,"punctaj":128},{"idParticipant":39,"nume":"Voicu","prenume":"Raluca","varsta":34,"punctaj":190},{"idParticipant":38,"nume":"Zamfir","prenume":"Lucian","varsta":23,"punctaj":177}]}
06 Apr 2025 15:14:47,199 [Thread-3] DEBUG ro.mpp2024.protocol.ServicesJsonProxy$ReaderThread 207 run - response received {"type":"REZULTATE","punctaje":[{"idParticipant":38,"nume":"Zamfir","prenume":"Lucian","varsta":23,"punctaj":177},{"idParticipant":6,"nume":"Stan","prenume":"Ioana","varsta":27,"punctaj":152},{"idParticipant":9,"nume":"Tudor","prenume":"Alexandru","varsta":31,"punctaj":150},{"idParticipant":12,"nume":"Vasilescu","prenume":"Florin","varsta":23,"punctaj":100},{"idParticipant":18,"nume":"Barbu","prenume":"Irina","varsta":27,"punctaj":30},{"idParticipant":1,"nume":"Popescu","prenume":"Ion","varsta":25,"punctaj":10}]}
06 Apr 2025 15:14:48,217 [Thread-3] DEBUG ro.mpp2024.protocol.ServicesJsonProxy$ReaderThread 207 run - response received {"type":"PARTICIPANTI","participanti":[{"idParticipant":1,"nume":"Popescu","prenume":"Ion","varsta":25,"punctaj":0},{"idParticipant":2,"nume":"Ionescu","prenume":"Maria","varsta":30,"punctaj":0},{"idParticipant":3,"nume":"Georgescu","prenume":"Andrei","varsta":22,"punctaj":0},{"idParticipant":4,"nume":"Dumitrescu","prenume":"Elena","varsta":28,"punctaj":0},{"idParticipant":5,"nume":"Popa","prenume":"Mihai","varsta":35,"punctaj":0},{"idParticipant":6,"nume":"Stan","prenume":"Ioana","varsta":27,"punctaj":0},{"idParticipant":7,"nume":"Radu","prenume":"Cristian","varsta":24,"punctaj":0},{"idParticipant":8,"nume":"Marin","prenume":"Ana","varsta":29,"punctaj":0},{"idParticipant":9,"nume":"Tudor","prenume":"Alexandru","varsta":31,"punctaj":0},{"idParticipant":10,"nume":"Petrescu","prenume":"Gabriel","varsta":26,"punctaj":0},{"idParticipant":11,"nume":"Iliescu","prenume":"Daniela","varsta":32,"punctaj":0},{"idParticipant":12,"nume":"Vasilescu","prenume":"Florin","varsta":23,"punctaj":0},{"idParticipant":13,"nume":"Dobre","prenume":"Adriana","varsta":34,"punctaj":0},{"idParticipant":14,"nume":"Munteanu","prenume":"Sorin","varsta":21,"punctaj":0},{"idParticipant":15,"nume":"Nistor","prenume":"Carmen","varsta":33,"punctaj":0},{"idParticipant":16,"nume":"Lazar","prenume":"Roxana","varsta":25,"punctaj":0},{"idParticipant":17,"nume":"Gheorghe","prenume":"Vlad","varsta":28,"punctaj":0},{"idParticipant":18,"nume":"Barbu","prenume":"Irina","varsta":27,"punctaj":0},{"idParticipant":19,"nume":"Constantin","prenume":"Marius","varsta":30,"punctaj":0},{"idParticipant":20,"nume":"Enache","prenume":"Laura","varsta":29,"punctaj":0},{"idParticipant":21,"nume":"Dragomir","prenume":"Adrian","varsta":26,"punctaj":0},{"idParticipant":22,"nume":"Filip","prenume":"Bianca","varsta":31,"punctaj":0},{"idParticipant":23,"nume":"Grigore","prenume":"Stefan","varsta":24,"punctaj":0},{"idParticipant":24,"nume":"Hagi","prenume":"Diana","varsta":32,"punctaj":0},{"idParticipant":25,"nume":"Iacob","prenume":"Radu","varsta":23,"punctaj":0},{"idParticipant":26,"nume":"Jianu","prenume":"Oana","varsta":34,"punctaj":0},{"idParticipant":27,"nume":"Kovacs","prenume":"Cristina","varsta":21,"punctaj":0},{"idParticipant":28,"nume":"Lupu","prenume":"George","varsta":33,"punctaj":0},{"idParticipant":29,"nume":"Manole","prenume":"Simona","varsta":25,"punctaj":0},{"idParticipant":30,"nume":"Nedelcu","prenume":"Alexandra","varsta":28,"punctaj":0},{"idParticipant":31,"nume":"Oprea","prenume":"Bogdan","varsta":27,"punctaj":0},{"idParticipant":32,"nume":"Pavel","prenume":"Monica","varsta":30,"punctaj":0},{"idParticipant":33,"nume":"Rusu","prenume":"Andreea","varsta":29,"punctaj":0},{"idParticipant":34,"nume":"Sandu","prenume":"Victor","varsta":26,"punctaj":0},{"idParticipant":35,"nume":"Toma","prenume":"Gabriela","varsta":31,"punctaj":0},{"idParticipant":36,"nume":"Ursu","prenume":"Mihail","varsta":24,"punctaj":0},{"idParticipant":37,"nume":"Vlad","prenume":"Anca","varsta":32,"punctaj":0},{"idParticipant":38,"nume":"Zamfir","prenume":"Lucian","varsta":23,"punctaj":0},{"idParticipant":39,"nume":"Voicu","prenume":"Raluca","varsta":34,"punctaj":0},{"idParticipant":40,"nume":"nume","prenume":"prenume","varsta":20,"punctaj":0}]}
06 Apr 2025 15:15:08,015 [Thread-3] DEBUG ro.mpp2024.protocol.ServicesJsonProxy$ReaderThread 207 run - response received {"type":"REZULTAT_ADDED","rezultat":{"idProba":"c1","idParticipant":37,"numeParticipant":"Vlad","prenumeParticipant":"Anca","puncte":10}}
06 Apr 2025 15:15:40,983 [JavaFX Application Thread] DEBUG ro.mpp2024.StartJsonClient 29 start - Starting client application
06 Apr 2025 15:15:40,987 [JavaFX Application Thread] INFO  ro.mpp2024.StartJsonClient 33 start - Client properties set {server.host=localhost, server.port=55556}
06 Apr 2025 15:15:40,988 [JavaFX Application Thread] INFO  ro.mpp2024.StartJsonClient 50 start - Connecting to server localhost on port 55556
06 Apr 2025 15:15:46,823 [Thread-3] DEBUG ro.mpp2024.protocol.ServicesJsonProxy$ReaderThread 207 run - response received {"type":"LOGGED_ACC","user":{"id":21,"nume":"Bob Smith","username":"bob.smith","password":"U2VjdXJlUEBzczI\u003d","id_proba":"c1"}}
06 Apr 2025 15:16:02,767 [Thread-3] DEBUG ro.mpp2024.protocol.ServicesJsonProxy$ReaderThread 207 run - response received {"type":"ALL_REZULTATE","punctaje":[{"idParticipant":18,"nume":"Barbu","prenume":"Irina","varsta":27,"punctaj":230},{"idParticipant":19,"nume":"Constantin","prenume":"Marius","varsta":30,"punctaj":278},{"idParticipant":13,"nume":"Dobre","prenume":"Adriana","varsta":34,"punctaj":165},{"idParticipant":21,"nume":"Dragomir","prenume":"Adrian","varsta":26,"punctaj":130},{"idParticipant":4,"nume":"Dumitrescu","prenume":"Elena","varsta":28,"punctaj":143},{"idParticipant":20,"nume":"Enache","prenume":"Laura","varsta":29,"punctaj":315},{"idParticipant":22,"nume":"Filip","prenume":"Bianca","varsta":31,"punctaj":307},{"idParticipant":3,"nume":"Georgescu","prenume":"Andrei","varsta":22,"punctaj":122},{"idParticipant":17,"nume":"Gheorghe","prenume":"Vlad","varsta":28,"punctaj":200},{"idParticipant":23,"nume":"Grigore","prenume":"Stefan","varsta":24,"punctaj":145},{"idParticipant":24,"nume":"Hagi","prenume":"Diana","varsta":32,"punctaj":193},{"idParticipant":25,"nume":"Iacob","prenume":"Radu","varsta":23,"punctaj":195},{"idParticipant":11,"nume":"Iliescu","prenume":"Daniela","varsta":32,"punctaj":310},{"idParticipant":2,"nume":"Ionescu","prenume":"Maria","varsta":30,"punctaj":156},{"idParticipant":26,"nume":"Jianu","prenume":"Oana","varsta":34,"punctaj":142},{"idParticipant":27,"nume":"Kovacs","prenume":"Cristina","varsta":21,"punctaj":199},{"idParticipant":16,"nume":"Lazar","prenume":"Roxana","varsta":25,"punctaj":185},{"idParticipant":28,"nume":"Lupu","prenume":"George","varsta":33,"punctaj":199},{"idParticipant":29,"nume":"Manole","prenume":"Simona","varsta":25,"punctaj":117},{"idParticipant":8,"nume":"Marin","prenume":"Ana","varsta":29,"punctaj":134},{"idParticipant":14,"nume":"Munteanu","prenume":"Sorin","varsta":21,"punctaj":301},{"idParticipant":30,"nume":"Nedelcu","prenume":"Alexandra","varsta":28,"punctaj":169},{"idParticipant":15,"nume":"Nistor","prenume":"Carmen","varsta":33,"punctaj":189},{"idParticipant":40,"nume":"nume","prenume":"prenume","varsta":20,"punctaj":300},{"idParticipant":31,"nume":"Oprea","prenume":"Bogdan","varsta":27,"punctaj":282},{"idParticipant":32,"nume":"Pavel","prenume":"Monica","varsta":30,"punctaj":111},{"idParticipant":10,"nume":"Petrescu","prenume":"Gabriel","varsta":26,"punctaj":188},{"idParticipant":5,"nume":"Popa","prenume":"Mihai","varsta":35,"punctaj":282},{"idParticipant":1,"nume":"Popescu","prenume":"Ion","varsta":25,"punctaj":158},{"idParticipant":7,"nume":"Radu","prenume":"Cristian","varsta":24,"punctaj":256},{"idParticipant":33,"nume":"Rusu","prenume":"Andreea","varsta":29,"punctaj":313},{"idParticipant":34,"nume":"Sandu","prenume":"Victor","varsta":26,"punctaj":115},{"idParticipant":6,"nume":"Stan","prenume":"Ioana","varsta":27,"punctaj":289},{"idParticipant":35,"nume":"Toma","prenume":"Gabriela","varsta":31,"punctaj":132},{"idParticipant":9,"nume":"Tudor","prenume":"Alexandru","varsta":31,"punctaj":288},{"idParticipant":36,"nume":"Ursu","prenume":"Mihail","varsta":24,"punctaj":155},{"idParticipant":12,"nume":"Vasilescu","prenume":"Florin","varsta":23,"punctaj":472},{"idParticipant":37,"nume":"Vlad","prenume":"Anca","varsta":32,"punctaj":138},{"idParticipant":39,"nume":"Voicu","prenume":"Raluca","varsta":34,"punctaj":190},{"idParticipant":38,"nume":"Zamfir","prenume":"Lucian","varsta":23,"punctaj":177}]}
06 Apr 2025 15:16:04,325 [Thread-3] DEBUG ro.mpp2024.protocol.ServicesJsonProxy$ReaderThread 207 run - response received {"type":"REZULTATE","punctaje":[{"idParticipant":38,"nume":"Zamfir","prenume":"Lucian","varsta":23,"punctaj":177},{"idParticipant":6,"nume":"Stan","prenume":"Ioana","varsta":27,"punctaj":152},{"idParticipant":9,"nume":"Tudor","prenume":"Alexandru","varsta":31,"punctaj":150},{"idParticipant":12,"nume":"Vasilescu","prenume":"Florin","varsta":23,"punctaj":100},{"idParticipant":18,"nume":"Barbu","prenume":"Irina","varsta":27,"punctaj":30},{"idParticipant":37,"nume":"Vlad","prenume":"Anca","varsta":32,"punctaj":10},{"idParticipant":1,"nume":"Popescu","prenume":"Ion","varsta":25,"punctaj":10}]}
06 Apr 2025 15:16:05,351 [Thread-3] DEBUG ro.mpp2024.protocol.ServicesJsonProxy$ReaderThread 207 run - response received {"type":"PARTICIPANTI","participanti":[{"idParticipant":1,"nume":"Popescu","prenume":"Ion","varsta":25,"punctaj":0},{"idParticipant":2,"nume":"Ionescu","prenume":"Maria","varsta":30,"punctaj":0},{"idParticipant":3,"nume":"Georgescu","prenume":"Andrei","varsta":22,"punctaj":0},{"idParticipant":4,"nume":"Dumitrescu","prenume":"Elena","varsta":28,"punctaj":0},{"idParticipant":5,"nume":"Popa","prenume":"Mihai","varsta":35,"punctaj":0},{"idParticipant":6,"nume":"Stan","prenume":"Ioana","varsta":27,"punctaj":0},{"idParticipant":7,"nume":"Radu","prenume":"Cristian","varsta":24,"punctaj":0},{"idParticipant":8,"nume":"Marin","prenume":"Ana","varsta":29,"punctaj":0},{"idParticipant":9,"nume":"Tudor","prenume":"Alexandru","varsta":31,"punctaj":0},{"idParticipant":10,"nume":"Petrescu","prenume":"Gabriel","varsta":26,"punctaj":0},{"idParticipant":11,"nume":"Iliescu","prenume":"Daniela","varsta":32,"punctaj":0},{"idParticipant":12,"nume":"Vasilescu","prenume":"Florin","varsta":23,"punctaj":0},{"idParticipant":13,"nume":"Dobre","prenume":"Adriana","varsta":34,"punctaj":0},{"idParticipant":14,"nume":"Munteanu","prenume":"Sorin","varsta":21,"punctaj":0},{"idParticipant":15,"nume":"Nistor","prenume":"Carmen","varsta":33,"punctaj":0},{"idParticipant":16,"nume":"Lazar","prenume":"Roxana","varsta":25,"punctaj":0},{"idParticipant":17,"nume":"Gheorghe","prenume":"Vlad","varsta":28,"punctaj":0},{"idParticipant":18,"nume":"Barbu","prenume":"Irina","varsta":27,"punctaj":0},{"idParticipant":19,"nume":"Constantin","prenume":"Marius","varsta":30,"punctaj":0},{"idParticipant":20,"nume":"Enache","prenume":"Laura","varsta":29,"punctaj":0},{"idParticipant":21,"nume":"Dragomir","prenume":"Adrian","varsta":26,"punctaj":0},{"idParticipant":22,"nume":"Filip","prenume":"Bianca","varsta":31,"punctaj":0},{"idParticipant":23,"nume":"Grigore","prenume":"Stefan","varsta":24,"punctaj":0},{"idParticipant":24,"nume":"Hagi","prenume":"Diana","varsta":32,"punctaj":0},{"idParticipant":25,"nume":"Iacob","prenume":"Radu","varsta":23,"punctaj":0},{"idParticipant":26,"nume":"Jianu","prenume":"Oana","varsta":34,"punctaj":0},{"idParticipant":27,"nume":"Kovacs","prenume":"Cristina","varsta":21,"punctaj":0},{"idParticipant":28,"nume":"Lupu","prenume":"George","varsta":33,"punctaj":0},{"idParticipant":29,"nume":"Manole","prenume":"Simona","varsta":25,"punctaj":0},{"idParticipant":30,"nume":"Nedelcu","prenume":"Alexandra","varsta":28,"punctaj":0},{"idParticipant":31,"nume":"Oprea","prenume":"Bogdan","varsta":27,"punctaj":0},{"idParticipant":32,"nume":"Pavel","prenume":"Monica","varsta":30,"punctaj":0},{"idParticipant":33,"nume":"Rusu","prenume":"Andreea","varsta":29,"punctaj":0},{"idParticipant":34,"nume":"Sandu","prenume":"Victor","varsta":26,"punctaj":0},{"idParticipant":35,"nume":"Toma","prenume":"Gabriela","varsta":31,"punctaj":0},{"idParticipant":36,"nume":"Ursu","prenume":"Mihail","varsta":24,"punctaj":0},{"idParticipant":37,"nume":"Vlad","prenume":"Anca","varsta":32,"punctaj":0},{"idParticipant":38,"nume":"Zamfir","prenume":"Lucian","varsta":23,"punctaj":0},{"idParticipant":39,"nume":"Voicu","prenume":"Raluca","varsta":34,"punctaj":0},{"idParticipant":40,"nume":"nume","prenume":"prenume","varsta":20,"punctaj":0}]}
06 Apr 2025 15:18:05,680 [Thread-3] DEBUG ro.mpp2024.protocol.ServicesJsonProxy$ReaderThread 207 run - response received {"type":"REZULTAT_ADDED","rezultat":{"idProba":"c1","idParticipant":13,"numeParticipant":"Dobre","prenumeParticipant":"Adriana","puncte":10}}
06 Apr 2025 15:22:17,941 [JavaFX Application Thread] DEBUG ro.mpp2024.StartJsonClient 29 start - Starting client application
06 Apr 2025 15:22:17,945 [JavaFX Application Thread] INFO  ro.mpp2024.StartJsonClient 33 start - Client properties set {server.host=localhost, server.port=55556}
06 Apr 2025 15:22:17,945 [JavaFX Application Thread] INFO  ro.mpp2024.StartJsonClient 50 start - Connecting to server localhost on port 55556
06 Apr 2025 15:23:33,213 [Thread-3] DEBUG ro.mpp2024.protocol.ServicesJsonProxy$ReaderThread 207 run - response received {"type":"LOGGED_ACC","user":{"id":21,"nume":"Bob Smith","username":"bob.smith","password":"U2VjdXJlUEBzczI\u003d","id_proba":"c1"}}
06 Apr 2025 15:23:42,822 [Thread-3] DEBUG ro.mpp2024.protocol.ServicesJsonProxy$ReaderThread 207 run - response received {"type":"ALL_REZULTATE","punctaje":[{"idParticipant":18,"nume":"Barbu","prenume":"Irina","varsta":27,"punctaj":230},{"idParticipant":19,"nume":"Constantin","prenume":"Marius","varsta":30,"punctaj":278},{"idParticipant":13,"nume":"Dobre","prenume":"Adriana","varsta":34,"punctaj":175},{"idParticipant":21,"nume":"Dragomir","prenume":"Adrian","varsta":26,"punctaj":130},{"idParticipant":4,"nume":"Dumitrescu","prenume":"Elena","varsta":28,"punctaj":143},{"idParticipant":20,"nume":"Enache","prenume":"Laura","varsta":29,"punctaj":315},{"idParticipant":22,"nume":"Filip","prenume":"Bianca","varsta":31,"punctaj":307},{"idParticipant":3,"nume":"Georgescu","prenume":"Andrei","varsta":22,"punctaj":122},{"idParticipant":17,"nume":"Gheorghe","prenume":"Vlad","varsta":28,"punctaj":200},{"idParticipant":23,"nume":"Grigore","prenume":"Stefan","varsta":24,"punctaj":145},{"idParticipant":24,"nume":"Hagi","prenume":"Diana","varsta":32,"punctaj":193},{"idParticipant":25,"nume":"Iacob","prenume":"Radu","varsta":23,"punctaj":195},{"idParticipant":11,"nume":"Iliescu","prenume":"Daniela","varsta":32,"punctaj":310},{"idParticipant":2,"nume":"Ionescu","prenume":"Maria","varsta":30,"punctaj":156},{"idParticipant":26,"nume":"Jianu","prenume":"Oana","varsta":34,"punctaj":142},{"idParticipant":27,"nume":"Kovacs","prenume":"Cristina","varsta":21,"punctaj":199},{"idParticipant":16,"nume":"Lazar","prenume":"Roxana","varsta":25,"punctaj":185},{"idParticipant":28,"nume":"Lupu","prenume":"George","varsta":33,"punctaj":199},{"idParticipant":29,"nume":"Manole","prenume":"Simona","varsta":25,"punctaj":117},{"idParticipant":8,"nume":"Marin","prenume":"Ana","varsta":29,"punctaj":134},{"idParticipant":14,"nume":"Munteanu","prenume":"Sorin","varsta":21,"punctaj":301},{"idParticipant":30,"nume":"Nedelcu","prenume":"Alexandra","varsta":28,"punctaj":169},{"idParticipant":15,"nume":"Nistor","prenume":"Carmen","varsta":33,"punctaj":189},{"idParticipant":40,"nume":"nume","prenume":"prenume","varsta":20,"punctaj":300},{"idParticipant":31,"nume":"Oprea","prenume":"Bogdan","varsta":27,"punctaj":282},{"idParticipant":32,"nume":"Pavel","prenume":"Monica","varsta":30,"punctaj":111},{"idParticipant":10,"nume":"Petrescu","prenume":"Gabriel","varsta":26,"punctaj":188},{"idParticipant":5,"nume":"Popa","prenume":"Mihai","varsta":35,"punctaj":282},{"idParticipant":1,"nume":"Popescu","prenume":"Ion","varsta":25,"punctaj":158},{"idParticipant":7,"nume":"Radu","prenume":"Cristian","varsta":24,"punctaj":256},{"idParticipant":33,"nume":"Rusu","prenume":"Andreea","varsta":29,"punctaj":313},{"idParticipant":34,"nume":"Sandu","prenume":"Victor","varsta":26,"punctaj":115},{"idParticipant":6,"nume":"Stan","prenume":"Ioana","varsta":27,"punctaj":289},{"idParticipant":35,"nume":"Toma","prenume":"Gabriela","varsta":31,"punctaj":132},{"idParticipant":9,"nume":"Tudor","prenume":"Alexandru","varsta":31,"punctaj":288},{"idParticipant":36,"nume":"Ursu","prenume":"Mihail","varsta":24,"punctaj":155},{"idParticipant":12,"nume":"Vasilescu","prenume":"Florin","varsta":23,"punctaj":472},{"idParticipant":37,"nume":"Vlad","prenume":"Anca","varsta":32,"punctaj":138},{"idParticipant":39,"nume":"Voicu","prenume":"Raluca","varsta":34,"punctaj":190},{"idParticipant":38,"nume":"Zamfir","prenume":"Lucian","varsta":23,"punctaj":177}]}
06 Apr 2025 15:23:43,937 [Thread-3] DEBUG ro.mpp2024.protocol.ServicesJsonProxy$ReaderThread 207 run - response received {"type":"REZULTATE","punctaje":[{"idParticipant":38,"nume":"Zamfir","prenume":"Lucian","varsta":23,"punctaj":177},{"idParticipant":6,"nume":"Stan","prenume":"Ioana","varsta":27,"punctaj":152},{"idParticipant":9,"nume":"Tudor","prenume":"Alexandru","varsta":31,"punctaj":150},{"idParticipant":12,"nume":"Vasilescu","prenume":"Florin","varsta":23,"punctaj":100},{"idParticipant":18,"nume":"Barbu","prenume":"Irina","varsta":27,"punctaj":30},{"idParticipant":37,"nume":"Vlad","prenume":"Anca","varsta":32,"punctaj":10},{"idParticipant":13,"nume":"Dobre","prenume":"Adriana","varsta":34,"punctaj":10},{"idParticipant":1,"nume":"Popescu","prenume":"Ion","varsta":25,"punctaj":10}]}
06 Apr 2025 15:23:44,957 [Thread-3] DEBUG ro.mpp2024.protocol.ServicesJsonProxy$ReaderThread 207 run - response received {"type":"PARTICIPANTI","participanti":[{"idParticipant":1,"nume":"Popescu","prenume":"Ion","varsta":25,"punctaj":0},{"idParticipant":2,"nume":"Ionescu","prenume":"Maria","varsta":30,"punctaj":0},{"idParticipant":3,"nume":"Georgescu","prenume":"Andrei","varsta":22,"punctaj":0},{"idParticipant":4,"nume":"Dumitrescu","prenume":"Elena","varsta":28,"punctaj":0},{"idParticipant":5,"nume":"Popa","prenume":"Mihai","varsta":35,"punctaj":0},{"idParticipant":6,"nume":"Stan","prenume":"Ioana","varsta":27,"punctaj":0},{"idParticipant":7,"nume":"Radu","prenume":"Cristian","varsta":24,"punctaj":0},{"idParticipant":8,"nume":"Marin","prenume":"Ana","varsta":29,"punctaj":0},{"idParticipant":9,"nume":"Tudor","prenume":"Alexandru","varsta":31,"punctaj":0},{"idParticipant":10,"nume":"Petrescu","prenume":"Gabriel","varsta":26,"punctaj":0},{"idParticipant":11,"nume":"Iliescu","prenume":"Daniela","varsta":32,"punctaj":0},{"idParticipant":12,"nume":"Vasilescu","prenume":"Florin","varsta":23,"punctaj":0},{"idParticipant":13,"nume":"Dobre","prenume":"Adriana","varsta":34,"punctaj":0},{"idParticipant":14,"nume":"Munteanu","prenume":"Sorin","varsta":21,"punctaj":0},{"idParticipant":15,"nume":"Nistor","prenume":"Carmen","varsta":33,"punctaj":0},{"idParticipant":16,"nume":"Lazar","prenume":"Roxana","varsta":25,"punctaj":0},{"idParticipant":17,"nume":"Gheorghe","prenume":"Vlad","varsta":28,"punctaj":0},{"idParticipant":18,"nume":"Barbu","prenume":"Irina","varsta":27,"punctaj":0},{"idParticipant":19,"nume":"Constantin","prenume":"Marius","varsta":30,"punctaj":0},{"idParticipant":20,"nume":"Enache","prenume":"Laura","varsta":29,"punctaj":0},{"idParticipant":21,"nume":"Dragomir","prenume":"Adrian","varsta":26,"punctaj":0},{"idParticipant":22,"nume":"Filip","prenume":"Bianca","varsta":31,"punctaj":0},{"idParticipant":23,"nume":"Grigore","prenume":"Stefan","varsta":24,"punctaj":0},{"idParticipant":24,"nume":"Hagi","prenume":"Diana","varsta":32,"punctaj":0},{"idParticipant":25,"nume":"Iacob","prenume":"Radu","varsta":23,"punctaj":0},{"idParticipant":26,"nume":"Jianu","prenume":"Oana","varsta":34,"punctaj":0},{"idParticipant":27,"nume":"Kovacs","prenume":"Cristina","varsta":21,"punctaj":0},{"idParticipant":28,"nume":"Lupu","prenume":"George","varsta":33,"punctaj":0},{"idParticipant":29,"nume":"Manole","prenume":"Simona","varsta":25,"punctaj":0},{"idParticipant":30,"nume":"Nedelcu","prenume":"Alexandra","varsta":28,"punctaj":0},{"idParticipant":31,"nume":"Oprea","prenume":"Bogdan","varsta":27,"punctaj":0},{"idParticipant":32,"nume":"Pavel","prenume":"Monica","varsta":30,"punctaj":0},{"idParticipant":33,"nume":"Rusu","prenume":"Andreea","varsta":29,"punctaj":0},{"idParticipant":34,"nume":"Sandu","prenume":"Victor","varsta":26,"punctaj":0},{"idParticipant":35,"nume":"Toma","prenume":"Gabriela","varsta":31,"punctaj":0},{"idParticipant":36,"nume":"Ursu","prenume":"Mihail","varsta":24,"punctaj":0},{"idParticipant":37,"nume":"Vlad","prenume":"Anca","varsta":32,"punctaj":0},{"idParticipant":38,"nume":"Zamfir","prenume":"Lucian","varsta":23,"punctaj":0},{"idParticipant":39,"nume":"Voicu","prenume":"Raluca","varsta":34,"punctaj":0},{"idParticipant":40,"nume":"nume","prenume":"prenume","varsta":20,"punctaj":0}]}
06 Apr 2025 15:24:32,448 [Thread-3] DEBUG ro.mpp2024.protocol.ServicesJsonProxy$ReaderThread 207 run - response received {"type":"REZULTAT_ADDED","rezultat":{"idProba":"c1","idParticipant":20,"numeParticipant":"Enache","prenumeParticipant":"Laura","puncte":10}}
06 Apr 2025 15:25:03,586 [JavaFX Application Thread] DEBUG ro.mpp2024.StartJsonClient 29 start - Starting client application
06 Apr 2025 15:25:03,590 [JavaFX Application Thread] INFO  ro.mpp2024.StartJsonClient 33 start - Client properties set {server.host=localhost, server.port=55556}
06 Apr 2025 15:25:03,590 [JavaFX Application Thread] INFO  ro.mpp2024.StartJsonClient 50 start - Connecting to server localhost on port 55556
06 Apr 2025 15:25:10,456 [Thread-3] DEBUG ro.mpp2024.protocol.ServicesJsonProxy$ReaderThread 207 run - response received {"type":"LOGGED_ACC","user":{"id":21,"nume":"Bob Smith","username":"bob.smith","password":"U2VjdXJlUEBzczI\u003d","id_proba":"c1"}}
06 Apr 2025 15:25:19,229 [Thread-3] DEBUG ro.mpp2024.protocol.ServicesJsonProxy$ReaderThread 207 run - response received {"type":"ALL_REZULTATE","punctaje":[{"idParticipant":18,"nume":"Barbu","prenume":"Irina","varsta":27,"punctaj":230},{"idParticipant":19,"nume":"Constantin","prenume":"Marius","varsta":30,"punctaj":278},{"idParticipant":13,"nume":"Dobre","prenume":"Adriana","varsta":34,"punctaj":175},{"idParticipant":21,"nume":"Dragomir","prenume":"Adrian","varsta":26,"punctaj":130},{"idParticipant":4,"nume":"Dumitrescu","prenume":"Elena","varsta":28,"punctaj":143},{"idParticipant":20,"nume":"Enache","prenume":"Laura","varsta":29,"punctaj":325},{"idParticipant":22,"nume":"Filip","prenume":"Bianca","varsta":31,"punctaj":307},{"idParticipant":3,"nume":"Georgescu","prenume":"Andrei","varsta":22,"punctaj":122},{"idParticipant":17,"nume":"Gheorghe","prenume":"Vlad","varsta":28,"punctaj":200},{"idParticipant":23,"nume":"Grigore","prenume":"Stefan","varsta":24,"punctaj":145},{"idParticipant":24,"nume":"Hagi","prenume":"Diana","varsta":32,"punctaj":193},{"idParticipant":25,"nume":"Iacob","prenume":"Radu","varsta":23,"punctaj":195},{"idParticipant":11,"nume":"Iliescu","prenume":"Daniela","varsta":32,"punctaj":310},{"idParticipant":2,"nume":"Ionescu","prenume":"Maria","varsta":30,"punctaj":156},{"idParticipant":26,"nume":"Jianu","prenume":"Oana","varsta":34,"punctaj":142},{"idParticipant":27,"nume":"Kovacs","prenume":"Cristina","varsta":21,"punctaj":199},{"idParticipant":16,"nume":"Lazar","prenume":"Roxana","varsta":25,"punctaj":185},{"idParticipant":28,"nume":"Lupu","prenume":"George","varsta":33,"punctaj":199},{"idParticipant":29,"nume":"Manole","prenume":"Simona","varsta":25,"punctaj":117},{"idParticipant":8,"nume":"Marin","prenume":"Ana","varsta":29,"punctaj":134},{"idParticipant":14,"nume":"Munteanu","prenume":"Sorin","varsta":21,"punctaj":301},{"idParticipant":30,"nume":"Nedelcu","prenume":"Alexandra","varsta":28,"punctaj":169},{"idParticipant":15,"nume":"Nistor","prenume":"Carmen","varsta":33,"punctaj":189},{"idParticipant":40,"nume":"nume","prenume":"prenume","varsta":20,"punctaj":300},{"idParticipant":31,"nume":"Oprea","prenume":"Bogdan","varsta":27,"punctaj":282},{"idParticipant":32,"nume":"Pavel","prenume":"Monica","varsta":30,"punctaj":111},{"idParticipant":10,"nume":"Petrescu","prenume":"Gabriel","varsta":26,"punctaj":188},{"idParticipant":5,"nume":"Popa","prenume":"Mihai","varsta":35,"punctaj":282},{"idParticipant":1,"nume":"Popescu","prenume":"Ion","varsta":25,"punctaj":158},{"idParticipant":7,"nume":"Radu","prenume":"Cristian","varsta":24,"punctaj":256},{"idParticipant":33,"nume":"Rusu","prenume":"Andreea","varsta":29,"punctaj":313},{"idParticipant":34,"nume":"Sandu","prenume":"Victor","varsta":26,"punctaj":115},{"idParticipant":6,"nume":"Stan","prenume":"Ioana","varsta":27,"punctaj":289},{"idParticipant":35,"nume":"Toma","prenume":"Gabriela","varsta":31,"punctaj":132},{"idParticipant":9,"nume":"Tudor","prenume":"Alexandru","varsta":31,"punctaj":288},{"idParticipant":36,"nume":"Ursu","prenume":"Mihail","varsta":24,"punctaj":155},{"idParticipant":12,"nume":"Vasilescu","prenume":"Florin","varsta":23,"punctaj":472},{"idParticipant":37,"nume":"Vlad","prenume":"Anca","varsta":32,"punctaj":138},{"idParticipant":39,"nume":"Voicu","prenume":"Raluca","varsta":34,"punctaj":190},{"idParticipant":38,"nume":"Zamfir","prenume":"Lucian","varsta":23,"punctaj":177}]}
06 Apr 2025 15:25:20,239 [Thread-3] DEBUG ro.mpp2024.protocol.ServicesJsonProxy$ReaderThread 207 run - response received {"type":"REZULTATE","punctaje":[{"idParticipant":38,"nume":"Zamfir","prenume":"Lucian","varsta":23,"punctaj":177},{"idParticipant":6,"nume":"Stan","prenume":"Ioana","varsta":27,"punctaj":152},{"idParticipant":9,"nume":"Tudor","prenume":"Alexandru","varsta":31,"punctaj":150},{"idParticipant":12,"nume":"Vasilescu","prenume":"Florin","varsta":23,"punctaj":100},{"idParticipant":18,"nume":"Barbu","prenume":"Irina","varsta":27,"punctaj":30},{"idParticipant":37,"nume":"Vlad","prenume":"Anca","varsta":32,"punctaj":10},{"idParticipant":20,"nume":"Enache","prenume":"Laura","varsta":29,"punctaj":10},{"idParticipant":13,"nume":"Dobre","prenume":"Adriana","varsta":34,"punctaj":10},{"idParticipant":1,"nume":"Popescu","prenume":"Ion","varsta":25,"punctaj":10}]}
06 Apr 2025 15:25:21,259 [Thread-3] DEBUG ro.mpp2024.protocol.ServicesJsonProxy$ReaderThread 207 run - response received {"type":"PARTICIPANTI","participanti":[{"idParticipant":1,"nume":"Popescu","prenume":"Ion","varsta":25,"punctaj":0},{"idParticipant":2,"nume":"Ionescu","prenume":"Maria","varsta":30,"punctaj":0},{"idParticipant":3,"nume":"Georgescu","prenume":"Andrei","varsta":22,"punctaj":0},{"idParticipant":4,"nume":"Dumitrescu","prenume":"Elena","varsta":28,"punctaj":0},{"idParticipant":5,"nume":"Popa","prenume":"Mihai","varsta":35,"punctaj":0},{"idParticipant":6,"nume":"Stan","prenume":"Ioana","varsta":27,"punctaj":0},{"idParticipant":7,"nume":"Radu","prenume":"Cristian","varsta":24,"punctaj":0},{"idParticipant":8,"nume":"Marin","prenume":"Ana","varsta":29,"punctaj":0},{"idParticipant":9,"nume":"Tudor","prenume":"Alexandru","varsta":31,"punctaj":0},{"idParticipant":10,"nume":"Petrescu","prenume":"Gabriel","varsta":26,"punctaj":0},{"idParticipant":11,"nume":"Iliescu","prenume":"Daniela","varsta":32,"punctaj":0},{"idParticipant":12,"nume":"Vasilescu","prenume":"Florin","varsta":23,"punctaj":0},{"idParticipant":13,"nume":"Dobre","prenume":"Adriana","varsta":34,"punctaj":0},{"idParticipant":14,"nume":"Munteanu","prenume":"Sorin","varsta":21,"punctaj":0},{"idParticipant":15,"nume":"Nistor","prenume":"Carmen","varsta":33,"punctaj":0},{"idParticipant":16,"nume":"Lazar","prenume":"Roxana","varsta":25,"punctaj":0},{"idParticipant":17,"nume":"Gheorghe","prenume":"Vlad","varsta":28,"punctaj":0},{"idParticipant":18,"nume":"Barbu","prenume":"Irina","varsta":27,"punctaj":0},{"idParticipant":19,"nume":"Constantin","prenume":"Marius","varsta":30,"punctaj":0},{"idParticipant":20,"nume":"Enache","prenume":"Laura","varsta":29,"punctaj":0},{"idParticipant":21,"nume":"Dragomir","prenume":"Adrian","varsta":26,"punctaj":0},{"idParticipant":22,"nume":"Filip","prenume":"Bianca","varsta":31,"punctaj":0},{"idParticipant":23,"nume":"Grigore","prenume":"Stefan","varsta":24,"punctaj":0},{"idParticipant":24,"nume":"Hagi","prenume":"Diana","varsta":32,"punctaj":0},{"idParticipant":25,"nume":"Iacob","prenume":"Radu","varsta":23,"punctaj":0},{"idParticipant":26,"nume":"Jianu","prenume":"Oana","varsta":34,"punctaj":0},{"idParticipant":27,"nume":"Kovacs","prenume":"Cristina","varsta":21,"punctaj":0},{"idParticipant":28,"nume":"Lupu","prenume":"George","varsta":33,"punctaj":0},{"idParticipant":29,"nume":"Manole","prenume":"Simona","varsta":25,"punctaj":0},{"idParticipant":30,"nume":"Nedelcu","prenume":"Alexandra","varsta":28,"punctaj":0},{"idParticipant":31,"nume":"Oprea","prenume":"Bogdan","varsta":27,"punctaj":0},{"idParticipant":32,"nume":"Pavel","prenume":"Monica","varsta":30,"punctaj":0},{"idParticipant":33,"nume":"Rusu","prenume":"Andreea","varsta":29,"punctaj":0},{"idParticipant":34,"nume":"Sandu","prenume":"Victor","varsta":26,"punctaj":0},{"idParticipant":35,"nume":"Toma","prenume":"Gabriela","varsta":31,"punctaj":0},{"idParticipant":36,"nume":"Ursu","prenume":"Mihail","varsta":24,"punctaj":0},{"idParticipant":37,"nume":"Vlad","prenume":"Anca","varsta":32,"punctaj":0},{"idParticipant":38,"nume":"Zamfir","prenume":"Lucian","varsta":23,"punctaj":0},{"idParticipant":39,"nume":"Voicu","prenume":"Raluca","varsta":34,"punctaj":0},{"idParticipant":40,"nume":"nume","prenume":"prenume","varsta":20,"punctaj":0}]}
06 Apr 2025 15:25:41,416 [Thread-3] DEBUG ro.mpp2024.protocol.ServicesJsonProxy$ReaderThread 207 run - response received {"type":"REZULTAT_ADDED","rezultat":{"idProba":"c1","idParticipant":11,"numeParticipant":"Iliescu","prenumeParticipant":"Daniela","puncte":10}}
06 Apr 2025 15:29:37,694 [JavaFX Application Thread] DEBUG ro.mpp2024.StartJsonClient 29 start - Starting client application
06 Apr 2025 15:29:37,697 [JavaFX Application Thread] INFO  ro.mpp2024.StartJsonClient 33 start - Client properties set {server.host=localhost, server.port=55556}
06 Apr 2025 15:29:37,697 [JavaFX Application Thread] INFO  ro.mpp2024.StartJsonClient 50 start - Connecting to server localhost on port 55556
06 Apr 2025 15:29:56,937 [Thread-3] DEBUG ro.mpp2024.protocol.ServicesJsonProxy$ReaderThread 207 run - response received {"type":"LOGGED_ACC","user":{"id":21,"nume":"Bob Smith","username":"bob.smith","password":"U2VjdXJlUEBzczI\u003d","id_proba":"c1"}}
06 Apr 2025 15:29:57,952 [Thread-3] DEBUG ro.mpp2024.protocol.ServicesJsonProxy$ReaderThread 207 run - response received {"type":"ALL_REZULTATE","punctaje":[{"idParticipant":18,"nume":"Barbu","prenume":"Irina","varsta":27,"punctaj":230},{"idParticipant":19,"nume":"Constantin","prenume":"Marius","varsta":30,"punctaj":278},{"idParticipant":13,"nume":"Dobre","prenume":"Adriana","varsta":34,"punctaj":175},{"idParticipant":21,"nume":"Dragomir","prenume":"Adrian","varsta":26,"punctaj":130},{"idParticipant":4,"nume":"Dumitrescu","prenume":"Elena","varsta":28,"punctaj":143},{"idParticipant":20,"nume":"Enache","prenume":"Laura","varsta":29,"punctaj":325},{"idParticipant":22,"nume":"Filip","prenume":"Bianca","varsta":31,"punctaj":307},{"idParticipant":3,"nume":"Georgescu","prenume":"Andrei","varsta":22,"punctaj":122},{"idParticipant":17,"nume":"Gheorghe","prenume":"Vlad","varsta":28,"punctaj":200},{"idParticipant":23,"nume":"Grigore","prenume":"Stefan","varsta":24,"punctaj":145},{"idParticipant":24,"nume":"Hagi","prenume":"Diana","varsta":32,"punctaj":193},{"idParticipant":25,"nume":"Iacob","prenume":"Radu","varsta":23,"punctaj":195},{"idParticipant":11,"nume":"Iliescu","prenume":"Daniela","varsta":32,"punctaj":320},{"idParticipant":2,"nume":"Ionescu","prenume":"Maria","varsta":30,"punctaj":156},{"idParticipant":26,"nume":"Jianu","prenume":"Oana","varsta":34,"punctaj":142},{"idParticipant":27,"nume":"Kovacs","prenume":"Cristina","varsta":21,"punctaj":199},{"idParticipant":16,"nume":"Lazar","prenume":"Roxana","varsta":25,"punctaj":185},{"idParticipant":28,"nume":"Lupu","prenume":"George","varsta":33,"punctaj":199},{"idParticipant":29,"nume":"Manole","prenume":"Simona","varsta":25,"punctaj":117},{"idParticipant":8,"nume":"Marin","prenume":"Ana","varsta":29,"punctaj":134},{"idParticipant":14,"nume":"Munteanu","prenume":"Sorin","varsta":21,"punctaj":301},{"idParticipant":30,"nume":"Nedelcu","prenume":"Alexandra","varsta":28,"punctaj":169},{"idParticipant":15,"nume":"Nistor","prenume":"Carmen","varsta":33,"punctaj":189},{"idParticipant":40,"nume":"nume","prenume":"prenume","varsta":20,"punctaj":300},{"idParticipant":31,"nume":"Oprea","prenume":"Bogdan","varsta":27,"punctaj":282},{"idParticipant":32,"nume":"Pavel","prenume":"Monica","varsta":30,"punctaj":111},{"idParticipant":10,"nume":"Petrescu","prenume":"Gabriel","varsta":26,"punctaj":188},{"idParticipant":5,"nume":"Popa","prenume":"Mihai","varsta":35,"punctaj":282},{"idParticipant":1,"nume":"Popescu","prenume":"Ion","varsta":25,"punctaj":158},{"idParticipant":7,"nume":"Radu","prenume":"Cristian","varsta":24,"punctaj":256},{"idParticipant":33,"nume":"Rusu","prenume":"Andreea","varsta":29,"punctaj":313},{"idParticipant":34,"nume":"Sandu","prenume":"Victor","varsta":26,"punctaj":115},{"idParticipant":6,"nume":"Stan","prenume":"Ioana","varsta":27,"punctaj":289},{"idParticipant":35,"nume":"Toma","prenume":"Gabriela","varsta":31,"punctaj":132},{"idParticipant":9,"nume":"Tudor","prenume":"Alexandru","varsta":31,"punctaj":288},{"idParticipant":36,"nume":"Ursu","prenume":"Mihail","varsta":24,"punctaj":155},{"idParticipant":12,"nume":"Vasilescu","prenume":"Florin","varsta":23,"punctaj":472},{"idParticipant":37,"nume":"Vlad","prenume":"Anca","varsta":32,"punctaj":138},{"idParticipant":39,"nume":"Voicu","prenume":"Raluca","varsta":34,"punctaj":190},{"idParticipant":38,"nume":"Zamfir","prenume":"Lucian","varsta":23,"punctaj":177}]}
06 Apr 2025 15:29:58,960 [Thread-3] DEBUG ro.mpp2024.protocol.ServicesJsonProxy$ReaderThread 207 run - response received {"type":"REZULTATE","punctaje":[{"idParticipant":38,"nume":"Zamfir","prenume":"Lucian","varsta":23,"punctaj":177},{"idParticipant":6,"nume":"Stan","prenume":"Ioana","varsta":27,"punctaj":152},{"idParticipant":9,"nume":"Tudor","prenume":"Alexandru","varsta":31,"punctaj":150},{"idParticipant":12,"nume":"Vasilescu","prenume":"Florin","varsta":23,"punctaj":100},{"idParticipant":18,"nume":"Barbu","prenume":"Irina","varsta":27,"punctaj":30},{"idParticipant":37,"nume":"Vlad","prenume":"Anca","varsta":32,"punctaj":10},{"idParticipant":20,"nume":"Enache","prenume":"Laura","varsta":29,"punctaj":10},{"idParticipant":13,"nume":"Dobre","prenume":"Adriana","varsta":34,"punctaj":10},{"idParticipant":11,"nume":"Iliescu","prenume":"Daniela","varsta":32,"punctaj":10},{"idParticipant":1,"nume":"Popescu","prenume":"Ion","varsta":25,"punctaj":10}]}
06 Apr 2025 15:29:59,977 [Thread-3] DEBUG ro.mpp2024.protocol.ServicesJsonProxy$ReaderThread 207 run - response received {"type":"PARTICIPANTI","participanti":[{"idParticipant":1,"nume":"Popescu","prenume":"Ion","varsta":25,"punctaj":0},{"idParticipant":2,"nume":"Ionescu","prenume":"Maria","varsta":30,"punctaj":0},{"idParticipant":3,"nume":"Georgescu","prenume":"Andrei","varsta":22,"punctaj":0},{"idParticipant":4,"nume":"Dumitrescu","prenume":"Elena","varsta":28,"punctaj":0},{"idParticipant":5,"nume":"Popa","prenume":"Mihai","varsta":35,"punctaj":0},{"idParticipant":6,"nume":"Stan","prenume":"Ioana","varsta":27,"punctaj":0},{"idParticipant":7,"nume":"Radu","prenume":"Cristian","varsta":24,"punctaj":0},{"idParticipant":8,"nume":"Marin","prenume":"Ana","varsta":29,"punctaj":0},{"idParticipant":9,"nume":"Tudor","prenume":"Alexandru","varsta":31,"punctaj":0},{"idParticipant":10,"nume":"Petrescu","prenume":"Gabriel","varsta":26,"punctaj":0},{"idParticipant":11,"nume":"Iliescu","prenume":"Daniela","varsta":32,"punctaj":0},{"idParticipant":12,"nume":"Vasilescu","prenume":"Florin","varsta":23,"punctaj":0},{"idParticipant":13,"nume":"Dobre","prenume":"Adriana","varsta":34,"punctaj":0},{"idParticipant":14,"nume":"Munteanu","prenume":"Sorin","varsta":21,"punctaj":0},{"idParticipant":15,"nume":"Nistor","prenume":"Carmen","varsta":33,"punctaj":0},{"idParticipant":16,"nume":"Lazar","prenume":"Roxana","varsta":25,"punctaj":0},{"idParticipant":17,"nume":"Gheorghe","prenume":"Vlad","varsta":28,"punctaj":0},{"idParticipant":18,"nume":"Barbu","prenume":"Irina","varsta":27,"punctaj":0},{"idParticipant":19,"nume":"Constantin","prenume":"Marius","varsta":30,"punctaj":0},{"idParticipant":20,"nume":"Enache","prenume":"Laura","varsta":29,"punctaj":0},{"idParticipant":21,"nume":"Dragomir","prenume":"Adrian","varsta":26,"punctaj":0},{"idParticipant":22,"nume":"Filip","prenume":"Bianca","varsta":31,"punctaj":0},{"idParticipant":23,"nume":"Grigore","prenume":"Stefan","varsta":24,"punctaj":0},{"idParticipant":24,"nume":"Hagi","prenume":"Diana","varsta":32,"punctaj":0},{"idParticipant":25,"nume":"Iacob","prenume":"Radu","varsta":23,"punctaj":0},{"idParticipant":26,"nume":"Jianu","prenume":"Oana","varsta":34,"punctaj":0},{"idParticipant":27,"nume":"Kovacs","prenume":"Cristina","varsta":21,"punctaj":0},{"idParticipant":28,"nume":"Lupu","prenume":"George","varsta":33,"punctaj":0},{"idParticipant":29,"nume":"Manole","prenume":"Simona","varsta":25,"punctaj":0},{"idParticipant":30,"nume":"Nedelcu","prenume":"Alexandra","varsta":28,"punctaj":0},{"idParticipant":31,"nume":"Oprea","prenume":"Bogdan","varsta":27,"punctaj":0},{"idParticipant":32,"nume":"Pavel","prenume":"Monica","varsta":30,"punctaj":0},{"idParticipant":33,"nume":"Rusu","prenume":"Andreea","varsta":29,"punctaj":0},{"idParticipant":34,"nume":"Sandu","prenume":"Victor","varsta":26,"punctaj":0},{"idParticipant":35,"nume":"Toma","prenume":"Gabriela","varsta":31,"punctaj":0},{"idParticipant":36,"nume":"Ursu","prenume":"Mihail","varsta":24,"punctaj":0},{"idParticipant":37,"nume":"Vlad","prenume":"Anca","varsta":32,"punctaj":0},{"idParticipant":38,"nume":"Zamfir","prenume":"Lucian","varsta":23,"punctaj":0},{"idParticipant":39,"nume":"Voicu","prenume":"Raluca","varsta":34,"punctaj":0},{"idParticipant":40,"nume":"nume","prenume":"prenume","varsta":20,"punctaj":0}]}
06 Apr 2025 15:30:07,571 [Thread-3] DEBUG ro.mpp2024.protocol.ServicesJsonProxy$ReaderThread 207 run - response received {"type":"REZULTAT_ADDED","rezultat":{"idProba":"c1","idParticipant":19,"numeParticipant":"Constantin","prenumeParticipant":"Marius","puncte":10}}
06 Apr 2025 15:34:33,211 [JavaFX Application Thread] DEBUG ro.mpp2024.StartJsonClient 29 start - Starting client application
06 Apr 2025 15:34:33,214 [JavaFX Application Thread] INFO  ro.mpp2024.StartJsonClient 33 start - Client properties set {server.host=localhost, server.port=55556}
06 Apr 2025 15:34:33,214 [JavaFX Application Thread] INFO  ro.mpp2024.StartJsonClient 50 start - Connecting to server localhost on port 55556
06 Apr 2025 15:34:53,933 [Thread-3] DEBUG ro.mpp2024.protocol.ServicesJsonProxy$ReaderThread 209 run - response received {"type":"LOGGED_ACC","user":{"id":-1,"nume":"","username":"test","password":"","id_proba":""}}
06 Apr 2025 15:35:10,877 [Thread-4] DEBUG ro.mpp2024.protocol.ServicesJsonProxy$ReaderThread 209 run - response received {"type":"LOGGED_ACC","user":{"id":-1,"nume":"","username":"test","password":"","id_proba":""}}
06 Apr 2025 15:35:16,186 [Thread-5] DEBUG ro.mpp2024.protocol.ServicesJsonProxy$ReaderThread 209 run - response received {"type":"LOGGED_ACC","user":{"id":21,"nume":"Bob Smith","username":"bob.smith","password":"U2VjdXJlUEBzczI\u003d","id_proba":"c1"}}
06 Apr 2025 15:35:17,206 [Thread-5] DEBUG ro.mpp2024.protocol.ServicesJsonProxy$ReaderThread 209 run - response received {"type":"ALL_REZULTATE","punctaje":[{"idParticipant":18,"nume":"Barbu","prenume":"Irina","varsta":27,"punctaj":230},{"idParticipant":19,"nume":"Constantin","prenume":"Marius","varsta":30,"punctaj":288},{"idParticipant":13,"nume":"Dobre","prenume":"Adriana","varsta":34,"punctaj":175},{"idParticipant":21,"nume":"Dragomir","prenume":"Adrian","varsta":26,"punctaj":130},{"idParticipant":4,"nume":"Dumitrescu","prenume":"Elena","varsta":28,"punctaj":143},{"idParticipant":20,"nume":"Enache","prenume":"Laura","varsta":29,"punctaj":325},{"idParticipant":22,"nume":"Filip","prenume":"Bianca","varsta":31,"punctaj":307},{"idParticipant":3,"nume":"Georgescu","prenume":"Andrei","varsta":22,"punctaj":122},{"idParticipant":17,"nume":"Gheorghe","prenume":"Vlad","varsta":28,"punctaj":200},{"idParticipant":23,"nume":"Grigore","prenume":"Stefan","varsta":24,"punctaj":145},{"idParticipant":24,"nume":"Hagi","prenume":"Diana","varsta":32,"punctaj":193},{"idParticipant":25,"nume":"Iacob","prenume":"Radu","varsta":23,"punctaj":195},{"idParticipant":11,"nume":"Iliescu","prenume":"Daniela","varsta":32,"punctaj":320},{"idParticipant":2,"nume":"Ionescu","prenume":"Maria","varsta":30,"punctaj":156},{"idParticipant":26,"nume":"Jianu","prenume":"Oana","varsta":34,"punctaj":142},{"idParticipant":27,"nume":"Kovacs","prenume":"Cristina","varsta":21,"punctaj":199},{"idParticipant":16,"nume":"Lazar","prenume":"Roxana","varsta":25,"punctaj":185},{"idParticipant":28,"nume":"Lupu","prenume":"George","varsta":33,"punctaj":199},{"idParticipant":29,"nume":"Manole","prenume":"Simona","varsta":25,"punctaj":117},{"idParticipant":8,"nume":"Marin","prenume":"Ana","varsta":29,"punctaj":134},{"idParticipant":14,"nume":"Munteanu","prenume":"Sorin","varsta":21,"punctaj":301},{"idParticipant":30,"nume":"Nedelcu","prenume":"Alexandra","varsta":28,"punctaj":169},{"idParticipant":15,"nume":"Nistor","prenume":"Carmen","varsta":33,"punctaj":189},{"idParticipant":40,"nume":"nume","prenume":"prenume","varsta":20,"punctaj":300},{"idParticipant":31,"nume":"Oprea","prenume":"Bogdan","varsta":27,"punctaj":282},{"idParticipant":32,"nume":"Pavel","prenume":"Monica","varsta":30,"punctaj":111},{"idParticipant":10,"nume":"Petrescu","prenume":"Gabriel","varsta":26,"punctaj":188},{"idParticipant":5,"nume":"Popa","prenume":"Mihai","varsta":35,"punctaj":282},{"idParticipant":1,"nume":"Popescu","prenume":"Ion","varsta":25,"punctaj":158},{"idParticipant":7,"nume":"Radu","prenume":"Cristian","varsta":24,"punctaj":256},{"idParticipant":33,"nume":"Rusu","prenume":"Andreea","varsta":29,"punctaj":313},{"idParticipant":34,"nume":"Sandu","prenume":"Victor","varsta":26,"punctaj":115},{"idParticipant":6,"nume":"Stan","prenume":"Ioana","varsta":27,"punctaj":289},{"idParticipant":35,"nume":"Toma","prenume":"Gabriela","varsta":31,"punctaj":132},{"idParticipant":9,"nume":"Tudor","prenume":"Alexandru","varsta":31,"punctaj":288},{"idParticipant":36,"nume":"Ursu","prenume":"Mihail","varsta":24,"punctaj":155},{"idParticipant":12,"nume":"Vasilescu","prenume":"Florin","varsta":23,"punctaj":472},{"idParticipant":37,"nume":"Vlad","prenume":"Anca","varsta":32,"punctaj":138},{"idParticipant":39,"nume":"Voicu","prenume":"Raluca","varsta":34,"punctaj":190},{"idParticipant":38,"nume":"Zamfir","prenume":"Lucian","varsta":23,"punctaj":177}]}
06 Apr 2025 15:35:18,216 [Thread-5] DEBUG ro.mpp2024.protocol.ServicesJsonProxy$ReaderThread 209 run - response received {"type":"REZULTATE","punctaje":[{"idParticipant":38,"nume":"Zamfir","prenume":"Lucian","varsta":23,"punctaj":177},{"idParticipant":6,"nume":"Stan","prenume":"Ioana","varsta":27,"punctaj":152},{"idParticipant":9,"nume":"Tudor","prenume":"Alexandru","varsta":31,"punctaj":150},{"idParticipant":12,"nume":"Vasilescu","prenume":"Florin","varsta":23,"punctaj":100},{"idParticipant":18,"nume":"Barbu","prenume":"Irina","varsta":27,"punctaj":30},{"idParticipant":37,"nume":"Vlad","prenume":"Anca","varsta":32,"punctaj":10},{"idParticipant":20,"nume":"Enache","prenume":"Laura","varsta":29,"punctaj":10},{"idParticipant":19,"nume":"Constantin","prenume":"Marius","varsta":30,"punctaj":10},{"idParticipant":13,"nume":"Dobre","prenume":"Adriana","varsta":34,"punctaj":10},{"idParticipant":11,"nume":"Iliescu","prenume":"Daniela","varsta":32,"punctaj":10},{"idParticipant":1,"nume":"Popescu","prenume":"Ion","varsta":25,"punctaj":10}]}
06 Apr 2025 15:35:19,235 [Thread-5] DEBUG ro.mpp2024.protocol.ServicesJsonProxy$ReaderThread 209 run - response received {"type":"PARTICIPANTI","participanti":[{"idParticipant":1,"nume":"Popescu","prenume":"Ion","varsta":25,"punctaj":0},{"idParticipant":2,"nume":"Ionescu","prenume":"Maria","varsta":30,"punctaj":0},{"idParticipant":3,"nume":"Georgescu","prenume":"Andrei","varsta":22,"punctaj":0},{"idParticipant":4,"nume":"Dumitrescu","prenume":"Elena","varsta":28,"punctaj":0},{"idParticipant":5,"nume":"Popa","prenume":"Mihai","varsta":35,"punctaj":0},{"idParticipant":6,"nume":"Stan","prenume":"Ioana","varsta":27,"punctaj":0},{"idParticipant":7,"nume":"Radu","prenume":"Cristian","varsta":24,"punctaj":0},{"idParticipant":8,"nume":"Marin","prenume":"Ana","varsta":29,"punctaj":0},{"idParticipant":9,"nume":"Tudor","prenume":"Alexandru","varsta":31,"punctaj":0},{"idParticipant":10,"nume":"Petrescu","prenume":"Gabriel","varsta":26,"punctaj":0},{"idParticipant":11,"nume":"Iliescu","prenume":"Daniela","varsta":32,"punctaj":0},{"idParticipant":12,"nume":"Vasilescu","prenume":"Florin","varsta":23,"punctaj":0},{"idParticipant":13,"nume":"Dobre","prenume":"Adriana","varsta":34,"punctaj":0},{"idParticipant":14,"nume":"Munteanu","prenume":"Sorin","varsta":21,"punctaj":0},{"idParticipant":15,"nume":"Nistor","prenume":"Carmen","varsta":33,"punctaj":0},{"idParticipant":16,"nume":"Lazar","prenume":"Roxana","varsta":25,"punctaj":0},{"idParticipant":17,"nume":"Gheorghe","prenume":"Vlad","varsta":28,"punctaj":0},{"idParticipant":18,"nume":"Barbu","prenume":"Irina","varsta":27,"punctaj":0},{"idParticipant":19,"nume":"Constantin","prenume":"Marius","varsta":30,"punctaj":0},{"idParticipant":20,"nume":"Enache","prenume":"Laura","varsta":29,"punctaj":0},{"idParticipant":21,"nume":"Dragomir","prenume":"Adrian","varsta":26,"punctaj":0},{"idParticipant":22,"nume":"Filip","prenume":"Bianca","varsta":31,"punctaj":0},{"idParticipant":23,"nume":"Grigore","prenume":"Stefan","varsta":24,"punctaj":0},{"idParticipant":24,"nume":"Hagi","prenume":"Diana","varsta":32,"punctaj":0},{"idParticipant":25,"nume":"Iacob","prenume":"Radu","varsta":23,"punctaj":0},{"idParticipant":26,"nume":"Jianu","prenume":"Oana","varsta":34,"punctaj":0},{"idParticipant":27,"nume":"Kovacs","prenume":"Cristina","varsta":21,"punctaj":0},{"idParticipant":28,"nume":"Lupu","prenume":"George","varsta":33,"punctaj":0},{"idParticipant":29,"nume":"Manole","prenume":"Simona","varsta":25,"punctaj":0},{"idParticipant":30,"nume":"Nedelcu","prenume":"Alexandra","varsta":28,"punctaj":0},{"idParticipant":31,"nume":"Oprea","prenume":"Bogdan","varsta":27,"punctaj":0},{"idParticipant":32,"nume":"Pavel","prenume":"Monica","varsta":30,"punctaj":0},{"idParticipant":33,"nume":"Rusu","prenume":"Andreea","varsta":29,"punctaj":0},{"idParticipant":34,"nume":"Sandu","prenume":"Victor","varsta":26,"punctaj":0},{"idParticipant":35,"nume":"Toma","prenume":"Gabriela","varsta":31,"punctaj":0},{"idParticipant":36,"nume":"Ursu","prenume":"Mihail","varsta":24,"punctaj":0},{"idParticipant":37,"nume":"Vlad","prenume":"Anca","varsta":32,"punctaj":0},{"idParticipant":38,"nume":"Zamfir","prenume":"Lucian","varsta":23,"punctaj":0},{"idParticipant":39,"nume":"Voicu","prenume":"Raluca","varsta":34,"punctaj":0},{"idParticipant":40,"nume":"nume","prenume":"prenume","varsta":20,"punctaj":0}]}
06 Apr 2025 15:35:23,895 [Thread-5] DEBUG ro.mpp2024.protocol.ServicesJsonProxy$ReaderThread 209 run - response received {"type":"REZULTAT_ADDED","rezultat":{"idProba":"c1","idParticipant":4,"numeParticipant":"Dumitrescu","prenumeParticipant":"Elena","puncte":10}}
06 Apr 2025 15:38:54,854 [JavaFX Application Thread] DEBUG ro.mpp2024.StartJsonClient 29 start - Starting client application
06 Apr 2025 15:38:54,858 [JavaFX Application Thread] INFO  ro.mpp2024.StartJsonClient 33 start - Client properties set {server.host=localhost, server.port=55556}
06 Apr 2025 15:38:54,858 [JavaFX Application Thread] INFO  ro.mpp2024.StartJsonClient 50 start - Connecting to server localhost on port 55556
06 Apr 2025 15:39:07,528 [Thread-3] DEBUG ro.mpp2024.protocol.ServicesJsonProxy$ReaderThread 209 run - response received {"type":"LOGGED_ACC","user":{"id":-1,"nume":"","username":"test","password":"","id_proba":""}}
06 Apr 2025 15:39:21,440 [Thread-4] DEBUG ro.mpp2024.protocol.ServicesJsonProxy$ReaderThread 209 run - response received {"type":"LOGGED_ACC","user":{"id":-1,"nume":"","username":"test","password":"","id_proba":""}}
06 Apr 2025 15:39:26,449 [Thread-5] DEBUG ro.mpp2024.protocol.ServicesJsonProxy$ReaderThread 209 run - response received {"type":"LOGGED_ACC","user":{"id":21,"nume":"Bob Smith","username":"bob.smith","password":"U2VjdXJlUEBzczI\u003d","id_proba":"c1"}}
06 Apr 2025 15:39:32,600 [Thread-5] DEBUG ro.mpp2024.protocol.ServicesJsonProxy$ReaderThread 209 run - response received {"type":"ALL_REZULTATE","punctaje":[{"idParticipant":18,"nume":"Barbu","prenume":"Irina","varsta":27,"punctaj":230},{"idParticipant":19,"nume":"Constantin","prenume":"Marius","varsta":30,"punctaj":288},{"idParticipant":13,"nume":"Dobre","prenume":"Adriana","varsta":34,"punctaj":175},{"idParticipant":21,"nume":"Dragomir","prenume":"Adrian","varsta":26,"punctaj":130},{"idParticipant":4,"nume":"Dumitrescu","prenume":"Elena","varsta":28,"punctaj":153},{"idParticipant":20,"nume":"Enache","prenume":"Laura","varsta":29,"punctaj":325},{"idParticipant":22,"nume":"Filip","prenume":"Bianca","varsta":31,"punctaj":307},{"idParticipant":3,"nume":"Georgescu","prenume":"Andrei","varsta":22,"punctaj":122},{"idParticipant":17,"nume":"Gheorghe","prenume":"Vlad","varsta":28,"punctaj":200},{"idParticipant":23,"nume":"Grigore","prenume":"Stefan","varsta":24,"punctaj":145},{"idParticipant":24,"nume":"Hagi","prenume":"Diana","varsta":32,"punctaj":193},{"idParticipant":25,"nume":"Iacob","prenume":"Radu","varsta":23,"punctaj":195},{"idParticipant":11,"nume":"Iliescu","prenume":"Daniela","varsta":32,"punctaj":320},{"idParticipant":2,"nume":"Ionescu","prenume":"Maria","varsta":30,"punctaj":156},{"idParticipant":26,"nume":"Jianu","prenume":"Oana","varsta":34,"punctaj":142},{"idParticipant":27,"nume":"Kovacs","prenume":"Cristina","varsta":21,"punctaj":199},{"idParticipant":16,"nume":"Lazar","prenume":"Roxana","varsta":25,"punctaj":185},{"idParticipant":28,"nume":"Lupu","prenume":"George","varsta":33,"punctaj":199},{"idParticipant":29,"nume":"Manole","prenume":"Simona","varsta":25,"punctaj":117},{"idParticipant":8,"nume":"Marin","prenume":"Ana","varsta":29,"punctaj":134},{"idParticipant":14,"nume":"Munteanu","prenume":"Sorin","varsta":21,"punctaj":301},{"idParticipant":30,"nume":"Nedelcu","prenume":"Alexandra","varsta":28,"punctaj":169},{"idParticipant":15,"nume":"Nistor","prenume":"Carmen","varsta":33,"punctaj":189},{"idParticipant":40,"nume":"nume","prenume":"prenume","varsta":20,"punctaj":300},{"idParticipant":31,"nume":"Oprea","prenume":"Bogdan","varsta":27,"punctaj":282},{"idParticipant":32,"nume":"Pavel","prenume":"Monica","varsta":30,"punctaj":111},{"idParticipant":10,"nume":"Petrescu","prenume":"Gabriel","varsta":26,"punctaj":188},{"idParticipant":5,"nume":"Popa","prenume":"Mihai","varsta":35,"punctaj":282},{"idParticipant":1,"nume":"Popescu","prenume":"Ion","varsta":25,"punctaj":158},{"idParticipant":7,"nume":"Radu","prenume":"Cristian","varsta":24,"punctaj":256},{"idParticipant":33,"nume":"Rusu","prenume":"Andreea","varsta":29,"punctaj":313},{"idParticipant":34,"nume":"Sandu","prenume":"Victor","varsta":26,"punctaj":115},{"idParticipant":6,"nume":"Stan","prenume":"Ioana","varsta":27,"punctaj":289},{"idParticipant":35,"nume":"Toma","prenume":"Gabriela","varsta":31,"punctaj":132},{"idParticipant":9,"nume":"Tudor","prenume":"Alexandru","varsta":31,"punctaj":288},{"idParticipant":36,"nume":"Ursu","prenume":"Mihail","varsta":24,"punctaj":155},{"idParticipant":12,"nume":"Vasilescu","prenume":"Florin","varsta":23,"punctaj":472},{"idParticipant":37,"nume":"Vlad","prenume":"Anca","varsta":32,"punctaj":138},{"idParticipant":39,"nume":"Voicu","prenume":"Raluca","varsta":34,"punctaj":190},{"idParticipant":38,"nume":"Zamfir","prenume":"Lucian","varsta":23,"punctaj":177}]}
06 Apr 2025 15:39:34,568 [Thread-5] DEBUG ro.mpp2024.protocol.ServicesJsonProxy$ReaderThread 209 run - response received {"type":"REZULTATE","punctaje":[{"idParticipant":38,"nume":"Zamfir","prenume":"Lucian","varsta":23,"punctaj":177},{"idParticipant":6,"nume":"Stan","prenume":"Ioana","varsta":27,"punctaj":152},{"idParticipant":9,"nume":"Tudor","prenume":"Alexandru","varsta":31,"punctaj":150},{"idParticipant":12,"nume":"Vasilescu","prenume":"Florin","varsta":23,"punctaj":100},{"idParticipant":18,"nume":"Barbu","prenume":"Irina","varsta":27,"punctaj":30},{"idParticipant":37,"nume":"Vlad","prenume":"Anca","varsta":32,"punctaj":10},{"idParticipant":20,"nume":"Enache","prenume":"Laura","varsta":29,"punctaj":10},{"idParticipant":19,"nume":"Constantin","prenume":"Marius","varsta":30,"punctaj":10},{"idParticipant":13,"nume":"Dobre","prenume":"Adriana","varsta":34,"punctaj":10},{"idParticipant":11,"nume":"Iliescu","prenume":"Daniela","varsta":32,"punctaj":10},{"idParticipant":4,"nume":"Dumitrescu","prenume":"Elena","varsta":28,"punctaj":10},{"idParticipant":1,"nume":"Popescu","prenume":"Ion","varsta":25,"punctaj":10}]}
06 Apr 2025 15:39:37,247 [Thread-5] DEBUG ro.mpp2024.protocol.ServicesJsonProxy$ReaderThread 209 run - response received {"type":"PARTICIPANTI","participanti":[{"idParticipant":1,"nume":"Popescu","prenume":"Ion","varsta":25,"punctaj":0},{"idParticipant":2,"nume":"Ionescu","prenume":"Maria","varsta":30,"punctaj":0},{"idParticipant":3,"nume":"Georgescu","prenume":"Andrei","varsta":22,"punctaj":0},{"idParticipant":4,"nume":"Dumitrescu","prenume":"Elena","varsta":28,"punctaj":0},{"idParticipant":5,"nume":"Popa","prenume":"Mihai","varsta":35,"punctaj":0},{"idParticipant":6,"nume":"Stan","prenume":"Ioana","varsta":27,"punctaj":0},{"idParticipant":7,"nume":"Radu","prenume":"Cristian","varsta":24,"punctaj":0},{"idParticipant":8,"nume":"Marin","prenume":"Ana","varsta":29,"punctaj":0},{"idParticipant":9,"nume":"Tudor","prenume":"Alexandru","varsta":31,"punctaj":0},{"idParticipant":10,"nume":"Petrescu","prenume":"Gabriel","varsta":26,"punctaj":0},{"idParticipant":11,"nume":"Iliescu","prenume":"Daniela","varsta":32,"punctaj":0},{"idParticipant":12,"nume":"Vasilescu","prenume":"Florin","varsta":23,"punctaj":0},{"idParticipant":13,"nume":"Dobre","prenume":"Adriana","varsta":34,"punctaj":0},{"idParticipant":14,"nume":"Munteanu","prenume":"Sorin","varsta":21,"punctaj":0},{"idParticipant":15,"nume":"Nistor","prenume":"Carmen","varsta":33,"punctaj":0},{"idParticipant":16,"nume":"Lazar","prenume":"Roxana","varsta":25,"punctaj":0},{"idParticipant":17,"nume":"Gheorghe","prenume":"Vlad","varsta":28,"punctaj":0},{"idParticipant":18,"nume":"Barbu","prenume":"Irina","varsta":27,"punctaj":0},{"idParticipant":19,"nume":"Constantin","prenume":"Marius","varsta":30,"punctaj":0},{"idParticipant":20,"nume":"Enache","prenume":"Laura","varsta":29,"punctaj":0},{"idParticipant":21,"nume":"Dragomir","prenume":"Adrian","varsta":26,"punctaj":0},{"idParticipant":22,"nume":"Filip","prenume":"Bianca","varsta":31,"punctaj":0},{"idParticipant":23,"nume":"Grigore","prenume":"Stefan","varsta":24,"punctaj":0},{"idParticipant":24,"nume":"Hagi","prenume":"Diana","varsta":32,"punctaj":0},{"idParticipant":25,"nume":"Iacob","prenume":"Radu","varsta":23,"punctaj":0},{"idParticipant":26,"nume":"Jianu","prenume":"Oana","varsta":34,"punctaj":0},{"idParticipant":27,"nume":"Kovacs","prenume":"Cristina","varsta":21,"punctaj":0},{"idParticipant":28,"nume":"Lupu","prenume":"George","varsta":33,"punctaj":0},{"idParticipant":29,"nume":"Manole","prenume":"Simona","varsta":25,"punctaj":0},{"idParticipant":30,"nume":"Nedelcu","prenume":"Alexandra","varsta":28,"punctaj":0},{"idParticipant":31,"nume":"Oprea","prenume":"Bogdan","varsta":27,"punctaj":0},{"idParticipant":32,"nume":"Pavel","prenume":"Monica","varsta":30,"punctaj":0},{"idParticipant":33,"nume":"Rusu","prenume":"Andreea","varsta":29,"punctaj":0},{"idParticipant":34,"nume":"Sandu","prenume":"Victor","varsta":26,"punctaj":0},{"idParticipant":35,"nume":"Toma","prenume":"Gabriela","varsta":31,"punctaj":0},{"idParticipant":36,"nume":"Ursu","prenume":"Mihail","varsta":24,"punctaj":0},{"idParticipant":37,"nume":"Vlad","prenume":"Anca","varsta":32,"punctaj":0},{"idParticipant":38,"nume":"Zamfir","prenume":"Lucian","varsta":23,"punctaj":0},{"idParticipant":39,"nume":"Voicu","prenume":"Raluca","varsta":34,"punctaj":0},{"idParticipant":40,"nume":"nume","prenume":"prenume","varsta":20,"punctaj":0}]}
06 Apr 2025 15:40:00,470 [Thread-5] DEBUG ro.mpp2024.protocol.ServicesJsonProxy$ReaderThread 209 run - response received {"type":"REZULTAT_ADDED","rezultat":{"idProba":"c1","idParticipant":21,"numeParticipant":"Dragomir","prenumeParticipant":"Adrian","puncte":10}}
06 Apr 2025 15:40:42,381 [JavaFX Application Thread] DEBUG ro.mpp2024.StartJsonClient 29 start - Starting client application
06 Apr 2025 15:40:42,385 [JavaFX Application Thread] INFO  ro.mpp2024.StartJsonClient 33 start - Client properties set {server.host=localhost, server.port=55556}
06 Apr 2025 15:40:42,385 [JavaFX Application Thread] INFO  ro.mpp2024.StartJsonClient 50 start - Connecting to server localhost on port 55556
06 Apr 2025 15:42:26,105 [JavaFX Application Thread] DEBUG ro.mpp2024.StartJsonClient 29 start - Starting client application
06 Apr 2025 15:42:26,109 [JavaFX Application Thread] INFO  ro.mpp2024.StartJsonClient 33 start - Client properties set {server.host=localhost, server.port=55556}
06 Apr 2025 15:42:26,109 [JavaFX Application Thread] INFO  ro.mpp2024.StartJsonClient 50 start - Connecting to server localhost on port 55556
06 Apr 2025 15:42:55,166 [Thread-3] DEBUG ro.mpp2024.protocol.ServicesJsonProxy$ReaderThread 209 run - response received {"type":"LOGGED_ACC","user":{"id":21,"nume":"Bob Smith","username":"bob.smith","password":"U2VjdXJlUEBzczI\u003d","id_proba":"c1"}}
06 Apr 2025 15:42:56,184 [Thread-3] DEBUG ro.mpp2024.protocol.ServicesJsonProxy$ReaderThread 209 run - response received {"type":"ALL_REZULTATE","punctaje":[{"idParticipant":18,"nume":"Barbu","prenume":"Irina","varsta":27,"punctaj":230},{"idParticipant":19,"nume":"Constantin","prenume":"Marius","varsta":30,"punctaj":288},{"idParticipant":13,"nume":"Dobre","prenume":"Adriana","varsta":34,"punctaj":175},{"idParticipant":21,"nume":"Dragomir","prenume":"Adrian","varsta":26,"punctaj":140},{"idParticipant":4,"nume":"Dumitrescu","prenume":"Elena","varsta":28,"punctaj":153},{"idParticipant":20,"nume":"Enache","prenume":"Laura","varsta":29,"punctaj":325},{"idParticipant":22,"nume":"Filip","prenume":"Bianca","varsta":31,"punctaj":307},{"idParticipant":3,"nume":"Georgescu","prenume":"Andrei","varsta":22,"punctaj":122},{"idParticipant":17,"nume":"Gheorghe","prenume":"Vlad","varsta":28,"punctaj":200},{"idParticipant":23,"nume":"Grigore","prenume":"Stefan","varsta":24,"punctaj":145},{"idParticipant":24,"nume":"Hagi","prenume":"Diana","varsta":32,"punctaj":193},{"idParticipant":25,"nume":"Iacob","prenume":"Radu","varsta":23,"punctaj":195},{"idParticipant":11,"nume":"Iliescu","prenume":"Daniela","varsta":32,"punctaj":320},{"idParticipant":2,"nume":"Ionescu","prenume":"Maria","varsta":30,"punctaj":156},{"idParticipant":26,"nume":"Jianu","prenume":"Oana","varsta":34,"punctaj":142},{"idParticipant":27,"nume":"Kovacs","prenume":"Cristina","varsta":21,"punctaj":199},{"idParticipant":16,"nume":"Lazar","prenume":"Roxana","varsta":25,"punctaj":185},{"idParticipant":28,"nume":"Lupu","prenume":"George","varsta":33,"punctaj":199},{"idParticipant":29,"nume":"Manole","prenume":"Simona","varsta":25,"punctaj":117},{"idParticipant":8,"nume":"Marin","prenume":"Ana","varsta":29,"punctaj":134},{"idParticipant":14,"nume":"Munteanu","prenume":"Sorin","varsta":21,"punctaj":301},{"idParticipant":30,"nume":"Nedelcu","prenume":"Alexandra","varsta":28,"punctaj":169},{"idParticipant":15,"nume":"Nistor","prenume":"Carmen","varsta":33,"punctaj":189},{"idParticipant":40,"nume":"nume","prenume":"prenume","varsta":20,"punctaj":300},{"idParticipant":31,"nume":"Oprea","prenume":"Bogdan","varsta":27,"punctaj":282},{"idParticipant":32,"nume":"Pavel","prenume":"Monica","varsta":30,"punctaj":111},{"idParticipant":10,"nume":"Petrescu","prenume":"Gabriel","varsta":26,"punctaj":188},{"idParticipant":5,"nume":"Popa","prenume":"Mihai","varsta":35,"punctaj":282},{"idParticipant":1,"nume":"Popescu","prenume":"Ion","varsta":25,"punctaj":158},{"idParticipant":7,"nume":"Radu","prenume":"Cristian","varsta":24,"punctaj":256},{"idParticipant":33,"nume":"Rusu","prenume":"Andreea","varsta":29,"punctaj":313},{"idParticipant":34,"nume":"Sandu","prenume":"Victor","varsta":26,"punctaj":115},{"idParticipant":6,"nume":"Stan","prenume":"Ioana","varsta":27,"punctaj":289},{"idParticipant":35,"nume":"Toma","prenume":"Gabriela","varsta":31,"punctaj":132},{"idParticipant":9,"nume":"Tudor","prenume":"Alexandru","varsta":31,"punctaj":288},{"idParticipant":36,"nume":"Ursu","prenume":"Mihail","varsta":24,"punctaj":155},{"idParticipant":12,"nume":"Vasilescu","prenume":"Florin","varsta":23,"punctaj":472},{"idParticipant":37,"nume":"Vlad","prenume":"Anca","varsta":32,"punctaj":138},{"idParticipant":39,"nume":"Voicu","prenume":"Raluca","varsta":34,"punctaj":190},{"idParticipant":38,"nume":"Zamfir","prenume":"Lucian","varsta":23,"punctaj":177}]}
06 Apr 2025 15:42:57,190 [Thread-3] DEBUG ro.mpp2024.protocol.ServicesJsonProxy$ReaderThread 209 run - response received {"type":"REZULTATE","punctaje":[{"idParticipant":38,"nume":"Zamfir","prenume":"Lucian","varsta":23,"punctaj":177},{"idParticipant":6,"nume":"Stan","prenume":"Ioana","varsta":27,"punctaj":152},{"idParticipant":9,"nume":"Tudor","prenume":"Alexandru","varsta":31,"punctaj":150},{"idParticipant":12,"nume":"Vasilescu","prenume":"Florin","varsta":23,"punctaj":100},{"idParticipant":18,"nume":"Barbu","prenume":"Irina","varsta":27,"punctaj":30},{"idParticipant":37,"nume":"Vlad","prenume":"Anca","varsta":32,"punctaj":10},{"idParticipant":21,"nume":"Dragomir","prenume":"Adrian","varsta":26,"punctaj":10},{"idParticipant":20,"nume":"Enache","prenume":"Laura","varsta":29,"punctaj":10},{"idParticipant":19,"nume":"Constantin","prenume":"Marius","varsta":30,"punctaj":10},{"idParticipant":13,"nume":"Dobre","prenume":"Adriana","varsta":34,"punctaj":10},{"idParticipant":11,"nume":"Iliescu","prenume":"Daniela","varsta":32,"punctaj":10},{"idParticipant":4,"nume":"Dumitrescu","prenume":"Elena","varsta":28,"punctaj":10},{"idParticipant":1,"nume":"Popescu","prenume":"Ion","varsta":25,"punctaj":10}]}
06 Apr 2025 15:42:58,212 [Thread-3] DEBUG ro.mpp2024.protocol.ServicesJsonProxy$ReaderThread 209 run - response received {"type":"PARTICIPANTI","participanti":[{"idParticipant":1,"nume":"Popescu","prenume":"Ion","varsta":25,"punctaj":0},{"idParticipant":2,"nume":"Ionescu","prenume":"Maria","varsta":30,"punctaj":0},{"idParticipant":3,"nume":"Georgescu","prenume":"Andrei","varsta":22,"punctaj":0},{"idParticipant":4,"nume":"Dumitrescu","prenume":"Elena","varsta":28,"punctaj":0},{"idParticipant":5,"nume":"Popa","prenume":"Mihai","varsta":35,"punctaj":0},{"idParticipant":6,"nume":"Stan","prenume":"Ioana","varsta":27,"punctaj":0},{"idParticipant":7,"nume":"Radu","prenume":"Cristian","varsta":24,"punctaj":0},{"idParticipant":8,"nume":"Marin","prenume":"Ana","varsta":29,"punctaj":0},{"idParticipant":9,"nume":"Tudor","prenume":"Alexandru","varsta":31,"punctaj":0},{"idParticipant":10,"nume":"Petrescu","prenume":"Gabriel","varsta":26,"punctaj":0},{"idParticipant":11,"nume":"Iliescu","prenume":"Daniela","varsta":32,"punctaj":0},{"idParticipant":12,"nume":"Vasilescu","prenume":"Florin","varsta":23,"punctaj":0},{"idParticipant":13,"nume":"Dobre","prenume":"Adriana","varsta":34,"punctaj":0},{"idParticipant":14,"nume":"Munteanu","prenume":"Sorin","varsta":21,"punctaj":0},{"idParticipant":15,"nume":"Nistor","prenume":"Carmen","varsta":33,"punctaj":0},{"idParticipant":16,"nume":"Lazar","prenume":"Roxana","varsta":25,"punctaj":0},{"idParticipant":17,"nume":"Gheorghe","prenume":"Vlad","varsta":28,"punctaj":0},{"idParticipant":18,"nume":"Barbu","prenume":"Irina","varsta":27,"punctaj":0},{"idParticipant":19,"nume":"Constantin","prenume":"Marius","varsta":30,"punctaj":0},{"idParticipant":20,"nume":"Enache","prenume":"Laura","varsta":29,"punctaj":0},{"idParticipant":21,"nume":"Dragomir","prenume":"Adrian","varsta":26,"punctaj":0},{"idParticipant":22,"nume":"Filip","prenume":"Bianca","varsta":31,"punctaj":0},{"idParticipant":23,"nume":"Grigore","prenume":"Stefan","varsta":24,"punctaj":0},{"idParticipant":24,"nume":"Hagi","prenume":"Diana","varsta":32,"punctaj":0},{"idParticipant":25,"nume":"Iacob","prenume":"Radu","varsta":23,"punctaj":0},{"idParticipant":26,"nume":"Jianu","prenume":"Oana","varsta":34,"punctaj":0},{"idParticipant":27,"nume":"Kovacs","prenume":"Cristina","varsta":21,"punctaj":0},{"idParticipant":28,"nume":"Lupu","prenume":"George","varsta":33,"punctaj":0},{"idParticipant":29,"nume":"Manole","prenume":"Simona","varsta":25,"punctaj":0},{"idParticipant":30,"nume":"Nedelcu","prenume":"Alexandra","varsta":28,"punctaj":0},{"idParticipant":31,"nume":"Oprea","prenume":"Bogdan","varsta":27,"punctaj":0},{"idParticipant":32,"nume":"Pavel","prenume":"Monica","varsta":30,"punctaj":0},{"idParticipant":33,"nume":"Rusu","prenume":"Andreea","varsta":29,"punctaj":0},{"idParticipant":34,"nume":"Sandu","prenume":"Victor","varsta":26,"punctaj":0},{"idParticipant":35,"nume":"Toma","prenume":"Gabriela","varsta":31,"punctaj":0},{"idParticipant":36,"nume":"Ursu","prenume":"Mihail","varsta":24,"punctaj":0},{"idParticipant":37,"nume":"Vlad","prenume":"Anca","varsta":32,"punctaj":0},{"idParticipant":38,"nume":"Zamfir","prenume":"Lucian","varsta":23,"punctaj":0},{"idParticipant":39,"nume":"Voicu","prenume":"Raluca","varsta":34,"punctaj":0},{"idParticipant":40,"nume":"nume","prenume":"prenume","varsta":20,"punctaj":0}]}
06 Apr 2025 15:43:02,865 [Thread-3] DEBUG ro.mpp2024.protocol.ServicesJsonProxy$ReaderThread 209 run - response received {"type":"REZULTAT_ADDED","rezultat":{"idProba":"c1","idParticipant":3,"numeParticipant":"Georgescu","prenumeParticipant":"Andrei","puncte":10}}
06 Apr 2025 15:46:14,682 [JavaFX Application Thread] DEBUG ro.mpp2024.StartJsonClient 29 start - Starting client application
06 Apr 2025 15:46:14,686 [JavaFX Application Thread] INFO  ro.mpp2024.StartJsonClient 33 start - Client properties set {server.host=localhost, server.port=55556}
06 Apr 2025 15:46:14,686 [JavaFX Application Thread] INFO  ro.mpp2024.StartJsonClient 50 start - Connecting to server localhost on port 55556
06 Apr 2025 15:46:20,887 [Thread-3] DEBUG ro.mpp2024.protocol.ServicesJsonProxy$ReaderThread 209 run - response received {"type":"LOGGED_ACC","user":{"id":21,"nume":"Bob Smith","username":"bob.smith","password":"U2VjdXJlUEBzczI\u003d","id_proba":"c1"}}
06 Apr 2025 15:46:21,901 [Thread-3] DEBUG ro.mpp2024.protocol.ServicesJsonProxy$ReaderThread 209 run - response received {"type":"ALL_REZULTATE","punctaje":[{"idParticipant":18,"nume":"Barbu","prenume":"Irina","varsta":27,"punctaj":230},{"idParticipant":19,"nume":"Constantin","prenume":"Marius","varsta":30,"punctaj":288},{"idParticipant":13,"nume":"Dobre","prenume":"Adriana","varsta":34,"punctaj":175},{"idParticipant":21,"nume":"Dragomir","prenume":"Adrian","varsta":26,"punctaj":140},{"idParticipant":4,"nume":"Dumitrescu","prenume":"Elena","varsta":28,"punctaj":153},{"idParticipant":20,"nume":"Enache","prenume":"Laura","varsta":29,"punctaj":325},{"idParticipant":22,"nume":"Filip","prenume":"Bianca","varsta":31,"punctaj":307},{"idParticipant":3,"nume":"Georgescu","prenume":"Andrei","varsta":22,"punctaj":132},{"idParticipant":17,"nume":"Gheorghe","prenume":"Vlad","varsta":28,"punctaj":200},{"idParticipant":23,"nume":"Grigore","prenume":"Stefan","varsta":24,"punctaj":145},{"idParticipant":24,"nume":"Hagi","prenume":"Diana","varsta":32,"punctaj":193},{"idParticipant":25,"nume":"Iacob","prenume":"Radu","varsta":23,"punctaj":195},{"idParticipant":11,"nume":"Iliescu","prenume":"Daniela","varsta":32,"punctaj":320},{"idParticipant":2,"nume":"Ionescu","prenume":"Maria","varsta":30,"punctaj":156},{"idParticipant":26,"nume":"Jianu","prenume":"Oana","varsta":34,"punctaj":142},{"idParticipant":27,"nume":"Kovacs","prenume":"Cristina","varsta":21,"punctaj":199},{"idParticipant":16,"nume":"Lazar","prenume":"Roxana","varsta":25,"punctaj":185},{"idParticipant":28,"nume":"Lupu","prenume":"George","varsta":33,"punctaj":199},{"idParticipant":29,"nume":"Manole","prenume":"Simona","varsta":25,"punctaj":117},{"idParticipant":8,"nume":"Marin","prenume":"Ana","varsta":29,"punctaj":134},{"idParticipant":14,"nume":"Munteanu","prenume":"Sorin","varsta":21,"punctaj":301},{"idParticipant":30,"nume":"Nedelcu","prenume":"Alexandra","varsta":28,"punctaj":169},{"idParticipant":15,"nume":"Nistor","prenume":"Carmen","varsta":33,"punctaj":189},{"idParticipant":40,"nume":"nume","prenume":"prenume","varsta":20,"punctaj":300},{"idParticipant":31,"nume":"Oprea","prenume":"Bogdan","varsta":27,"punctaj":282},{"idParticipant":32,"nume":"Pavel","prenume":"Monica","varsta":30,"punctaj":111},{"idParticipant":10,"nume":"Petrescu","prenume":"Gabriel","varsta":26,"punctaj":188},{"idParticipant":5,"nume":"Popa","prenume":"Mihai","varsta":35,"punctaj":282},{"idParticipant":1,"nume":"Popescu","prenume":"Ion","varsta":25,"punctaj":158},{"idParticipant":7,"nume":"Radu","prenume":"Cristian","varsta":24,"punctaj":256},{"idParticipant":33,"nume":"Rusu","prenume":"Andreea","varsta":29,"punctaj":313},{"idParticipant":34,"nume":"Sandu","prenume":"Victor","varsta":26,"punctaj":115},{"idParticipant":6,"nume":"Stan","prenume":"Ioana","varsta":27,"punctaj":289},{"idParticipant":35,"nume":"Toma","prenume":"Gabriela","varsta":31,"punctaj":132},{"idParticipant":9,"nume":"Tudor","prenume":"Alexandru","varsta":31,"punctaj":288},{"idParticipant":36,"nume":"Ursu","prenume":"Mihail","varsta":24,"punctaj":155},{"idParticipant":12,"nume":"Vasilescu","prenume":"Florin","varsta":23,"punctaj":472},{"idParticipant":37,"nume":"Vlad","prenume":"Anca","varsta":32,"punctaj":138},{"idParticipant":39,"nume":"Voicu","prenume":"Raluca","varsta":34,"punctaj":190},{"idParticipant":38,"nume":"Zamfir","prenume":"Lucian","varsta":23,"punctaj":177}]}
06 Apr 2025 15:46:22,913 [Thread-3] DEBUG ro.mpp2024.protocol.ServicesJsonProxy$ReaderThread 209 run - response received {"type":"REZULTATE","punctaje":[{"idParticipant":38,"nume":"Zamfir","prenume":"Lucian","varsta":23,"punctaj":177},{"idParticipant":6,"nume":"Stan","prenume":"Ioana","varsta":27,"punctaj":152},{"idParticipant":9,"nume":"Tudor","prenume":"Alexandru","varsta":31,"punctaj":150},{"idParticipant":12,"nume":"Vasilescu","prenume":"Florin","varsta":23,"punctaj":100},{"idParticipant":18,"nume":"Barbu","prenume":"Irina","varsta":27,"punctaj":30},{"idParticipant":37,"nume":"Vlad","prenume":"Anca","varsta":32,"punctaj":10},{"idParticipant":21,"nume":"Dragomir","prenume":"Adrian","varsta":26,"punctaj":10},{"idParticipant":20,"nume":"Enache","prenume":"Laura","varsta":29,"punctaj":10},{"idParticipant":19,"nume":"Constantin","prenume":"Marius","varsta":30,"punctaj":10},{"idParticipant":13,"nume":"Dobre","prenume":"Adriana","varsta":34,"punctaj":10},{"idParticipant":11,"nume":"Iliescu","prenume":"Daniela","varsta":32,"punctaj":10},{"idParticipant":4,"nume":"Dumitrescu","prenume":"Elena","varsta":28,"punctaj":10},{"idParticipant":3,"nume":"Georgescu","prenume":"Andrei","varsta":22,"punctaj":10},{"idParticipant":1,"nume":"Popescu","prenume":"Ion","varsta":25,"punctaj":10}]}
06 Apr 2025 15:46:23,937 [Thread-3] DEBUG ro.mpp2024.protocol.ServicesJsonProxy$ReaderThread 209 run - response received {"type":"PARTICIPANTI","participanti":[{"idParticipant":1,"nume":"Popescu","prenume":"Ion","varsta":25,"punctaj":0},{"idParticipant":2,"nume":"Ionescu","prenume":"Maria","varsta":30,"punctaj":0},{"idParticipant":3,"nume":"Georgescu","prenume":"Andrei","varsta":22,"punctaj":0},{"idParticipant":4,"nume":"Dumitrescu","prenume":"Elena","varsta":28,"punctaj":0},{"idParticipant":5,"nume":"Popa","prenume":"Mihai","varsta":35,"punctaj":0},{"idParticipant":6,"nume":"Stan","prenume":"Ioana","varsta":27,"punctaj":0},{"idParticipant":7,"nume":"Radu","prenume":"Cristian","varsta":24,"punctaj":0},{"idParticipant":8,"nume":"Marin","prenume":"Ana","varsta":29,"punctaj":0},{"idParticipant":9,"nume":"Tudor","prenume":"Alexandru","varsta":31,"punctaj":0},{"idParticipant":10,"nume":"Petrescu","prenume":"Gabriel","varsta":26,"punctaj":0},{"idParticipant":11,"nume":"Iliescu","prenume":"Daniela","varsta":32,"punctaj":0},{"idParticipant":12,"nume":"Vasilescu","prenume":"Florin","varsta":23,"punctaj":0},{"idParticipant":13,"nume":"Dobre","prenume":"Adriana","varsta":34,"punctaj":0},{"idParticipant":14,"nume":"Munteanu","prenume":"Sorin","varsta":21,"punctaj":0},{"idParticipant":15,"nume":"Nistor","prenume":"Carmen","varsta":33,"punctaj":0},{"idParticipant":16,"nume":"Lazar","prenume":"Roxana","varsta":25,"punctaj":0},{"idParticipant":17,"nume":"Gheorghe","prenume":"Vlad","varsta":28,"punctaj":0},{"idParticipant":18,"nume":"Barbu","prenume":"Irina","varsta":27,"punctaj":0},{"idParticipant":19,"nume":"Constantin","prenume":"Marius","varsta":30,"punctaj":0},{"idParticipant":20,"nume":"Enache","prenume":"Laura","varsta":29,"punctaj":0},{"idParticipant":21,"nume":"Dragomir","prenume":"Adrian","varsta":26,"punctaj":0},{"idParticipant":22,"nume":"Filip","prenume":"Bianca","varsta":31,"punctaj":0},{"idParticipant":23,"nume":"Grigore","prenume":"Stefan","varsta":24,"punctaj":0},{"idParticipant":24,"nume":"Hagi","prenume":"Diana","varsta":32,"punctaj":0},{"idParticipant":25,"nume":"Iacob","prenume":"Radu","varsta":23,"punctaj":0},{"idParticipant":26,"nume":"Jianu","prenume":"Oana","varsta":34,"punctaj":0},{"idParticipant":27,"nume":"Kovacs","prenume":"Cristina","varsta":21,"punctaj":0},{"idParticipant":28,"nume":"Lupu","prenume":"George","varsta":33,"punctaj":0},{"idParticipant":29,"nume":"Manole","prenume":"Simona","varsta":25,"punctaj":0},{"idParticipant":30,"nume":"Nedelcu","prenume":"Alexandra","varsta":28,"punctaj":0},{"idParticipant":31,"nume":"Oprea","prenume":"Bogdan","varsta":27,"punctaj":0},{"idParticipant":32,"nume":"Pavel","prenume":"Monica","varsta":30,"punctaj":0},{"idParticipant":33,"nume":"Rusu","prenume":"Andreea","varsta":29,"punctaj":0},{"idParticipant":34,"nume":"Sandu","prenume":"Victor","varsta":26,"punctaj":0},{"idParticipant":35,"nume":"Toma","prenume":"Gabriela","varsta":31,"punctaj":0},{"idParticipant":36,"nume":"Ursu","prenume":"Mihail","varsta":24,"punctaj":0},{"idParticipant":37,"nume":"Vlad","prenume":"Anca","varsta":32,"punctaj":0},{"idParticipant":38,"nume":"Zamfir","prenume":"Lucian","varsta":23,"punctaj":0},{"idParticipant":39,"nume":"Voicu","prenume":"Raluca","varsta":34,"punctaj":0},{"idParticipant":40,"nume":"nume","prenume":"prenume","varsta":20,"punctaj":0}]}
06 Apr 2025 15:46:28,604 [Thread-3] DEBUG ro.mpp2024.protocol.ServicesJsonProxy$ReaderThread 209 run - response received {"type":"REZULTAT_ADDED","rezultat":{"idProba":"c1","idParticipant":17,"numeParticipant":"Gheorghe","prenumeParticipant":"Vlad","puncte":10}}
06 Apr 2025 15:50:30,008 [JavaFX Application Thread] DEBUG ro.mpp2024.StartJsonClient 29 start - Starting client application
06 Apr 2025 15:50:30,012 [JavaFX Application Thread] INFO  ro.mpp2024.StartJsonClient 33 start - Client properties set {server.host=localhost, server.port=55556}
06 Apr 2025 15:50:30,012 [JavaFX Application Thread] INFO  ro.mpp2024.StartJsonClient 50 start - Connecting to server localhost on port 55556
06 Apr 2025 15:50:39,605 [Thread-3] DEBUG ro.mpp2024.protocol.ServicesJsonProxy$ReaderThread 209 run - response received {"type":"LOGGED_ACC","user":{"id":-1,"nume":"","username":"test","password":"","id_proba":""}}
06 Apr 2025 15:50:49,118 [Thread-4] DEBUG ro.mpp2024.protocol.ServicesJsonProxy$ReaderThread 209 run - response received {"type":"LOGGED_ACC","user":{"id":-1,"nume":"","username":"test","password":"","id_proba":""}}
06 Apr 2025 15:50:54,460 [Thread-5] DEBUG ro.mpp2024.protocol.ServicesJsonProxy$ReaderThread 209 run - response received {"type":"LOGGED_ACC","user":{"id":21,"nume":"Bob Smith","username":"bob.smith","password":"U2VjdXJlUEBzczI\u003d","id_proba":"c1"}}
06 Apr 2025 15:50:55,473 [Thread-5] DEBUG ro.mpp2024.protocol.ServicesJsonProxy$ReaderThread 209 run - response received {"type":"ALL_REZULTATE","punctaje":[{"idParticipant":18,"nume":"Barbu","prenume":"Irina","varsta":27,"punctaj":230},{"idParticipant":19,"nume":"Constantin","prenume":"Marius","varsta":30,"punctaj":288},{"idParticipant":13,"nume":"Dobre","prenume":"Adriana","varsta":34,"punctaj":175},{"idParticipant":21,"nume":"Dragomir","prenume":"Adrian","varsta":26,"punctaj":140},{"idParticipant":4,"nume":"Dumitrescu","prenume":"Elena","varsta":28,"punctaj":153},{"idParticipant":20,"nume":"Enache","prenume":"Laura","varsta":29,"punctaj":325},{"idParticipant":22,"nume":"Filip","prenume":"Bianca","varsta":31,"punctaj":307},{"idParticipant":3,"nume":"Georgescu","prenume":"Andrei","varsta":22,"punctaj":132},{"idParticipant":17,"nume":"Gheorghe","prenume":"Vlad","varsta":28,"punctaj":210},{"idParticipant":23,"nume":"Grigore","prenume":"Stefan","varsta":24,"punctaj":145},{"idParticipant":24,"nume":"Hagi","prenume":"Diana","varsta":32,"punctaj":193},{"idParticipant":25,"nume":"Iacob","prenume":"Radu","varsta":23,"punctaj":195},{"idParticipant":11,"nume":"Iliescu","prenume":"Daniela","varsta":32,"punctaj":320},{"idParticipant":2,"nume":"Ionescu","prenume":"Maria","varsta":30,"punctaj":156},{"idParticipant":26,"nume":"Jianu","prenume":"Oana","varsta":34,"punctaj":142},{"idParticipant":27,"nume":"Kovacs","prenume":"Cristina","varsta":21,"punctaj":199},{"idParticipant":16,"nume":"Lazar","prenume":"Roxana","varsta":25,"punctaj":185},{"idParticipant":28,"nume":"Lupu","prenume":"George","varsta":33,"punctaj":199},{"idParticipant":29,"nume":"Manole","prenume":"Simona","varsta":25,"punctaj":117},{"idParticipant":8,"nume":"Marin","prenume":"Ana","varsta":29,"punctaj":134},{"idParticipant":14,"nume":"Munteanu","prenume":"Sorin","varsta":21,"punctaj":301},{"idParticipant":30,"nume":"Nedelcu","prenume":"Alexandra","varsta":28,"punctaj":169},{"idParticipant":15,"nume":"Nistor","prenume":"Carmen","varsta":33,"punctaj":189},{"idParticipant":40,"nume":"nume","prenume":"prenume","varsta":20,"punctaj":300},{"idParticipant":31,"nume":"Oprea","prenume":"Bogdan","varsta":27,"punctaj":282},{"idParticipant":32,"nume":"Pavel","prenume":"Monica","varsta":30,"punctaj":111},{"idParticipant":10,"nume":"Petrescu","prenume":"Gabriel","varsta":26,"punctaj":188},{"idParticipant":5,"nume":"Popa","prenume":"Mihai","varsta":35,"punctaj":282},{"idParticipant":1,"nume":"Popescu","prenume":"Ion","varsta":25,"punctaj":158},{"idParticipant":7,"nume":"Radu","prenume":"Cristian","varsta":24,"punctaj":256},{"idParticipant":33,"nume":"Rusu","prenume":"Andreea","varsta":29,"punctaj":313},{"idParticipant":34,"nume":"Sandu","prenume":"Victor","varsta":26,"punctaj":115},{"idParticipant":6,"nume":"Stan","prenume":"Ioana","varsta":27,"punctaj":289},{"idParticipant":35,"nume":"Toma","prenume":"Gabriela","varsta":31,"punctaj":132},{"idParticipant":9,"nume":"Tudor","prenume":"Alexandru","varsta":31,"punctaj":288},{"idParticipant":36,"nume":"Ursu","prenume":"Mihail","varsta":24,"punctaj":155},{"idParticipant":12,"nume":"Vasilescu","prenume":"Florin","varsta":23,"punctaj":472},{"idParticipant":37,"nume":"Vlad","prenume":"Anca","varsta":32,"punctaj":138},{"idParticipant":39,"nume":"Voicu","prenume":"Raluca","varsta":34,"punctaj":190},{"idParticipant":38,"nume":"Zamfir","prenume":"Lucian","varsta":23,"punctaj":177}]}
06 Apr 2025 15:50:56,487 [Thread-5] DEBUG ro.mpp2024.protocol.ServicesJsonProxy$ReaderThread 209 run - response received {"type":"REZULTATE","punctaje":[{"idParticipant":38,"nume":"Zamfir","prenume":"Lucian","varsta":23,"punctaj":177},{"idParticipant":6,"nume":"Stan","prenume":"Ioana","varsta":27,"punctaj":152},{"idParticipant":9,"nume":"Tudor","prenume":"Alexandru","varsta":31,"punctaj":150},{"idParticipant":12,"nume":"Vasilescu","prenume":"Florin","varsta":23,"punctaj":100},{"idParticipant":18,"nume":"Barbu","prenume":"Irina","varsta":27,"punctaj":30},{"idParticipant":37,"nume":"Vlad","prenume":"Anca","varsta":32,"punctaj":10},{"idParticipant":21,"nume":"Dragomir","prenume":"Adrian","varsta":26,"punctaj":10},{"idParticipant":20,"nume":"Enache","prenume":"Laura","varsta":29,"punctaj":10},{"idParticipant":19,"nume":"Constantin","prenume":"Marius","varsta":30,"punctaj":10},{"idParticipant":17,"nume":"Gheorghe","prenume":"Vlad","varsta":28,"punctaj":10},{"idParticipant":13,"nume":"Dobre","prenume":"Adriana","varsta":34,"punctaj":10},{"idParticipant":11,"nume":"Iliescu","prenume":"Daniela","varsta":32,"punctaj":10},{"idParticipant":4,"nume":"Dumitrescu","prenume":"Elena","varsta":28,"punctaj":10},{"idParticipant":3,"nume":"Georgescu","prenume":"Andrei","varsta":22,"punctaj":10},{"idParticipant":1,"nume":"Popescu","prenume":"Ion","varsta":25,"punctaj":10}]}
06 Apr 2025 15:50:57,506 [Thread-5] DEBUG ro.mpp2024.protocol.ServicesJsonProxy$ReaderThread 209 run - response received {"type":"PARTICIPANTI","participanti":[{"idParticipant":1,"nume":"Popescu","prenume":"Ion","varsta":25,"punctaj":0},{"idParticipant":2,"nume":"Ionescu","prenume":"Maria","varsta":30,"punctaj":0},{"idParticipant":3,"nume":"Georgescu","prenume":"Andrei","varsta":22,"punctaj":0},{"idParticipant":4,"nume":"Dumitrescu","prenume":"Elena","varsta":28,"punctaj":0},{"idParticipant":5,"nume":"Popa","prenume":"Mihai","varsta":35,"punctaj":0},{"idParticipant":6,"nume":"Stan","prenume":"Ioana","varsta":27,"punctaj":0},{"idParticipant":7,"nume":"Radu","prenume":"Cristian","varsta":24,"punctaj":0},{"idParticipant":8,"nume":"Marin","prenume":"Ana","varsta":29,"punctaj":0},{"idParticipant":9,"nume":"Tudor","prenume":"Alexandru","varsta":31,"punctaj":0},{"idParticipant":10,"nume":"Petrescu","prenume":"Gabriel","varsta":26,"punctaj":0},{"idParticipant":11,"nume":"Iliescu","prenume":"Daniela","varsta":32,"punctaj":0},{"idParticipant":12,"nume":"Vasilescu","prenume":"Florin","varsta":23,"punctaj":0},{"idParticipant":13,"nume":"Dobre","prenume":"Adriana","varsta":34,"punctaj":0},{"idParticipant":14,"nume":"Munteanu","prenume":"Sorin","varsta":21,"punctaj":0},{"idParticipant":15,"nume":"Nistor","prenume":"Carmen","varsta":33,"punctaj":0},{"idParticipant":16,"nume":"Lazar","prenume":"Roxana","varsta":25,"punctaj":0},{"idParticipant":17,"nume":"Gheorghe","prenume":"Vlad","varsta":28,"punctaj":0},{"idParticipant":18,"nume":"Barbu","prenume":"Irina","varsta":27,"punctaj":0},{"idParticipant":19,"nume":"Constantin","prenume":"Marius","varsta":30,"punctaj":0},{"idParticipant":20,"nume":"Enache","prenume":"Laura","varsta":29,"punctaj":0},{"idParticipant":21,"nume":"Dragomir","prenume":"Adrian","varsta":26,"punctaj":0},{"idParticipant":22,"nume":"Filip","prenume":"Bianca","varsta":31,"punctaj":0},{"idParticipant":23,"nume":"Grigore","prenume":"Stefan","varsta":24,"punctaj":0},{"idParticipant":24,"nume":"Hagi","prenume":"Diana","varsta":32,"punctaj":0},{"idParticipant":25,"nume":"Iacob","prenume":"Radu","varsta":23,"punctaj":0},{"idParticipant":26,"nume":"Jianu","prenume":"Oana","varsta":34,"punctaj":0},{"idParticipant":27,"nume":"Kovacs","prenume":"Cristina","varsta":21,"punctaj":0},{"idParticipant":28,"nume":"Lupu","prenume":"George","varsta":33,"punctaj":0},{"idParticipant":29,"nume":"Manole","prenume":"Simona","varsta":25,"punctaj":0},{"idParticipant":30,"nume":"Nedelcu","prenume":"Alexandra","varsta":28,"punctaj":0},{"idParticipant":31,"nume":"Oprea","prenume":"Bogdan","varsta":27,"punctaj":0},{"idParticipant":32,"nume":"Pavel","prenume":"Monica","varsta":30,"punctaj":0},{"idParticipant":33,"nume":"Rusu","prenume":"Andreea","varsta":29,"punctaj":0},{"idParticipant":34,"nume":"Sandu","prenume":"Victor","varsta":26,"punctaj":0},{"idParticipant":35,"nume":"Toma","prenume":"Gabriela","varsta":31,"punctaj":0},{"idParticipant":36,"nume":"Ursu","prenume":"Mihail","varsta":24,"punctaj":0},{"idParticipant":37,"nume":"Vlad","prenume":"Anca","varsta":32,"punctaj":0},{"idParticipant":38,"nume":"Zamfir","prenume":"Lucian","varsta":23,"punctaj":0},{"idParticipant":39,"nume":"Voicu","prenume":"Raluca","varsta":34,"punctaj":0},{"idParticipant":40,"nume":"nume","prenume":"prenume","varsta":20,"punctaj":0}]}
06 Apr 2025 15:51:15,033 [Thread-5] DEBUG ro.mpp2024.protocol.ServicesJsonProxy$ReaderThread 209 run - response received {"type":"REZULTAT_ADDED","rezultat":{"idProba":"c1","idParticipant":23,"numeParticipant":"Grigore","prenumeParticipant":"Stefan","puncte":10}}
06 Apr 2025 15:57:14,133 [JavaFX Application Thread] DEBUG ro.mpp2024.StartJsonClient 29 start - Starting client application
06 Apr 2025 15:57:14,137 [JavaFX Application Thread] INFO  ro.mpp2024.StartJsonClient 33 start - Client properties set {server.host=localhost, server.port=55556}
06 Apr 2025 15:57:14,137 [JavaFX Application Thread] INFO  ro.mpp2024.StartJsonClient 50 start - Connecting to server localhost on port 55556
06 Apr 2025 15:57:32,470 [Thread-3] DEBUG ro.mpp2024.protocol.ServicesJsonProxy$ReaderThread 209 run - response received {"type":"LOGGED_ACC","user":{"id":21,"nume":"Bob Smith","username":"bob.smith","password":"U2VjdXJlUEBzczI\u003d","id_proba":"c1"}}
06 Apr 2025 15:57:33,482 [Thread-3] DEBUG ro.mpp2024.protocol.ServicesJsonProxy$ReaderThread 209 run - response received {"type":"ALL_REZULTATE","punctaje":[{"idParticipant":18,"nume":"Barbu","prenume":"Irina","varsta":27,"punctaj":230},{"idParticipant":19,"nume":"Constantin","prenume":"Marius","varsta":30,"punctaj":288},{"idParticipant":13,"nume":"Dobre","prenume":"Adriana","varsta":34,"punctaj":175},{"idParticipant":21,"nume":"Dragomir","prenume":"Adrian","varsta":26,"punctaj":140},{"idParticipant":4,"nume":"Dumitrescu","prenume":"Elena","varsta":28,"punctaj":153},{"idParticipant":20,"nume":"Enache","prenume":"Laura","varsta":29,"punctaj":325},{"idParticipant":22,"nume":"Filip","prenume":"Bianca","varsta":31,"punctaj":307},{"idParticipant":3,"nume":"Georgescu","prenume":"Andrei","varsta":22,"punctaj":132},{"idParticipant":17,"nume":"Gheorghe","prenume":"Vlad","varsta":28,"punctaj":210},{"idParticipant":23,"nume":"Grigore","prenume":"Stefan","varsta":24,"punctaj":155},{"idParticipant":24,"nume":"Hagi","prenume":"Diana","varsta":32,"punctaj":193},{"idParticipant":25,"nume":"Iacob","prenume":"Radu","varsta":23,"punctaj":195},{"idParticipant":11,"nume":"Iliescu","prenume":"Daniela","varsta":32,"punctaj":320},{"idParticipant":2,"nume":"Ionescu","prenume":"Maria","varsta":30,"punctaj":156},{"idParticipant":26,"nume":"Jianu","prenume":"Oana","varsta":34,"punctaj":142},{"idParticipant":27,"nume":"Kovacs","prenume":"Cristina","varsta":21,"punctaj":199},{"idParticipant":16,"nume":"Lazar","prenume":"Roxana","varsta":25,"punctaj":185},{"idParticipant":28,"nume":"Lupu","prenume":"George","varsta":33,"punctaj":199},{"idParticipant":29,"nume":"Manole","prenume":"Simona","varsta":25,"punctaj":117},{"idParticipant":8,"nume":"Marin","prenume":"Ana","varsta":29,"punctaj":134},{"idParticipant":14,"nume":"Munteanu","prenume":"Sorin","varsta":21,"punctaj":301},{"idParticipant":30,"nume":"Nedelcu","prenume":"Alexandra","varsta":28,"punctaj":169},{"idParticipant":15,"nume":"Nistor","prenume":"Carmen","varsta":33,"punctaj":189},{"idParticipant":40,"nume":"nume","prenume":"prenume","varsta":20,"punctaj":300},{"idParticipant":31,"nume":"Oprea","prenume":"Bogdan","varsta":27,"punctaj":282},{"idParticipant":32,"nume":"Pavel","prenume":"Monica","varsta":30,"punctaj":111},{"idParticipant":10,"nume":"Petrescu","prenume":"Gabriel","varsta":26,"punctaj":188},{"idParticipant":5,"nume":"Popa","prenume":"Mihai","varsta":35,"punctaj":282},{"idParticipant":1,"nume":"Popescu","prenume":"Ion","varsta":25,"punctaj":158},{"idParticipant":7,"nume":"Radu","prenume":"Cristian","varsta":24,"punctaj":256},{"idParticipant":33,"nume":"Rusu","prenume":"Andreea","varsta":29,"punctaj":313},{"idParticipant":34,"nume":"Sandu","prenume":"Victor","varsta":26,"punctaj":115},{"idParticipant":6,"nume":"Stan","prenume":"Ioana","varsta":27,"punctaj":289},{"idParticipant":35,"nume":"Toma","prenume":"Gabriela","varsta":31,"punctaj":132},{"idParticipant":9,"nume":"Tudor","prenume":"Alexandru","varsta":31,"punctaj":288},{"idParticipant":36,"nume":"Ursu","prenume":"Mihail","varsta":24,"punctaj":155},{"idParticipant":12,"nume":"Vasilescu","prenume":"Florin","varsta":23,"punctaj":472},{"idParticipant":37,"nume":"Vlad","prenume":"Anca","varsta":32,"punctaj":138},{"idParticipant":39,"nume":"Voicu","prenume":"Raluca","varsta":34,"punctaj":190},{"idParticipant":38,"nume":"Zamfir","prenume":"Lucian","varsta":23,"punctaj":177}]}
06 Apr 2025 15:57:34,487 [Thread-3] DEBUG ro.mpp2024.protocol.ServicesJsonProxy$ReaderThread 209 run - response received {"type":"REZULTATE","punctaje":[{"idParticipant":38,"nume":"Zamfir","prenume":"Lucian","varsta":23,"punctaj":177},{"idParticipant":6,"nume":"Stan","prenume":"Ioana","varsta":27,"punctaj":152},{"idParticipant":9,"nume":"Tudor","prenume":"Alexandru","varsta":31,"punctaj":150},{"idParticipant":12,"nume":"Vasilescu","prenume":"Florin","varsta":23,"punctaj":100},{"idParticipant":18,"nume":"Barbu","prenume":"Irina","varsta":27,"punctaj":30},{"idParticipant":37,"nume":"Vlad","prenume":"Anca","varsta":32,"punctaj":10},{"idParticipant":23,"nume":"Grigore","prenume":"Stefan","varsta":24,"punctaj":10},{"idParticipant":21,"nume":"Dragomir","prenume":"Adrian","varsta":26,"punctaj":10},{"idParticipant":20,"nume":"Enache","prenume":"Laura","varsta":29,"punctaj":10},{"idParticipant":19,"nume":"Constantin","prenume":"Marius","varsta":30,"punctaj":10},{"idParticipant":17,"nume":"Gheorghe","prenume":"Vlad","varsta":28,"punctaj":10},{"idParticipant":13,"nume":"Dobre","prenume":"Adriana","varsta":34,"punctaj":10},{"idParticipant":11,"nume":"Iliescu","prenume":"Daniela","varsta":32,"punctaj":10},{"idParticipant":4,"nume":"Dumitrescu","prenume":"Elena","varsta":28,"punctaj":10},{"idParticipant":3,"nume":"Georgescu","prenume":"Andrei","varsta":22,"punctaj":10},{"idParticipant":1,"nume":"Popescu","prenume":"Ion","varsta":25,"punctaj":10}]}
06 Apr 2025 15:57:35,508 [Thread-3] DEBUG ro.mpp2024.protocol.ServicesJsonProxy$ReaderThread 209 run - response received {"type":"PARTICIPANTI","participanti":[{"idParticipant":1,"nume":"Popescu","prenume":"Ion","varsta":25,"punctaj":0},{"idParticipant":2,"nume":"Ionescu","prenume":"Maria","varsta":30,"punctaj":0},{"idParticipant":3,"nume":"Georgescu","prenume":"Andrei","varsta":22,"punctaj":0},{"idParticipant":4,"nume":"Dumitrescu","prenume":"Elena","varsta":28,"punctaj":0},{"idParticipant":5,"nume":"Popa","prenume":"Mihai","varsta":35,"punctaj":0},{"idParticipant":6,"nume":"Stan","prenume":"Ioana","varsta":27,"punctaj":0},{"idParticipant":7,"nume":"Radu","prenume":"Cristian","varsta":24,"punctaj":0},{"idParticipant":8,"nume":"Marin","prenume":"Ana","varsta":29,"punctaj":0},{"idParticipant":9,"nume":"Tudor","prenume":"Alexandru","varsta":31,"punctaj":0},{"idParticipant":10,"nume":"Petrescu","prenume":"Gabriel","varsta":26,"punctaj":0},{"idParticipant":11,"nume":"Iliescu","prenume":"Daniela","varsta":32,"punctaj":0},{"idParticipant":12,"nume":"Vasilescu","prenume":"Florin","varsta":23,"punctaj":0},{"idParticipant":13,"nume":"Dobre","prenume":"Adriana","varsta":34,"punctaj":0},{"idParticipant":14,"nume":"Munteanu","prenume":"Sorin","varsta":21,"punctaj":0},{"idParticipant":15,"nume":"Nistor","prenume":"Carmen","varsta":33,"punctaj":0},{"idParticipant":16,"nume":"Lazar","prenume":"Roxana","varsta":25,"punctaj":0},{"idParticipant":17,"nume":"Gheorghe","prenume":"Vlad","varsta":28,"punctaj":0},{"idParticipant":18,"nume":"Barbu","prenume":"Irina","varsta":27,"punctaj":0},{"idParticipant":19,"nume":"Constantin","prenume":"Marius","varsta":30,"punctaj":0},{"idParticipant":20,"nume":"Enache","prenume":"Laura","varsta":29,"punctaj":0},{"idParticipant":21,"nume":"Dragomir","prenume":"Adrian","varsta":26,"punctaj":0},{"idParticipant":22,"nume":"Filip","prenume":"Bianca","varsta":31,"punctaj":0},{"idParticipant":23,"nume":"Grigore","prenume":"Stefan","varsta":24,"punctaj":0},{"idParticipant":24,"nume":"Hagi","prenume":"Diana","varsta":32,"punctaj":0},{"idParticipant":25,"nume":"Iacob","prenume":"Radu","varsta":23,"punctaj":0},{"idParticipant":26,"nume":"Jianu","prenume":"Oana","varsta":34,"punctaj":0},{"idParticipant":27,"nume":"Kovacs","prenume":"Cristina","varsta":21,"punctaj":0},{"idParticipant":28,"nume":"Lupu","prenume":"George","varsta":33,"punctaj":0},{"idParticipant":29,"nume":"Manole","prenume":"Simona","varsta":25,"punctaj":0},{"idParticipant":30,"nume":"Nedelcu","prenume":"Alexandra","varsta":28,"punctaj":0},{"idParticipant":31,"nume":"Oprea","prenume":"Bogdan","varsta":27,"punctaj":0},{"idParticipant":32,"nume":"Pavel","prenume":"Monica","varsta":30,"punctaj":0},{"idParticipant":33,"nume":"Rusu","prenume":"Andreea","varsta":29,"punctaj":0},{"idParticipant":34,"nume":"Sandu","prenume":"Victor","varsta":26,"punctaj":0},{"idParticipant":35,"nume":"Toma","prenume":"Gabriela","varsta":31,"punctaj":0},{"idParticipant":36,"nume":"Ursu","prenume":"Mihail","varsta":24,"punctaj":0},{"idParticipant":37,"nume":"Vlad","prenume":"Anca","varsta":32,"punctaj":0},{"idParticipant":38,"nume":"Zamfir","prenume":"Lucian","varsta":23,"punctaj":0},{"idParticipant":39,"nume":"Voicu","prenume":"Raluca","varsta":34,"punctaj":0},{"idParticipant":40,"nume":"nume","prenume":"prenume","varsta":20,"punctaj":0}]}
06 Apr 2025 15:57:39,877 [Thread-3] DEBUG ro.mpp2024.protocol.ServicesJsonProxy$ReaderThread 209 run - response received {"type":"REZULTAT_ADDED","rezultat":{"idProba":"c1","idParticipant":22,"numeParticipant":"Filip","prenumeParticipant":"Bianca","puncte":10}}
06 Apr 2025 15:59:23,022 [JavaFX Application Thread] DEBUG ro.mpp2024.StartJsonClient 29 start - Starting client application
06 Apr 2025 15:59:23,025 [JavaFX Application Thread] INFO  ro.mpp2024.StartJsonClient 33 start - Client properties set {server.host=localhost, server.port=55556}
06 Apr 2025 15:59:23,026 [JavaFX Application Thread] INFO  ro.mpp2024.StartJsonClient 50 start - Connecting to server localhost on port 55556
06 Apr 2025 15:59:42,417 [Thread-3] DEBUG ro.mpp2024.protocol.ServicesJsonProxy$ReaderThread 209 run - response received {"type":"LOGGED_ACC","user":{"id":21,"nume":"Bob Smith","username":"bob.smith","password":"U2VjdXJlUEBzczI\u003d","id_proba":"c1"}}
06 Apr 2025 15:59:43,425 [Thread-3] DEBUG ro.mpp2024.protocol.ServicesJsonProxy$ReaderThread 209 run - response received {"type":"ALL_REZULTATE","punctaje":[{"idParticipant":18,"nume":"Barbu","prenume":"Irina","varsta":27,"punctaj":230},{"idParticipant":19,"nume":"Constantin","prenume":"Marius","varsta":30,"punctaj":288},{"idParticipant":13,"nume":"Dobre","prenume":"Adriana","varsta":34,"punctaj":175},{"idParticipant":21,"nume":"Dragomir","prenume":"Adrian","varsta":26,"punctaj":140},{"idParticipant":4,"nume":"Dumitrescu","prenume":"Elena","varsta":28,"punctaj":153},{"idParticipant":20,"nume":"Enache","prenume":"Laura","varsta":29,"punctaj":325},{"idParticipant":22,"nume":"Filip","prenume":"Bianca","varsta":31,"punctaj":317},{"idParticipant":3,"nume":"Georgescu","prenume":"Andrei","varsta":22,"punctaj":132},{"idParticipant":17,"nume":"Gheorghe","prenume":"Vlad","varsta":28,"punctaj":210},{"idParticipant":23,"nume":"Grigore","prenume":"Stefan","varsta":24,"punctaj":155},{"idParticipant":24,"nume":"Hagi","prenume":"Diana","varsta":32,"punctaj":193},{"idParticipant":25,"nume":"Iacob","prenume":"Radu","varsta":23,"punctaj":195},{"idParticipant":11,"nume":"Iliescu","prenume":"Daniela","varsta":32,"punctaj":320},{"idParticipant":2,"nume":"Ionescu","prenume":"Maria","varsta":30,"punctaj":156},{"idParticipant":26,"nume":"Jianu","prenume":"Oana","varsta":34,"punctaj":142},{"idParticipant":27,"nume":"Kovacs","prenume":"Cristina","varsta":21,"punctaj":199},{"idParticipant":16,"nume":"Lazar","prenume":"Roxana","varsta":25,"punctaj":185},{"idParticipant":28,"nume":"Lupu","prenume":"George","varsta":33,"punctaj":199},{"idParticipant":29,"nume":"Manole","prenume":"Simona","varsta":25,"punctaj":117},{"idParticipant":8,"nume":"Marin","prenume":"Ana","varsta":29,"punctaj":134},{"idParticipant":14,"nume":"Munteanu","prenume":"Sorin","varsta":21,"punctaj":301},{"idParticipant":30,"nume":"Nedelcu","prenume":"Alexandra","varsta":28,"punctaj":169},{"idParticipant":15,"nume":"Nistor","prenume":"Carmen","varsta":33,"punctaj":189},{"idParticipant":40,"nume":"nume","prenume":"prenume","varsta":20,"punctaj":300},{"idParticipant":31,"nume":"Oprea","prenume":"Bogdan","varsta":27,"punctaj":282},{"idParticipant":32,"nume":"Pavel","prenume":"Monica","varsta":30,"punctaj":111},{"idParticipant":10,"nume":"Petrescu","prenume":"Gabriel","varsta":26,"punctaj":188},{"idParticipant":5,"nume":"Popa","prenume":"Mihai","varsta":35,"punctaj":282},{"idParticipant":1,"nume":"Popescu","prenume":"Ion","varsta":25,"punctaj":158},{"idParticipant":7,"nume":"Radu","prenume":"Cristian","varsta":24,"punctaj":256},{"idParticipant":33,"nume":"Rusu","prenume":"Andreea","varsta":29,"punctaj":313},{"idParticipant":34,"nume":"Sandu","prenume":"Victor","varsta":26,"punctaj":115},{"idParticipant":6,"nume":"Stan","prenume":"Ioana","varsta":27,"punctaj":289},{"idParticipant":35,"nume":"Toma","prenume":"Gabriela","varsta":31,"punctaj":132},{"idParticipant":9,"nume":"Tudor","prenume":"Alexandru","varsta":31,"punctaj":288},{"idParticipant":36,"nume":"Ursu","prenume":"Mihail","varsta":24,"punctaj":155},{"idParticipant":12,"nume":"Vasilescu","prenume":"Florin","varsta":23,"punctaj":472},{"idParticipant":37,"nume":"Vlad","prenume":"Anca","varsta":32,"punctaj":138},{"idParticipant":39,"nume":"Voicu","prenume":"Raluca","varsta":34,"punctaj":190},{"idParticipant":38,"nume":"Zamfir","prenume":"Lucian","varsta":23,"punctaj":177}]}
06 Apr 2025 15:59:44,438 [Thread-3] DEBUG ro.mpp2024.protocol.ServicesJsonProxy$ReaderThread 209 run - response received {"type":"REZULTATE","punctaje":[{"idParticipant":38,"nume":"Zamfir","prenume":"Lucian","varsta":23,"punctaj":177},{"idParticipant":6,"nume":"Stan","prenume":"Ioana","varsta":27,"punctaj":152},{"idParticipant":9,"nume":"Tudor","prenume":"Alexandru","varsta":31,"punctaj":150},{"idParticipant":12,"nume":"Vasilescu","prenume":"Florin","varsta":23,"punctaj":100},{"idParticipant":18,"nume":"Barbu","prenume":"Irina","varsta":27,"punctaj":30},{"idParticipant":37,"nume":"Vlad","prenume":"Anca","varsta":32,"punctaj":10},{"idParticipant":23,"nume":"Grigore","prenume":"Stefan","varsta":24,"punctaj":10},{"idParticipant":22,"nume":"Filip","prenume":"Bianca","varsta":31,"punctaj":10},{"idParticipant":21,"nume":"Dragomir","prenume":"Adrian","varsta":26,"punctaj":10},{"idParticipant":20,"nume":"Enache","prenume":"Laura","varsta":29,"punctaj":10},{"idParticipant":19,"nume":"Constantin","prenume":"Marius","varsta":30,"punctaj":10},{"idParticipant":17,"nume":"Gheorghe","prenume":"Vlad","varsta":28,"punctaj":10},{"idParticipant":13,"nume":"Dobre","prenume":"Adriana","varsta":34,"punctaj":10},{"idParticipant":11,"nume":"Iliescu","prenume":"Daniela","varsta":32,"punctaj":10},{"idParticipant":4,"nume":"Dumitrescu","prenume":"Elena","varsta":28,"punctaj":10},{"idParticipant":3,"nume":"Georgescu","prenume":"Andrei","varsta":22,"punctaj":10},{"idParticipant":1,"nume":"Popescu","prenume":"Ion","varsta":25,"punctaj":10}]}
06 Apr 2025 15:59:45,459 [Thread-3] DEBUG ro.mpp2024.protocol.ServicesJsonProxy$ReaderThread 209 run - response received {"type":"PARTICIPANTI","participanti":[{"idParticipant":1,"nume":"Popescu","prenume":"Ion","varsta":25,"punctaj":0},{"idParticipant":2,"nume":"Ionescu","prenume":"Maria","varsta":30,"punctaj":0},{"idParticipant":3,"nume":"Georgescu","prenume":"Andrei","varsta":22,"punctaj":0},{"idParticipant":4,"nume":"Dumitrescu","prenume":"Elena","varsta":28,"punctaj":0},{"idParticipant":5,"nume":"Popa","prenume":"Mihai","varsta":35,"punctaj":0},{"idParticipant":6,"nume":"Stan","prenume":"Ioana","varsta":27,"punctaj":0},{"idParticipant":7,"nume":"Radu","prenume":"Cristian","varsta":24,"punctaj":0},{"idParticipant":8,"nume":"Marin","prenume":"Ana","varsta":29,"punctaj":0},{"idParticipant":9,"nume":"Tudor","prenume":"Alexandru","varsta":31,"punctaj":0},{"idParticipant":10,"nume":"Petrescu","prenume":"Gabriel","varsta":26,"punctaj":0},{"idParticipant":11,"nume":"Iliescu","prenume":"Daniela","varsta":32,"punctaj":0},{"idParticipant":12,"nume":"Vasilescu","prenume":"Florin","varsta":23,"punctaj":0},{"idParticipant":13,"nume":"Dobre","prenume":"Adriana","varsta":34,"punctaj":0},{"idParticipant":14,"nume":"Munteanu","prenume":"Sorin","varsta":21,"punctaj":0},{"idParticipant":15,"nume":"Nistor","prenume":"Carmen","varsta":33,"punctaj":0},{"idParticipant":16,"nume":"Lazar","prenume":"Roxana","varsta":25,"punctaj":0},{"idParticipant":17,"nume":"Gheorghe","prenume":"Vlad","varsta":28,"punctaj":0},{"idParticipant":18,"nume":"Barbu","prenume":"Irina","varsta":27,"punctaj":0},{"idParticipant":19,"nume":"Constantin","prenume":"Marius","varsta":30,"punctaj":0},{"idParticipant":20,"nume":"Enache","prenume":"Laura","varsta":29,"punctaj":0},{"idParticipant":21,"nume":"Dragomir","prenume":"Adrian","varsta":26,"punctaj":0},{"idParticipant":22,"nume":"Filip","prenume":"Bianca","varsta":31,"punctaj":0},{"idParticipant":23,"nume":"Grigore","prenume":"Stefan","varsta":24,"punctaj":0},{"idParticipant":24,"nume":"Hagi","prenume":"Diana","varsta":32,"punctaj":0},{"idParticipant":25,"nume":"Iacob","prenume":"Radu","varsta":23,"punctaj":0},{"idParticipant":26,"nume":"Jianu","prenume":"Oana","varsta":34,"punctaj":0},{"idParticipant":27,"nume":"Kovacs","prenume":"Cristina","varsta":21,"punctaj":0},{"idParticipant":28,"nume":"Lupu","prenume":"George","varsta":33,"punctaj":0},{"idParticipant":29,"nume":"Manole","prenume":"Simona","varsta":25,"punctaj":0},{"idParticipant":30,"nume":"Nedelcu","prenume":"Alexandra","varsta":28,"punctaj":0},{"idParticipant":31,"nume":"Oprea","prenume":"Bogdan","varsta":27,"punctaj":0},{"idParticipant":32,"nume":"Pavel","prenume":"Monica","varsta":30,"punctaj":0},{"idParticipant":33,"nume":"Rusu","prenume":"Andreea","varsta":29,"punctaj":0},{"idParticipant":34,"nume":"Sandu","prenume":"Victor","varsta":26,"punctaj":0},{"idParticipant":35,"nume":"Toma","prenume":"Gabriela","varsta":31,"punctaj":0},{"idParticipant":36,"nume":"Ursu","prenume":"Mihail","varsta":24,"punctaj":0},{"idParticipant":37,"nume":"Vlad","prenume":"Anca","varsta":32,"punctaj":0},{"idParticipant":38,"nume":"Zamfir","prenume":"Lucian","varsta":23,"punctaj":0},{"idParticipant":39,"nume":"Voicu","prenume":"Raluca","varsta":34,"punctaj":0},{"idParticipant":40,"nume":"nume","prenume":"prenume","varsta":20,"punctaj":0}]}
06 Apr 2025 15:59:50,622 [Thread-3] DEBUG ro.mpp2024.protocol.ServicesJsonProxy$ReaderThread 209 run - response received {"type":"REZULTAT_ADDED","rezultat":{"idProba":"c1","idParticipant":24,"numeParticipant":"Hagi","prenumeParticipant":"Diana","puncte":10}}
06 Apr 2025 16:05:40,180 [JavaFX Application Thread] DEBUG ro.mpp2024.StartJsonClient 29 start - Starting client application
06 Apr 2025 16:05:40,184 [JavaFX Application Thread] INFO  ro.mpp2024.StartJsonClient 33 start - Client properties set {server.host=localhost, server.port=55556}
06 Apr 2025 16:05:40,184 [JavaFX Application Thread] INFO  ro.mpp2024.StartJsonClient 50 start - Connecting to server localhost on port 55556
06 Apr 2025 16:05:45,665 [Thread-3] DEBUG ro.mpp2024.protocol.ServicesJsonProxy$ReaderThread 210 run - response received {"type":"LOGGED_ACC","user":{"id":21,"nume":"Bob Smith","username":"bob.smith","password":"U2VjdXJlUEBzczI\u003d","id_proba":"c1"}}
06 Apr 2025 16:05:46,683 [Thread-3] DEBUG ro.mpp2024.protocol.ServicesJsonProxy$ReaderThread 210 run - response received {"type":"ALL_REZULTATE","punctaje":[{"idParticipant":18,"nume":"Barbu","prenume":"Irina","varsta":27,"punctaj":230},{"idParticipant":19,"nume":"Constantin","prenume":"Marius","varsta":30,"punctaj":288},{"idParticipant":13,"nume":"Dobre","prenume":"Adriana","varsta":34,"punctaj":175},{"idParticipant":21,"nume":"Dragomir","prenume":"Adrian","varsta":26,"punctaj":140},{"idParticipant":4,"nume":"Dumitrescu","prenume":"Elena","varsta":28,"punctaj":153},{"idParticipant":20,"nume":"Enache","prenume":"Laura","varsta":29,"punctaj":325},{"idParticipant":22,"nume":"Filip","prenume":"Bianca","varsta":31,"punctaj":317},{"idParticipant":3,"nume":"Georgescu","prenume":"Andrei","varsta":22,"punctaj":132},{"idParticipant":17,"nume":"Gheorghe","prenume":"Vlad","varsta":28,"punctaj":210},{"idParticipant":23,"nume":"Grigore","prenume":"Stefan","varsta":24,"punctaj":155},{"idParticipant":24,"nume":"Hagi","prenume":"Diana","varsta":32,"punctaj":203},{"idParticipant":25,"nume":"Iacob","prenume":"Radu","varsta":23,"punctaj":195},{"idParticipant":11,"nume":"Iliescu","prenume":"Daniela","varsta":32,"punctaj":320},{"idParticipant":2,"nume":"Ionescu","prenume":"Maria","varsta":30,"punctaj":156},{"idParticipant":26,"nume":"Jianu","prenume":"Oana","varsta":34,"punctaj":142},{"idParticipant":27,"nume":"Kovacs","prenume":"Cristina","varsta":21,"punctaj":199},{"idParticipant":16,"nume":"Lazar","prenume":"Roxana","varsta":25,"punctaj":185},{"idParticipant":28,"nume":"Lupu","prenume":"George","varsta":33,"punctaj":199},{"idParticipant":29,"nume":"Manole","prenume":"Simona","varsta":25,"punctaj":117},{"idParticipant":8,"nume":"Marin","prenume":"Ana","varsta":29,"punctaj":134},{"idParticipant":14,"nume":"Munteanu","prenume":"Sorin","varsta":21,"punctaj":301},{"idParticipant":30,"nume":"Nedelcu","prenume":"Alexandra","varsta":28,"punctaj":169},{"idParticipant":15,"nume":"Nistor","prenume":"Carmen","varsta":33,"punctaj":189},{"idParticipant":40,"nume":"nume","prenume":"prenume","varsta":20,"punctaj":300},{"idParticipant":31,"nume":"Oprea","prenume":"Bogdan","varsta":27,"punctaj":282},{"idParticipant":32,"nume":"Pavel","prenume":"Monica","varsta":30,"punctaj":111},{"idParticipant":10,"nume":"Petrescu","prenume":"Gabriel","varsta":26,"punctaj":188},{"idParticipant":5,"nume":"Popa","prenume":"Mihai","varsta":35,"punctaj":282},{"idParticipant":1,"nume":"Popescu","prenume":"Ion","varsta":25,"punctaj":158},{"idParticipant":7,"nume":"Radu","prenume":"Cristian","varsta":24,"punctaj":256},{"idParticipant":33,"nume":"Rusu","prenume":"Andreea","varsta":29,"punctaj":313},{"idParticipant":34,"nume":"Sandu","prenume":"Victor","varsta":26,"punctaj":115},{"idParticipant":6,"nume":"Stan","prenume":"Ioana","varsta":27,"punctaj":289},{"idParticipant":35,"nume":"Toma","prenume":"Gabriela","varsta":31,"punctaj":132},{"idParticipant":9,"nume":"Tudor","prenume":"Alexandru","varsta":31,"punctaj":288},{"idParticipant":36,"nume":"Ursu","prenume":"Mihail","varsta":24,"punctaj":155},{"idParticipant":12,"nume":"Vasilescu","prenume":"Florin","varsta":23,"punctaj":472},{"idParticipant":37,"nume":"Vlad","prenume":"Anca","varsta":32,"punctaj":138},{"idParticipant":39,"nume":"Voicu","prenume":"Raluca","varsta":34,"punctaj":190},{"idParticipant":38,"nume":"Zamfir","prenume":"Lucian","varsta":23,"punctaj":177}]}
06 Apr 2025 16:05:47,693 [Thread-3] DEBUG ro.mpp2024.protocol.ServicesJsonProxy$ReaderThread 210 run - response received {"type":"REZULTATE","punctaje":[{"idParticipant":38,"nume":"Zamfir","prenume":"Lucian","varsta":23,"punctaj":177},{"idParticipant":6,"nume":"Stan","prenume":"Ioana","varsta":27,"punctaj":152},{"idParticipant":9,"nume":"Tudor","prenume":"Alexandru","varsta":31,"punctaj":150},{"idParticipant":12,"nume":"Vasilescu","prenume":"Florin","varsta":23,"punctaj":100},{"idParticipant":18,"nume":"Barbu","prenume":"Irina","varsta":27,"punctaj":30},{"idParticipant":37,"nume":"Vlad","prenume":"Anca","varsta":32,"punctaj":10},{"idParticipant":24,"nume":"Hagi","prenume":"Diana","varsta":32,"punctaj":10},{"idParticipant":23,"nume":"Grigore","prenume":"Stefan","varsta":24,"punctaj":10},{"idParticipant":22,"nume":"Filip","prenume":"Bianca","varsta":31,"punctaj":10},{"idParticipant":21,"nume":"Dragomir","prenume":"Adrian","varsta":26,"punctaj":10},{"idParticipant":20,"nume":"Enache","prenume":"Laura","varsta":29,"punctaj":10},{"idParticipant":19,"nume":"Constantin","prenume":"Marius","varsta":30,"punctaj":10},{"idParticipant":17,"nume":"Gheorghe","prenume":"Vlad","varsta":28,"punctaj":10},{"idParticipant":13,"nume":"Dobre","prenume":"Adriana","varsta":34,"punctaj":10},{"idParticipant":11,"nume":"Iliescu","prenume":"Daniela","varsta":32,"punctaj":10},{"idParticipant":4,"nume":"Dumitrescu","prenume":"Elena","varsta":28,"punctaj":10},{"idParticipant":3,"nume":"Georgescu","prenume":"Andrei","varsta":22,"punctaj":10},{"idParticipant":1,"nume":"Popescu","prenume":"Ion","varsta":25,"punctaj":10}]}
06 Apr 2025 16:05:48,710 [Thread-3] DEBUG ro.mpp2024.protocol.ServicesJsonProxy$ReaderThread 210 run - response received {"type":"PARTICIPANTI","participanti":[{"idParticipant":1,"nume":"Popescu","prenume":"Ion","varsta":25,"punctaj":0},{"idParticipant":2,"nume":"Ionescu","prenume":"Maria","varsta":30,"punctaj":0},{"idParticipant":3,"nume":"Georgescu","prenume":"Andrei","varsta":22,"punctaj":0},{"idParticipant":4,"nume":"Dumitrescu","prenume":"Elena","varsta":28,"punctaj":0},{"idParticipant":5,"nume":"Popa","prenume":"Mihai","varsta":35,"punctaj":0},{"idParticipant":6,"nume":"Stan","prenume":"Ioana","varsta":27,"punctaj":0},{"idParticipant":7,"nume":"Radu","prenume":"Cristian","varsta":24,"punctaj":0},{"idParticipant":8,"nume":"Marin","prenume":"Ana","varsta":29,"punctaj":0},{"idParticipant":9,"nume":"Tudor","prenume":"Alexandru","varsta":31,"punctaj":0},{"idParticipant":10,"nume":"Petrescu","prenume":"Gabriel","varsta":26,"punctaj":0},{"idParticipant":11,"nume":"Iliescu","prenume":"Daniela","varsta":32,"punctaj":0},{"idParticipant":12,"nume":"Vasilescu","prenume":"Florin","varsta":23,"punctaj":0},{"idParticipant":13,"nume":"Dobre","prenume":"Adriana","varsta":34,"punctaj":0},{"idParticipant":14,"nume":"Munteanu","prenume":"Sorin","varsta":21,"punctaj":0},{"idParticipant":15,"nume":"Nistor","prenume":"Carmen","varsta":33,"punctaj":0},{"idParticipant":16,"nume":"Lazar","prenume":"Roxana","varsta":25,"punctaj":0},{"idParticipant":17,"nume":"Gheorghe","prenume":"Vlad","varsta":28,"punctaj":0},{"idParticipant":18,"nume":"Barbu","prenume":"Irina","varsta":27,"punctaj":0},{"idParticipant":19,"nume":"Constantin","prenume":"Marius","varsta":30,"punctaj":0},{"idParticipant":20,"nume":"Enache","prenume":"Laura","varsta":29,"punctaj":0},{"idParticipant":21,"nume":"Dragomir","prenume":"Adrian","varsta":26,"punctaj":0},{"idParticipant":22,"nume":"Filip","prenume":"Bianca","varsta":31,"punctaj":0},{"idParticipant":23,"nume":"Grigore","prenume":"Stefan","varsta":24,"punctaj":0},{"idParticipant":24,"nume":"Hagi","prenume":"Diana","varsta":32,"punctaj":0},{"idParticipant":25,"nume":"Iacob","prenume":"Radu","varsta":23,"punctaj":0},{"idParticipant":26,"nume":"Jianu","prenume":"Oana","varsta":34,"punctaj":0},{"idParticipant":27,"nume":"Kovacs","prenume":"Cristina","varsta":21,"punctaj":0},{"idParticipant":28,"nume":"Lupu","prenume":"George","varsta":33,"punctaj":0},{"idParticipant":29,"nume":"Manole","prenume":"Simona","varsta":25,"punctaj":0},{"idParticipant":30,"nume":"Nedelcu","prenume":"Alexandra","varsta":28,"punctaj":0},{"idParticipant":31,"nume":"Oprea","prenume":"Bogdan","varsta":27,"punctaj":0},{"idParticipant":32,"nume":"Pavel","prenume":"Monica","varsta":30,"punctaj":0},{"idParticipant":33,"nume":"Rusu","prenume":"Andreea","varsta":29,"punctaj":0},{"idParticipant":34,"nume":"Sandu","prenume":"Victor","varsta":26,"punctaj":0},{"idParticipant":35,"nume":"Toma","prenume":"Gabriela","varsta":31,"punctaj":0},{"idParticipant":36,"nume":"Ursu","prenume":"Mihail","varsta":24,"punctaj":0},{"idParticipant":37,"nume":"Vlad","prenume":"Anca","varsta":32,"punctaj":0},{"idParticipant":38,"nume":"Zamfir","prenume":"Lucian","varsta":23,"punctaj":0},{"idParticipant":39,"nume":"Voicu","prenume":"Raluca","varsta":34,"punctaj":0},{"idParticipant":40,"nume":"nume","prenume":"prenume","varsta":20,"punctaj":0}]}
06 Apr 2025 16:05:52,824 [Thread-3] DEBUG ro.mpp2024.protocol.ServicesJsonProxy$ReaderThread 210 run - response received {"type":"REZULTAT_ADDED","rezultat":{"idProba":"c1","idParticipant":2,"numeParticipant":"Ionescu","prenumeParticipant":"Maria","puncte":10}}
06 Apr 2025 16:05:57,738 [Thread-3] DEBUG ro.mpp2024.protocol.ServicesJsonProxy$ReaderThread 210 run - response received {"type":"OK"}
06 Apr 2025 16:05:58,743 [Thread-3] DEBUG ro.mpp2024.protocol.ServicesJsonProxy$ReaderThread 210 run - response received null
06 Apr 2025 16:05:59,793 [Thread-4] DEBUG ro.mpp2024.protocol.ServicesJsonProxy$ReaderThread 210 run - response received {"type":"LOGGED_ACC","user":{"id":21,"nume":"Bob Smith","username":"bob.smith","password":"U2VjdXJlUEBzczI\u003d","id_proba":"c1"}}
06 Apr 2025 16:06:00,810 [Thread-4] DEBUG ro.mpp2024.protocol.ServicesJsonProxy$ReaderThread 210 run - response received {"type":"ALL_REZULTATE","punctaje":[{"idParticipant":18,"nume":"Barbu","prenume":"Irina","varsta":27,"punctaj":230},{"idParticipant":19,"nume":"Constantin","prenume":"Marius","varsta":30,"punctaj":288},{"idParticipant":13,"nume":"Dobre","prenume":"Adriana","varsta":34,"punctaj":175},{"idParticipant":21,"nume":"Dragomir","prenume":"Adrian","varsta":26,"punctaj":140},{"idParticipant":4,"nume":"Dumitrescu","prenume":"Elena","varsta":28,"punctaj":153},{"idParticipant":20,"nume":"Enache","prenume":"Laura","varsta":29,"punctaj":325},{"idParticipant":22,"nume":"Filip","prenume":"Bianca","varsta":31,"punctaj":317},{"idParticipant":3,"nume":"Georgescu","prenume":"Andrei","varsta":22,"punctaj":132},{"idParticipant":17,"nume":"Gheorghe","prenume":"Vlad","varsta":28,"punctaj":210},{"idParticipant":23,"nume":"Grigore","prenume":"Stefan","varsta":24,"punctaj":155},{"idParticipant":24,"nume":"Hagi","prenume":"Diana","varsta":32,"punctaj":203},{"idParticipant":25,"nume":"Iacob","prenume":"Radu","varsta":23,"punctaj":195},{"idParticipant":11,"nume":"Iliescu","prenume":"Daniela","varsta":32,"punctaj":320},{"idParticipant":2,"nume":"Ionescu","prenume":"Maria","varsta":30,"punctaj":166},{"idParticipant":26,"nume":"Jianu","prenume":"Oana","varsta":34,"punctaj":142},{"idParticipant":27,"nume":"Kovacs","prenume":"Cristina","varsta":21,"punctaj":199},{"idParticipant":16,"nume":"Lazar","prenume":"Roxana","varsta":25,"punctaj":185},{"idParticipant":28,"nume":"Lupu","prenume":"George","varsta":33,"punctaj":199},{"idParticipant":29,"nume":"Manole","prenume":"Simona","varsta":25,"punctaj":117},{"idParticipant":8,"nume":"Marin","prenume":"Ana","varsta":29,"punctaj":134},{"idParticipant":14,"nume":"Munteanu","prenume":"Sorin","varsta":21,"punctaj":301},{"idParticipant":30,"nume":"Nedelcu","prenume":"Alexandra","varsta":28,"punctaj":169},{"idParticipant":15,"nume":"Nistor","prenume":"Carmen","varsta":33,"punctaj":189},{"idParticipant":40,"nume":"nume","prenume":"prenume","varsta":20,"punctaj":300},{"idParticipant":31,"nume":"Oprea","prenume":"Bogdan","varsta":27,"punctaj":282},{"idParticipant":32,"nume":"Pavel","prenume":"Monica","varsta":30,"punctaj":111},{"idParticipant":10,"nume":"Petrescu","prenume":"Gabriel","varsta":26,"punctaj":188},{"idParticipant":5,"nume":"Popa","prenume":"Mihai","varsta":35,"punctaj":282},{"idParticipant":1,"nume":"Popescu","prenume":"Ion","varsta":25,"punctaj":158},{"idParticipant":7,"nume":"Radu","prenume":"Cristian","varsta":24,"punctaj":256},{"idParticipant":33,"nume":"Rusu","prenume":"Andreea","varsta":29,"punctaj":313},{"idParticipant":34,"nume":"Sandu","prenume":"Victor","varsta":26,"punctaj":115},{"idParticipant":6,"nume":"Stan","prenume":"Ioana","varsta":27,"punctaj":289},{"idParticipant":35,"nume":"Toma","prenume":"Gabriela","varsta":31,"punctaj":132},{"idParticipant":9,"nume":"Tudor","prenume":"Alexandru","varsta":31,"punctaj":288},{"idParticipant":36,"nume":"Ursu","prenume":"Mihail","varsta":24,"punctaj":155},{"idParticipant":12,"nume":"Vasilescu","prenume":"Florin","varsta":23,"punctaj":472},{"idParticipant":37,"nume":"Vlad","prenume":"Anca","varsta":32,"punctaj":138},{"idParticipant":39,"nume":"Voicu","prenume":"Raluca","varsta":34,"punctaj":190},{"idParticipant":38,"nume":"Zamfir","prenume":"Lucian","varsta":23,"punctaj":177}]}
06 Apr 2025 16:06:01,818 [Thread-4] DEBUG ro.mpp2024.protocol.ServicesJsonProxy$ReaderThread 210 run - response received {"type":"REZULTATE","punctaje":[{"idParticipant":38,"nume":"Zamfir","prenume":"Lucian","varsta":23,"punctaj":177},{"idParticipant":6,"nume":"Stan","prenume":"Ioana","varsta":27,"punctaj":152},{"idParticipant":9,"nume":"Tudor","prenume":"Alexandru","varsta":31,"punctaj":150},{"idParticipant":12,"nume":"Vasilescu","prenume":"Florin","varsta":23,"punctaj":100},{"idParticipant":18,"nume":"Barbu","prenume":"Irina","varsta":27,"punctaj":30},{"idParticipant":37,"nume":"Vlad","prenume":"Anca","varsta":32,"punctaj":10},{"idParticipant":24,"nume":"Hagi","prenume":"Diana","varsta":32,"punctaj":10},{"idParticipant":23,"nume":"Grigore","prenume":"Stefan","varsta":24,"punctaj":10},{"idParticipant":22,"nume":"Filip","prenume":"Bianca","varsta":31,"punctaj":10},{"idParticipant":21,"nume":"Dragomir","prenume":"Adrian","varsta":26,"punctaj":10},{"idParticipant":20,"nume":"Enache","prenume":"Laura","varsta":29,"punctaj":10},{"idParticipant":19,"nume":"Constantin","prenume":"Marius","varsta":30,"punctaj":10},{"idParticipant":17,"nume":"Gheorghe","prenume":"Vlad","varsta":28,"punctaj":10},{"idParticipant":13,"nume":"Dobre","prenume":"Adriana","varsta":34,"punctaj":10},{"idParticipant":11,"nume":"Iliescu","prenume":"Daniela","varsta":32,"punctaj":10},{"idParticipant":4,"nume":"Dumitrescu","prenume":"Elena","varsta":28,"punctaj":10},{"idParticipant":3,"nume":"Georgescu","prenume":"Andrei","varsta":22,"punctaj":10},{"idParticipant":2,"nume":"Ionescu","prenume":"Maria","varsta":30,"punctaj":10},{"idParticipant":1,"nume":"Popescu","prenume":"Ion","varsta":25,"punctaj":10}]}
06 Apr 2025 16:06:02,834 [Thread-4] DEBUG ro.mpp2024.protocol.ServicesJsonProxy$ReaderThread 210 run - response received {"type":"PARTICIPANTI","participanti":[{"idParticipant":1,"nume":"Popescu","prenume":"Ion","varsta":25,"punctaj":0},{"idParticipant":2,"nume":"Ionescu","prenume":"Maria","varsta":30,"punctaj":0},{"idParticipant":3,"nume":"Georgescu","prenume":"Andrei","varsta":22,"punctaj":0},{"idParticipant":4,"nume":"Dumitrescu","prenume":"Elena","varsta":28,"punctaj":0},{"idParticipant":5,"nume":"Popa","prenume":"Mihai","varsta":35,"punctaj":0},{"idParticipant":6,"nume":"Stan","prenume":"Ioana","varsta":27,"punctaj":0},{"idParticipant":7,"nume":"Radu","prenume":"Cristian","varsta":24,"punctaj":0},{"idParticipant":8,"nume":"Marin","prenume":"Ana","varsta":29,"punctaj":0},{"idParticipant":9,"nume":"Tudor","prenume":"Alexandru","varsta":31,"punctaj":0},{"idParticipant":10,"nume":"Petrescu","prenume":"Gabriel","varsta":26,"punctaj":0},{"idParticipant":11,"nume":"Iliescu","prenume":"Daniela","varsta":32,"punctaj":0},{"idParticipant":12,"nume":"Vasilescu","prenume":"Florin","varsta":23,"punctaj":0},{"idParticipant":13,"nume":"Dobre","prenume":"Adriana","varsta":34,"punctaj":0},{"idParticipant":14,"nume":"Munteanu","prenume":"Sorin","varsta":21,"punctaj":0},{"idParticipant":15,"nume":"Nistor","prenume":"Carmen","varsta":33,"punctaj":0},{"idParticipant":16,"nume":"Lazar","prenume":"Roxana","varsta":25,"punctaj":0},{"idParticipant":17,"nume":"Gheorghe","prenume":"Vlad","varsta":28,"punctaj":0},{"idParticipant":18,"nume":"Barbu","prenume":"Irina","varsta":27,"punctaj":0},{"idParticipant":19,"nume":"Constantin","prenume":"Marius","varsta":30,"punctaj":0},{"idParticipant":20,"nume":"Enache","prenume":"Laura","varsta":29,"punctaj":0},{"idParticipant":21,"nume":"Dragomir","prenume":"Adrian","varsta":26,"punctaj":0},{"idParticipant":22,"nume":"Filip","prenume":"Bianca","varsta":31,"punctaj":0},{"idParticipant":23,"nume":"Grigore","prenume":"Stefan","varsta":24,"punctaj":0},{"idParticipant":24,"nume":"Hagi","prenume":"Diana","varsta":32,"punctaj":0},{"idParticipant":25,"nume":"Iacob","prenume":"Radu","varsta":23,"punctaj":0},{"idParticipant":26,"nume":"Jianu","prenume":"Oana","varsta":34,"punctaj":0},{"idParticipant":27,"nume":"Kovacs","prenume":"Cristina","varsta":21,"punctaj":0},{"idParticipant":28,"nume":"Lupu","prenume":"George","varsta":33,"punctaj":0},{"idParticipant":29,"nume":"Manole","prenume":"Simona","varsta":25,"punctaj":0},{"idParticipant":30,"nume":"Nedelcu","prenume":"Alexandra","varsta":28,"punctaj":0},{"idParticipant":31,"nume":"Oprea","prenume":"Bogdan","varsta":27,"punctaj":0},{"idParticipant":32,"nume":"Pavel","prenume":"Monica","varsta":30,"punctaj":0},{"idParticipant":33,"nume":"Rusu","prenume":"Andreea","varsta":29,"punctaj":0},{"idParticipant":34,"nume":"Sandu","prenume":"Victor","varsta":26,"punctaj":0},{"idParticipant":35,"nume":"Toma","prenume":"Gabriela","varsta":31,"punctaj":0},{"idParticipant":36,"nume":"Ursu","prenume":"Mihail","varsta":24,"punctaj":0},{"idParticipant":37,"nume":"Vlad","prenume":"Anca","varsta":32,"punctaj":0},{"idParticipant":38,"nume":"Zamfir","prenume":"Lucian","varsta":23,"punctaj":0},{"idParticipant":39,"nume":"Voicu","prenume":"Raluca","varsta":34,"punctaj":0},{"idParticipant":40,"nume":"nume","prenume":"prenume","varsta":20,"punctaj":0}]}
06 Apr 2025 16:06:42,628 [Thread-4] ERROR ro.mpp2024.protocol.ServicesJsonProxy$ReaderThread 224 run - Reading error java.net.SocketException: Connection reset
06 Apr 2025 16:06:42,628 [Thread-4] ERROR ro.mpp2024.protocol.ServicesJsonProxy$ReaderThread 224 run - Reading error java.net.SocketException: Connection reset
06 Apr 2025 16:06:42,628 [Thread-4] ERROR ro.mpp2024.protocol.ServicesJsonProxy$ReaderThread 224 run - Reading error java.net.SocketException: Connection reset
06 Apr 2025 16:06:42,628 [Thread-4] ERROR ro.mpp2024.protocol.ServicesJsonProxy$ReaderThread 224 run - Reading error java.net.SocketException: Connection reset
06 Apr 2025 16:06:42,629 [Thread-4] ERROR ro.mpp2024.protocol.ServicesJsonProxy$ReaderThread 224 run - Reading error java.net.SocketException: Connection reset
06 Apr 2025 16:06:42,629 [Thread-4] ERROR ro.mpp2024.protocol.ServicesJsonProxy$ReaderThread 224 run - Reading error java.net.SocketException: Connection reset
06 Apr 2025 16:06:42,629 [Thread-4] ERROR ro.mpp2024.protocol.ServicesJsonProxy$ReaderThread 224 run - Reading error java.net.SocketException: Connection reset
06 Apr 2025 16:06:42,629 [Thread-4] ERROR ro.mpp2024.protocol.ServicesJsonProxy$ReaderThread 224 run - Reading error java.net.SocketException: Connection reset
06 Apr 2025 16:06:42,629 [Thread-4] ERROR ro.mpp2024.protocol.ServicesJsonProxy$ReaderThread 224 run - Reading error java.net.SocketException: Connection reset
06 Apr 2025 16:06:42,629 [Thread-4] ERROR ro.mpp2024.protocol.ServicesJsonProxy$ReaderThread 224 run - Reading error java.net.SocketException: Connection reset
06 Apr 2025 16:06:42,629 [Thread-4] ERROR ro.mpp2024.protocol.ServicesJsonProxy$ReaderThread 224 run - Reading error java.net.SocketException: Connection reset
06 Apr 2025 16:06:42,629 [Thread-4] ERROR ro.mpp2024.protocol.ServicesJsonProxy$ReaderThread 224 run - Reading error java.net.SocketException: Connection reset
06 Apr 2025 16:06:42,630 [Thread-4] ERROR ro.mpp2024.protocol.ServicesJsonProxy$ReaderThread 224 run - Reading error java.net.SocketException: Connection reset
06 Apr 2025 16:06:42,630 [Thread-4] ERROR ro.mpp2024.protocol.ServicesJsonProxy$ReaderThread 224 run - Reading error java.net.SocketException: Connection reset
06 Apr 2025 16:06:42,630 [Thread-4] ERROR ro.mpp2024.protocol.ServicesJsonProxy$ReaderThread 224 run - Reading error java.net.SocketException: Connection reset
06 Apr 2025 16:06:42,630 [Thread-4] ERROR ro.mpp2024.protocol.ServicesJsonProxy$ReaderThread 224 run - Reading error java.net.SocketException: Connection reset
06 Apr 2025 16:06:42,630 [Thread-4] ERROR ro.mpp2024.protocol.ServicesJsonProxy$ReaderThread 224 run - Reading error java.net.SocketException: Connection reset
06 Apr 2025 16:06:42,630 [Thread-4] ERROR ro.mpp2024.protocol.ServicesJsonProxy$ReaderThread 224 run - Reading error java.net.SocketException: Connection reset
06 Apr 2025 16:06:42,631 [Thread-4] ERROR ro.mpp2024.protocol.ServicesJsonProxy$ReaderThread 224 run - Reading error java.net.SocketException: Connection reset
06 Apr 2025 16:06:42,631 [Thread-4] ERROR ro.mpp2024.protocol.ServicesJsonProxy$ReaderThread 224 run - Reading error java.net.SocketException: Connection reset
06 Apr 2025 16:06:42,631 [Thread-4] ERROR ro.mpp2024.protocol.ServicesJsonProxy$ReaderThread 224 run - Reading error java.net.SocketException: Connection reset
06 Apr 2025 16:06:42,631 [Thread-4] ERROR ro.mpp2024.protocol.ServicesJsonProxy$ReaderThread 224 run - Reading error java.net.SocketException: Connection reset
06 Apr 2025 16:06:42,631 [Thread-4] ERROR ro.mpp2024.protocol.ServicesJsonProxy$ReaderThread 224 run - Reading error java.net.SocketException: Connection reset
06 Apr 2025 16:06:42,632 [Thread-4] ERROR ro.mpp2024.protocol.ServicesJsonProxy$ReaderThread 224 run - Reading error java.net.SocketException: Connection reset
06 Apr 2025 16:06:42,635 [Thread-4] ERROR ro.mpp2024.protocol.ServicesJsonProxy$ReaderThread 224 run - Reading error java.net.SocketException: Connection reset
06 Apr 2025 16:06:42,635 [Thread-4] ERROR ro.mpp2024.protocol.ServicesJsonProxy$ReaderThread 224 run - Reading error java.net.SocketException: Connection reset
06 Apr 2025 16:06:42,635 [Thread-4] ERROR ro.mpp2024.protocol.ServicesJsonProxy$ReaderThread 224 run - Reading error java.net.SocketException: Connection reset
06 Apr 2025 16:06:42,635 [Thread-4] ERROR ro.mpp2024.protocol.ServicesJsonProxy$ReaderThread 224 run - Reading error java.net.SocketException: Connection reset
06 Apr 2025 16:06:42,636 [Thread-4] ERROR ro.mpp2024.protocol.ServicesJsonProxy$ReaderThread 224 run - Reading error java.net.SocketException: Connection reset
06 Apr 2025 16:06:42,636 [Thread-4] ERROR ro.mpp2024.protocol.ServicesJsonProxy$ReaderThread 224 run - Reading error java.net.SocketException: Connection reset
06 Apr 2025 16:06:42,636 [Thread-4] ERROR ro.mpp2024.protocol.ServicesJsonProxy$ReaderThread 224 run - Reading error java.net.SocketException: Connection reset
06 Apr 2025 16:06:42,636 [Thread-4] ERROR ro.mpp2024.protocol.ServicesJsonProxy$ReaderThread 224 run - Reading error java.net.SocketException: Connection reset
06 Apr 2025 16:06:42,636 [Thread-4] ERROR ro.mpp2024.protocol.ServicesJsonProxy$ReaderThread 224 run - Reading error java.net.SocketException: Connection reset
06 Apr 2025 16:06:42,636 [Thread-4] ERROR ro.mpp2024.protocol.ServicesJsonProxy$ReaderThread 224 run - Reading error java.net.SocketException: Connection reset
06 Apr 2025 16:06:42,637 [Thread-4] ERROR ro.mpp2024.protocol.ServicesJsonProxy$ReaderThread 224 run - Reading error java.net.SocketException: Connection reset
06 Apr 2025 16:06:42,637 [Thread-4] ERROR ro.mpp2024.protocol.ServicesJsonProxy$ReaderThread 224 run - Reading error java.net.SocketException: Connection reset
06 Apr 2025 16:06:42,637 [Thread-4] ERROR ro.mpp2024.protocol.ServicesJsonProxy$ReaderThread 224 run - Reading error java.net.SocketException: Connection reset
06 Apr 2025 16:06:42,637 [Thread-4] ERROR ro.mpp2024.protocol.ServicesJsonProxy$ReaderThread 224 run - Reading error java.net.SocketException: Connection reset
06 Apr 2025 16:06:42,637 [Thread-4] ERROR ro.mpp2024.protocol.ServicesJsonProxy$ReaderThread 224 run - Reading error java.net.SocketException: Connection reset
06 Apr 2025 16:06:42,637 [Thread-4] ERROR ro.mpp2024.protocol.ServicesJsonProxy$ReaderThread 224 run - Reading error java.net.SocketException: Connection reset
06 Apr 2025 16:06:42,637 [Thread-4] ERROR ro.mpp2024.protocol.ServicesJsonProxy$ReaderThread 224 run - Reading error java.net.SocketException: Connection reset
06 Apr 2025 16:06:42,638 [Thread-4] ERROR ro.mpp2024.protocol.ServicesJsonProxy$ReaderThread 224 run - Reading error java.net.SocketException: Connection reset
06 Apr 2025 16:06:42,638 [Thread-4] ERROR ro.mpp2024.protocol.ServicesJsonProxy$ReaderThread 224 run - Reading error java.net.SocketException: Connection reset
06 Apr 2025 16:06:42,638 [Thread-4] ERROR ro.mpp2024.protocol.ServicesJsonProxy$ReaderThread 224 run - Reading error java.net.SocketException: Connection reset
06 Apr 2025 16:06:42,638 [Thread-4] ERROR ro.mpp2024.protocol.ServicesJsonProxy$ReaderThread 224 run - Reading error java.net.SocketException: Connection reset
06 Apr 2025 16:06:42,638 [Thread-4] ERROR ro.mpp2024.protocol.ServicesJsonProxy$ReaderThread 224 run - Reading error java.net.SocketException: Connection reset
06 Apr 2025 16:06:42,638 [Thread-4] ERROR ro.mpp2024.protocol.ServicesJsonProxy$ReaderThread 224 run - Reading error java.net.SocketException: Connection reset
06 Apr 2025 16:06:42,639 [Thread-4] ERROR ro.mpp2024.protocol.ServicesJsonProxy$ReaderThread 224 run - Reading error java.net.SocketException: Connection reset
06 Apr 2025 16:06:42,639 [Thread-4] ERROR ro.mpp2024.protocol.ServicesJsonProxy$ReaderThread 224 run - Reading error java.net.SocketException: Connection reset
06 Apr 2025 16:06:42,639 [Thread-4] ERROR ro.mpp2024.protocol.ServicesJsonProxy$ReaderThread 224 run - Reading error java.net.SocketException: Connection reset
06 Apr 2025 16:06:42,639 [Thread-4] ERROR ro.mpp2024.protocol.ServicesJsonProxy$ReaderThread 224 run - Reading error java.net.SocketException: Connection reset
06 Apr 2025 16:06:42,639 [Thread-4] ERROR ro.mpp2024.protocol.ServicesJsonProxy$ReaderThread 224 run - Reading error java.net.SocketException: Connection reset
06 Apr 2025 16:06:42,639 [Thread-4] ERROR ro.mpp2024.protocol.ServicesJsonProxy$ReaderThread 224 run - Reading error java.net.SocketException: Connection reset
06 Apr 2025 16:06:42,639 [Thread-4] ERROR ro.mpp2024.protocol.ServicesJsonProxy$ReaderThread 224 run - Reading error java.net.SocketException: Connection reset
06 Apr 2025 16:06:42,640 [Thread-4] ERROR ro.mpp2024.protocol.ServicesJsonProxy$ReaderThread 224 run - Reading error java.net.SocketException: Connection reset
06 Apr 2025 16:06:42,640 [Thread-4] ERROR ro.mpp2024.protocol.ServicesJsonProxy$ReaderThread 224 run - Reading error java.net.SocketException: Connection reset
06 Apr 2025 16:06:42,640 [Thread-4] ERROR ro.mpp2024.protocol.ServicesJsonProxy$ReaderThread 224 run - Reading error java.net.SocketException: Connection reset
06 Apr 2025 16:06:42,640 [Thread-4] ERROR ro.mpp2024.protocol.ServicesJsonProxy$ReaderThread 224 run - Reading error java.net.SocketException: Connection reset
06 Apr 2025 16:06:42,640 [Thread-4] ERROR ro.mpp2024.protocol.ServicesJsonProxy$ReaderThread 224 run - Reading error java.net.SocketException: Connection reset
06 Apr 2025 16:06:42,640 [Thread-4] ERROR ro.mpp2024.protocol.ServicesJsonProxy$ReaderThread 224 run - Reading error java.net.SocketException: Connection reset
06 Apr 2025 16:06:42,640 [Thread-4] ERROR ro.mpp2024.protocol.ServicesJsonProxy$ReaderThread 224 run - Reading error java.net.SocketException: Connection reset
06 Apr 2025 16:06:42,640 [Thread-4] ERROR ro.mpp2024.protocol.ServicesJsonProxy$ReaderThread 224 run - Reading error java.net.SocketException: Connection reset
06 Apr 2025 16:06:42,640 [Thread-4] ERROR ro.mpp2024.protocol.ServicesJsonProxy$ReaderThread 224 run - Reading error java.net.SocketException: Connection reset
06 Apr 2025 16:06:42,641 [Thread-4] ERROR ro.mpp2024.protocol.ServicesJsonProxy$ReaderThread 224 run - Reading error java.net.SocketException: Connection reset
06 Apr 2025 16:06:42,641 [Thread-4] ERROR ro.mpp2024.protocol.ServicesJsonProxy$ReaderThread 224 run - Reading error java.net.SocketException: Connection reset
06 Apr 2025 16:06:42,641 [Thread-4] ERROR ro.mpp2024.protocol.ServicesJsonProxy$ReaderThread 224 run - Reading error java.net.SocketException: Connection reset
06 Apr 2025 16:06:42,641 [Thread-4] ERROR ro.mpp2024.protocol.ServicesJsonProxy$ReaderThread 224 run - Reading error java.net.SocketException: Connection reset
06 Apr 2025 16:06:42,641 [Thread-4] ERROR ro.mpp2024.protocol.ServicesJsonProxy$ReaderThread 224 run - Reading error java.net.SocketException: Connection reset
06 Apr 2025 16:06:42,641 [Thread-4] ERROR ro.mpp2024.protocol.ServicesJsonProxy$ReaderThread 224 run - Reading error java.net.SocketException: Connection reset
06 Apr 2025 16:06:42,641 [Thread-4] ERROR ro.mpp2024.protocol.ServicesJsonProxy$ReaderThread 224 run - Reading error java.net.SocketException: Connection reset
06 Apr 2025 16:06:42,641 [Thread-4] ERROR ro.mpp2024.protocol.ServicesJsonProxy$ReaderThread 224 run - Reading error java.net.SocketException: Connection reset
06 Apr 2025 16:06:42,641 [Thread-4] ERROR ro.mpp2024.protocol.ServicesJsonProxy$ReaderThread 224 run - Reading error java.net.SocketException: Connection reset
06 Apr 2025 16:06:42,641 [Thread-4] ERROR ro.mpp2024.protocol.ServicesJsonProxy$ReaderThread 224 run - Reading error java.net.SocketException: Connection reset
06 Apr 2025 16:06:42,642 [Thread-4] ERROR ro.mpp2024.protocol.ServicesJsonProxy$ReaderThread 224 run - Reading error java.net.SocketException: Connection reset
06 Apr 2025 16:06:42,642 [Thread-4] ERROR ro.mpp2024.protocol.ServicesJsonProxy$ReaderThread 224 run - Reading error java.net.SocketException: Connection reset
06 Apr 2025 16:06:42,642 [Thread-4] ERROR ro.mpp2024.protocol.ServicesJsonProxy$ReaderThread 224 run - Reading error java.net.SocketException: Connection reset
06 Apr 2025 16:06:42,642 [Thread-4] ERROR ro.mpp2024.protocol.ServicesJsonProxy$ReaderThread 224 run - Reading error java.net.SocketException: Connection reset
06 Apr 2025 16:06:42,642 [Thread-4] ERROR ro.mpp2024.protocol.ServicesJsonProxy$ReaderThread 224 run - Reading error java.net.SocketException: Connection reset
06 Apr 2025 16:06:42,642 [Thread-4] ERROR ro.mpp2024.protocol.ServicesJsonProxy$ReaderThread 224 run - Reading error java.net.SocketException: Connection reset
06 Apr 2025 16:06:42,642 [Thread-4] ERROR ro.mpp2024.protocol.ServicesJsonProxy$ReaderThread 224 run - Reading error java.net.SocketException: Connection reset
06 Apr 2025 16:06:42,642 [Thread-4] ERROR ro.mpp2024.protocol.ServicesJsonProxy$ReaderThread 224 run - Reading error java.net.SocketException: Connection reset
06 Apr 2025 16:06:42,642 [Thread-4] ERROR ro.mpp2024.protocol.ServicesJsonProxy$ReaderThread 224 run - Reading error java.net.SocketException: Connection reset
06 Apr 2025 16:06:42,642 [Thread-4] ERROR ro.mpp2024.protocol.ServicesJsonProxy$ReaderThread 224 run - Reading error java.net.SocketException: Connection reset
06 Apr 2025 16:06:42,643 [Thread-4] ERROR ro.mpp2024.protocol.ServicesJsonProxy$ReaderThread 224 run - Reading error java.net.SocketException: Connection reset
06 Apr 2025 16:06:42,643 [Thread-4] ERROR ro.mpp2024.protocol.ServicesJsonProxy$ReaderThread 224 run - Reading error java.net.SocketException: Connection reset
06 Apr 2025 16:06:42,643 [Thread-4] ERROR ro.mpp2024.protocol.ServicesJsonProxy$ReaderThread 224 run - Reading error java.net.SocketException: Connection reset
06 Apr 2025 16:06:42,643 [Thread-4] ERROR ro.mpp2024.protocol.ServicesJsonProxy$ReaderThread 224 run - Reading error java.net.SocketException: Connection reset
06 Apr 2025 16:06:42,643 [Thread-4] ERROR ro.mpp2024.protocol.ServicesJsonProxy$ReaderThread 224 run - Reading error java.net.SocketException: Connection reset
06 Apr 2025 16:06:42,643 [Thread-4] ERROR ro.mpp2024.protocol.ServicesJsonProxy$ReaderThread 224 run - Reading error java.net.SocketException: Connection reset
06 Apr 2025 16:06:42,643 [Thread-4] ERROR ro.mpp2024.protocol.ServicesJsonProxy$ReaderThread 224 run - Reading error java.net.SocketException: Connection reset
06 Apr 2025 16:06:42,643 [Thread-4] ERROR ro.mpp2024.protocol.ServicesJsonProxy$ReaderThread 224 run - Reading error java.net.SocketException: Connection reset
06 Apr 2025 16:06:42,643 [Thread-4] ERROR ro.mpp2024.protocol.ServicesJsonProxy$ReaderThread 224 run - Reading error java.net.SocketException: Connection reset
06 Apr 2025 16:06:42,643 [Thread-4] ERROR ro.mpp2024.protocol.ServicesJsonProxy$ReaderThread 224 run - Reading error java.net.SocketException: Connection reset
06 Apr 2025 16:06:42,644 [Thread-4] ERROR ro.mpp2024.protocol.ServicesJsonProxy$ReaderThread 224 run - Reading error java.net.SocketException: Connection reset
06 Apr 2025 16:06:42,644 [Thread-4] ERROR ro.mpp2024.protocol.ServicesJsonProxy$ReaderThread 224 run - Reading error java.net.SocketException: Connection reset
06 Apr 2025 16:06:42,644 [Thread-4] ERROR ro.mpp2024.protocol.ServicesJsonProxy$ReaderThread 224 run - Reading error java.net.SocketException: Connection reset
06 Apr 2025 16:06:42,644 [Thread-4] ERROR ro.mpp2024.protocol.ServicesJsonProxy$ReaderThread 224 run - Reading error java.net.SocketException: Connection reset
06 Apr 2025 16:06:42,644 [Thread-4] ERROR ro.mpp2024.protocol.ServicesJsonProxy$ReaderThread 224 run - Reading error java.net.SocketException: Connection reset
06 Apr 2025 16:06:42,644 [Thread-4] ERROR ro.mpp2024.protocol.ServicesJsonProxy$ReaderThread 224 run - Reading error java.net.SocketException: Connection reset
06 Apr 2025 16:06:42,644 [Thread-4] ERROR ro.mpp2024.protocol.ServicesJsonProxy$ReaderThread 224 run - Reading error java.net.SocketException: Connection reset
06 Apr 2025 16:06:42,644 [Thread-4] ERROR ro.mpp2024.protocol.ServicesJsonProxy$ReaderThread 224 run - Reading error java.net.SocketException: Connection reset
06 Apr 2025 16:06:42,644 [Thread-4] ERROR ro.mpp2024.protocol.ServicesJsonProxy$ReaderThread 224 run - Reading error java.net.SocketException: Connection reset
06 Apr 2025 16:06:42,644 [Thread-4] ERROR ro.mpp2024.protocol.ServicesJsonProxy$ReaderThread 224 run - Reading error java.net.SocketException: Connection reset
06 Apr 2025 16:06:42,645 [Thread-4] ERROR ro.mpp2024.protocol.ServicesJsonProxy$ReaderThread 224 run - Reading error java.net.SocketException: Connection reset
06 Apr 2025 16:06:42,645 [Thread-4] ERROR ro.mpp2024.protocol.ServicesJsonProxy$ReaderThread 224 run - Reading error java.net.SocketException: Connection reset
06 Apr 2025 16:06:42,645 [Thread-4] ERROR ro.mpp2024.protocol.ServicesJsonProxy$ReaderThread 224 run - Reading error java.net.SocketException: Connection reset
06 Apr 2025 16:06:42,645 [Thread-4] ERROR ro.mpp2024.protocol.ServicesJsonProxy$ReaderThread 224 run - Reading error java.net.SocketException: Connection reset
06 Apr 2025 16:06:42,645 [Thread-4] ERROR ro.mpp2024.protocol.ServicesJsonProxy$ReaderThread 224 run - Reading error java.net.SocketException: Connection reset
06 Apr 2025 16:06:42,645 [Thread-4] ERROR ro.mpp2024.protocol.ServicesJsonProxy$ReaderThread 224 run - Reading error java.net.SocketException: Connection reset
06 Apr 2025 16:06:42,646 [Thread-4] ERROR ro.mpp2024.protocol.ServicesJsonProxy$ReaderThread 224 run - Reading error java.net.SocketException: Connection reset
06 Apr 2025 16:06:42,646 [Thread-4] ERROR ro.mpp2024.protocol.ServicesJsonProxy$ReaderThread 224 run - Reading error java.net.SocketException: Connection reset
06 Apr 2025 16:06:42,646 [Thread-4] ERROR ro.mpp2024.protocol.ServicesJsonProxy$ReaderThread 224 run - Reading error java.net.SocketException: Connection reset
06 Apr 2025 16:06:42,646 [Thread-4] ERROR ro.mpp2024.protocol.ServicesJsonProxy$ReaderThread 224 run - Reading error java.net.SocketException: Connection reset
06 Apr 2025 16:06:42,646 [Thread-4] ERROR ro.mpp2024.protocol.ServicesJsonProxy$ReaderThread 224 run - Reading error java.net.SocketException: Connection reset
06 Apr 2025 16:06:42,646 [Thread-4] ERROR ro.mpp2024.protocol.ServicesJsonProxy$ReaderThread 224 run - Reading error java.net.SocketException: Connection reset
06 Apr 2025 16:06:42,646 [Thread-4] ERROR ro.mpp2024.protocol.ServicesJsonProxy$ReaderThread 224 run - Reading error java.net.SocketException: Connection reset
06 Apr 2025 16:06:42,647 [Thread-4] ERROR ro.mpp2024.protocol.ServicesJsonProxy$ReaderThread 224 run - Reading error java.net.SocketException: Connection reset
06 Apr 2025 16:06:42,647 [Thread-4] ERROR ro.mpp2024.protocol.ServicesJsonProxy$ReaderThread 224 run - Reading error java.net.SocketException: Connection reset
06 Apr 2025 16:06:42,647 [Thread-4] ERROR ro.mpp2024.protocol.ServicesJsonProxy$ReaderThread 224 run - Reading error java.net.SocketException: Connection reset
06 Apr 2025 16:06:42,647 [Thread-4] ERROR ro.mpp2024.protocol.ServicesJsonProxy$ReaderThread 224 run - Reading error java.net.SocketException: Connection reset
06 Apr 2025 16:06:42,647 [Thread-4] ERROR ro.mpp2024.protocol.ServicesJsonProxy$ReaderThread 224 run - Reading error java.net.SocketException: Connection reset
06 Apr 2025 16:06:42,647 [Thread-4] ERROR ro.mpp2024.protocol.ServicesJsonProxy$ReaderThread 224 run - Reading error java.net.SocketException: Connection reset
06 Apr 2025 16:06:42,647 [Thread-4] ERROR ro.mpp2024.protocol.ServicesJsonProxy$ReaderThread 224 run - Reading error java.net.SocketException: Connection reset
06 Apr 2025 16:06:42,647 [Thread-4] ERROR ro.mpp2024.protocol.ServicesJsonProxy$ReaderThread 224 run - Reading error java.net.SocketException: Connection reset
06 Apr 2025 16:06:42,647 [Thread-4] ERROR ro.mpp2024.protocol.ServicesJsonProxy$ReaderThread 224 run - Reading error java.net.SocketException: Connection reset
06 Apr 2025 16:06:42,647 [Thread-4] ERROR ro.mpp2024.protocol.ServicesJsonProxy$ReaderThread 224 run - Reading error java.net.SocketException: Connection reset
06 Apr 2025 16:06:42,647 [Thread-4] ERROR ro.mpp2024.protocol.ServicesJsonProxy$ReaderThread 224 run - Reading error java.net.SocketException: Connection reset
06 Apr 2025 16:06:42,648 [Thread-4] ERROR ro.mpp2024.protocol.ServicesJsonProxy$ReaderThread 224 run - Reading error java.net.SocketException: Connection reset
06 Apr 2025 16:06:42,648 [Thread-4] ERROR ro.mpp2024.protocol.ServicesJsonProxy$ReaderThread 224 run - Reading error java.net.SocketException: Connection reset
06 Apr 2025 16:06:42,648 [Thread-4] ERROR ro.mpp2024.protocol.ServicesJsonProxy$ReaderThread 224 run - Reading error java.net.SocketException: Connection reset
06 Apr 2025 16:06:42,648 [Thread-4] ERROR ro.mpp2024.protocol.ServicesJsonProxy$ReaderThread 224 run - Reading error java.net.SocketException: Connection reset
06 Apr 2025 16:06:42,648 [Thread-4] ERROR ro.mpp2024.protocol.ServicesJsonProxy$ReaderThread 224 run - Reading error java.net.SocketException: Connection reset
06 Apr 2025 16:06:42,648 [Thread-4] ERROR ro.mpp2024.protocol.ServicesJsonProxy$ReaderThread 224 run - Reading error java.net.SocketException: Connection reset
06 Apr 2025 16:06:42,648 [Thread-4] ERROR ro.mpp2024.protocol.ServicesJsonProxy$ReaderThread 224 run - Reading error java.net.SocketException: Connection reset
06 Apr 2025 16:06:42,648 [Thread-4] ERROR ro.mpp2024.protocol.ServicesJsonProxy$ReaderThread 224 run - Reading error java.net.SocketException: Connection reset
06 Apr 2025 16:06:42,648 [Thread-4] ERROR ro.mpp2024.protocol.ServicesJsonProxy$ReaderThread 224 run - Reading error java.net.SocketException: Connection reset
06 Apr 2025 16:06:42,648 [Thread-4] ERROR ro.mpp2024.protocol.ServicesJsonProxy$ReaderThread 224 run - Reading error java.net.SocketException: Connection reset
06 Apr 2025 16:06:42,648 [Thread-4] ERROR ro.mpp2024.protocol.ServicesJsonProxy$ReaderThread 224 run - Reading error java.net.SocketException: Connection reset
06 Apr 2025 16:06:42,649 [Thread-4] ERROR ro.mpp2024.protocol.ServicesJsonProxy$ReaderThread 224 run - Reading error java.net.SocketException: Connection reset
06 Apr 2025 16:06:42,649 [Thread-4] ERROR ro.mpp2024.protocol.ServicesJsonProxy$ReaderThread 224 run - Reading error java.net.SocketException: Connection reset
06 Apr 2025 16:06:42,649 [Thread-4] ERROR ro.mpp2024.protocol.ServicesJsonProxy$ReaderThread 224 run - Reading error java.net.SocketException: Connection reset
06 Apr 2025 16:06:42,650 [Thread-4] ERROR ro.mpp2024.protocol.ServicesJsonProxy$ReaderThread 224 run - Reading error java.net.SocketException: Connection reset
06 Apr 2025 16:06:42,650 [Thread-4] ERROR ro.mpp2024.protocol.ServicesJsonProxy$ReaderThread 224 run - Reading error java.net.SocketException: Connection reset
06 Apr 2025 16:06:42,650 [Thread-4] ERROR ro.mpp2024.protocol.ServicesJsonProxy$ReaderThread 224 run - Reading error java.net.SocketException: Connection reset
06 Apr 2025 16:06:42,650 [Thread-4] ERROR ro.mpp2024.protocol.ServicesJsonProxy$ReaderThread 224 run - Reading error java.net.SocketException: Connection reset
06 Apr 2025 16:06:42,650 [Thread-4] ERROR ro.mpp2024.protocol.ServicesJsonProxy$ReaderThread 224 run - Reading error java.net.SocketException: Connection reset
06 Apr 2025 16:06:42,650 [Thread-4] ERROR ro.mpp2024.protocol.ServicesJsonProxy$ReaderThread 224 run - Reading error java.net.SocketException: Connection reset
06 Apr 2025 16:06:42,650 [Thread-4] ERROR ro.mpp2024.protocol.ServicesJsonProxy$ReaderThread 224 run - Reading error java.net.SocketException: Connection reset
06 Apr 2025 16:06:42,650 [Thread-4] ERROR ro.mpp2024.protocol.ServicesJsonProxy$ReaderThread 224 run - Reading error java.net.SocketException: Connection reset
06 Apr 2025 16:06:42,650 [Thread-4] ERROR ro.mpp2024.protocol.ServicesJsonProxy$ReaderThread 224 run - Reading error java.net.SocketException: Connection reset
06 Apr 2025 16:06:42,650 [Thread-4] ERROR ro.mpp2024.protocol.ServicesJsonProxy$ReaderThread 224 run - Reading error java.net.SocketException: Connection reset
06 Apr 2025 16:06:42,650 [Thread-4] ERROR ro.mpp2024.protocol.ServicesJsonProxy$ReaderThread 224 run - Reading error java.net.SocketException: Connection reset
06 Apr 2025 16:06:42,651 [Thread-4] ERROR ro.mpp2024.protocol.ServicesJsonProxy$ReaderThread 224 run - Reading error java.net.SocketException: Connection reset
06 Apr 2025 16:06:42,651 [Thread-4] ERROR ro.mpp2024.protocol.ServicesJsonProxy$ReaderThread 224 run - Reading error java.net.SocketException: Connection reset
06 Apr 2025 16:06:42,651 [Thread-4] ERROR ro.mpp2024.protocol.ServicesJsonProxy$ReaderThread 224 run - Reading error java.net.SocketException: Connection reset
06 Apr 2025 16:06:42,651 [Thread-4] ERROR ro.mpp2024.protocol.ServicesJsonProxy$ReaderThread 224 run - Reading error java.net.SocketException: Connection reset
06 Apr 2025 16:06:42,651 [Thread-4] ERROR ro.mpp2024.protocol.ServicesJsonProxy$ReaderThread 224 run - Reading error java.net.SocketException: Connection reset
06 Apr 2025 16:06:42,651 [Thread-4] ERROR ro.mpp2024.protocol.ServicesJsonProxy$ReaderThread 224 run - Reading error java.net.SocketException: Connection reset
06 Apr 2025 16:06:42,651 [Thread-4] ERROR ro.mpp2024.protocol.ServicesJsonProxy$ReaderThread 224 run - Reading error java.net.SocketException: Connection reset
06 Apr 2025 16:06:42,651 [Thread-4] ERROR ro.mpp2024.protocol.ServicesJsonProxy$ReaderThread 224 run - Reading error java.net.SocketException: Connection reset
06 Apr 2025 16:06:42,651 [Thread-4] ERROR ro.mpp2024.protocol.ServicesJsonProxy$ReaderThread 224 run - Reading error java.net.SocketException: Connection reset
06 Apr 2025 16:06:42,652 [Thread-4] ERROR ro.mpp2024.protocol.ServicesJsonProxy$ReaderThread 224 run - Reading error java.net.SocketException: Connection reset
06 Apr 2025 16:06:42,652 [Thread-4] ERROR ro.mpp2024.protocol.ServicesJsonProxy$ReaderThread 224 run - Reading error java.net.SocketException: Connection reset
06 Apr 2025 16:06:42,652 [Thread-4] ERROR ro.mpp2024.protocol.ServicesJsonProxy$ReaderThread 224 run - Reading error java.net.SocketException: Connection reset
06 Apr 2025 16:06:42,652 [Thread-4] ERROR ro.mpp2024.protocol.ServicesJsonProxy$ReaderThread 224 run - Reading error java.net.SocketException: Connection reset
06 Apr 2025 16:06:42,652 [Thread-4] ERROR ro.mpp2024.protocol.ServicesJsonProxy$ReaderThread 224 run - Reading error java.net.SocketException: Connection reset
06 Apr 2025 16:06:42,652 [Thread-4] ERROR ro.mpp2024.protocol.ServicesJsonProxy$ReaderThread 224 run - Reading error java.net.SocketException: Connection reset
06 Apr 2025 16:06:42,652 [Thread-4] ERROR ro.mpp2024.protocol.ServicesJsonProxy$ReaderThread 224 run - Reading error java.net.SocketException: Connection reset
06 Apr 2025 16:06:42,652 [Thread-4] ERROR ro.mpp2024.protocol.ServicesJsonProxy$ReaderThread 224 run - Reading error java.net.SocketException: Connection reset
06 Apr 2025 16:06:42,652 [Thread-4] ERROR ro.mpp2024.protocol.ServicesJsonProxy$ReaderThread 224 run - Reading error java.net.SocketException: Connection reset
06 Apr 2025 16:06:42,652 [Thread-4] ERROR ro.mpp2024.protocol.ServicesJsonProxy$ReaderThread 224 run - Reading error java.net.SocketException: Connection reset
06 Apr 2025 16:06:42,652 [Thread-4] ERROR ro.mpp2024.protocol.ServicesJsonProxy$ReaderThread 224 run - Reading error java.net.SocketException: Connection reset
06 Apr 2025 16:06:42,652 [Thread-4] ERROR ro.mpp2024.protocol.ServicesJsonProxy$ReaderThread 224 run - Reading error java.net.SocketException: Connection reset
06 Apr 2025 16:06:42,653 [Thread-4] ERROR ro.mpp2024.protocol.ServicesJsonProxy$ReaderThread 224 run - Reading error java.net.SocketException: Connection reset
06 Apr 2025 16:06:42,653 [Thread-4] ERROR ro.mpp2024.protocol.ServicesJsonProxy$ReaderThread 224 run - Reading error java.net.SocketException: Connection reset
06 Apr 2025 16:06:42,653 [Thread-4] ERROR ro.mpp2024.protocol.ServicesJsonProxy$ReaderThread 224 run - Reading error java.net.SocketException: Connection reset
06 Apr 2025 16:06:42,653 [Thread-4] ERROR ro.mpp2024.protocol.ServicesJsonProxy$ReaderThread 224 run - Reading error java.net.SocketException: Connection reset
06 Apr 2025 16:06:42,653 [Thread-4] ERROR ro.mpp2024.protocol.ServicesJsonProxy$ReaderThread 224 run - Reading error java.net.SocketException: Connection reset
06 Apr 2025 16:06:42,653 [Thread-4] ERROR ro.mpp2024.protocol.ServicesJsonProxy$ReaderThread 224 run - Reading error java.net.SocketException: Connection reset
06 Apr 2025 16:06:42,653 [Thread-4] ERROR ro.mpp2024.protocol.ServicesJsonProxy$ReaderThread 224 run - Reading error java.net.SocketException: Connection reset
06 Apr 2025 16:06:42,653 [Thread-4] ERROR ro.mpp2024.protocol.ServicesJsonProxy$ReaderThread 224 run - Reading error java.net.SocketException: Connection reset
06 Apr 2025 16:06:42,653 [Thread-4] ERROR ro.mpp2024.protocol.ServicesJsonProxy$ReaderThread 224 run - Reading error java.net.SocketException: Connection reset
06 Apr 2025 16:06:42,653 [Thread-4] ERROR ro.mpp2024.protocol.ServicesJsonProxy$ReaderThread 224 run - Reading error java.net.SocketException: Connection reset
06 Apr 2025 16:06:42,653 [Thread-4] ERROR ro.mpp2024.protocol.ServicesJsonProxy$ReaderThread 224 run - Reading error java.net.SocketException: Connection reset
06 Apr 2025 16:06:42,653 [Thread-4] ERROR ro.mpp2024.protocol.ServicesJsonProxy$ReaderThread 224 run - Reading error java.net.SocketException: Connection reset
06 Apr 2025 16:06:42,654 [Thread-4] ERROR ro.mpp2024.protocol.ServicesJsonProxy$ReaderThread 224 run - Reading error java.net.SocketException: Connection reset
06 Apr 2025 16:06:42,654 [Thread-4] ERROR ro.mpp2024.protocol.ServicesJsonProxy$ReaderThread 224 run - Reading error java.net.SocketException: Connection reset
06 Apr 2025 16:06:42,654 [Thread-4] ERROR ro.mpp2024.protocol.ServicesJsonProxy$ReaderThread 224 run - Reading error java.net.SocketException: Connection reset
06 Apr 2025 16:06:42,654 [Thread-4] ERROR ro.mpp2024.protocol.ServicesJsonProxy$ReaderThread 224 run - Reading error java.net.SocketException: Connection reset
06 Apr 2025 16:06:42,654 [Thread-4] ERROR ro.mpp2024.protocol.ServicesJsonProxy$ReaderThread 224 run - Reading error java.net.SocketException: Connection reset
06 Apr 2025 16:06:42,654 [Thread-4] ERROR ro.mpp2024.protocol.ServicesJsonProxy$ReaderThread 224 run - Reading error java.net.SocketException: Connection reset
06 Apr 2025 16:06:42,654 [Thread-4] ERROR ro.mpp2024.protocol.ServicesJsonProxy$ReaderThread 224 run - Reading error java.net.SocketException: Connection reset
06 Apr 2025 16:06:42,654 [Thread-4] ERROR ro.mpp2024.protocol.ServicesJsonProxy$ReaderThread 224 run - Reading error java.net.SocketException: Connection reset
06 Apr 2025 16:06:42,654 [Thread-4] ERROR ro.mpp2024.protocol.ServicesJsonProxy$ReaderThread 224 run - Reading error java.net.SocketException: Connection reset
06 Apr 2025 16:06:42,654 [Thread-4] ERROR ro.mpp2024.protocol.ServicesJsonProxy$ReaderThread 224 run - Reading error java.net.SocketException: Connection reset
06 Apr 2025 16:06:42,654 [Thread-4] ERROR ro.mpp2024.protocol.ServicesJsonProxy$ReaderThread 224 run - Reading error java.net.SocketException: Connection reset
06 Apr 2025 16:06:42,654 [Thread-4] ERROR ro.mpp2024.protocol.ServicesJsonProxy$ReaderThread 224 run - Reading error java.net.SocketException: Connection reset
06 Apr 2025 16:06:42,655 [Thread-4] ERROR ro.mpp2024.protocol.ServicesJsonProxy$ReaderThread 224 run - Reading error java.net.SocketException: Connection reset
06 Apr 2025 16:06:42,655 [Thread-4] ERROR ro.mpp2024.protocol.ServicesJsonProxy$ReaderThread 224 run - Reading error java.net.SocketException: Connection reset
06 Apr 2025 16:06:42,655 [Thread-4] ERROR ro.mpp2024.protocol.ServicesJsonProxy$ReaderThread 224 run - Reading error java.net.SocketException: Connection reset
06 Apr 2025 16:06:42,655 [Thread-4] ERROR ro.mpp2024.protocol.ServicesJsonProxy$ReaderThread 224 run - Reading error java.net.SocketException: Connection reset
06 Apr 2025 16:06:42,655 [Thread-4] ERROR ro.mpp2024.protocol.ServicesJsonProxy$ReaderThread 224 run - Reading error java.net.SocketException: Connection reset
06 Apr 2025 16:06:42,655 [Thread-4] ERROR ro.mpp2024.protocol.ServicesJsonProxy$ReaderThread 224 run - Reading error java.net.SocketException: Connection reset
06 Apr 2025 16:06:42,655 [Thread-4] ERROR ro.mpp2024.protocol.ServicesJsonProxy$ReaderThread 224 run - Reading error java.net.SocketException: Connection reset
06 Apr 2025 16:06:42,655 [Thread-4] ERROR ro.mpp2024.protocol.ServicesJsonProxy$ReaderThread 224 run - Reading error java.net.SocketException: Connection reset
06 Apr 2025 16:06:42,655 [Thread-4] ERROR ro.mpp2024.protocol.ServicesJsonProxy$ReaderThread 224 run - Reading error java.net.SocketException: Connection reset
06 Apr 2025 16:06:42,655 [Thread-4] ERROR ro.mpp2024.protocol.ServicesJsonProxy$ReaderThread 224 run - Reading error java.net.SocketException: Connection reset
06 Apr 2025 16:06:42,655 [Thread-4] ERROR ro.mpp2024.protocol.ServicesJsonProxy$ReaderThread 224 run - Reading error java.net.SocketException: Connection reset
06 Apr 2025 16:06:42,655 [Thread-4] ERROR ro.mpp2024.protocol.ServicesJsonProxy$ReaderThread 224 run - Reading error java.net.SocketException: Connection reset
06 Apr 2025 16:06:42,655 [Thread-4] ERROR ro.mpp2024.protocol.ServicesJsonProxy$ReaderThread 224 run - Reading error java.net.SocketException: Connection reset
06 Apr 2025 16:06:42,656 [Thread-4] ERROR ro.mpp2024.protocol.ServicesJsonProxy$ReaderThread 224 run - Reading error java.net.SocketException: Connection reset
06 Apr 2025 16:06:42,656 [Thread-4] ERROR ro.mpp2024.protocol.ServicesJsonProxy$ReaderThread 224 run - Reading error java.net.SocketException: Connection reset
06 Apr 2025 16:06:42,656 [Thread-4] ERROR ro.mpp2024.protocol.ServicesJsonProxy$ReaderThread 224 run - Reading error java.net.SocketException: Connection reset
06 Apr 2025 16:06:42,656 [Thread-4] ERROR ro.mpp2024.protocol.ServicesJsonProxy$ReaderThread 224 run - Reading error java.net.SocketException: Connection reset
06 Apr 2025 16:06:42,656 [Thread-4] ERROR ro.mpp2024.protocol.ServicesJsonProxy$ReaderThread 224 run - Reading error java.net.SocketException: Connection reset
06 Apr 2025 16:06:42,656 [Thread-4] ERROR ro.mpp2024.protocol.ServicesJsonProxy$ReaderThread 224 run - Reading error java.net.SocketException: Connection reset
06 Apr 2025 16:06:42,656 [Thread-4] ERROR ro.mpp2024.protocol.ServicesJsonProxy$ReaderThread 224 run - Reading error java.net.SocketException: Connection reset
06 Apr 2025 16:06:42,656 [Thread-4] ERROR ro.mpp2024.protocol.ServicesJsonProxy$ReaderThread 224 run - Reading error java.net.SocketException: Connection reset
06 Apr 2025 16:06:42,656 [Thread-4] ERROR ro.mpp2024.protocol.ServicesJsonProxy$ReaderThread 224 run - Reading error java.net.SocketException: Connection reset
06 Apr 2025 16:06:42,656 [Thread-4] ERROR ro.mpp2024.protocol.ServicesJsonProxy$ReaderThread 224 run - Reading error java.net.SocketException: Connection reset
06 Apr 2025 16:06:42,656 [Thread-4] ERROR ro.mpp2024.protocol.ServicesJsonProxy$ReaderThread 224 run - Reading error java.net.SocketException: Connection reset
06 Apr 2025 16:06:42,656 [Thread-4] ERROR ro.mpp2024.protocol.ServicesJsonProxy$ReaderThread 224 run - Reading error java.net.SocketException: Connection reset
06 Apr 2025 16:06:42,656 [Thread-4] ERROR ro.mpp2024.protocol.ServicesJsonProxy$ReaderThread 224 run - Reading error java.net.SocketException: Connection reset
06 Apr 2025 16:06:42,657 [Thread-4] ERROR ro.mpp2024.protocol.ServicesJsonProxy$ReaderThread 224 run - Reading error java.net.SocketException: Connection reset
06 Apr 2025 16:06:42,657 [Thread-4] ERROR ro.mpp2024.protocol.ServicesJsonProxy$ReaderThread 224 run - Reading error java.net.SocketException: Connection reset
06 Apr 2025 16:06:42,657 [Thread-4] ERROR ro.mpp2024.protocol.ServicesJsonProxy$ReaderThread 224 run - Reading error java.net.SocketException: Connection reset
06 Apr 2025 16:06:42,657 [Thread-4] ERROR ro.mpp2024.protocol.ServicesJsonProxy$ReaderThread 224 run - Reading error java.net.SocketException: Connection reset
06 Apr 2025 16:06:42,657 [Thread-4] ERROR ro.mpp2024.protocol.ServicesJsonProxy$ReaderThread 224 run - Reading error java.net.SocketException: Connection reset
06 Apr 2025 16:06:42,657 [Thread-4] ERROR ro.mpp2024.protocol.ServicesJsonProxy$ReaderThread 224 run - Reading error java.net.SocketException: Connection reset
06 Apr 2025 16:06:42,657 [Thread-4] ERROR ro.mpp2024.protocol.ServicesJsonProxy$ReaderThread 224 run - Reading error java.net.SocketException: Connection reset
06 Apr 2025 16:06:42,657 [Thread-4] ERROR ro.mpp2024.protocol.ServicesJsonProxy$ReaderThread 224 run - Reading error java.net.SocketException: Connection reset
06 Apr 2025 16:06:42,657 [Thread-4] ERROR ro.mpp2024.protocol.ServicesJsonProxy$ReaderThread 224 run - Reading error java.net.SocketException: Connection reset
06 Apr 2025 16:06:42,657 [Thread-4] ERROR ro.mpp2024.protocol.ServicesJsonProxy$ReaderThread 224 run - Reading error java.net.SocketException: Connection reset
06 Apr 2025 16:06:42,657 [Thread-4] ERROR ro.mpp2024.protocol.ServicesJsonProxy$ReaderThread 224 run - Reading error java.net.SocketException: Connection reset
06 Apr 2025 16:06:42,658 [Thread-4] ERROR ro.mpp2024.protocol.ServicesJsonProxy$ReaderThread 224 run - Reading error java.net.SocketException: Connection reset
06 Apr 2025 16:06:42,658 [Thread-4] ERROR ro.mpp2024.protocol.ServicesJsonProxy$ReaderThread 224 run - Reading error java.net.SocketException: Connection reset
06 Apr 2025 16:06:42,658 [Thread-4] ERROR ro.mpp2024.protocol.ServicesJsonProxy$ReaderThread 224 run - Reading error java.net.SocketException: Connection reset
06 Apr 2025 16:06:42,658 [Thread-4] ERROR ro.mpp2024.protocol.ServicesJsonProxy$ReaderThread 224 run - Reading error java.net.SocketException: Connection reset
06 Apr 2025 16:06:42,658 [Thread-4] ERROR ro.mpp2024.protocol.ServicesJsonProxy$ReaderThread 224 run - Reading error java.net.SocketException: Connection reset
06 Apr 2025 16:06:42,658 [Thread-4] ERROR ro.mpp2024.protocol.ServicesJsonProxy$ReaderThread 224 run - Reading error java.net.SocketException: Connection reset
06 Apr 2025 16:06:42,658 [Thread-4] ERROR ro.mpp2024.protocol.ServicesJsonProxy$ReaderThread 224 run - Reading error java.net.SocketException: Connection reset
06 Apr 2025 16:06:42,658 [Thread-4] ERROR ro.mpp2024.protocol.ServicesJsonProxy$ReaderThread 224 run - Reading error java.net.SocketException: Connection reset
06 Apr 2025 16:06:42,658 [Thread-4] ERROR ro.mpp2024.protocol.ServicesJsonProxy$ReaderThread 224 run - Reading error java.net.SocketException: Connection reset
06 Apr 2025 16:06:42,659 [Thread-4] ERROR ro.mpp2024.protocol.ServicesJsonProxy$ReaderThread 224 run - Reading error java.net.SocketException: Connection reset
06 Apr 2025 16:06:42,659 [Thread-4] ERROR ro.mpp2024.protocol.ServicesJsonProxy$ReaderThread 224 run - Reading error java.net.SocketException: Connection reset
06 Apr 2025 16:06:42,659 [Thread-4] ERROR ro.mpp2024.protocol.ServicesJsonProxy$ReaderThread 224 run - Reading error java.net.SocketException: Connection reset
06 Apr 2025 16:06:42,659 [Thread-4] ERROR ro.mpp2024.protocol.ServicesJsonProxy$ReaderThread 224 run - Reading error java.net.SocketException: Connection reset
06 Apr 2025 16:06:42,659 [Thread-4] ERROR ro.mpp2024.protocol.ServicesJsonProxy$ReaderThread 224 run - Reading error java.net.SocketException: Connection reset
06 Apr 2025 16:06:42,659 [Thread-4] ERROR ro.mpp2024.protocol.ServicesJsonProxy$ReaderThread 224 run - Reading error java.net.SocketException: Connection reset
06 Apr 2025 16:06:42,659 [Thread-4] ERROR ro.mpp2024.protocol.ServicesJsonProxy$ReaderThread 224 run - Reading error java.net.SocketException: Connection reset
06 Apr 2025 16:06:42,659 [Thread-4] ERROR ro.mpp2024.protocol.ServicesJsonProxy$ReaderThread 224 run - Reading error java.net.SocketException: Connection reset
06 Apr 2025 16:06:42,659 [Thread-4] ERROR ro.mpp2024.protocol.ServicesJsonProxy$ReaderThread 224 run - Reading error java.net.SocketException: Connection reset
06 Apr 2025 16:06:42,659 [Thread-4] ERROR ro.mpp2024.protocol.ServicesJsonProxy$ReaderThread 224 run - Reading error java.net.SocketException: Connection reset
06 Apr 2025 16:06:42,659 [Thread-4] ERROR ro.mpp2024.protocol.ServicesJsonProxy$ReaderThread 224 run - Reading error java.net.SocketException: Connection reset
06 Apr 2025 16:06:42,659 [Thread-4] ERROR ro.mpp2024.protocol.ServicesJsonProxy$ReaderThread 224 run - Reading error java.net.SocketException: Connection reset
06 Apr 2025 16:06:42,659 [Thread-4] ERROR ro.mpp2024.protocol.ServicesJsonProxy$ReaderThread 224 run - Reading error java.net.SocketException: Connection reset
06 Apr 2025 16:06:42,660 [Thread-4] ERROR ro.mpp2024.protocol.ServicesJsonProxy$ReaderThread 224 run - Reading error java.net.SocketException: Connection reset
06 Apr 2025 16:06:42,660 [Thread-4] ERROR ro.mpp2024.protocol.ServicesJsonProxy$ReaderThread 224 run - Reading error java.net.SocketException: Connection reset
06 Apr 2025 16:06:42,660 [Thread-4] ERROR ro.mpp2024.protocol.ServicesJsonProxy$ReaderThread 224 run - Reading error java.net.SocketException: Connection reset
06 Apr 2025 16:06:42,660 [Thread-4] ERROR ro.mpp2024.protocol.ServicesJsonProxy$ReaderThread 224 run - Reading error java.net.SocketException: Connection reset
06 Apr 2025 16:06:42,660 [Thread-4] ERROR ro.mpp2024.protocol.ServicesJsonProxy$ReaderThread 224 run - Reading error java.net.SocketException: Connection reset
06 Apr 2025 16:06:42,660 [Thread-4] ERROR ro.mpp2024.protocol.ServicesJsonProxy$ReaderThread 224 run - Reading error java.net.SocketException: Connection reset
06 Apr 2025 16:06:42,660 [Thread-4] ERROR ro.mpp2024.protocol.ServicesJsonProxy$ReaderThread 224 run - Reading error java.net.SocketException: Connection reset
06 Apr 2025 16:06:42,660 [Thread-4] ERROR ro.mpp2024.protocol.ServicesJsonProxy$ReaderThread 224 run - Reading error java.net.SocketException: Connection reset
06 Apr 2025 16:06:42,660 [Thread-4] ERROR ro.mpp2024.protocol.ServicesJsonProxy$ReaderThread 224 run - Reading error java.net.SocketException: Connection reset
06 Apr 2025 16:06:42,660 [Thread-4] ERROR ro.mpp2024.protocol.ServicesJsonProxy$ReaderThread 224 run - Reading error java.net.SocketException: Connection reset
06 Apr 2025 16:06:42,660 [Thread-4] ERROR ro.mpp2024.protocol.ServicesJsonProxy$ReaderThread 224 run - Reading error java.net.SocketException: Connection reset
06 Apr 2025 16:06:42,660 [Thread-4] ERROR ro.mpp2024.protocol.ServicesJsonProxy$ReaderThread 224 run - Reading error java.net.SocketException: Connection reset
06 Apr 2025 16:06:42,660 [Thread-4] ERROR ro.mpp2024.protocol.ServicesJsonProxy$ReaderThread 224 run - Reading error java.net.SocketException: Connection reset
06 Apr 2025 16:06:42,660 [Thread-4] ERROR ro.mpp2024.protocol.ServicesJsonProxy$ReaderThread 224 run - Reading error java.net.SocketException: Connection reset
06 Apr 2025 16:06:42,661 [Thread-4] ERROR ro.mpp2024.protocol.ServicesJsonProxy$ReaderThread 224 run - Reading error java.net.SocketException: Connection reset
06 Apr 2025 16:06:42,661 [Thread-4] ERROR ro.mpp2024.protocol.ServicesJsonProxy$ReaderThread 224 run - Reading error java.net.SocketException: Connection reset
06 Apr 2025 16:06:42,661 [Thread-4] ERROR ro.mpp2024.protocol.ServicesJsonProxy$ReaderThread 224 run - Reading error java.net.SocketException: Connection reset
06 Apr 2025 16:06:42,661 [Thread-4] ERROR ro.mpp2024.protocol.ServicesJsonProxy$ReaderThread 224 run - Reading error java.net.SocketException: Connection reset
06 Apr 2025 16:06:42,661 [Thread-4] ERROR ro.mpp2024.protocol.ServicesJsonProxy$ReaderThread 224 run - Reading error java.net.SocketException: Connection reset
06 Apr 2025 16:06:42,661 [Thread-4] ERROR ro.mpp2024.protocol.ServicesJsonProxy$ReaderThread 224 run - Reading error java.net.SocketException: Connection reset
06 Apr 2025 16:06:42,661 [Thread-4] ERROR ro.mpp2024.protocol.ServicesJsonProxy$ReaderThread 224 run - Reading error java.net.SocketException: Connection reset
06 Apr 2025 16:06:42,661 [Thread-4] ERROR ro.mpp2024.protocol.ServicesJsonProxy$ReaderThread 224 run - Reading error java.net.SocketException: Connection reset
06 Apr 2025 16:06:42,661 [Thread-4] ERROR ro.mpp2024.protocol.ServicesJsonProxy$ReaderThread 224 run - Reading error java.net.SocketException: Connection reset
06 Apr 2025 16:06:42,661 [Thread-4] ERROR ro.mpp2024.protocol.ServicesJsonProxy$ReaderThread 224 run - Reading error java.net.SocketException: Connection reset
06 Apr 2025 16:06:42,661 [Thread-4] ERROR ro.mpp2024.protocol.ServicesJsonProxy$ReaderThread 224 run - Reading error java.net.SocketException: Connection reset
06 Apr 2025 16:06:42,661 [Thread-4] ERROR ro.mpp2024.protocol.ServicesJsonProxy$ReaderThread 224 run - Reading error java.net.SocketException: Connection reset
06 Apr 2025 16:06:42,661 [Thread-4] ERROR ro.mpp2024.protocol.ServicesJsonProxy$ReaderThread 224 run - Reading error java.net.SocketException: Connection reset
06 Apr 2025 16:06:42,662 [Thread-4] ERROR ro.mpp2024.protocol.ServicesJsonProxy$ReaderThread 224 run - Reading error java.net.SocketException: Connection reset
06 Apr 2025 16:06:42,662 [Thread-4] ERROR ro.mpp2024.protocol.ServicesJsonProxy$ReaderThread 224 run - Reading error java.net.SocketException: Connection reset
06 Apr 2025 16:06:42,662 [Thread-4] ERROR ro.mpp2024.protocol.ServicesJsonProxy$ReaderThread 224 run - Reading error java.net.SocketException: Connection reset
06 Apr 2025 16:06:42,662 [Thread-4] ERROR ro.mpp2024.protocol.ServicesJsonProxy$ReaderThread 224 run - Reading error java.net.SocketException: Connection reset
06 Apr 2025 16:06:42,662 [Thread-4] ERROR ro.mpp2024.protocol.ServicesJsonProxy$ReaderThread 224 run - Reading error java.net.SocketException: Connection reset
06 Apr 2025 16:06:42,662 [Thread-4] ERROR ro.mpp2024.protocol.ServicesJsonProxy$ReaderThread 224 run - Reading error java.net.SocketException: Connection reset
06 Apr 2025 16:06:42,662 [Thread-4] ERROR ro.mpp2024.protocol.ServicesJsonProxy$ReaderThread 224 run - Reading error java.net.SocketException: Connection reset
06 Apr 2025 16:06:42,662 [Thread-4] ERROR ro.mpp2024.protocol.ServicesJsonProxy$ReaderThread 224 run - Reading error java.net.SocketException: Connection reset
06 Apr 2025 16:06:42,662 [Thread-4] ERROR ro.mpp2024.protocol.ServicesJsonProxy$ReaderThread 224 run - Reading error java.net.SocketException: Connection reset
06 Apr 2025 16:06:42,662 [Thread-4] ERROR ro.mpp2024.protocol.ServicesJsonProxy$ReaderThread 224 run - Reading error java.net.SocketException: Connection reset
06 Apr 2025 16:06:42,662 [Thread-4] ERROR ro.mpp2024.protocol.ServicesJsonProxy$ReaderThread 224 run - Reading error java.net.SocketException: Connection reset
06 Apr 2025 16:06:42,662 [Thread-4] ERROR ro.mpp2024.protocol.ServicesJsonProxy$ReaderThread 224 run - Reading error java.net.SocketException: Connection reset
06 Apr 2025 16:06:42,662 [Thread-4] ERROR ro.mpp2024.protocol.ServicesJsonProxy$ReaderThread 224 run - Reading error java.net.SocketException: Connection reset
06 Apr 2025 16:06:42,662 [Thread-4] ERROR ro.mpp2024.protocol.ServicesJsonProxy$ReaderThread 224 run - Reading error java.net.SocketException: Connection reset
06 Apr 2025 16:06:42,663 [Thread-4] ERROR ro.mpp2024.protocol.ServicesJsonProxy$ReaderThread 224 run - Reading error java.net.SocketException: Connection reset
06 Apr 2025 16:06:42,663 [Thread-4] ERROR ro.mpp2024.protocol.ServicesJsonProxy$ReaderThread 224 run - Reading error java.net.SocketException: Connection reset
06 Apr 2025 16:06:42,663 [Thread-4] ERROR ro.mpp2024.protocol.ServicesJsonProxy$ReaderThread 224 run - Reading error java.net.SocketException: Connection reset
06 Apr 2025 16:06:42,663 [Thread-4] ERROR ro.mpp2024.protocol.ServicesJsonProxy$ReaderThread 224 run - Reading error java.net.SocketException: Connection reset
06 Apr 2025 16:06:42,663 [Thread-4] ERROR ro.mpp2024.protocol.ServicesJsonProxy$ReaderThread 224 run - Reading error java.net.SocketException: Connection reset
06 Apr 2025 16:06:42,663 [Thread-4] ERROR ro.mpp2024.protocol.ServicesJsonProxy$ReaderThread 224 run - Reading error java.net.SocketException: Connection reset
06 Apr 2025 16:06:42,663 [Thread-4] ERROR ro.mpp2024.protocol.ServicesJsonProxy$ReaderThread 224 run - Reading error java.net.SocketException: Connection reset
06 Apr 2025 16:06:42,663 [Thread-4] ERROR ro.mpp2024.protocol.ServicesJsonProxy$ReaderThread 224 run - Reading error java.net.SocketException: Connection reset
06 Apr 2025 16:06:42,663 [Thread-4] ERROR ro.mpp2024.protocol.ServicesJsonProxy$ReaderThread 224 run - Reading error java.net.SocketException: Connection reset
06 Apr 2025 16:06:42,663 [Thread-4] ERROR ro.mpp2024.protocol.ServicesJsonProxy$ReaderThread 224 run - Reading error java.net.SocketException: Connection reset
06 Apr 2025 16:06:42,663 [Thread-4] ERROR ro.mpp2024.protocol.ServicesJsonProxy$ReaderThread 224 run - Reading error java.net.SocketException: Connection reset
06 Apr 2025 16:06:42,663 [Thread-4] ERROR ro.mpp2024.protocol.ServicesJsonProxy$ReaderThread 224 run - Reading error java.net.SocketException: Connection reset
06 Apr 2025 16:06:42,664 [Thread-4] ERROR ro.mpp2024.protocol.ServicesJsonProxy$ReaderThread 224 run - Reading error java.net.SocketException: Connection reset
06 Apr 2025 16:06:42,664 [Thread-4] ERROR ro.mpp2024.protocol.ServicesJsonProxy$ReaderThread 224 run - Reading error java.net.SocketException: Connection reset
06 Apr 2025 16:06:42,664 [Thread-4] ERROR ro.mpp2024.protocol.ServicesJsonProxy$ReaderThread 224 run - Reading error java.net.SocketException: Connection reset
06 Apr 2025 16:06:42,664 [Thread-4] ERROR ro.mpp2024.protocol.ServicesJsonProxy$ReaderThread 224 run - Reading error java.net.SocketException: Connection reset
06 Apr 2025 16:06:42,664 [Thread-4] ERROR ro.mpp2024.protocol.ServicesJsonProxy$ReaderThread 224 run - Reading error java.net.SocketException: Connection reset
06 Apr 2025 16:06:42,664 [Thread-4] ERROR ro.mpp2024.protocol.ServicesJsonProxy$ReaderThread 224 run - Reading error java.net.SocketException: Connection reset
06 Apr 2025 16:06:42,664 [Thread-4] ERROR ro.mpp2024.protocol.ServicesJsonProxy$ReaderThread 224 run - Reading error java.net.SocketException: Connection reset
06 Apr 2025 16:06:42,664 [Thread-4] ERROR ro.mpp2024.protocol.ServicesJsonProxy$ReaderThread 224 run - Reading error java.net.SocketException: Connection reset
06 Apr 2025 16:06:42,664 [Thread-4] ERROR ro.mpp2024.protocol.ServicesJsonProxy$ReaderThread 224 run - Reading error java.net.SocketException: Connection reset
06 Apr 2025 16:06:42,664 [Thread-4] ERROR ro.mpp2024.protocol.ServicesJsonProxy$ReaderThread 224 run - Reading error java.net.SocketException: Connection reset
06 Apr 2025 16:06:42,664 [Thread-4] ERROR ro.mpp2024.protocol.ServicesJsonProxy$ReaderThread 224 run - Reading error java.net.SocketException: Connection reset
06 Apr 2025 16:06:42,664 [Thread-4] ERROR ro.mpp2024.protocol.ServicesJsonProxy$ReaderThread 224 run - Reading error java.net.SocketException: Connection reset
06 Apr 2025 16:06:42,664 [Thread-4] ERROR ro.mpp2024.protocol.ServicesJsonProxy$ReaderThread 224 run - Reading error java.net.SocketException: Connection reset
06 Apr 2025 16:06:42,665 [Thread-4] ERROR ro.mpp2024.protocol.ServicesJsonProxy$ReaderThread 224 run - Reading error java.net.SocketException: Connection reset
06 Apr 2025 16:06:42,665 [Thread-4] ERROR ro.mpp2024.protocol.ServicesJsonProxy$ReaderThread 224 run - Reading error java.net.SocketException: Connection reset
06 Apr 2025 16:06:42,665 [Thread-4] ERROR ro.mpp2024.protocol.ServicesJsonProxy$ReaderThread 224 run - Reading error java.net.SocketException: Connection reset
06 Apr 2025 16:06:42,665 [Thread-4] ERROR ro.mpp2024.protocol.ServicesJsonProxy$ReaderThread 224 run - Reading error java.net.SocketException: Connection reset
06 Apr 2025 16:06:42,665 [Thread-4] ERROR ro.mpp2024.protocol.ServicesJsonProxy$ReaderThread 224 run - Reading error java.net.SocketException: Connection reset
06 Apr 2025 16:06:42,665 [Thread-4] ERROR ro.mpp2024.protocol.ServicesJsonProxy$ReaderThread 224 run - Reading error java.net.SocketException: Connection reset
06 Apr 2025 16:06:42,666 [Thread-4] ERROR ro.mpp2024.protocol.ServicesJsonProxy$ReaderThread 224 run - Reading error java.net.SocketException: Connection reset
06 Apr 2025 16:06:42,666 [Thread-4] ERROR ro.mpp2024.protocol.ServicesJsonProxy$ReaderThread 224 run - Reading error java.net.SocketException: Connection reset
06 Apr 2025 16:06:42,666 [Thread-4] ERROR ro.mpp2024.protocol.ServicesJsonProxy$ReaderThread 224 run - Reading error java.net.SocketException: Connection reset
06 Apr 2025 16:06:42,666 [Thread-4] ERROR ro.mpp2024.protocol.ServicesJsonProxy$ReaderThread 224 run - Reading error java.net.SocketException: Connection reset
06 Apr 2025 16:06:42,667 [Thread-4] ERROR ro.mpp2024.protocol.ServicesJsonProxy$ReaderThread 224 run - Reading error java.net.SocketException: Connection reset
06 Apr 2025 16:06:42,667 [Thread-4] ERROR ro.mpp2024.protocol.ServicesJsonProxy$ReaderThread 224 run - Reading error java.net.SocketException: Connection reset
06 Apr 2025 16:06:42,667 [Thread-4] ERROR ro.mpp2024.protocol.ServicesJsonProxy$ReaderThread 224 run - Reading error java.net.SocketException: Connection reset
06 Apr 2025 16:06:42,667 [Thread-4] ERROR ro.mpp2024.protocol.ServicesJsonProxy$ReaderThread 224 run - Reading error java.net.SocketException: Connection reset
06 Apr 2025 16:06:42,667 [Thread-4] ERROR ro.mpp2024.protocol.ServicesJsonProxy$ReaderThread 224 run - Reading error java.net.SocketException: Connection reset
06 Apr 2025 16:06:42,667 [Thread-4] ERROR ro.mpp2024.protocol.ServicesJsonProxy$ReaderThread 224 run - Reading error java.net.SocketException: Connection reset
06 Apr 2025 16:06:42,668 [Thread-4] ERROR ro.mpp2024.protocol.ServicesJsonProxy$ReaderThread 224 run - Reading error java.net.SocketException: Connection reset
06 Apr 2025 16:06:42,668 [Thread-4] ERROR ro.mpp2024.protocol.ServicesJsonProxy$ReaderThread 224 run - Reading error java.net.SocketException: Connection reset
06 Apr 2025 16:06:42,668 [Thread-4] ERROR ro.mpp2024.protocol.ServicesJsonProxy$ReaderThread 224 run - Reading error java.net.SocketException: Connection reset
06 Apr 2025 16:06:42,668 [Thread-4] ERROR ro.mpp2024.protocol.ServicesJsonProxy$ReaderThread 224 run - Reading error java.net.SocketException: Connection reset
06 Apr 2025 16:06:42,668 [Thread-4] ERROR ro.mpp2024.protocol.ServicesJsonProxy$ReaderThread 224 run - Reading error java.net.SocketException: Connection reset
06 Apr 2025 16:06:42,668 [Thread-4] ERROR ro.mpp2024.protocol.ServicesJsonProxy$ReaderThread 224 run - Reading error java.net.SocketException: Connection reset
06 Apr 2025 16:06:42,668 [Thread-4] ERROR ro.mpp2024.protocol.ServicesJsonProxy$ReaderThread 224 run - Reading error java.net.SocketException: Connection reset
06 Apr 2025 16:06:42,668 [Thread-4] ERROR ro.mpp2024.protocol.ServicesJsonProxy$ReaderThread 224 run - Reading error java.net.SocketException: Connection reset
06 Apr 2025 16:06:42,668 [Thread-4] ERROR ro.mpp2024.protocol.ServicesJsonProxy$ReaderThread 224 run - Reading error java.net.SocketException: Connection reset
06 Apr 2025 16:06:42,669 [Thread-4] ERROR ro.mpp2024.protocol.ServicesJsonProxy$ReaderThread 224 run - Reading error java.net.SocketException: Connection reset
06 Apr 2025 16:06:42,669 [Thread-4] ERROR ro.mpp2024.protocol.ServicesJsonProxy$ReaderThread 224 run - Reading error java.net.SocketException: Connection reset
06 Apr 2025 16:06:42,669 [Thread-4] ERROR ro.mpp2024.protocol.ServicesJsonProxy$ReaderThread 224 run - Reading error java.net.SocketException: Connection reset
06 Apr 2025 16:06:42,669 [Thread-4] ERROR ro.mpp2024.protocol.ServicesJsonProxy$ReaderThread 224 run - Reading error java.net.SocketException: Connection reset
06 Apr 2025 16:06:42,669 [Thread-4] ERROR ro.mpp2024.protocol.ServicesJsonProxy$ReaderThread 224 run - Reading error java.net.SocketException: Connection reset
06 Apr 2025 16:06:42,669 [Thread-4] ERROR ro.mpp2024.protocol.ServicesJsonProxy$ReaderThread 224 run - Reading error java.net.SocketException: Connection reset
06 Apr 2025 16:06:42,669 [Thread-4] ERROR ro.mpp2024.protocol.ServicesJsonProxy$ReaderThread 224 run - Reading error java.net.SocketException: Connection reset
06 Apr 2025 16:06:42,669 [Thread-4] ERROR ro.mpp2024.protocol.ServicesJsonProxy$ReaderThread 224 run - Reading error java.net.SocketException: Connection reset
06 Apr 2025 16:06:42,670 [Thread-4] ERROR ro.mpp2024.protocol.ServicesJsonProxy$ReaderThread 224 run - Reading error java.net.SocketException: Connection reset
06 Apr 2025 16:06:42,670 [Thread-4] ERROR ro.mpp2024.protocol.ServicesJsonProxy$ReaderThread 224 run - Reading error java.net.SocketException: Connection reset
06 Apr 2025 16:06:42,670 [Thread-4] ERROR ro.mpp2024.protocol.ServicesJsonProxy$ReaderThread 224 run - Reading error java.net.SocketException: Connection reset
06 Apr 2025 16:06:42,670 [Thread-4] ERROR ro.mpp2024.protocol.ServicesJsonProxy$ReaderThread 224 run - Reading error java.net.SocketException: Connection reset
06 Apr 2025 16:06:42,670 [Thread-4] ERROR ro.mpp2024.protocol.ServicesJsonProxy$ReaderThread 224 run - Reading error java.net.SocketException: Connection reset
06 Apr 2025 16:06:42,670 [Thread-4] ERROR ro.mpp2024.protocol.ServicesJsonProxy$ReaderThread 224 run - Reading error java.net.SocketException: Connection reset
06 Apr 2025 16:06:42,670 [Thread-4] ERROR ro.mpp2024.protocol.ServicesJsonProxy$ReaderThread 224 run - Reading error java.net.SocketException: Connection reset
06 Apr 2025 16:06:42,671 [Thread-4] ERROR ro.mpp2024.protocol.ServicesJsonProxy$ReaderThread 224 run - Reading error java.net.SocketException: Connection reset
06 Apr 2025 16:06:42,671 [Thread-4] ERROR ro.mpp2024.protocol.ServicesJsonProxy$ReaderThread 224 run - Reading error java.net.SocketException: Connection reset
06 Apr 2025 16:06:42,671 [Thread-4] ERROR ro.mpp2024.protocol.ServicesJsonProxy$ReaderThread 224 run - Reading error java.net.SocketException: Connection reset
06 Apr 2025 16:06:42,671 [Thread-4] ERROR ro.mpp2024.protocol.ServicesJsonProxy$ReaderThread 224 run - Reading error java.net.SocketException: Connection reset
06 Apr 2025 16:06:42,671 [Thread-4] ERROR ro.mpp2024.protocol.ServicesJsonProxy$ReaderThread 224 run - Reading error java.net.SocketException: Connection reset
06 Apr 2025 16:06:42,671 [Thread-4] ERROR ro.mpp2024.protocol.ServicesJsonProxy$ReaderThread 224 run - Reading error java.net.SocketException: Connection reset
06 Apr 2025 16:06:42,671 [Thread-4] ERROR ro.mpp2024.protocol.ServicesJsonProxy$ReaderThread 224 run - Reading error java.net.SocketException: Connection reset
06 Apr 2025 16:06:42,671 [Thread-4] ERROR ro.mpp2024.protocol.ServicesJsonProxy$ReaderThread 224 run - Reading error java.net.SocketException: Connection reset
06 Apr 2025 16:06:42,672 [Thread-4] ERROR ro.mpp2024.protocol.ServicesJsonProxy$ReaderThread 224 run - Reading error java.net.SocketException: Connection reset
06 Apr 2025 16:06:42,672 [Thread-4] ERROR ro.mpp2024.protocol.ServicesJsonProxy$ReaderThread 224 run - Reading error java.net.SocketException: Connection reset
06 Apr 2025 16:06:42,672 [Thread-4] ERROR ro.mpp2024.protocol.ServicesJsonProxy$ReaderThread 224 run - Reading error java.net.SocketException: Connection reset
06 Apr 2025 16:06:42,672 [Thread-4] ERROR ro.mpp2024.protocol.ServicesJsonProxy$ReaderThread 224 run - Reading error java.net.SocketException: Connection reset
06 Apr 2025 16:06:42,672 [Thread-4] ERROR ro.mpp2024.protocol.ServicesJsonProxy$ReaderThread 224 run - Reading error java.net.SocketException: Connection reset
06 Apr 2025 16:06:42,672 [Thread-4] ERROR ro.mpp2024.protocol.ServicesJsonProxy$ReaderThread 224 run - Reading error java.net.SocketException: Connection reset
06 Apr 2025 16:06:42,672 [Thread-4] ERROR ro.mpp2024.protocol.ServicesJsonProxy$ReaderThread 224 run - Reading error java.net.SocketException: Connection reset
06 Apr 2025 16:06:42,672 [Thread-4] ERROR ro.mpp2024.protocol.ServicesJsonProxy$ReaderThread 224 run - Reading error java.net.SocketException: Connection reset
06 Apr 2025 16:06:42,673 [Thread-4] ERROR ro.mpp2024.protocol.ServicesJsonProxy$ReaderThread 224 run - Reading error java.net.SocketException: Connection reset
06 Apr 2025 16:06:42,673 [Thread-4] ERROR ro.mpp2024.protocol.ServicesJsonProxy$ReaderThread 224 run - Reading error java.net.SocketException: Connection reset
06 Apr 2025 16:06:42,673 [Thread-4] ERROR ro.mpp2024.protocol.ServicesJsonProxy$ReaderThread 224 run - Reading error java.net.SocketException: Connection reset
06 Apr 2025 16:06:42,673 [Thread-4] ERROR ro.mpp2024.protocol.ServicesJsonProxy$ReaderThread 224 run - Reading error java.net.SocketException: Connection reset
06 Apr 2025 16:06:42,673 [Thread-4] ERROR ro.mpp2024.protocol.ServicesJsonProxy$ReaderThread 224 run - Reading error java.net.SocketException: Connection reset
06 Apr 2025 16:06:42,673 [Thread-4] ERROR ro.mpp2024.protocol.ServicesJsonProxy$ReaderThread 224 run - Reading error java.net.SocketException: Connection reset
06 Apr 2025 16:06:42,673 [Thread-4] ERROR ro.mpp2024.protocol.ServicesJsonProxy$ReaderThread 224 run - Reading error java.net.SocketException: Connection reset
06 Apr 2025 16:06:42,673 [Thread-4] ERROR ro.mpp2024.protocol.ServicesJsonProxy$ReaderThread 224 run - Reading error java.net.SocketException: Connection reset
06 Apr 2025 16:06:42,674 [Thread-4] ERROR ro.mpp2024.protocol.ServicesJsonProxy$ReaderThread 224 run - Reading error java.net.SocketException: Connection reset
06 Apr 2025 16:06:42,674 [Thread-4] ERROR ro.mpp2024.protocol.ServicesJsonProxy$ReaderThread 224 run - Reading error java.net.SocketException: Connection reset
06 Apr 2025 16:06:42,674 [Thread-4] ERROR ro.mpp2024.protocol.ServicesJsonProxy$ReaderThread 224 run - Reading error java.net.SocketException: Connection reset
06 Apr 2025 16:06:42,674 [Thread-4] ERROR ro.mpp2024.protocol.ServicesJsonProxy$ReaderThread 224 run - Reading error java.net.SocketException: Connection reset
06 Apr 2025 16:06:42,674 [Thread-4] ERROR ro.mpp2024.protocol.ServicesJsonProxy$ReaderThread 224 run - Reading error java.net.SocketException: Connection reset
06 Apr 2025 16:06:42,674 [Thread-4] ERROR ro.mpp2024.protocol.ServicesJsonProxy$ReaderThread 224 run - Reading error java.net.SocketException: Connection reset
06 Apr 2025 16:06:42,675 [Thread-4] ERROR ro.mpp2024.protocol.ServicesJsonProxy$ReaderThread 224 run - Reading error java.net.SocketException: Connection reset
06 Apr 2025 16:06:42,675 [Thread-4] ERROR ro.mpp2024.protocol.ServicesJsonProxy$ReaderThread 224 run - Reading error java.net.SocketException: Connection reset
06 Apr 2025 16:06:42,675 [Thread-4] ERROR ro.mpp2024.protocol.ServicesJsonProxy$ReaderThread 224 run - Reading error java.net.SocketException: Connection reset
06 Apr 2025 16:06:42,675 [Thread-4] ERROR ro.mpp2024.protocol.ServicesJsonProxy$ReaderThread 224 run - Reading error java.net.SocketException: Connection reset
06 Apr 2025 16:06:42,675 [Thread-4] ERROR ro.mpp2024.protocol.ServicesJsonProxy$ReaderThread 224 run - Reading error java.net.SocketException: Connection reset
06 Apr 2025 16:06:42,675 [Thread-4] ERROR ro.mpp2024.protocol.ServicesJsonProxy$ReaderThread 224 run - Reading error java.net.SocketException: Connection reset
06 Apr 2025 16:06:42,675 [Thread-4] ERROR ro.mpp2024.protocol.ServicesJsonProxy$ReaderThread 224 run - Reading error java.net.SocketException: Connection reset
06 Apr 2025 16:06:42,675 [Thread-4] ERROR ro.mpp2024.protocol.ServicesJsonProxy$ReaderThread 224 run - Reading error java.net.SocketException: Connection reset
06 Apr 2025 16:06:42,675 [Thread-4] ERROR ro.mpp2024.protocol.ServicesJsonProxy$ReaderThread 224 run - Reading error java.net.SocketException: Connection reset
06 Apr 2025 16:06:42,675 [Thread-4] ERROR ro.mpp2024.protocol.ServicesJsonProxy$ReaderThread 224 run - Reading error java.net.SocketException: Connection reset
06 Apr 2025 16:06:42,676 [Thread-4] ERROR ro.mpp2024.protocol.ServicesJsonProxy$ReaderThread 224 run - Reading error java.net.SocketException: Connection reset
06 Apr 2025 16:06:42,676 [Thread-4] ERROR ro.mpp2024.protocol.ServicesJsonProxy$ReaderThread 224 run - Reading error java.net.SocketException: Connection reset
06 Apr 2025 16:06:42,676 [Thread-4] ERROR ro.mpp2024.protocol.ServicesJsonProxy$ReaderThread 224 run - Reading error java.net.SocketException: Connection reset
06 Apr 2025 16:06:42,676 [Thread-4] ERROR ro.mpp2024.protocol.ServicesJsonProxy$ReaderThread 224 run - Reading error java.net.SocketException: Connection reset
06 Apr 2025 16:06:42,676 [Thread-4] ERROR ro.mpp2024.protocol.ServicesJsonProxy$ReaderThread 224 run - Reading error java.net.SocketException: Connection reset
06 Apr 2025 16:06:42,676 [Thread-4] ERROR ro.mpp2024.protocol.ServicesJsonProxy$ReaderThread 224 run - Reading error java.net.SocketException: Connection reset
06 Apr 2025 16:06:42,676 [Thread-4] ERROR ro.mpp2024.protocol.ServicesJsonProxy$ReaderThread 224 run - Reading error java.net.SocketException: Connection reset
06 Apr 2025 16:06:42,676 [Thread-4] ERROR ro.mpp2024.protocol.ServicesJsonProxy$ReaderThread 224 run - Reading error java.net.SocketException: Connection reset
06 Apr 2025 16:06:42,676 [Thread-4] ERROR ro.mpp2024.protocol.ServicesJsonProxy$ReaderThread 224 run - Reading error java.net.SocketException: Connection reset
06 Apr 2025 16:06:42,677 [Thread-4] ERROR ro.mpp2024.protocol.ServicesJsonProxy$ReaderThread 224 run - Reading error java.net.SocketException: Connection reset
06 Apr 2025 16:06:42,677 [Thread-4] ERROR ro.mpp2024.protocol.ServicesJsonProxy$ReaderThread 224 run - Reading error java.net.SocketException: Connection reset
06 Apr 2025 16:06:42,677 [Thread-4] ERROR ro.mpp2024.protocol.ServicesJsonProxy$ReaderThread 224 run - Reading error java.net.SocketException: Connection reset
06 Apr 2025 16:06:42,677 [Thread-4] ERROR ro.mpp2024.protocol.ServicesJsonProxy$ReaderThread 224 run - Reading error java.net.SocketException: Connection reset
06 Apr 2025 16:06:42,677 [Thread-4] ERROR ro.mpp2024.protocol.ServicesJsonProxy$ReaderThread 224 run - Reading error java.net.SocketException: Connection reset
06 Apr 2025 16:06:42,677 [Thread-4] ERROR ro.mpp2024.protocol.ServicesJsonProxy$ReaderThread 224 run - Reading error java.net.SocketException: Connection reset
06 Apr 2025 16:06:42,677 [Thread-4] ERROR ro.mpp2024.protocol.ServicesJsonProxy$ReaderThread 224 run - Reading error java.net.SocketException: Connection reset
06 Apr 2025 16:06:42,677 [Thread-4] ERROR ro.mpp2024.protocol.ServicesJsonProxy$ReaderThread 224 run - Reading error java.net.SocketException: Connection reset
06 Apr 2025 16:06:42,677 [Thread-4] ERROR ro.mpp2024.protocol.ServicesJsonProxy$ReaderThread 224 run - Reading error java.net.SocketException: Connection reset
06 Apr 2025 16:06:42,677 [Thread-4] ERROR ro.mpp2024.protocol.ServicesJsonProxy$ReaderThread 224 run - Reading error java.net.SocketException: Connection reset
06 Apr 2025 16:06:42,678 [Thread-4] ERROR ro.mpp2024.protocol.ServicesJsonProxy$ReaderThread 224 run - Reading error java.net.SocketException: Connection reset
06 Apr 2025 16:06:42,678 [Thread-4] ERROR ro.mpp2024.protocol.ServicesJsonProxy$ReaderThread 224 run - Reading error java.net.SocketException: Connection reset
06 Apr 2025 16:06:42,678 [Thread-4] ERROR ro.mpp2024.protocol.ServicesJsonProxy$ReaderThread 224 run - Reading error java.net.SocketException: Connection reset
06 Apr 2025 16:06:42,678 [Thread-4] ERROR ro.mpp2024.protocol.ServicesJsonProxy$ReaderThread 224 run - Reading error java.net.SocketException: Connection reset
06 Apr 2025 16:06:42,678 [Thread-4] ERROR ro.mpp2024.protocol.ServicesJsonProxy$ReaderThread 224 run - Reading error java.net.SocketException: Connection reset
06 Apr 2025 16:06:42,678 [Thread-4] ERROR ro.mpp2024.protocol.ServicesJsonProxy$ReaderThread 224 run - Reading error java.net.SocketException: Connection reset
06 Apr 2025 16:06:42,678 [Thread-4] ERROR ro.mpp2024.protocol.ServicesJsonProxy$ReaderThread 224 run - Reading error java.net.SocketException: Connection reset
06 Apr 2025 16:06:42,678 [Thread-4] ERROR ro.mpp2024.protocol.ServicesJsonProxy$ReaderThread 224 run - Reading error java.net.SocketException: Connection reset
06 Apr 2025 16:06:42,678 [Thread-4] ERROR ro.mpp2024.protocol.ServicesJsonProxy$ReaderThread 224 run - Reading error java.net.SocketException: Connection reset
06 Apr 2025 16:06:42,678 [Thread-4] ERROR ro.mpp2024.protocol.ServicesJsonProxy$ReaderThread 224 run - Reading error java.net.SocketException: Connection reset
06 Apr 2025 16:06:42,679 [Thread-4] ERROR ro.mpp2024.protocol.ServicesJsonProxy$ReaderThread 224 run - Reading error java.net.SocketException: Connection reset
06 Apr 2025 16:06:42,679 [Thread-4] ERROR ro.mpp2024.protocol.ServicesJsonProxy$ReaderThread 224 run - Reading error java.net.SocketException: Connection reset
06 Apr 2025 16:06:42,679 [Thread-4] ERROR ro.mpp2024.protocol.ServicesJsonProxy$ReaderThread 224 run - Reading error java.net.SocketException: Connection reset
06 Apr 2025 16:06:42,679 [Thread-4] ERROR ro.mpp2024.protocol.ServicesJsonProxy$ReaderThread 224 run - Reading error java.net.SocketException: Connection reset
06 Apr 2025 16:06:42,679 [Thread-4] ERROR ro.mpp2024.protocol.ServicesJsonProxy$ReaderThread 224 run - Reading error java.net.SocketException: Connection reset
06 Apr 2025 16:06:42,679 [Thread-4] ERROR ro.mpp2024.protocol.ServicesJsonProxy$ReaderThread 224 run - Reading error java.net.SocketException: Connection reset
06 Apr 2025 16:06:42,679 [Thread-4] ERROR ro.mpp2024.protocol.ServicesJsonProxy$ReaderThread 224 run - Reading error java.net.SocketException: Connection reset
06 Apr 2025 16:06:42,679 [Thread-4] ERROR ro.mpp2024.protocol.ServicesJsonProxy$ReaderThread 224 run - Reading error java.net.SocketException: Connection reset
06 Apr 2025 16:06:42,679 [Thread-4] ERROR ro.mpp2024.protocol.ServicesJsonProxy$ReaderThread 224 run - Reading error java.net.SocketException: Connection reset
06 Apr 2025 16:06:42,679 [Thread-4] ERROR ro.mpp2024.protocol.ServicesJsonProxy$ReaderThread 224 run - Reading error java.net.SocketException: Connection reset
06 Apr 2025 16:06:42,679 [Thread-4] ERROR ro.mpp2024.protocol.ServicesJsonProxy$ReaderThread 224 run - Reading error java.net.SocketException: Connection reset
06 Apr 2025 16:06:42,680 [Thread-4] ERROR ro.mpp2024.protocol.ServicesJsonProxy$ReaderThread 224 run - Reading error java.net.SocketException: Connection reset
06 Apr 2025 16:06:42,680 [Thread-4] ERROR ro.mpp2024.protocol.ServicesJsonProxy$ReaderThread 224 run - Reading error java.net.SocketException: Connection reset
06 Apr 2025 16:06:42,680 [Thread-4] ERROR ro.mpp2024.protocol.ServicesJsonProxy$ReaderThread 224 run - Reading error java.net.SocketException: Connection reset
06 Apr 2025 16:06:42,680 [Thread-4] ERROR ro.mpp2024.protocol.ServicesJsonProxy$ReaderThread 224 run - Reading error java.net.SocketException: Connection reset
06 Apr 2025 16:06:42,680 [Thread-4] ERROR ro.mpp2024.protocol.ServicesJsonProxy$ReaderThread 224 run - Reading error java.net.SocketException: Connection reset
06 Apr 2025 16:06:42,680 [Thread-4] ERROR ro.mpp2024.protocol.ServicesJsonProxy$ReaderThread 224 run - Reading error java.net.SocketException: Connection reset
06 Apr 2025 16:06:42,680 [Thread-4] ERROR ro.mpp2024.protocol.ServicesJsonProxy$ReaderThread 224 run - Reading error java.net.SocketException: Connection reset
06 Apr 2025 16:06:42,680 [Thread-4] ERROR ro.mpp2024.protocol.ServicesJsonProxy$ReaderThread 224 run - Reading error java.net.SocketException: Connection reset
06 Apr 2025 16:06:42,680 [Thread-4] ERROR ro.mpp2024.protocol.ServicesJsonProxy$ReaderThread 224 run - Reading error java.net.SocketException: Connection reset
06 Apr 2025 16:06:42,681 [Thread-4] ERROR ro.mpp2024.protocol.ServicesJsonProxy$ReaderThread 224 run - Reading error java.net.SocketException: Connection reset
06 Apr 2025 16:06:42,681 [Thread-4] ERROR ro.mpp2024.protocol.ServicesJsonProxy$ReaderThread 224 run - Reading error java.net.SocketException: Connection reset
06 Apr 2025 16:06:42,681 [Thread-4] ERROR ro.mpp2024.protocol.ServicesJsonProxy$ReaderThread 224 run - Reading error java.net.SocketException: Connection reset
06 Apr 2025 16:06:42,681 [Thread-4] ERROR ro.mpp2024.protocol.ServicesJsonProxy$ReaderThread 224 run - Reading error java.net.SocketException: Connection reset
06 Apr 2025 16:06:42,681 [Thread-4] ERROR ro.mpp2024.protocol.ServicesJsonProxy$ReaderThread 224 run - Reading error java.net.SocketException: Connection reset
06 Apr 2025 16:06:42,681 [Thread-4] ERROR ro.mpp2024.protocol.ServicesJsonProxy$ReaderThread 224 run - Reading error java.net.SocketException: Connection reset
06 Apr 2025 16:06:42,681 [Thread-4] ERROR ro.mpp2024.protocol.ServicesJsonProxy$ReaderThread 224 run - Reading error java.net.SocketException: Connection reset
06 Apr 2025 16:06:42,681 [Thread-4] ERROR ro.mpp2024.protocol.ServicesJsonProxy$ReaderThread 224 run - Reading error java.net.SocketException: Connection reset
06 Apr 2025 16:06:42,682 [Thread-4] ERROR ro.mpp2024.protocol.ServicesJsonProxy$ReaderThread 224 run - Reading error java.net.SocketException: Connection reset
06 Apr 2025 16:06:42,682 [Thread-4] ERROR ro.mpp2024.protocol.ServicesJsonProxy$ReaderThread 224 run - Reading error java.net.SocketException: Connection reset
06 Apr 2025 16:06:42,682 [Thread-4] ERROR ro.mpp2024.protocol.ServicesJsonProxy$ReaderThread 224 run - Reading error java.net.SocketException: Connection reset
06 Apr 2025 16:06:42,682 [Thread-4] ERROR ro.mpp2024.protocol.ServicesJsonProxy$ReaderThread 224 run - Reading error java.net.SocketException: Connection reset
06 Apr 2025 16:06:42,682 [Thread-4] ERROR ro.mpp2024.protocol.ServicesJsonProxy$ReaderThread 224 run - Reading error java.net.SocketException: Connection reset
06 Apr 2025 16:06:42,682 [Thread-4] ERROR ro.mpp2024.protocol.ServicesJsonProxy$ReaderThread 224 run - Reading error java.net.SocketException: Connection reset
06 Apr 2025 16:06:42,682 [Thread-4] ERROR ro.mpp2024.protocol.ServicesJsonProxy$ReaderThread 224 run - Reading error java.net.SocketException: Connection reset
06 Apr 2025 16:06:42,682 [Thread-4] ERROR ro.mpp2024.protocol.ServicesJsonProxy$ReaderThread 224 run - Reading error java.net.SocketException: Connection reset
06 Apr 2025 16:06:42,682 [Thread-4] ERROR ro.mpp2024.protocol.ServicesJsonProxy$ReaderThread 224 run - Reading error java.net.SocketException: Connection reset
06 Apr 2025 16:06:42,682 [Thread-4] ERROR ro.mpp2024.protocol.ServicesJsonProxy$ReaderThread 224 run - Reading error java.net.SocketException: Connection reset
06 Apr 2025 16:34:22,816 [JavaFX Application Thread] DEBUG ro.mpp2024.StartJsonClient 29 start - Starting client application
06 Apr 2025 16:34:22,821 [JavaFX Application Thread] INFO  ro.mpp2024.StartJsonClient 33 start - Client properties set {server.host=localhost, server.port=55556}
06 Apr 2025 16:34:22,821 [JavaFX Application Thread] INFO  ro.mpp2024.StartJsonClient 50 start - Connecting to server localhost on port 55556
06 Apr 2025 16:38:21,119 [JavaFX Application Thread] DEBUG ro.mpp2024.StartJsonClient 29 start - Starting client application
06 Apr 2025 16:38:21,123 [JavaFX Application Thread] INFO  ro.mpp2024.StartJsonClient 33 start - Client properties set {server.host=localhost, server.port=55556}
06 Apr 2025 16:38:21,124 [JavaFX Application Thread] INFO  ro.mpp2024.StartJsonClient 50 start - Connecting to server localhost on port 55556
06 Apr 2025 16:42:53,950 [JavaFX Application Thread] DEBUG ro.mpp2024.StartJsonClient 29 start - Starting client application
06 Apr 2025 16:42:53,954 [JavaFX Application Thread] INFO  ro.mpp2024.StartJsonClient 33 start - Client properties set {server.host=localhost, server.port=55556}
06 Apr 2025 16:42:53,955 [JavaFX Application Thread] INFO  ro.mpp2024.StartJsonClient 50 start - Connecting to server localhost on port 55556
06 Apr 2025 16:45:42,948 [JavaFX Application Thread] DEBUG ro.mpp2024.StartJsonClient 29 start - Starting client application
06 Apr 2025 16:45:42,951 [JavaFX Application Thread] INFO  ro.mpp2024.StartJsonClient 33 start - Client properties set {server.host=localhost, server.port=55556}
06 Apr 2025 16:45:42,952 [JavaFX Application Thread] INFO  ro.mpp2024.StartJsonClient 50 start - Connecting to server localhost on port 55556
06 Apr 2025 16:46:10,314 [Thread-3] ERROR ro.mpp2024.protocol.ServicesJsonProxy$ReaderThread 222 run - Reading error java.net.SocketException: Connection reset
06 Apr 2025 16:46:10,315 [Thread-3] ERROR ro.mpp2024.protocol.ServicesJsonProxy$ReaderThread 222 run - Reading error java.net.SocketException: Connection reset
06 Apr 2025 16:46:10,315 [Thread-3] ERROR ro.mpp2024.protocol.ServicesJsonProxy$ReaderThread 222 run - Reading error java.net.SocketException: Connection reset
06 Apr 2025 16:46:10,315 [Thread-3] ERROR ro.mpp2024.protocol.ServicesJsonProxy$ReaderThread 222 run - Reading error java.net.SocketException: Connection reset
06 Apr 2025 16:46:10,316 [Thread-3] ERROR ro.mpp2024.protocol.ServicesJsonProxy$ReaderThread 222 run - Reading error java.net.SocketException: Connection reset
06 Apr 2025 16:46:10,316 [Thread-3] ERROR ro.mpp2024.protocol.ServicesJsonProxy$ReaderThread 222 run - Reading error java.net.SocketException: Connection reset
06 Apr 2025 16:46:10,316 [Thread-3] ERROR ro.mpp2024.protocol.ServicesJsonProxy$ReaderThread 222 run - Reading error java.net.SocketException: Connection reset
06 Apr 2025 16:46:10,316 [Thread-3] ERROR ro.mpp2024.protocol.ServicesJsonProxy$ReaderThread 222 run - Reading error java.net.SocketException: Connection reset
06 Apr 2025 16:46:10,317 [Thread-3] ERROR ro.mpp2024.protocol.ServicesJsonProxy$ReaderThread 222 run - Reading error java.net.SocketException: Connection reset
06 Apr 2025 16:46:10,317 [Thread-3] ERROR ro.mpp2024.protocol.ServicesJsonProxy$ReaderThread 222 run - Reading error java.net.SocketException: Connection reset
06 Apr 2025 16:46:10,317 [Thread-3] ERROR ro.mpp2024.protocol.ServicesJsonProxy$ReaderThread 222 run - Reading error java.net.SocketException: Connection reset
06 Apr 2025 16:46:10,317 [Thread-3] ERROR ro.mpp2024.protocol.ServicesJsonProxy$ReaderThread 222 run - Reading error java.net.SocketException: Connection reset
06 Apr 2025 16:46:10,318 [Thread-3] ERROR ro.mpp2024.protocol.ServicesJsonProxy$ReaderThread 222 run - Reading error java.net.SocketException: Connection reset
06 Apr 2025 16:46:10,318 [Thread-3] ERROR ro.mpp2024.protocol.ServicesJsonProxy$ReaderThread 222 run - Reading error java.net.SocketException: Connection reset
06 Apr 2025 16:46:10,318 [Thread-3] ERROR ro.mpp2024.protocol.ServicesJsonProxy$ReaderThread 222 run - Reading error java.net.SocketException: Connection reset
06 Apr 2025 16:46:10,318 [Thread-3] ERROR ro.mpp2024.protocol.ServicesJsonProxy$ReaderThread 222 run - Reading error java.net.SocketException: Connection reset
06 Apr 2025 16:46:10,318 [Thread-3] ERROR ro.mpp2024.protocol.ServicesJsonProxy$ReaderThread 222 run - Reading error java.net.SocketException: Connection reset
06 Apr 2025 16:46:10,319 [Thread-3] ERROR ro.mpp2024.protocol.ServicesJsonProxy$ReaderThread 222 run - Reading error java.net.SocketException: Connection reset
06 Apr 2025 16:46:10,319 [Thread-3] ERROR ro.mpp2024.protocol.ServicesJsonProxy$ReaderThread 222 run - Reading error java.net.SocketException: Connection reset
06 Apr 2025 16:46:10,319 [Thread-3] ERROR ro.mpp2024.protocol.ServicesJsonProxy$ReaderThread 222 run - Reading error java.net.SocketException: Connection reset
06 Apr 2025 16:46:10,319 [Thread-3] ERROR ro.mpp2024.protocol.ServicesJsonProxy$ReaderThread 222 run - Reading error java.net.SocketException: Connection reset
06 Apr 2025 16:46:10,319 [Thread-3] ERROR ro.mpp2024.protocol.ServicesJsonProxy$ReaderThread 222 run - Reading error java.net.SocketException: Connection reset
06 Apr 2025 16:46:10,320 [Thread-3] ERROR ro.mpp2024.protocol.ServicesJsonProxy$ReaderThread 222 run - Reading error java.net.SocketException: Connection reset
06 Apr 2025 16:46:10,320 [Thread-3] ERROR ro.mpp2024.protocol.ServicesJsonProxy$ReaderThread 222 run - Reading error java.net.SocketException: Connection reset
06 Apr 2025 16:46:10,320 [Thread-3] ERROR ro.mpp2024.protocol.ServicesJsonProxy$ReaderThread 222 run - Reading error java.net.SocketException: Connection reset
06 Apr 2025 16:46:10,320 [Thread-3] ERROR ro.mpp2024.protocol.ServicesJsonProxy$ReaderThread 222 run - Reading error java.net.SocketException: Connection reset
06 Apr 2025 16:46:10,320 [Thread-3] ERROR ro.mpp2024.protocol.ServicesJsonProxy$ReaderThread 222 run - Reading error java.net.SocketException: Connection reset
06 Apr 2025 16:46:10,320 [Thread-3] ERROR ro.mpp2024.protocol.ServicesJsonProxy$ReaderThread 222 run - Reading error java.net.SocketException: Connection reset
06 Apr 2025 16:46:10,321 [Thread-3] ERROR ro.mpp2024.protocol.ServicesJsonProxy$ReaderThread 222 run - Reading error java.net.SocketException: Connection reset
06 Apr 2025 16:46:10,321 [Thread-3] ERROR ro.mpp2024.protocol.ServicesJsonProxy$ReaderThread 222 run - Reading error java.net.SocketException: Connection reset
06 Apr 2025 16:46:10,321 [Thread-3] ERROR ro.mpp2024.protocol.ServicesJsonProxy$ReaderThread 222 run - Reading error java.net.SocketException: Connection reset
06 Apr 2025 16:46:10,321 [Thread-3] ERROR ro.mpp2024.protocol.ServicesJsonProxy$ReaderThread 222 run - Reading error java.net.SocketException: Connection reset
06 Apr 2025 16:46:10,321 [Thread-3] ERROR ro.mpp2024.protocol.ServicesJsonProxy$ReaderThread 222 run - Reading error java.net.SocketException: Connection reset
06 Apr 2025 16:46:10,321 [Thread-3] ERROR ro.mpp2024.protocol.ServicesJsonProxy$ReaderThread 222 run - Reading error java.net.SocketException: Connection reset
06 Apr 2025 16:46:10,322 [Thread-3] ERROR ro.mpp2024.protocol.ServicesJsonProxy$ReaderThread 222 run - Reading error java.net.SocketException: Connection reset
06 Apr 2025 16:46:10,322 [Thread-3] ERROR ro.mpp2024.protocol.ServicesJsonProxy$ReaderThread 222 run - Reading error java.net.SocketException: Connection reset
06 Apr 2025 16:46:10,322 [Thread-3] ERROR ro.mpp2024.protocol.ServicesJsonProxy$ReaderThread 222 run - Reading error java.net.SocketException: Connection reset
06 Apr 2025 16:46:10,322 [Thread-3] ERROR ro.mpp2024.protocol.ServicesJsonProxy$ReaderThread 222 run - Reading error java.net.SocketException: Connection reset
06 Apr 2025 16:46:10,322 [Thread-3] ERROR ro.mpp2024.protocol.ServicesJsonProxy$ReaderThread 222 run - Reading error java.net.SocketException: Connection reset
06 Apr 2025 16:46:10,322 [Thread-3] ERROR ro.mpp2024.protocol.ServicesJsonProxy$ReaderThread 222 run - Reading error java.net.SocketException: Connection reset
06 Apr 2025 16:46:10,322 [Thread-3] ERROR ro.mpp2024.protocol.ServicesJsonProxy$ReaderThread 222 run - Reading error java.net.SocketException: Connection reset
06 Apr 2025 16:46:10,323 [Thread-3] ERROR ro.mpp2024.protocol.ServicesJsonProxy$ReaderThread 222 run - Reading error java.net.SocketException: Connection reset
06 Apr 2025 16:46:10,323 [Thread-3] ERROR ro.mpp2024.protocol.ServicesJsonProxy$ReaderThread 222 run - Reading error java.net.SocketException: Connection reset
06 Apr 2025 16:46:10,323 [Thread-3] ERROR ro.mpp2024.protocol.ServicesJsonProxy$ReaderThread 222 run - Reading error java.net.SocketException: Connection reset
06 Apr 2025 16:46:10,323 [Thread-3] ERROR ro.mpp2024.protocol.ServicesJsonProxy$ReaderThread 222 run - Reading error java.net.SocketException: Connection reset
06 Apr 2025 16:46:10,323 [Thread-3] ERROR ro.mpp2024.protocol.ServicesJsonProxy$ReaderThread 222 run - Reading error java.net.SocketException: Connection reset
06 Apr 2025 16:46:10,323 [Thread-3] ERROR ro.mpp2024.protocol.ServicesJsonProxy$ReaderThread 222 run - Reading error java.net.SocketException: Connection reset
06 Apr 2025 16:46:10,323 [Thread-3] ERROR ro.mpp2024.protocol.ServicesJsonProxy$ReaderThread 222 run - Reading error java.net.SocketException: Connection reset
06 Apr 2025 16:46:10,324 [Thread-3] ERROR ro.mpp2024.protocol.ServicesJsonProxy$ReaderThread 222 run - Reading error java.net.SocketException: Connection reset
06 Apr 2025 16:46:10,324 [Thread-3] ERROR ro.mpp2024.protocol.ServicesJsonProxy$ReaderThread 222 run - Reading error java.net.SocketException: Connection reset
06 Apr 2025 16:46:10,324 [Thread-3] ERROR ro.mpp2024.protocol.ServicesJsonProxy$ReaderThread 222 run - Reading error java.net.SocketException: Connection reset
06 Apr 2025 16:46:10,324 [Thread-3] ERROR ro.mpp2024.protocol.ServicesJsonProxy$ReaderThread 222 run - Reading error java.net.SocketException: Connection reset
06 Apr 2025 16:46:10,324 [Thread-3] ERROR ro.mpp2024.protocol.ServicesJsonProxy$ReaderThread 222 run - Reading error java.net.SocketException: Connection reset
06 Apr 2025 16:46:10,324 [Thread-3] ERROR ro.mpp2024.protocol.ServicesJsonProxy$ReaderThread 222 run - Reading error java.net.SocketException: Connection reset
06 Apr 2025 16:46:10,325 [Thread-3] ERROR ro.mpp2024.protocol.ServicesJsonProxy$ReaderThread 222 run - Reading error java.net.SocketException: Connection reset
06 Apr 2025 16:46:10,325 [Thread-3] ERROR ro.mpp2024.protocol.ServicesJsonProxy$ReaderThread 222 run - Reading error java.net.SocketException: Connection reset
06 Apr 2025 16:46:10,325 [Thread-3] ERROR ro.mpp2024.protocol.ServicesJsonProxy$ReaderThread 222 run - Reading error java.net.SocketException: Connection reset
06 Apr 2025 16:46:10,325 [Thread-3] ERROR ro.mpp2024.protocol.ServicesJsonProxy$ReaderThread 222 run - Reading error java.net.SocketException: Connection reset
06 Apr 2025 16:46:10,325 [Thread-3] ERROR ro.mpp2024.protocol.ServicesJsonProxy$ReaderThread 222 run - Reading error java.net.SocketException: Connection reset
06 Apr 2025 16:46:10,325 [Thread-3] ERROR ro.mpp2024.protocol.ServicesJsonProxy$ReaderThread 222 run - Reading error java.net.SocketException: Connection reset
06 Apr 2025 16:46:10,326 [Thread-3] ERROR ro.mpp2024.protocol.ServicesJsonProxy$ReaderThread 222 run - Reading error java.net.SocketException: Connection reset
06 Apr 2025 16:46:10,326 [Thread-3] ERROR ro.mpp2024.protocol.ServicesJsonProxy$ReaderThread 222 run - Reading error java.net.SocketException: Connection reset
06 Apr 2025 16:46:10,326 [Thread-3] ERROR ro.mpp2024.protocol.ServicesJsonProxy$ReaderThread 222 run - Reading error java.net.SocketException: Connection reset
06 Apr 2025 16:46:10,326 [Thread-3] ERROR ro.mpp2024.protocol.ServicesJsonProxy$ReaderThread 222 run - Reading error java.net.SocketException: Connection reset
06 Apr 2025 16:46:10,326 [Thread-3] ERROR ro.mpp2024.protocol.ServicesJsonProxy$ReaderThread 222 run - Reading error java.net.SocketException: Connection reset
06 Apr 2025 16:46:10,326 [Thread-3] ERROR ro.mpp2024.protocol.ServicesJsonProxy$ReaderThread 222 run - Reading error java.net.SocketException: Connection reset
06 Apr 2025 16:46:10,327 [Thread-3] ERROR ro.mpp2024.protocol.ServicesJsonProxy$ReaderThread 222 run - Reading error java.net.SocketException: Connection reset
06 Apr 2025 16:46:10,327 [Thread-3] ERROR ro.mpp2024.protocol.ServicesJsonProxy$ReaderThread 222 run - Reading error java.net.SocketException: Connection reset
06 Apr 2025 16:46:10,327 [Thread-3] ERROR ro.mpp2024.protocol.ServicesJsonProxy$ReaderThread 222 run - Reading error java.net.SocketException: Connection reset
06 Apr 2025 16:46:10,327 [Thread-3] ERROR ro.mpp2024.protocol.ServicesJsonProxy$ReaderThread 222 run - Reading error java.net.SocketException: Connection reset
06 Apr 2025 16:46:10,327 [Thread-3] ERROR ro.mpp2024.protocol.ServicesJsonProxy$ReaderThread 222 run - Reading error java.net.SocketException: Connection reset
06 Apr 2025 16:46:10,327 [Thread-3] ERROR ro.mpp2024.protocol.ServicesJsonProxy$ReaderThread 222 run - Reading error java.net.SocketException: Connection reset
06 Apr 2025 16:46:10,327 [Thread-3] ERROR ro.mpp2024.protocol.ServicesJsonProxy$ReaderThread 222 run - Reading error java.net.SocketException: Connection reset
06 Apr 2025 16:46:10,328 [Thread-3] ERROR ro.mpp2024.protocol.ServicesJsonProxy$ReaderThread 222 run - Reading error java.net.SocketException: Connection reset
06 Apr 2025 16:46:10,328 [Thread-3] ERROR ro.mpp2024.protocol.ServicesJsonProxy$ReaderThread 222 run - Reading error java.net.SocketException: Connection reset
06 Apr 2025 16:46:10,328 [Thread-3] ERROR ro.mpp2024.protocol.ServicesJsonProxy$ReaderThread 222 run - Reading error java.net.SocketException: Connection reset
06 Apr 2025 16:46:10,328 [Thread-3] ERROR ro.mpp2024.protocol.ServicesJsonProxy$ReaderThread 222 run - Reading error java.net.SocketException: Connection reset
06 Apr 2025 16:46:10,328 [Thread-3] ERROR ro.mpp2024.protocol.ServicesJsonProxy$ReaderThread 222 run - Reading error java.net.SocketException: Connection reset
06 Apr 2025 16:46:10,328 [Thread-3] ERROR ro.mpp2024.protocol.ServicesJsonProxy$ReaderThread 222 run - Reading error java.net.SocketException: Connection reset
06 Apr 2025 16:46:10,328 [Thread-3] ERROR ro.mpp2024.protocol.ServicesJsonProxy$ReaderThread 222 run - Reading error java.net.SocketException: Connection reset
06 Apr 2025 16:46:10,329 [Thread-3] ERROR ro.mpp2024.protocol.ServicesJsonProxy$ReaderThread 222 run - Reading error java.net.SocketException: Connection reset
06 Apr 2025 16:46:10,329 [Thread-3] ERROR ro.mpp2024.protocol.ServicesJsonProxy$ReaderThread 222 run - Reading error java.net.SocketException: Connection reset
06 Apr 2025 16:46:10,329 [Thread-3] ERROR ro.mpp2024.protocol.ServicesJsonProxy$ReaderThread 222 run - Reading error java.net.SocketException: Connection reset
06 Apr 2025 16:46:10,329 [Thread-3] ERROR ro.mpp2024.protocol.ServicesJsonProxy$ReaderThread 222 run - Reading error java.net.SocketException: Connection reset
06 Apr 2025 16:46:10,329 [Thread-3] ERROR ro.mpp2024.protocol.ServicesJsonProxy$ReaderThread 222 run - Reading error java.net.SocketException: Connection reset
06 Apr 2025 16:46:10,329 [Thread-3] ERROR ro.mpp2024.protocol.ServicesJsonProxy$ReaderThread 222 run - Reading error java.net.SocketException: Connection reset
06 Apr 2025 16:46:10,329 [Thread-3] ERROR ro.mpp2024.protocol.ServicesJsonProxy$ReaderThread 222 run - Reading error java.net.SocketException: Connection reset
06 Apr 2025 16:46:10,329 [Thread-3] ERROR ro.mpp2024.protocol.ServicesJsonProxy$ReaderThread 222 run - Reading error java.net.SocketException: Connection reset
06 Apr 2025 16:46:10,330 [Thread-3] ERROR ro.mpp2024.protocol.ServicesJsonProxy$ReaderThread 222 run - Reading error java.net.SocketException: Connection reset
06 Apr 2025 16:46:10,330 [Thread-3] ERROR ro.mpp2024.protocol.ServicesJsonProxy$ReaderThread 222 run - Reading error java.net.SocketException: Connection reset
06 Apr 2025 16:46:10,330 [Thread-3] ERROR ro.mpp2024.protocol.ServicesJsonProxy$ReaderThread 222 run - Reading error java.net.SocketException: Connection reset
06 Apr 2025 16:46:10,330 [Thread-3] ERROR ro.mpp2024.protocol.ServicesJsonProxy$ReaderThread 222 run - Reading error java.net.SocketException: Connection reset
06 Apr 2025 16:46:10,330 [Thread-3] ERROR ro.mpp2024.protocol.ServicesJsonProxy$ReaderThread 222 run - Reading error java.net.SocketException: Connection reset
06 Apr 2025 16:46:10,330 [Thread-3] ERROR ro.mpp2024.protocol.ServicesJsonProxy$ReaderThread 222 run - Reading error java.net.SocketException: Connection reset
06 Apr 2025 16:46:10,330 [Thread-3] ERROR ro.mpp2024.protocol.ServicesJsonProxy$ReaderThread 222 run - Reading error java.net.SocketException: Connection reset
06 Apr 2025 16:46:10,331 [Thread-3] ERROR ro.mpp2024.protocol.ServicesJsonProxy$ReaderThread 222 run - Reading error java.net.SocketException: Connection reset
06 Apr 2025 16:46:10,331 [Thread-3] ERROR ro.mpp2024.protocol.ServicesJsonProxy$ReaderThread 222 run - Reading error java.net.SocketException: Connection reset
06 Apr 2025 16:46:10,331 [Thread-3] ERROR ro.mpp2024.protocol.ServicesJsonProxy$ReaderThread 222 run - Reading error java.net.SocketException: Connection reset
06 Apr 2025 16:46:10,331 [Thread-3] ERROR ro.mpp2024.protocol.ServicesJsonProxy$ReaderThread 222 run - Reading error java.net.SocketException: Connection reset
06 Apr 2025 16:46:10,331 [Thread-3] ERROR ro.mpp2024.protocol.ServicesJsonProxy$ReaderThread 222 run - Reading error java.net.SocketException: Connection reset
06 Apr 2025 16:46:10,331 [Thread-3] ERROR ro.mpp2024.protocol.ServicesJsonProxy$ReaderThread 222 run - Reading error java.net.SocketException: Connection reset
06 Apr 2025 16:46:10,332 [Thread-3] ERROR ro.mpp2024.protocol.ServicesJsonProxy$ReaderThread 222 run - Reading error java.net.SocketException: Connection reset
06 Apr 2025 16:46:10,332 [Thread-3] ERROR ro.mpp2024.protocol.ServicesJsonProxy$ReaderThread 222 run - Reading error java.net.SocketException: Connection reset
06 Apr 2025 16:46:10,332 [Thread-3] ERROR ro.mpp2024.protocol.ServicesJsonProxy$ReaderThread 222 run - Reading error java.net.SocketException: Connection reset
06 Apr 2025 16:46:10,332 [Thread-3] ERROR ro.mpp2024.protocol.ServicesJsonProxy$ReaderThread 222 run - Reading error java.net.SocketException: Connection reset
06 Apr 2025 16:46:10,332 [Thread-3] ERROR ro.mpp2024.protocol.ServicesJsonProxy$ReaderThread 222 run - Reading error java.net.SocketException: Connection reset
06 Apr 2025 16:46:10,332 [Thread-3] ERROR ro.mpp2024.protocol.ServicesJsonProxy$ReaderThread 222 run - Reading error java.net.SocketException: Connection reset
06 Apr 2025 16:46:10,332 [Thread-3] ERROR ro.mpp2024.protocol.ServicesJsonProxy$ReaderThread 222 run - Reading error java.net.SocketException: Connection reset
06 Apr 2025 16:46:10,332 [Thread-3] ERROR ro.mpp2024.protocol.ServicesJsonProxy$ReaderThread 222 run - Reading error java.net.SocketException: Connection reset
06 Apr 2025 16:46:10,333 [Thread-3] ERROR ro.mpp2024.protocol.ServicesJsonProxy$ReaderThread 222 run - Reading error java.net.SocketException: Connection reset
06 Apr 2025 16:46:10,333 [Thread-3] ERROR ro.mpp2024.protocol.ServicesJsonProxy$ReaderThread 222 run - Reading error java.net.SocketException: Connection reset
06 Apr 2025 16:46:10,333 [Thread-3] ERROR ro.mpp2024.protocol.ServicesJsonProxy$ReaderThread 222 run - Reading error java.net.SocketException: Connection reset
06 Apr 2025 16:46:10,333 [Thread-3] ERROR ro.mpp2024.protocol.ServicesJsonProxy$ReaderThread 222 run - Reading error java.net.SocketException: Connection reset
06 Apr 2025 16:46:10,333 [Thread-3] ERROR ro.mpp2024.protocol.ServicesJsonProxy$ReaderThread 222 run - Reading error java.net.SocketException: Connection reset
06 Apr 2025 16:46:10,333 [Thread-3] ERROR ro.mpp2024.protocol.ServicesJsonProxy$ReaderThread 222 run - Reading error java.net.SocketException: Connection reset
06 Apr 2025 16:46:10,333 [Thread-3] ERROR ro.mpp2024.protocol.ServicesJsonProxy$ReaderThread 222 run - Reading error java.net.SocketException: Connection reset
06 Apr 2025 16:46:10,333 [Thread-3] ERROR ro.mpp2024.protocol.ServicesJsonProxy$ReaderThread 222 run - Reading error java.net.SocketException: Connection reset
06 Apr 2025 16:46:10,333 [Thread-3] ERROR ro.mpp2024.protocol.ServicesJsonProxy$ReaderThread 222 run - Reading error java.net.SocketException: Connection reset
06 Apr 2025 16:46:10,333 [Thread-3] ERROR ro.mpp2024.protocol.ServicesJsonProxy$ReaderThread 222 run - Reading error java.net.SocketException: Connection reset
06 Apr 2025 16:46:10,333 [Thread-3] ERROR ro.mpp2024.protocol.ServicesJsonProxy$ReaderThread 222 run - Reading error java.net.SocketException: Connection reset
06 Apr 2025 16:46:10,334 [Thread-3] ERROR ro.mpp2024.protocol.ServicesJsonProxy$ReaderThread 222 run - Reading error java.net.SocketException: Connection reset
06 Apr 2025 16:46:10,334 [Thread-3] ERROR ro.mpp2024.protocol.ServicesJsonProxy$ReaderThread 222 run - Reading error java.net.SocketException: Connection reset
06 Apr 2025 16:46:10,334 [Thread-3] ERROR ro.mpp2024.protocol.ServicesJsonProxy$ReaderThread 222 run - Reading error java.net.SocketException: Connection reset
06 Apr 2025 16:46:10,334 [Thread-3] ERROR ro.mpp2024.protocol.ServicesJsonProxy$ReaderThread 222 run - Reading error java.net.SocketException: Connection reset
06 Apr 2025 16:46:10,334 [Thread-3] ERROR ro.mpp2024.protocol.ServicesJsonProxy$ReaderThread 222 run - Reading error java.net.SocketException: Connection reset
06 Apr 2025 16:46:10,334 [Thread-3] ERROR ro.mpp2024.protocol.ServicesJsonProxy$ReaderThread 222 run - Reading error java.net.SocketException: Connection reset
06 Apr 2025 16:46:10,334 [Thread-3] ERROR ro.mpp2024.protocol.ServicesJsonProxy$ReaderThread 222 run - Reading error java.net.SocketException: Connection reset
06 Apr 2025 16:46:10,334 [Thread-3] ERROR ro.mpp2024.protocol.ServicesJsonProxy$ReaderThread 222 run - Reading error java.net.SocketException: Connection reset
06 Apr 2025 16:46:10,334 [Thread-3] ERROR ro.mpp2024.protocol.ServicesJsonProxy$ReaderThread 222 run - Reading error java.net.SocketException: Connection reset
06 Apr 2025 16:46:10,335 [Thread-3] ERROR ro.mpp2024.protocol.ServicesJsonProxy$ReaderThread 222 run - Reading error java.net.SocketException: Connection reset
06 Apr 2025 16:46:10,335 [Thread-3] ERROR ro.mpp2024.protocol.ServicesJsonProxy$ReaderThread 222 run - Reading error java.net.SocketException: Connection reset
06 Apr 2025 16:46:10,335 [Thread-3] ERROR ro.mpp2024.protocol.ServicesJsonProxy$ReaderThread 222 run - Reading error java.net.SocketException: Connection reset
06 Apr 2025 16:46:10,335 [Thread-3] ERROR ro.mpp2024.protocol.ServicesJsonProxy$ReaderThread 222 run - Reading error java.net.SocketException: Connection reset
06 Apr 2025 16:46:10,335 [Thread-3] ERROR ro.mpp2024.protocol.ServicesJsonProxy$ReaderThread 222 run - Reading error java.net.SocketException: Connection reset
06 Apr 2025 16:46:10,335 [Thread-3] ERROR ro.mpp2024.protocol.ServicesJsonProxy$ReaderThread 222 run - Reading error java.net.SocketException: Connection reset
06 Apr 2025 16:46:10,335 [Thread-3] ERROR ro.mpp2024.protocol.ServicesJsonProxy$ReaderThread 222 run - Reading error java.net.SocketException: Connection reset
06 Apr 2025 16:46:10,335 [Thread-3] ERROR ro.mpp2024.protocol.ServicesJsonProxy$ReaderThread 222 run - Reading error java.net.SocketException: Connection reset
06 Apr 2025 16:46:10,335 [Thread-3] ERROR ro.mpp2024.protocol.ServicesJsonProxy$ReaderThread 222 run - Reading error java.net.SocketException: Connection reset
06 Apr 2025 16:46:10,335 [Thread-3] ERROR ro.mpp2024.protocol.ServicesJsonProxy$ReaderThread 222 run - Reading error java.net.SocketException: Connection reset
06 Apr 2025 16:46:10,335 [Thread-3] ERROR ro.mpp2024.protocol.ServicesJsonProxy$ReaderThread 222 run - Reading error java.net.SocketException: Connection reset
06 Apr 2025 16:46:10,336 [Thread-3] ERROR ro.mpp2024.protocol.ServicesJsonProxy$ReaderThread 222 run - Reading error java.net.SocketException: Connection reset
06 Apr 2025 16:46:10,336 [Thread-3] ERROR ro.mpp2024.protocol.ServicesJsonProxy$ReaderThread 222 run - Reading error java.net.SocketException: Connection reset
06 Apr 2025 16:46:10,336 [Thread-3] ERROR ro.mpp2024.protocol.ServicesJsonProxy$ReaderThread 222 run - Reading error java.net.SocketException: Connection reset
06 Apr 2025 16:46:10,336 [Thread-3] ERROR ro.mpp2024.protocol.ServicesJsonProxy$ReaderThread 222 run - Reading error java.net.SocketException: Connection reset
06 Apr 2025 16:46:10,336 [Thread-3] ERROR ro.mpp2024.protocol.ServicesJsonProxy$ReaderThread 222 run - Reading error java.net.SocketException: Connection reset
06 Apr 2025 16:46:10,336 [Thread-3] ERROR ro.mpp2024.protocol.ServicesJsonProxy$ReaderThread 222 run - Reading error java.net.SocketException: Connection reset
06 Apr 2025 16:46:10,336 [Thread-3] ERROR ro.mpp2024.protocol.ServicesJsonProxy$ReaderThread 222 run - Reading error java.net.SocketException: Connection reset
06 Apr 2025 16:46:10,336 [Thread-3] ERROR ro.mpp2024.protocol.ServicesJsonProxy$ReaderThread 222 run - Reading error java.net.SocketException: Connection reset
06 Apr 2025 16:46:10,336 [Thread-3] ERROR ro.mpp2024.protocol.ServicesJsonProxy$ReaderThread 222 run - Reading error java.net.SocketException: Connection reset
06 Apr 2025 16:46:10,336 [Thread-3] ERROR ro.mpp2024.protocol.ServicesJsonProxy$ReaderThread 222 run - Reading error java.net.SocketException: Connection reset
06 Apr 2025 16:46:10,337 [Thread-3] ERROR ro.mpp2024.protocol.ServicesJsonProxy$ReaderThread 222 run - Reading error java.net.SocketException: Connection reset
06 Apr 2025 16:46:10,337 [Thread-3] ERROR ro.mpp2024.protocol.ServicesJsonProxy$ReaderThread 222 run - Reading error java.net.SocketException: Connection reset
06 Apr 2025 16:46:10,337 [Thread-3] ERROR ro.mpp2024.protocol.ServicesJsonProxy$ReaderThread 222 run - Reading error java.net.SocketException: Connection reset
06 Apr 2025 16:46:10,337 [Thread-3] ERROR ro.mpp2024.protocol.ServicesJsonProxy$ReaderThread 222 run - Reading error java.net.SocketException: Connection reset
06 Apr 2025 16:46:10,337 [Thread-3] ERROR ro.mpp2024.protocol.ServicesJsonProxy$ReaderThread 222 run - Reading error java.net.SocketException: Connection reset
06 Apr 2025 16:46:10,337 [Thread-3] ERROR ro.mpp2024.protocol.ServicesJsonProxy$ReaderThread 222 run - Reading error java.net.SocketException: Connection reset
06 Apr 2025 16:46:10,337 [Thread-3] ERROR ro.mpp2024.protocol.ServicesJsonProxy$ReaderThread 222 run - Reading error java.net.SocketException: Connection reset
06 Apr 2025 16:46:10,337 [Thread-3] ERROR ro.mpp2024.protocol.ServicesJsonProxy$ReaderThread 222 run - Reading error java.net.SocketException: Connection reset
06 Apr 2025 16:46:10,337 [Thread-3] ERROR ro.mpp2024.protocol.ServicesJsonProxy$ReaderThread 222 run - Reading error java.net.SocketException: Connection reset
06 Apr 2025 16:46:10,337 [Thread-3] ERROR ro.mpp2024.protocol.ServicesJsonProxy$ReaderThread 222 run - Reading error java.net.SocketException: Connection reset
06 Apr 2025 16:46:10,337 [Thread-3] ERROR ro.mpp2024.protocol.ServicesJsonProxy$ReaderThread 222 run - Reading error java.net.SocketException: Connection reset
06 Apr 2025 16:46:10,337 [Thread-3] ERROR ro.mpp2024.protocol.ServicesJsonProxy$ReaderThread 222 run - Reading error java.net.SocketException: Connection reset
06 Apr 2025 16:46:10,338 [Thread-3] ERROR ro.mpp2024.protocol.ServicesJsonProxy$ReaderThread 222 run - Reading error java.net.SocketException: Connection reset
06 Apr 2025 16:46:10,338 [Thread-3] ERROR ro.mpp2024.protocol.ServicesJsonProxy$ReaderThread 222 run - Reading error java.net.SocketException: Connection reset
06 Apr 2025 16:46:10,338 [Thread-3] ERROR ro.mpp2024.protocol.ServicesJsonProxy$ReaderThread 222 run - Reading error java.net.SocketException: Connection reset
06 Apr 2025 16:46:10,338 [Thread-3] ERROR ro.mpp2024.protocol.ServicesJsonProxy$ReaderThread 222 run - Reading error java.net.SocketException: Connection reset
06 Apr 2025 16:46:10,338 [Thread-3] ERROR ro.mpp2024.protocol.ServicesJsonProxy$ReaderThread 222 run - Reading error java.net.SocketException: Connection reset
06 Apr 2025 16:46:10,338 [Thread-3] ERROR ro.mpp2024.protocol.ServicesJsonProxy$ReaderThread 222 run - Reading error java.net.SocketException: Connection reset
06 Apr 2025 16:46:10,338 [Thread-3] ERROR ro.mpp2024.protocol.ServicesJsonProxy$ReaderThread 222 run - Reading error java.net.SocketException: Connection reset
06 Apr 2025 16:46:10,338 [Thread-3] ERROR ro.mpp2024.protocol.ServicesJsonProxy$ReaderThread 222 run - Reading error java.net.SocketException: Connection reset
06 Apr 2025 16:46:10,338 [Thread-3] ERROR ro.mpp2024.protocol.ServicesJsonProxy$ReaderThread 222 run - Reading error java.net.SocketException: Connection reset
06 Apr 2025 16:46:10,338 [Thread-3] ERROR ro.mpp2024.protocol.ServicesJsonProxy$ReaderThread 222 run - Reading error java.net.SocketException: Connection reset
06 Apr 2025 16:46:10,339 [Thread-3] ERROR ro.mpp2024.protocol.ServicesJsonProxy$ReaderThread 222 run - Reading error java.net.SocketException: Connection reset
06 Apr 2025 16:46:10,339 [Thread-3] ERROR ro.mpp2024.protocol.ServicesJsonProxy$ReaderThread 222 run - Reading error java.net.SocketException: Connection reset
06 Apr 2025 16:46:10,339 [Thread-3] ERROR ro.mpp2024.protocol.ServicesJsonProxy$ReaderThread 222 run - Reading error java.net.SocketException: Connection reset
06 Apr 2025 16:46:10,339 [Thread-3] ERROR ro.mpp2024.protocol.ServicesJsonProxy$ReaderThread 222 run - Reading error java.net.SocketException: Connection reset
06 Apr 2025 16:46:10,339 [Thread-3] ERROR ro.mpp2024.protocol.ServicesJsonProxy$ReaderThread 222 run - Reading error java.net.SocketException: Connection reset
06 Apr 2025 16:46:10,339 [Thread-3] ERROR ro.mpp2024.protocol.ServicesJsonProxy$ReaderThread 222 run - Reading error java.net.SocketException: Connection reset
06 Apr 2025 16:46:10,339 [Thread-3] ERROR ro.mpp2024.protocol.ServicesJsonProxy$ReaderThread 222 run - Reading error java.net.SocketException: Connection reset
06 Apr 2025 16:46:10,339 [Thread-3] ERROR ro.mpp2024.protocol.ServicesJsonProxy$ReaderThread 222 run - Reading error java.net.SocketException: Connection reset
06 Apr 2025 16:46:10,339 [Thread-3] ERROR ro.mpp2024.protocol.ServicesJsonProxy$ReaderThread 222 run - Reading error java.net.SocketException: Connection reset
06 Apr 2025 16:46:10,339 [Thread-3] ERROR ro.mpp2024.protocol.ServicesJsonProxy$ReaderThread 222 run - Reading error java.net.SocketException: Connection reset
06 Apr 2025 16:46:10,339 [Thread-3] ERROR ro.mpp2024.protocol.ServicesJsonProxy$ReaderThread 222 run - Reading error java.net.SocketException: Connection reset
06 Apr 2025 16:46:10,339 [Thread-3] ERROR ro.mpp2024.protocol.ServicesJsonProxy$ReaderThread 222 run - Reading error java.net.SocketException: Connection reset
06 Apr 2025 16:46:10,340 [Thread-3] ERROR ro.mpp2024.protocol.ServicesJsonProxy$ReaderThread 222 run - Reading error java.net.SocketException: Connection reset
06 Apr 2025 16:46:10,340 [Thread-3] ERROR ro.mpp2024.protocol.ServicesJsonProxy$ReaderThread 222 run - Reading error java.net.SocketException: Connection reset
06 Apr 2025 16:46:10,340 [Thread-3] ERROR ro.mpp2024.protocol.ServicesJsonProxy$ReaderThread 222 run - Reading error java.net.SocketException: Connection reset
06 Apr 2025 16:46:10,340 [Thread-3] ERROR ro.mpp2024.protocol.ServicesJsonProxy$ReaderThread 222 run - Reading error java.net.SocketException: Connection reset
06 Apr 2025 16:46:10,340 [Thread-3] ERROR ro.mpp2024.protocol.ServicesJsonProxy$ReaderThread 222 run - Reading error java.net.SocketException: Connection reset
06 Apr 2025 16:46:10,340 [Thread-3] ERROR ro.mpp2024.protocol.ServicesJsonProxy$ReaderThread 222 run - Reading error java.net.SocketException: Connection reset
06 Apr 2025 16:46:10,340 [Thread-3] ERROR ro.mpp2024.protocol.ServicesJsonProxy$ReaderThread 222 run - Reading error java.net.SocketException: Connection reset
06 Apr 2025 16:46:10,340 [Thread-3] ERROR ro.mpp2024.protocol.ServicesJsonProxy$ReaderThread 222 run - Reading error java.net.SocketException: Connection reset
06 Apr 2025 16:46:10,340 [Thread-3] ERROR ro.mpp2024.protocol.ServicesJsonProxy$ReaderThread 222 run - Reading error java.net.SocketException: Connection reset
06 Apr 2025 16:46:10,340 [Thread-3] ERROR ro.mpp2024.protocol.ServicesJsonProxy$ReaderThread 222 run - Reading error java.net.SocketException: Connection reset
06 Apr 2025 16:46:10,341 [Thread-3] ERROR ro.mpp2024.protocol.ServicesJsonProxy$ReaderThread 222 run - Reading error java.net.SocketException: Connection reset
06 Apr 2025 16:46:10,341 [Thread-3] ERROR ro.mpp2024.protocol.ServicesJsonProxy$ReaderThread 222 run - Reading error java.net.SocketException: Connection reset
06 Apr 2025 16:46:10,341 [Thread-3] ERROR ro.mpp2024.protocol.ServicesJsonProxy$ReaderThread 222 run - Reading error java.net.SocketException: Connection reset
06 Apr 2025 16:46:10,341 [Thread-3] ERROR ro.mpp2024.protocol.ServicesJsonProxy$ReaderThread 222 run - Reading error java.net.SocketException: Connection reset
06 Apr 2025 16:46:10,341 [Thread-3] ERROR ro.mpp2024.protocol.ServicesJsonProxy$ReaderThread 222 run - Reading error java.net.SocketException: Connection reset
06 Apr 2025 16:46:10,341 [Thread-3] ERROR ro.mpp2024.protocol.ServicesJsonProxy$ReaderThread 222 run - Reading error java.net.SocketException: Connection reset
06 Apr 2025 16:46:10,341 [Thread-3] ERROR ro.mpp2024.protocol.ServicesJsonProxy$ReaderThread 222 run - Reading error java.net.SocketException: Connection reset
06 Apr 2025 16:46:10,341 [Thread-3] ERROR ro.mpp2024.protocol.ServicesJsonProxy$ReaderThread 222 run - Reading error java.net.SocketException: Connection reset
06 Apr 2025 16:46:10,341 [Thread-3] ERROR ro.mpp2024.protocol.ServicesJsonProxy$ReaderThread 222 run - Reading error java.net.SocketException: Connection reset
06 Apr 2025 16:46:10,342 [Thread-3] ERROR ro.mpp2024.protocol.ServicesJsonProxy$ReaderThread 222 run - Reading error java.net.SocketException: Connection reset
06 Apr 2025 16:46:10,342 [Thread-3] ERROR ro.mpp2024.protocol.ServicesJsonProxy$ReaderThread 222 run - Reading error java.net.SocketException: Connection reset
06 Apr 2025 16:46:10,342 [Thread-3] ERROR ro.mpp2024.protocol.ServicesJsonProxy$ReaderThread 222 run - Reading error java.net.SocketException: Connection reset
06 Apr 2025 16:46:10,342 [Thread-3] ERROR ro.mpp2024.protocol.ServicesJsonProxy$ReaderThread 222 run - Reading error java.net.SocketException: Connection reset
06 Apr 2025 16:46:10,342 [Thread-3] ERROR ro.mpp2024.protocol.ServicesJsonProxy$ReaderThread 222 run - Reading error java.net.SocketException: Connection reset
06 Apr 2025 16:46:10,342 [Thread-3] ERROR ro.mpp2024.protocol.ServicesJsonProxy$ReaderThread 222 run - Reading error java.net.SocketException: Connection reset
06 Apr 2025 16:46:10,342 [Thread-3] ERROR ro.mpp2024.protocol.ServicesJsonProxy$ReaderThread 222 run - Reading error java.net.SocketException: Connection reset
06 Apr 2025 16:46:10,342 [Thread-3] ERROR ro.mpp2024.protocol.ServicesJsonProxy$ReaderThread 222 run - Reading error java.net.SocketException: Connection reset
06 Apr 2025 16:46:10,343 [Thread-3] ERROR ro.mpp2024.protocol.ServicesJsonProxy$ReaderThread 222 run - Reading error java.net.SocketException: Connection reset
06 Apr 2025 16:46:10,343 [Thread-3] ERROR ro.mpp2024.protocol.ServicesJsonProxy$ReaderThread 222 run - Reading error java.net.SocketException: Connection reset
06 Apr 2025 16:46:10,343 [Thread-3] ERROR ro.mpp2024.protocol.ServicesJsonProxy$ReaderThread 222 run - Reading error java.net.SocketException: Connection reset
06 Apr 2025 16:46:10,343 [Thread-3] ERROR ro.mpp2024.protocol.ServicesJsonProxy$ReaderThread 222 run - Reading error java.net.SocketException: Connection reset
06 Apr 2025 16:46:10,343 [Thread-3] ERROR ro.mpp2024.protocol.ServicesJsonProxy$ReaderThread 222 run - Reading error java.net.SocketException: Connection reset
06 Apr 2025 16:46:10,343 [Thread-3] ERROR ro.mpp2024.protocol.ServicesJsonProxy$ReaderThread 222 run - Reading error java.net.SocketException: Connection reset
06 Apr 2025 16:46:10,343 [Thread-3] ERROR ro.mpp2024.protocol.ServicesJsonProxy$ReaderThread 222 run - Reading error java.net.SocketException: Connection reset
06 Apr 2025 16:46:43,923 [JavaFX Application Thread] DEBUG ro.mpp2024.StartJsonClient 29 start - Starting client application
06 Apr 2025 16:46:43,927 [JavaFX Application Thread] INFO  ro.mpp2024.StartJsonClient 33 start - Client properties set {server.host=localhost, server.port=55556}
06 Apr 2025 16:46:43,927 [JavaFX Application Thread] INFO  ro.mpp2024.StartJsonClient 50 start - Connecting to server localhost on port 55556
06 Apr 2025 16:46:51,362 [JavaFX Application Thread] ERROR ro.mpp2024.protocol.ServicesJsonProxy 173 initializeConnection - java.net.ConnectException: Connection refused: connect
06 Apr 2025 16:46:51,363 [JavaFX Application Thread] ERROR ro.mpp2024.protocol.ServicesJsonProxy 174 initializeConnection - [Ljava.lang.StackTraceElement;@620d3ea6
06 Apr 2025 16:47:49,536 [JavaFX Application Thread] DEBUG ro.mpp2024.StartJsonClient 29 start - Starting client application
06 Apr 2025 16:47:49,540 [JavaFX Application Thread] INFO  ro.mpp2024.StartJsonClient 33 start - Client properties set {server.host=localhost, server.port=55556}
06 Apr 2025 16:47:49,540 [JavaFX Application Thread] INFO  ro.mpp2024.StartJsonClient 50 start - Connecting to server localhost on port 55556
06 Apr 2025 16:48:01,355 [Thread-3] DEBUG ro.mpp2024.protocol.ServicesJsonProxy$ReaderThread 208 run - response received {"type":"LOGGED_ACC","user":{"id":22,"nume":"Charlie Brown","username":"charlie.b","password":"TXlQQHNzdzNyZA\u003d\u003d","id_proba":"i1"}}
06 Apr 2025 16:48:02,361 [Thread-3] DEBUG ro.mpp2024.protocol.ServicesJsonProxy$ReaderThread 208 run - response received {"type":"ALL_REZULTATE","punctaje":[{"idParticipant":18,"nume":"Barbu","prenume":"Irina","varsta":27,"punctaj":230},{"idParticipant":19,"nume":"Constantin","prenume":"Marius","varsta":30,"punctaj":288},{"idParticipant":13,"nume":"Dobre","prenume":"Adriana","varsta":34,"punctaj":175},{"idParticipant":21,"nume":"Dragomir","prenume":"Adrian","varsta":26,"punctaj":140},{"idParticipant":4,"nume":"Dumitrescu","prenume":"Elena","varsta":28,"punctaj":153},{"idParticipant":20,"nume":"Enache","prenume":"Laura","varsta":29,"punctaj":325},{"idParticipant":22,"nume":"Filip","prenume":"Bianca","varsta":31,"punctaj":317},{"idParticipant":3,"nume":"Georgescu","prenume":"Andrei","varsta":22,"punctaj":132},{"idParticipant":17,"nume":"Gheorghe","prenume":"Vlad","varsta":28,"punctaj":210},{"idParticipant":23,"nume":"Grigore","prenume":"Stefan","varsta":24,"punctaj":155},{"idParticipant":24,"nume":"Hagi","prenume":"Diana","varsta":32,"punctaj":203},{"idParticipant":25,"nume":"Iacob","prenume":"Radu","varsta":23,"punctaj":195},{"idParticipant":11,"nume":"Iliescu","prenume":"Daniela","varsta":32,"punctaj":320},{"idParticipant":2,"nume":"Ionescu","prenume":"Maria","varsta":30,"punctaj":166},{"idParticipant":26,"nume":"Jianu","prenume":"Oana","varsta":34,"punctaj":142},{"idParticipant":27,"nume":"Kovacs","prenume":"Cristina","varsta":21,"punctaj":199},{"idParticipant":16,"nume":"Lazar","prenume":"Roxana","varsta":25,"punctaj":185},{"idParticipant":28,"nume":"Lupu","prenume":"George","varsta":33,"punctaj":199},{"idParticipant":29,"nume":"Manole","prenume":"Simona","varsta":25,"punctaj":117},{"idParticipant":8,"nume":"Marin","prenume":"Ana","varsta":29,"punctaj":134},{"idParticipant":14,"nume":"Munteanu","prenume":"Sorin","varsta":21,"punctaj":301},{"idParticipant":30,"nume":"Nedelcu","prenume":"Alexandra","varsta":28,"punctaj":169},{"idParticipant":15,"nume":"Nistor","prenume":"Carmen","varsta":33,"punctaj":189},{"idParticipant":40,"nume":"nume","prenume":"prenume","varsta":20,"punctaj":300},{"idParticipant":31,"nume":"Oprea","prenume":"Bogdan","varsta":27,"punctaj":282},{"idParticipant":32,"nume":"Pavel","prenume":"Monica","varsta":30,"punctaj":111},{"idParticipant":10,"nume":"Petrescu","prenume":"Gabriel","varsta":26,"punctaj":188},{"idParticipant":5,"nume":"Popa","prenume":"Mihai","varsta":35,"punctaj":282},{"idParticipant":1,"nume":"Popescu","prenume":"Ion","varsta":25,"punctaj":158},{"idParticipant":7,"nume":"Radu","prenume":"Cristian","varsta":24,"punctaj":256},{"idParticipant":33,"nume":"Rusu","prenume":"Andreea","varsta":29,"punctaj":313},{"idParticipant":34,"nume":"Sandu","prenume":"Victor","varsta":26,"punctaj":115},{"idParticipant":6,"nume":"Stan","prenume":"Ioana","varsta":27,"punctaj":289},{"idParticipant":35,"nume":"Toma","prenume":"Gabriela","varsta":31,"punctaj":132},{"idParticipant":9,"nume":"Tudor","prenume":"Alexandru","varsta":31,"punctaj":288},{"idParticipant":36,"nume":"Ursu","prenume":"Mihail","varsta":24,"punctaj":155},{"idParticipant":12,"nume":"Vasilescu","prenume":"Florin","varsta":23,"punctaj":472},{"idParticipant":37,"nume":"Vlad","prenume":"Anca","varsta":32,"punctaj":138},{"idParticipant":39,"nume":"Voicu","prenume":"Raluca","varsta":34,"punctaj":190},{"idParticipant":38,"nume":"Zamfir","prenume":"Lucian","varsta":23,"punctaj":177}]}
06 Apr 2025 16:48:03,370 [Thread-3] DEBUG ro.mpp2024.protocol.ServicesJsonProxy$ReaderThread 208 run - response received {"type":"REZULTATE","punctaje":[{"idParticipant":13,"nume":"Dobre","prenume":"Adriana","varsta":34,"punctaj":165},{"idParticipant":1,"nume":"Popescu","prenume":"Ion","varsta":25,"punctaj":148},{"idParticipant":8,"nume":"Marin","prenume":"Ana","varsta":29,"punctaj":134}]}
06 Apr 2025 16:48:04,386 [Thread-3] DEBUG ro.mpp2024.protocol.ServicesJsonProxy$ReaderThread 208 run - response received {"type":"PARTICIPANTI","participanti":[{"idParticipant":1,"nume":"Popescu","prenume":"Ion","varsta":25,"punctaj":0},{"idParticipant":2,"nume":"Ionescu","prenume":"Maria","varsta":30,"punctaj":0},{"idParticipant":3,"nume":"Georgescu","prenume":"Andrei","varsta":22,"punctaj":0},{"idParticipant":4,"nume":"Dumitrescu","prenume":"Elena","varsta":28,"punctaj":0},{"idParticipant":5,"nume":"Popa","prenume":"Mihai","varsta":35,"punctaj":0},{"idParticipant":6,"nume":"Stan","prenume":"Ioana","varsta":27,"punctaj":0},{"idParticipant":7,"nume":"Radu","prenume":"Cristian","varsta":24,"punctaj":0},{"idParticipant":8,"nume":"Marin","prenume":"Ana","varsta":29,"punctaj":0},{"idParticipant":9,"nume":"Tudor","prenume":"Alexandru","varsta":31,"punctaj":0},{"idParticipant":10,"nume":"Petrescu","prenume":"Gabriel","varsta":26,"punctaj":0},{"idParticipant":11,"nume":"Iliescu","prenume":"Daniela","varsta":32,"punctaj":0},{"idParticipant":12,"nume":"Vasilescu","prenume":"Florin","varsta":23,"punctaj":0},{"idParticipant":13,"nume":"Dobre","prenume":"Adriana","varsta":34,"punctaj":0},{"idParticipant":14,"nume":"Munteanu","prenume":"Sorin","varsta":21,"punctaj":0},{"idParticipant":15,"nume":"Nistor","prenume":"Carmen","varsta":33,"punctaj":0},{"idParticipant":16,"nume":"Lazar","prenume":"Roxana","varsta":25,"punctaj":0},{"idParticipant":17,"nume":"Gheorghe","prenume":"Vlad","varsta":28,"punctaj":0},{"idParticipant":18,"nume":"Barbu","prenume":"Irina","varsta":27,"punctaj":0},{"idParticipant":19,"nume":"Constantin","prenume":"Marius","varsta":30,"punctaj":0},{"idParticipant":20,"nume":"Enache","prenume":"Laura","varsta":29,"punctaj":0},{"idParticipant":21,"nume":"Dragomir","prenume":"Adrian","varsta":26,"punctaj":0},{"idParticipant":22,"nume":"Filip","prenume":"Bianca","varsta":31,"punctaj":0},{"idParticipant":23,"nume":"Grigore","prenume":"Stefan","varsta":24,"punctaj":0},{"idParticipant":24,"nume":"Hagi","prenume":"Diana","varsta":32,"punctaj":0},{"idParticipant":25,"nume":"Iacob","prenume":"Radu","varsta":23,"punctaj":0},{"idParticipant":26,"nume":"Jianu","prenume":"Oana","varsta":34,"punctaj":0},{"idParticipant":27,"nume":"Kovacs","prenume":"Cristina","varsta":21,"punctaj":0},{"idParticipant":28,"nume":"Lupu","prenume":"George","varsta":33,"punctaj":0},{"idParticipant":29,"nume":"Manole","prenume":"Simona","varsta":25,"punctaj":0},{"idParticipant":30,"nume":"Nedelcu","prenume":"Alexandra","varsta":28,"punctaj":0},{"idParticipant":31,"nume":"Oprea","prenume":"Bogdan","varsta":27,"punctaj":0},{"idParticipant":32,"nume":"Pavel","prenume":"Monica","varsta":30,"punctaj":0},{"idParticipant":33,"nume":"Rusu","prenume":"Andreea","varsta":29,"punctaj":0},{"idParticipant":34,"nume":"Sandu","prenume":"Victor","varsta":26,"punctaj":0},{"idParticipant":35,"nume":"Toma","prenume":"Gabriela","varsta":31,"punctaj":0},{"idParticipant":36,"nume":"Ursu","prenume":"Mihail","varsta":24,"punctaj":0},{"idParticipant":37,"nume":"Vlad","prenume":"Anca","varsta":32,"punctaj":0},{"idParticipant":38,"nume":"Zamfir","prenume":"Lucian","varsta":23,"punctaj":0},{"idParticipant":39,"nume":"Voicu","prenume":"Raluca","varsta":34,"punctaj":0},{"idParticipant":40,"nume":"nume","prenume":"prenume","varsta":20,"punctaj":0}]}
06 Apr 2025 16:48:13,684 [Thread-3] DEBUG ro.mpp2024.protocol.ServicesJsonProxy$ReaderThread 208 run - response received {"type":"OK"}
06 Apr 2025 16:48:13,688 [Thread-3] DEBUG ro.mpp2024.protocol.ServicesJsonProxy$ReaderThread 208 run - response received {"type":"REZULTAT_ADDED","rezultat":{"idProba":"i1","idParticipant":18,"numeParticipant":"Barbu","prenumeParticipant":"Irina","puncte":10}}
06 Apr 2025 16:48:40,844 [JavaFX Application Thread] DEBUG ro.mpp2024.StartJsonClient 29 start - Starting client application
06 Apr 2025 16:48:40,848 [JavaFX Application Thread] INFO  ro.mpp2024.StartJsonClient 33 start - Client properties set {server.host=localhost, server.port=55556}
06 Apr 2025 16:48:40,848 [JavaFX Application Thread] INFO  ro.mpp2024.StartJsonClient 50 start - Connecting to server localhost on port 55556
06 Apr 2025 16:48:53,797 [Thread-3] DEBUG ro.mpp2024.protocol.ServicesJsonProxy$ReaderThread 208 run - response received {"type":"LOGGED_ACC","user":{"id":20,"nume":"Alice Johnson","username":"alice.j","password":"UGFzc3cwcmQxIQ\u003d\u003d","id_proba":"s1"}}
06 Apr 2025 16:48:54,801 [Thread-3] DEBUG ro.mpp2024.protocol.ServicesJsonProxy$ReaderThread 208 run - response received {"type":"ALL_REZULTATE","punctaje":[{"idParticipant":18,"nume":"Barbu","prenume":"Irina","varsta":27,"punctaj":240},{"idParticipant":19,"nume":"Constantin","prenume":"Marius","varsta":30,"punctaj":288},{"idParticipant":13,"nume":"Dobre","prenume":"Adriana","varsta":34,"punctaj":175},{"idParticipant":21,"nume":"Dragomir","prenume":"Adrian","varsta":26,"punctaj":140},{"idParticipant":4,"nume":"Dumitrescu","prenume":"Elena","varsta":28,"punctaj":153},{"idParticipant":20,"nume":"Enache","prenume":"Laura","varsta":29,"punctaj":325},{"idParticipant":22,"nume":"Filip","prenume":"Bianca","varsta":31,"punctaj":317},{"idParticipant":3,"nume":"Georgescu","prenume":"Andrei","varsta":22,"punctaj":132},{"idParticipant":17,"nume":"Gheorghe","prenume":"Vlad","varsta":28,"punctaj":210},{"idParticipant":23,"nume":"Grigore","prenume":"Stefan","varsta":24,"punctaj":155},{"idParticipant":24,"nume":"Hagi","prenume":"Diana","varsta":32,"punctaj":203},{"idParticipant":25,"nume":"Iacob","prenume":"Radu","varsta":23,"punctaj":195},{"idParticipant":11,"nume":"Iliescu","prenume":"Daniela","varsta":32,"punctaj":320},{"idParticipant":2,"nume":"Ionescu","prenume":"Maria","varsta":30,"punctaj":166},{"idParticipant":26,"nume":"Jianu","prenume":"Oana","varsta":34,"punctaj":142},{"idParticipant":27,"nume":"Kovacs","prenume":"Cristina","varsta":21,"punctaj":199},{"idParticipant":16,"nume":"Lazar","prenume":"Roxana","varsta":25,"punctaj":185},{"idParticipant":28,"nume":"Lupu","prenume":"George","varsta":33,"punctaj":199},{"idParticipant":29,"nume":"Manole","prenume":"Simona","varsta":25,"punctaj":117},{"idParticipant":8,"nume":"Marin","prenume":"Ana","varsta":29,"punctaj":134},{"idParticipant":14,"nume":"Munteanu","prenume":"Sorin","varsta":21,"punctaj":301},{"idParticipant":30,"nume":"Nedelcu","prenume":"Alexandra","varsta":28,"punctaj":169},{"idParticipant":15,"nume":"Nistor","prenume":"Carmen","varsta":33,"punctaj":189},{"idParticipant":40,"nume":"nume","prenume":"prenume","varsta":20,"punctaj":300},{"idParticipant":31,"nume":"Oprea","prenume":"Bogdan","varsta":27,"punctaj":282},{"idParticipant":32,"nume":"Pavel","prenume":"Monica","varsta":30,"punctaj":111},{"idParticipant":10,"nume":"Petrescu","prenume":"Gabriel","varsta":26,"punctaj":188},{"idParticipant":5,"nume":"Popa","prenume":"Mihai","varsta":35,"punctaj":282},{"idParticipant":1,"nume":"Popescu","prenume":"Ion","varsta":25,"punctaj":158},{"idParticipant":7,"nume":"Radu","prenume":"Cristian","varsta":24,"punctaj":256},{"idParticipant":33,"nume":"Rusu","prenume":"Andreea","varsta":29,"punctaj":313},{"idParticipant":34,"nume":"Sandu","prenume":"Victor","varsta":26,"punctaj":115},{"idParticipant":6,"nume":"Stan","prenume":"Ioana","varsta":27,"punctaj":289},{"idParticipant":35,"nume":"Toma","prenume":"Gabriela","varsta":31,"punctaj":132},{"idParticipant":9,"nume":"Tudor","prenume":"Alexandru","varsta":31,"punctaj":288},{"idParticipant":36,"nume":"Ursu","prenume":"Mihail","varsta":24,"punctaj":155},{"idParticipant":12,"nume":"Vasilescu","prenume":"Florin","varsta":23,"punctaj":472},{"idParticipant":37,"nume":"Vlad","prenume":"Anca","varsta":32,"punctaj":138},{"idParticipant":39,"nume":"Voicu","prenume":"Raluca","varsta":34,"punctaj":190},{"idParticipant":38,"nume":"Zamfir","prenume":"Lucian","varsta":23,"punctaj":177}]}
06 Apr 2025 16:48:55,812 [Thread-3] DEBUG ro.mpp2024.protocol.ServicesJsonProxy$ReaderThread 208 run - response received {"type":"REZULTATE","punctaje":[{"idParticipant":28,"nume":"Lupu","prenume":"George","varsta":33,"punctaj":199},{"idParticipant":12,"nume":"Vasilescu","prenume":"Florin","varsta":23,"punctaj":198},{"idParticipant":11,"nume":"Iliescu","prenume":"Daniela","varsta":32,"punctaj":185},{"idParticipant":20,"nume":"Enache","prenume":"Laura","varsta":29,"punctaj":140},{"idParticipant":19,"nume":"Constantin","prenume":"Marius","varsta":30,"punctaj":100},{"idParticipant":18,"nume":"Barbu","prenume":"Irina","varsta":27,"punctaj":20},{"idParticipant":3,"nume":"Georgescu","prenume":"Andrei","varsta":22,"punctaj":20}]}
06 Apr 2025 16:48:56,827 [Thread-3] DEBUG ro.mpp2024.protocol.ServicesJsonProxy$ReaderThread 208 run - response received {"type":"PARTICIPANTI","participanti":[{"idParticipant":1,"nume":"Popescu","prenume":"Ion","varsta":25,"punctaj":0},{"idParticipant":2,"nume":"Ionescu","prenume":"Maria","varsta":30,"punctaj":0},{"idParticipant":3,"nume":"Georgescu","prenume":"Andrei","varsta":22,"punctaj":0},{"idParticipant":4,"nume":"Dumitrescu","prenume":"Elena","varsta":28,"punctaj":0},{"idParticipant":5,"nume":"Popa","prenume":"Mihai","varsta":35,"punctaj":0},{"idParticipant":6,"nume":"Stan","prenume":"Ioana","varsta":27,"punctaj":0},{"idParticipant":7,"nume":"Radu","prenume":"Cristian","varsta":24,"punctaj":0},{"idParticipant":8,"nume":"Marin","prenume":"Ana","varsta":29,"punctaj":0},{"idParticipant":9,"nume":"Tudor","prenume":"Alexandru","varsta":31,"punctaj":0},{"idParticipant":10,"nume":"Petrescu","prenume":"Gabriel","varsta":26,"punctaj":0},{"idParticipant":11,"nume":"Iliescu","prenume":"Daniela","varsta":32,"punctaj":0},{"idParticipant":12,"nume":"Vasilescu","prenume":"Florin","varsta":23,"punctaj":0},{"idParticipant":13,"nume":"Dobre","prenume":"Adriana","varsta":34,"punctaj":0},{"idParticipant":14,"nume":"Munteanu","prenume":"Sorin","varsta":21,"punctaj":0},{"idParticipant":15,"nume":"Nistor","prenume":"Carmen","varsta":33,"punctaj":0},{"idParticipant":16,"nume":"Lazar","prenume":"Roxana","varsta":25,"punctaj":0},{"idParticipant":17,"nume":"Gheorghe","prenume":"Vlad","varsta":28,"punctaj":0},{"idParticipant":18,"nume":"Barbu","prenume":"Irina","varsta":27,"punctaj":0},{"idParticipant":19,"nume":"Constantin","prenume":"Marius","varsta":30,"punctaj":0},{"idParticipant":20,"nume":"Enache","prenume":"Laura","varsta":29,"punctaj":0},{"idParticipant":21,"nume":"Dragomir","prenume":"Adrian","varsta":26,"punctaj":0},{"idParticipant":22,"nume":"Filip","prenume":"Bianca","varsta":31,"punctaj":0},{"idParticipant":23,"nume":"Grigore","prenume":"Stefan","varsta":24,"punctaj":0},{"idParticipant":24,"nume":"Hagi","prenume":"Diana","varsta":32,"punctaj":0},{"idParticipant":25,"nume":"Iacob","prenume":"Radu","varsta":23,"punctaj":0},{"idParticipant":26,"nume":"Jianu","prenume":"Oana","varsta":34,"punctaj":0},{"idParticipant":27,"nume":"Kovacs","prenume":"Cristina","varsta":21,"punctaj":0},{"idParticipant":28,"nume":"Lupu","prenume":"George","varsta":33,"punctaj":0},{"idParticipant":29,"nume":"Manole","prenume":"Simona","varsta":25,"punctaj":0},{"idParticipant":30,"nume":"Nedelcu","prenume":"Alexandra","varsta":28,"punctaj":0},{"idParticipant":31,"nume":"Oprea","prenume":"Bogdan","varsta":27,"punctaj":0},{"idParticipant":32,"nume":"Pavel","prenume":"Monica","varsta":30,"punctaj":0},{"idParticipant":33,"nume":"Rusu","prenume":"Andreea","varsta":29,"punctaj":0},{"idParticipant":34,"nume":"Sandu","prenume":"Victor","varsta":26,"punctaj":0},{"idParticipant":35,"nume":"Toma","prenume":"Gabriela","varsta":31,"punctaj":0},{"idParticipant":36,"nume":"Ursu","prenume":"Mihail","varsta":24,"punctaj":0},{"idParticipant":37,"nume":"Vlad","prenume":"Anca","varsta":32,"punctaj":0},{"idParticipant":38,"nume":"Zamfir","prenume":"Lucian","varsta":23,"punctaj":0},{"idParticipant":39,"nume":"Voicu","prenume":"Raluca","varsta":34,"punctaj":0},{"idParticipant":40,"nume":"nume","prenume":"prenume","varsta":20,"punctaj":0}]}
06 Apr 2025 16:49:33,519 [Thread-3] DEBUG ro.mpp2024.protocol.ServicesJsonProxy$ReaderThread 208 run - response received {"type":"OK"}
06 Apr 2025 16:49:33,520 [Thread-3] DEBUG ro.mpp2024.protocol.ServicesJsonProxy$ReaderThread 208 run - response received {"type":"REZULTAT_ADDED","rezultat":{"idProba":"s1","idParticipant":13,"numeParticipant":"Dobre","prenumeParticipant":"Adriana","puncte":10}}
06 Apr 2025 16:49:33,520 [Thread-3] DEBUG ro.mpp2024.protocol.ServicesJsonProxy$ReaderThread 208 run - response received {"type":"REZULTAT_ADDED","rezultat":{"idProba":"s1","idParticipant":13,"numeParticipant":"Dobre","prenumeParticipant":"Adriana","puncte":10}}
06 Apr 2025 16:50:05,857 [Thread-3] ERROR ro.mpp2024.protocol.ServicesJsonProxy$ReaderThread 222 run - Reading error java.net.SocketException: Connection reset
06 Apr 2025 16:50:05,857 [Thread-3] ERROR ro.mpp2024.protocol.ServicesJsonProxy$ReaderThread 222 run - Reading error java.net.SocketException: Connection reset
06 Apr 2025 16:50:05,859 [Thread-3] ERROR ro.mpp2024.protocol.ServicesJsonProxy$ReaderThread 222 run - Reading error java.net.SocketException: Connection reset
06 Apr 2025 16:50:05,859 [Thread-3] ERROR ro.mpp2024.protocol.ServicesJsonProxy$ReaderThread 222 run - Reading error java.net.SocketException: Connection reset
06 Apr 2025 16:50:05,859 [Thread-3] ERROR ro.mpp2024.protocol.ServicesJsonProxy$ReaderThread 222 run - Reading error java.net.SocketException: Connection reset
06 Apr 2025 16:50:05,859 [Thread-3] ERROR ro.mpp2024.protocol.ServicesJsonProxy$ReaderThread 222 run - Reading error java.net.SocketException: Connection reset
06 Apr 2025 16:50:05,859 [Thread-3] ERROR ro.mpp2024.protocol.ServicesJsonProxy$ReaderThread 222 run - Reading error java.net.SocketException: Connection reset
06 Apr 2025 16:50:05,859 [Thread-3] ERROR ro.mpp2024.protocol.ServicesJsonProxy$ReaderThread 222 run - Reading error java.net.SocketException: Connection reset
06 Apr 2025 16:50:05,859 [Thread-3] ERROR ro.mpp2024.protocol.ServicesJsonProxy$ReaderThread 222 run - Reading error java.net.SocketException: Connection reset
06 Apr 2025 16:50:05,859 [Thread-3] ERROR ro.mpp2024.protocol.ServicesJsonProxy$ReaderThread 222 run - Reading error java.net.SocketException: Connection reset
06 Apr 2025 16:50:05,859 [Thread-3] ERROR ro.mpp2024.protocol.ServicesJsonProxy$ReaderThread 222 run - Reading error java.net.SocketException: Connection reset
06 Apr 2025 16:50:05,859 [Thread-3] ERROR ro.mpp2024.protocol.ServicesJsonProxy$ReaderThread 222 run - Reading error java.net.SocketException: Connection reset
06 Apr 2025 16:50:05,860 [Thread-3] ERROR ro.mpp2024.protocol.ServicesJsonProxy$ReaderThread 222 run - Reading error java.net.SocketException: Connection reset
06 Apr 2025 16:50:05,860 [Thread-3] ERROR ro.mpp2024.protocol.ServicesJsonProxy$ReaderThread 222 run - Reading error java.net.SocketException: Connection reset
06 Apr 2025 16:50:05,860 [Thread-3] ERROR ro.mpp2024.protocol.ServicesJsonProxy$ReaderThread 222 run - Reading error java.net.SocketException: Connection reset
06 Apr 2025 16:50:05,860 [Thread-3] ERROR ro.mpp2024.protocol.ServicesJsonProxy$ReaderThread 222 run - Reading error java.net.SocketException: Connection reset
06 Apr 2025 16:50:05,860 [Thread-3] ERROR ro.mpp2024.protocol.ServicesJsonProxy$ReaderThread 222 run - Reading error java.net.SocketException: Connection reset
06 Apr 2025 16:50:05,860 [Thread-3] ERROR ro.mpp2024.protocol.ServicesJsonProxy$ReaderThread 222 run - Reading error java.net.SocketException: Connection reset
06 Apr 2025 16:50:05,860 [Thread-3] ERROR ro.mpp2024.protocol.ServicesJsonProxy$ReaderThread 222 run - Reading error java.net.SocketException: Connection reset
06 Apr 2025 16:50:05,860 [Thread-3] ERROR ro.mpp2024.protocol.ServicesJsonProxy$ReaderThread 222 run - Reading error java.net.SocketException: Connection reset
06 Apr 2025 16:50:05,861 [Thread-3] ERROR ro.mpp2024.protocol.ServicesJsonProxy$ReaderThread 222 run - Reading error java.net.SocketException: Connection reset
06 Apr 2025 16:50:05,861 [Thread-3] ERROR ro.mpp2024.protocol.ServicesJsonProxy$ReaderThread 222 run - Reading error java.net.SocketException: Connection reset
06 Apr 2025 16:50:05,861 [Thread-3] ERROR ro.mpp2024.protocol.ServicesJsonProxy$ReaderThread 222 run - Reading error java.net.SocketException: Connection reset
06 Apr 2025 16:50:05,861 [Thread-3] ERROR ro.mpp2024.protocol.ServicesJsonProxy$ReaderThread 222 run - Reading error java.net.SocketException: Connection reset
06 Apr 2025 16:50:05,861 [Thread-3] ERROR ro.mpp2024.protocol.ServicesJsonProxy$ReaderThread 222 run - Reading error java.net.SocketException: Connection reset
06 Apr 2025 16:50:05,861 [Thread-3] ERROR ro.mpp2024.protocol.ServicesJsonProxy$ReaderThread 222 run - Reading error java.net.SocketException: Connection reset
06 Apr 2025 16:50:05,861 [Thread-3] ERROR ro.mpp2024.protocol.ServicesJsonProxy$ReaderThread 222 run - Reading error java.net.SocketException: Connection reset
06 Apr 2025 16:50:05,861 [Thread-3] ERROR ro.mpp2024.protocol.ServicesJsonProxy$ReaderThread 222 run - Reading error java.net.SocketException: Connection reset
06 Apr 2025 16:50:05,862 [Thread-3] ERROR ro.mpp2024.protocol.ServicesJsonProxy$ReaderThread 222 run - Reading error java.net.SocketException: Connection reset
06 Apr 2025 16:50:05,862 [Thread-3] ERROR ro.mpp2024.protocol.ServicesJsonProxy$ReaderThread 222 run - Reading error java.net.SocketException: Connection reset
06 Apr 2025 16:50:05,862 [Thread-3] ERROR ro.mpp2024.protocol.ServicesJsonProxy$ReaderThread 222 run - Reading error java.net.SocketException: Connection reset
06 Apr 2025 16:50:05,862 [Thread-3] ERROR ro.mpp2024.protocol.ServicesJsonProxy$ReaderThread 222 run - Reading error java.net.SocketException: Connection reset
06 Apr 2025 16:50:05,862 [Thread-3] ERROR ro.mpp2024.protocol.ServicesJsonProxy$ReaderThread 222 run - Reading error java.net.SocketException: Connection reset
06 Apr 2025 16:50:05,862 [Thread-3] ERROR ro.mpp2024.protocol.ServicesJsonProxy$ReaderThread 222 run - Reading error java.net.SocketException: Connection reset
06 Apr 2025 16:50:05,862 [Thread-3] ERROR ro.mpp2024.protocol.ServicesJsonProxy$ReaderThread 222 run - Reading error java.net.SocketException: Connection reset
06 Apr 2025 16:50:05,862 [Thread-3] ERROR ro.mpp2024.protocol.ServicesJsonProxy$ReaderThread 222 run - Reading error java.net.SocketException: Connection reset
06 Apr 2025 16:50:05,862 [Thread-3] ERROR ro.mpp2024.protocol.ServicesJsonProxy$ReaderThread 222 run - Reading error java.net.SocketException: Connection reset
06 Apr 2025 16:50:05,863 [Thread-3] ERROR ro.mpp2024.protocol.ServicesJsonProxy$ReaderThread 222 run - Reading error java.net.SocketException: Connection reset
06 Apr 2025 16:50:05,863 [Thread-3] ERROR ro.mpp2024.protocol.ServicesJsonProxy$ReaderThread 222 run - Reading error java.net.SocketException: Connection reset
06 Apr 2025 16:50:05,863 [Thread-3] ERROR ro.mpp2024.protocol.ServicesJsonProxy$ReaderThread 222 run - Reading error java.net.SocketException: Connection reset
06 Apr 2025 16:50:05,863 [Thread-3] ERROR ro.mpp2024.protocol.ServicesJsonProxy$ReaderThread 222 run - Reading error java.net.SocketException: Connection reset
06 Apr 2025 16:50:05,863 [Thread-3] ERROR ro.mpp2024.protocol.ServicesJsonProxy$ReaderThread 222 run - Reading error java.net.SocketException: Connection reset
06 Apr 2025 16:50:05,863 [Thread-3] ERROR ro.mpp2024.protocol.ServicesJsonProxy$ReaderThread 222 run - Reading error java.net.SocketException: Connection reset
06 Apr 2025 16:50:05,863 [Thread-3] ERROR ro.mpp2024.protocol.ServicesJsonProxy$ReaderThread 222 run - Reading error java.net.SocketException: Connection reset
06 Apr 2025 16:50:05,863 [Thread-3] ERROR ro.mpp2024.protocol.ServicesJsonProxy$ReaderThread 222 run - Reading error java.net.SocketException: Connection reset
06 Apr 2025 16:50:05,863 [Thread-3] ERROR ro.mpp2024.protocol.ServicesJsonProxy$ReaderThread 222 run - Reading error java.net.SocketException: Connection reset
06 Apr 2025 16:50:05,863 [Thread-3] ERROR ro.mpp2024.protocol.ServicesJsonProxy$ReaderThread 222 run - Reading error java.net.SocketException: Connection reset
06 Apr 2025 16:50:05,863 [Thread-3] ERROR ro.mpp2024.protocol.ServicesJsonProxy$ReaderThread 222 run - Reading error java.net.SocketException: Connection reset
06 Apr 2025 16:50:05,864 [Thread-3] ERROR ro.mpp2024.protocol.ServicesJsonProxy$ReaderThread 222 run - Reading error java.net.SocketException: Connection reset
06 Apr 2025 16:50:05,864 [Thread-3] ERROR ro.mpp2024.protocol.ServicesJsonProxy$ReaderThread 222 run - Reading error java.net.SocketException: Connection reset
06 Apr 2025 16:50:05,864 [Thread-3] ERROR ro.mpp2024.protocol.ServicesJsonProxy$ReaderThread 222 run - Reading error java.net.SocketException: Connection reset
06 Apr 2025 16:50:05,864 [Thread-3] ERROR ro.mpp2024.protocol.ServicesJsonProxy$ReaderThread 222 run - Reading error java.net.SocketException: Connection reset
06 Apr 2025 16:50:05,864 [Thread-3] ERROR ro.mpp2024.protocol.ServicesJsonProxy$ReaderThread 222 run - Reading error java.net.SocketException: Connection reset
06 Apr 2025 16:50:05,865 [Thread-3] ERROR ro.mpp2024.protocol.ServicesJsonProxy$ReaderThread 222 run - Reading error java.net.SocketException: Connection reset
06 Apr 2025 16:50:05,865 [Thread-3] ERROR ro.mpp2024.protocol.ServicesJsonProxy$ReaderThread 222 run - Reading error java.net.SocketException: Connection reset
06 Apr 2025 16:50:05,865 [Thread-3] ERROR ro.mpp2024.protocol.ServicesJsonProxy$ReaderThread 222 run - Reading error java.net.SocketException: Connection reset
06 Apr 2025 16:50:05,865 [Thread-3] ERROR ro.mpp2024.protocol.ServicesJsonProxy$ReaderThread 222 run - Reading error java.net.SocketException: Connection reset
06 Apr 2025 16:50:05,865 [Thread-3] ERROR ro.mpp2024.protocol.ServicesJsonProxy$ReaderThread 222 run - Reading error java.net.SocketException: Connection reset
06 Apr 2025 16:50:05,865 [Thread-3] ERROR ro.mpp2024.protocol.ServicesJsonProxy$ReaderThread 222 run - Reading error java.net.SocketException: Connection reset
06 Apr 2025 16:50:05,866 [Thread-3] ERROR ro.mpp2024.protocol.ServicesJsonProxy$ReaderThread 222 run - Reading error java.net.SocketException: Connection reset
06 Apr 2025 16:50:05,866 [Thread-3] ERROR ro.mpp2024.protocol.ServicesJsonProxy$ReaderThread 222 run - Reading error java.net.SocketException: Connection reset
06 Apr 2025 16:50:05,866 [Thread-3] ERROR ro.mpp2024.protocol.ServicesJsonProxy$ReaderThread 222 run - Reading error java.net.SocketException: Connection reset
06 Apr 2025 16:50:05,866 [Thread-3] ERROR ro.mpp2024.protocol.ServicesJsonProxy$ReaderThread 222 run - Reading error java.net.SocketException: Connection reset
06 Apr 2025 16:50:05,866 [Thread-3] ERROR ro.mpp2024.protocol.ServicesJsonProxy$ReaderThread 222 run - Reading error java.net.SocketException: Connection reset
06 Apr 2025 16:50:05,866 [Thread-3] ERROR ro.mpp2024.protocol.ServicesJsonProxy$ReaderThread 222 run - Reading error java.net.SocketException: Connection reset
06 Apr 2025 16:50:05,866 [Thread-3] ERROR ro.mpp2024.protocol.ServicesJsonProxy$ReaderThread 222 run - Reading error java.net.SocketException: Connection reset
06 Apr 2025 16:50:05,866 [Thread-3] ERROR ro.mpp2024.protocol.ServicesJsonProxy$ReaderThread 222 run - Reading error java.net.SocketException: Connection reset
06 Apr 2025 16:50:05,866 [Thread-3] ERROR ro.mpp2024.protocol.ServicesJsonProxy$ReaderThread 222 run - Reading error java.net.SocketException: Connection reset
06 Apr 2025 16:50:05,866 [Thread-3] ERROR ro.mpp2024.protocol.ServicesJsonProxy$ReaderThread 222 run - Reading error java.net.SocketException: Connection reset
06 Apr 2025 16:50:05,867 [Thread-3] ERROR ro.mpp2024.protocol.ServicesJsonProxy$ReaderThread 222 run - Reading error java.net.SocketException: Connection reset
06 Apr 2025 16:50:05,867 [Thread-3] ERROR ro.mpp2024.protocol.ServicesJsonProxy$ReaderThread 222 run - Reading error java.net.SocketException: Connection reset
06 Apr 2025 16:50:05,867 [Thread-3] ERROR ro.mpp2024.protocol.ServicesJsonProxy$ReaderThread 222 run - Reading error java.net.SocketException: Connection reset
06 Apr 2025 16:50:05,867 [Thread-3] ERROR ro.mpp2024.protocol.ServicesJsonProxy$ReaderThread 222 run - Reading error java.net.SocketException: Connection reset
06 Apr 2025 16:50:05,867 [Thread-3] ERROR ro.mpp2024.protocol.ServicesJsonProxy$ReaderThread 222 run - Reading error java.net.SocketException: Connection reset
06 Apr 2025 16:50:05,867 [Thread-3] ERROR ro.mpp2024.protocol.ServicesJsonProxy$ReaderThread 222 run - Reading error java.net.SocketException: Connection reset
06 Apr 2025 16:50:05,867 [Thread-3] ERROR ro.mpp2024.protocol.ServicesJsonProxy$ReaderThread 222 run - Reading error java.net.SocketException: Connection reset
06 Apr 2025 16:50:05,867 [Thread-3] ERROR ro.mpp2024.protocol.ServicesJsonProxy$ReaderThread 222 run - Reading error java.net.SocketException: Connection reset
06 Apr 2025 16:50:05,867 [Thread-3] ERROR ro.mpp2024.protocol.ServicesJsonProxy$ReaderThread 222 run - Reading error java.net.SocketException: Connection reset
06 Apr 2025 16:50:05,867 [Thread-3] ERROR ro.mpp2024.protocol.ServicesJsonProxy$ReaderThread 222 run - Reading error java.net.SocketException: Connection reset
06 Apr 2025 16:50:05,867 [Thread-3] ERROR ro.mpp2024.protocol.ServicesJsonProxy$ReaderThread 222 run - Reading error java.net.SocketException: Connection reset
06 Apr 2025 16:50:05,868 [Thread-3] ERROR ro.mpp2024.protocol.ServicesJsonProxy$ReaderThread 222 run - Reading error java.net.SocketException: Connection reset
06 Apr 2025 16:50:05,868 [Thread-3] ERROR ro.mpp2024.protocol.ServicesJsonProxy$ReaderThread 222 run - Reading error java.net.SocketException: Connection reset
06 Apr 2025 16:50:05,868 [Thread-3] ERROR ro.mpp2024.protocol.ServicesJsonProxy$ReaderThread 222 run - Reading error java.net.SocketException: Connection reset
06 Apr 2025 16:50:05,868 [Thread-3] ERROR ro.mpp2024.protocol.ServicesJsonProxy$ReaderThread 222 run - Reading error java.net.SocketException: Connection reset
06 Apr 2025 16:50:05,868 [Thread-3] ERROR ro.mpp2024.protocol.ServicesJsonProxy$ReaderThread 222 run - Reading error java.net.SocketException: Connection reset
06 Apr 2025 16:50:05,868 [Thread-3] ERROR ro.mpp2024.protocol.ServicesJsonProxy$ReaderThread 222 run - Reading error java.net.SocketException: Connection reset
06 Apr 2025 16:50:05,868 [Thread-3] ERROR ro.mpp2024.protocol.ServicesJsonProxy$ReaderThread 222 run - Reading error java.net.SocketException: Connection reset
06 Apr 2025 16:50:05,868 [Thread-3] ERROR ro.mpp2024.protocol.ServicesJsonProxy$ReaderThread 222 run - Reading error java.net.SocketException: Connection reset
06 Apr 2025 16:50:05,868 [Thread-3] ERROR ro.mpp2024.protocol.ServicesJsonProxy$ReaderThread 222 run - Reading error java.net.SocketException: Connection reset
06 Apr 2025 16:50:05,868 [Thread-3] ERROR ro.mpp2024.protocol.ServicesJsonProxy$ReaderThread 222 run - Reading error java.net.SocketException: Connection reset
06 Apr 2025 16:50:05,868 [Thread-3] ERROR ro.mpp2024.protocol.ServicesJsonProxy$ReaderThread 222 run - Reading error java.net.SocketException: Connection reset
06 Apr 2025 16:50:05,868 [Thread-3] ERROR ro.mpp2024.protocol.ServicesJsonProxy$ReaderThread 222 run - Reading error java.net.SocketException: Connection reset
06 Apr 2025 16:50:05,869 [Thread-3] ERROR ro.mpp2024.protocol.ServicesJsonProxy$ReaderThread 222 run - Reading error java.net.SocketException: Connection reset
06 Apr 2025 16:50:05,869 [Thread-3] ERROR ro.mpp2024.protocol.ServicesJsonProxy$ReaderThread 222 run - Reading error java.net.SocketException: Connection reset
06 Apr 2025 16:50:05,869 [Thread-3] ERROR ro.mpp2024.protocol.ServicesJsonProxy$ReaderThread 222 run - Reading error java.net.SocketException: Connection reset
06 Apr 2025 16:50:05,869 [Thread-3] ERROR ro.mpp2024.protocol.ServicesJsonProxy$ReaderThread 222 run - Reading error java.net.SocketException: Connection reset
06 Apr 2025 16:50:05,869 [Thread-3] ERROR ro.mpp2024.protocol.ServicesJsonProxy$ReaderThread 222 run - Reading error java.net.SocketException: Connection reset
06 Apr 2025 16:50:05,869 [Thread-3] ERROR ro.mpp2024.protocol.ServicesJsonProxy$ReaderThread 222 run - Reading error java.net.SocketException: Connection reset
06 Apr 2025 16:50:05,869 [Thread-3] ERROR ro.mpp2024.protocol.ServicesJsonProxy$ReaderThread 222 run - Reading error java.net.SocketException: Connection reset
06 Apr 2025 16:50:05,869 [Thread-3] ERROR ro.mpp2024.protocol.ServicesJsonProxy$ReaderThread 222 run - Reading error java.net.SocketException: Connection reset
06 Apr 2025 16:50:05,869 [Thread-3] ERROR ro.mpp2024.protocol.ServicesJsonProxy$ReaderThread 222 run - Reading error java.net.SocketException: Connection reset
06 Apr 2025 16:50:05,869 [Thread-3] ERROR ro.mpp2024.protocol.ServicesJsonProxy$ReaderThread 222 run - Reading error java.net.SocketException: Connection reset
06 Apr 2025 16:50:05,869 [Thread-3] ERROR ro.mpp2024.protocol.ServicesJsonProxy$ReaderThread 222 run - Reading error java.net.SocketException: Connection reset
06 Apr 2025 16:50:05,870 [Thread-3] ERROR ro.mpp2024.protocol.ServicesJsonProxy$ReaderThread 222 run - Reading error java.net.SocketException: Connection reset
06 Apr 2025 16:50:05,870 [Thread-3] ERROR ro.mpp2024.protocol.ServicesJsonProxy$ReaderThread 222 run - Reading error java.net.SocketException: Connection reset
06 Apr 2025 16:50:05,870 [Thread-3] ERROR ro.mpp2024.protocol.ServicesJsonProxy$ReaderThread 222 run - Reading error java.net.SocketException: Connection reset
06 Apr 2025 16:50:05,870 [Thread-3] ERROR ro.mpp2024.protocol.ServicesJsonProxy$ReaderThread 222 run - Reading error java.net.SocketException: Connection reset
06 Apr 2025 16:50:05,870 [Thread-3] ERROR ro.mpp2024.protocol.ServicesJsonProxy$ReaderThread 222 run - Reading error java.net.SocketException: Connection reset
06 Apr 2025 16:50:05,870 [Thread-3] ERROR ro.mpp2024.protocol.ServicesJsonProxy$ReaderThread 222 run - Reading error java.net.SocketException: Connection reset
06 Apr 2025 16:50:05,870 [Thread-3] ERROR ro.mpp2024.protocol.ServicesJsonProxy$ReaderThread 222 run - Reading error java.net.SocketException: Connection reset
06 Apr 2025 16:50:05,870 [Thread-3] ERROR ro.mpp2024.protocol.ServicesJsonProxy$ReaderThread 222 run - Reading error java.net.SocketException: Connection reset
06 Apr 2025 16:50:05,870 [Thread-3] ERROR ro.mpp2024.protocol.ServicesJsonProxy$ReaderThread 222 run - Reading error java.net.SocketException: Connection reset
06 Apr 2025 16:50:05,870 [Thread-3] ERROR ro.mpp2024.protocol.ServicesJsonProxy$ReaderThread 222 run - Reading error java.net.SocketException: Connection reset
06 Apr 2025 16:50:05,870 [Thread-3] ERROR ro.mpp2024.protocol.ServicesJsonProxy$ReaderThread 222 run - Reading error java.net.SocketException: Connection reset
06 Apr 2025 16:50:05,870 [Thread-3] ERROR ro.mpp2024.protocol.ServicesJsonProxy$ReaderThread 222 run - Reading error java.net.SocketException: Connection reset
06 Apr 2025 16:50:05,870 [Thread-3] ERROR ro.mpp2024.protocol.ServicesJsonProxy$ReaderThread 222 run - Reading error java.net.SocketException: Connection reset
06 Apr 2025 16:50:05,870 [Thread-3] ERROR ro.mpp2024.protocol.ServicesJsonProxy$ReaderThread 222 run - Reading error java.net.SocketException: Connection reset
06 Apr 2025 16:50:05,871 [Thread-3] ERROR ro.mpp2024.protocol.ServicesJsonProxy$ReaderThread 222 run - Reading error java.net.SocketException: Connection reset
06 Apr 2025 16:50:05,871 [Thread-3] ERROR ro.mpp2024.protocol.ServicesJsonProxy$ReaderThread 222 run - Reading error java.net.SocketException: Connection reset
06 Apr 2025 16:50:05,871 [Thread-3] ERROR ro.mpp2024.protocol.ServicesJsonProxy$ReaderThread 222 run - Reading error java.net.SocketException: Connection reset
06 Apr 2025 16:50:05,871 [Thread-3] ERROR ro.mpp2024.protocol.ServicesJsonProxy$ReaderThread 222 run - Reading error java.net.SocketException: Connection reset
06 Apr 2025 16:50:05,871 [Thread-3] ERROR ro.mpp2024.protocol.ServicesJsonProxy$ReaderThread 222 run - Reading error java.net.SocketException: Connection reset
06 Apr 2025 16:50:05,871 [Thread-3] ERROR ro.mpp2024.protocol.ServicesJsonProxy$ReaderThread 222 run - Reading error java.net.SocketException: Connection reset
06 Apr 2025 16:50:05,871 [Thread-3] ERROR ro.mpp2024.protocol.ServicesJsonProxy$ReaderThread 222 run - Reading error java.net.SocketException: Connection reset
06 Apr 2025 16:50:05,871 [Thread-3] ERROR ro.mpp2024.protocol.ServicesJsonProxy$ReaderThread 222 run - Reading error java.net.SocketException: Connection reset
06 Apr 2025 16:50:05,871 [Thread-3] ERROR ro.mpp2024.protocol.ServicesJsonProxy$ReaderThread 222 run - Reading error java.net.SocketException: Connection reset
06 Apr 2025 16:50:05,872 [Thread-3] ERROR ro.mpp2024.protocol.ServicesJsonProxy$ReaderThread 222 run - Reading error java.net.SocketException: Connection reset
06 Apr 2025 16:50:05,872 [Thread-3] ERROR ro.mpp2024.protocol.ServicesJsonProxy$ReaderThread 222 run - Reading error java.net.SocketException: Connection reset
06 Apr 2025 16:50:05,872 [Thread-3] ERROR ro.mpp2024.protocol.ServicesJsonProxy$ReaderThread 222 run - Reading error java.net.SocketException: Connection reset
06 Apr 2025 16:50:05,872 [Thread-3] ERROR ro.mpp2024.protocol.ServicesJsonProxy$ReaderThread 222 run - Reading error java.net.SocketException: Connection reset
06 Apr 2025 16:50:05,872 [Thread-3] ERROR ro.mpp2024.protocol.ServicesJsonProxy$ReaderThread 222 run - Reading error java.net.SocketException: Connection reset
06 Apr 2025 16:50:05,872 [Thread-3] ERROR ro.mpp2024.protocol.ServicesJsonProxy$ReaderThread 222 run - Reading error java.net.SocketException: Connection reset
06 Apr 2025 16:50:05,872 [Thread-3] ERROR ro.mpp2024.protocol.ServicesJsonProxy$ReaderThread 222 run - Reading error java.net.SocketException: Connection reset
06 Apr 2025 16:50:05,872 [Thread-3] ERROR ro.mpp2024.protocol.ServicesJsonProxy$ReaderThread 222 run - Reading error java.net.SocketException: Connection reset
06 Apr 2025 16:50:05,872 [Thread-3] ERROR ro.mpp2024.protocol.ServicesJsonProxy$ReaderThread 222 run - Reading error java.net.SocketException: Connection reset
06 Apr 2025 16:50:05,872 [Thread-3] ERROR ro.mpp2024.protocol.ServicesJsonProxy$ReaderThread 222 run - Reading error java.net.SocketException: Connection reset
06 Apr 2025 16:50:05,873 [Thread-3] ERROR ro.mpp2024.protocol.ServicesJsonProxy$ReaderThread 222 run - Reading error java.net.SocketException: Connection reset
06 Apr 2025 16:50:05,873 [Thread-3] ERROR ro.mpp2024.protocol.ServicesJsonProxy$ReaderThread 222 run - Reading error java.net.SocketException: Connection reset
06 Apr 2025 16:50:05,873 [Thread-3] ERROR ro.mpp2024.protocol.ServicesJsonProxy$ReaderThread 222 run - Reading error java.net.SocketException: Connection reset
06 Apr 2025 16:50:05,873 [Thread-3] ERROR ro.mpp2024.protocol.ServicesJsonProxy$ReaderThread 222 run - Reading error java.net.SocketException: Connection reset
06 Apr 2025 16:50:05,873 [Thread-3] ERROR ro.mpp2024.protocol.ServicesJsonProxy$ReaderThread 222 run - Reading error java.net.SocketException: Connection reset
06 Apr 2025 16:50:05,873 [Thread-3] ERROR ro.mpp2024.protocol.ServicesJsonProxy$ReaderThread 222 run - Reading error java.net.SocketException: Connection reset
06 Apr 2025 16:50:05,873 [Thread-3] ERROR ro.mpp2024.protocol.ServicesJsonProxy$ReaderThread 222 run - Reading error java.net.SocketException: Connection reset
06 Apr 2025 16:50:05,873 [Thread-3] ERROR ro.mpp2024.protocol.ServicesJsonProxy$ReaderThread 222 run - Reading error java.net.SocketException: Connection reset
06 Apr 2025 16:50:05,873 [Thread-3] ERROR ro.mpp2024.protocol.ServicesJsonProxy$ReaderThread 222 run - Reading error java.net.SocketException: Connection reset
06 Apr 2025 16:50:05,873 [Thread-3] ERROR ro.mpp2024.protocol.ServicesJsonProxy$ReaderThread 222 run - Reading error java.net.SocketException: Connection reset
06 Apr 2025 16:50:05,873 [Thread-3] ERROR ro.mpp2024.protocol.ServicesJsonProxy$ReaderThread 222 run - Reading error java.net.SocketException: Connection reset
06 Apr 2025 16:50:05,874 [Thread-3] ERROR ro.mpp2024.protocol.ServicesJsonProxy$ReaderThread 222 run - Reading error java.net.SocketException: Connection reset
06 Apr 2025 16:50:05,874 [Thread-3] ERROR ro.mpp2024.protocol.ServicesJsonProxy$ReaderThread 222 run - Reading error java.net.SocketException: Connection reset
06 Apr 2025 16:50:05,874 [Thread-3] ERROR ro.mpp2024.protocol.ServicesJsonProxy$ReaderThread 222 run - Reading error java.net.SocketException: Connection reset
06 Apr 2025 16:50:05,874 [Thread-3] ERROR ro.mpp2024.protocol.ServicesJsonProxy$ReaderThread 222 run - Reading error java.net.SocketException: Connection reset
06 Apr 2025 16:50:05,874 [Thread-3] ERROR ro.mpp2024.protocol.ServicesJsonProxy$ReaderThread 222 run - Reading error java.net.SocketException: Connection reset
06 Apr 2025 16:50:05,874 [Thread-3] ERROR ro.mpp2024.protocol.ServicesJsonProxy$ReaderThread 222 run - Reading error java.net.SocketException: Connection reset
06 Apr 2025 16:50:05,874 [Thread-3] ERROR ro.mpp2024.protocol.ServicesJsonProxy$ReaderThread 222 run - Reading error java.net.SocketException: Connection reset
06 Apr 2025 16:50:05,874 [Thread-3] ERROR ro.mpp2024.protocol.ServicesJsonProxy$ReaderThread 222 run - Reading error java.net.SocketException: Connection reset
06 Apr 2025 16:50:05,874 [Thread-3] ERROR ro.mpp2024.protocol.ServicesJsonProxy$ReaderThread 222 run - Reading error java.net.SocketException: Connection reset
06 Apr 2025 16:50:05,874 [Thread-3] ERROR ro.mpp2024.protocol.ServicesJsonProxy$ReaderThread 222 run - Reading error java.net.SocketException: Connection reset
06 Apr 2025 16:50:05,874 [Thread-3] ERROR ro.mpp2024.protocol.ServicesJsonProxy$ReaderThread 222 run - Reading error java.net.SocketException: Connection reset
06 Apr 2025 16:50:05,874 [Thread-3] ERROR ro.mpp2024.protocol.ServicesJsonProxy$ReaderThread 222 run - Reading error java.net.SocketException: Connection reset
06 Apr 2025 16:50:05,874 [Thread-3] ERROR ro.mpp2024.protocol.ServicesJsonProxy$ReaderThread 222 run - Reading error java.net.SocketException: Connection reset
06 Apr 2025 16:50:05,875 [Thread-3] ERROR ro.mpp2024.protocol.ServicesJsonProxy$ReaderThread 222 run - Reading error java.net.SocketException: Connection reset
06 Apr 2025 16:50:05,875 [Thread-3] ERROR ro.mpp2024.protocol.ServicesJsonProxy$ReaderThread 222 run - Reading error java.net.SocketException: Connection reset
06 Apr 2025 16:50:05,875 [Thread-3] ERROR ro.mpp2024.protocol.ServicesJsonProxy$ReaderThread 222 run - Reading error java.net.SocketException: Connection reset
06 Apr 2025 16:50:05,875 [Thread-3] ERROR ro.mpp2024.protocol.ServicesJsonProxy$ReaderThread 222 run - Reading error java.net.SocketException: Connection reset
06 Apr 2025 16:50:05,875 [Thread-3] ERROR ro.mpp2024.protocol.ServicesJsonProxy$ReaderThread 222 run - Reading error java.net.SocketException: Connection reset
06 Apr 2025 16:50:05,875 [Thread-3] ERROR ro.mpp2024.protocol.ServicesJsonProxy$ReaderThread 222 run - Reading error java.net.SocketException: Connection reset
06 Apr 2025 16:50:05,875 [Thread-3] ERROR ro.mpp2024.protocol.ServicesJsonProxy$ReaderThread 222 run - Reading error java.net.SocketException: Connection reset
06 Apr 2025 16:50:05,875 [Thread-3] ERROR ro.mpp2024.protocol.ServicesJsonProxy$ReaderThread 222 run - Reading error java.net.SocketException: Connection reset
06 Apr 2025 16:50:05,875 [Thread-3] ERROR ro.mpp2024.protocol.ServicesJsonProxy$ReaderThread 222 run - Reading error java.net.SocketException: Connection reset
06 Apr 2025 16:50:05,875 [Thread-3] ERROR ro.mpp2024.protocol.ServicesJsonProxy$ReaderThread 222 run - Reading error java.net.SocketException: Connection reset
06 Apr 2025 16:50:05,875 [Thread-3] ERROR ro.mpp2024.protocol.ServicesJsonProxy$ReaderThread 222 run - Reading error java.net.SocketException: Connection reset
06 Apr 2025 16:50:05,875 [Thread-3] ERROR ro.mpp2024.protocol.ServicesJsonProxy$ReaderThread 222 run - Reading error java.net.SocketException: Connection reset
06 Apr 2025 16:50:05,875 [Thread-3] ERROR ro.mpp2024.protocol.ServicesJsonProxy$ReaderThread 222 run - Reading error java.net.SocketException: Connection reset
06 Apr 2025 16:50:05,876 [Thread-3] ERROR ro.mpp2024.protocol.ServicesJsonProxy$ReaderThread 222 run - Reading error java.net.SocketException: Connection reset
06 Apr 2025 16:50:05,876 [Thread-3] ERROR ro.mpp2024.protocol.ServicesJsonProxy$ReaderThread 222 run - Reading error java.net.SocketException: Connection reset
06 Apr 2025 16:50:05,876 [Thread-3] ERROR ro.mpp2024.protocol.ServicesJsonProxy$ReaderThread 222 run - Reading error java.net.SocketException: Connection reset
06 Apr 2025 16:50:05,876 [Thread-3] ERROR ro.mpp2024.protocol.ServicesJsonProxy$ReaderThread 222 run - Reading error java.net.SocketException: Connection reset
06 Apr 2025 16:50:05,876 [Thread-3] ERROR ro.mpp2024.protocol.ServicesJsonProxy$ReaderThread 222 run - Reading error java.net.SocketException: Connection reset
06 Apr 2025 16:50:05,876 [Thread-3] ERROR ro.mpp2024.protocol.ServicesJsonProxy$ReaderThread 222 run - Reading error java.net.SocketException: Connection reset
06 Apr 2025 16:50:05,876 [Thread-3] ERROR ro.mpp2024.protocol.ServicesJsonProxy$ReaderThread 222 run - Reading error java.net.SocketException: Connection reset
06 Apr 2025 16:50:05,876 [Thread-3] ERROR ro.mpp2024.protocol.ServicesJsonProxy$ReaderThread 222 run - Reading error java.net.SocketException: Connection reset
06 Apr 2025 16:50:05,876 [Thread-3] ERROR ro.mpp2024.protocol.ServicesJsonProxy$ReaderThread 222 run - Reading error java.net.SocketException: Connection reset
06 Apr 2025 16:50:05,876 [Thread-3] ERROR ro.mpp2024.protocol.ServicesJsonProxy$ReaderThread 222 run - Reading error java.net.SocketException: Connection reset
06 Apr 2025 16:50:05,876 [Thread-3] ERROR ro.mpp2024.protocol.ServicesJsonProxy$ReaderThread 222 run - Reading error java.net.SocketException: Connection reset
06 Apr 2025 16:50:05,876 [Thread-3] ERROR ro.mpp2024.protocol.ServicesJsonProxy$ReaderThread 222 run - Reading error java.net.SocketException: Connection reset
06 Apr 2025 16:50:05,876 [Thread-3] ERROR ro.mpp2024.protocol.ServicesJsonProxy$ReaderThread 222 run - Reading error java.net.SocketException: Connection reset
06 Apr 2025 16:50:05,876 [Thread-3] ERROR ro.mpp2024.protocol.ServicesJsonProxy$ReaderThread 222 run - Reading error java.net.SocketException: Connection reset
06 Apr 2025 16:50:05,877 [Thread-3] ERROR ro.mpp2024.protocol.ServicesJsonProxy$ReaderThread 222 run - Reading error java.net.SocketException: Connection reset
06 Apr 2025 16:50:05,877 [Thread-3] ERROR ro.mpp2024.protocol.ServicesJsonProxy$ReaderThread 222 run - Reading error java.net.SocketException: Connection reset
06 Apr 2025 16:50:05,877 [Thread-3] ERROR ro.mpp2024.protocol.ServicesJsonProxy$ReaderThread 222 run - Reading error java.net.SocketException: Connection reset
06 Apr 2025 16:50:05,877 [Thread-3] ERROR ro.mpp2024.protocol.ServicesJsonProxy$ReaderThread 222 run - Reading error java.net.SocketException: Connection reset
06 Apr 2025 16:50:05,877 [Thread-3] ERROR ro.mpp2024.protocol.ServicesJsonProxy$ReaderThread 222 run - Reading error java.net.SocketException: Connection reset
06 Apr 2025 16:50:05,877 [Thread-3] ERROR ro.mpp2024.protocol.ServicesJsonProxy$ReaderThread 222 run - Reading error java.net.SocketException: Connection reset
06 Apr 2025 16:50:05,877 [Thread-3] ERROR ro.mpp2024.protocol.ServicesJsonProxy$ReaderThread 222 run - Reading error java.net.SocketException: Connection reset
06 Apr 2025 16:50:05,877 [Thread-3] ERROR ro.mpp2024.protocol.ServicesJsonProxy$ReaderThread 222 run - Reading error java.net.SocketException: Connection reset
06 Apr 2025 16:50:05,877 [Thread-3] ERROR ro.mpp2024.protocol.ServicesJsonProxy$ReaderThread 222 run - Reading error java.net.SocketException: Connection reset
06 Apr 2025 16:50:05,877 [Thread-3] ERROR ro.mpp2024.protocol.ServicesJsonProxy$ReaderThread 222 run - Reading error java.net.SocketException: Connection reset
06 Apr 2025 16:50:05,877 [Thread-3] ERROR ro.mpp2024.protocol.ServicesJsonProxy$ReaderThread 222 run - Reading error java.net.SocketException: Connection reset
06 Apr 2025 16:50:05,877 [Thread-3] ERROR ro.mpp2024.protocol.ServicesJsonProxy$ReaderThread 222 run - Reading error java.net.SocketException: Connection reset
06 Apr 2025 16:50:05,877 [Thread-3] ERROR ro.mpp2024.protocol.ServicesJsonProxy$ReaderThread 222 run - Reading error java.net.SocketException: Connection reset
06 Apr 2025 16:50:05,877 [Thread-3] ERROR ro.mpp2024.protocol.ServicesJsonProxy$ReaderThread 222 run - Reading error java.net.SocketException: Connection reset
06 Apr 2025 16:50:05,878 [Thread-3] ERROR ro.mpp2024.protocol.ServicesJsonProxy$ReaderThread 222 run - Reading error java.net.SocketException: Connection reset
06 Apr 2025 16:50:05,878 [Thread-3] ERROR ro.mpp2024.protocol.ServicesJsonProxy$ReaderThread 222 run - Reading error java.net.SocketException: Connection reset
06 Apr 2025 16:50:05,878 [Thread-3] ERROR ro.mpp2024.protocol.ServicesJsonProxy$ReaderThread 222 run - Reading error java.net.SocketException: Connection reset
06 Apr 2025 16:50:05,878 [Thread-3] ERROR ro.mpp2024.protocol.ServicesJsonProxy$ReaderThread 222 run - Reading error java.net.SocketException: Connection reset
06 Apr 2025 16:50:05,879 [Thread-3] ERROR ro.mpp2024.protocol.ServicesJsonProxy$ReaderThread 222 run - Reading error java.net.SocketException: Connection reset
06 Apr 2025 16:50:05,879 [Thread-3] ERROR ro.mpp2024.protocol.ServicesJsonProxy$ReaderThread 222 run - Reading error java.net.SocketException: Connection reset
06 Apr 2025 16:50:05,879 [Thread-3] ERROR ro.mpp2024.protocol.ServicesJsonProxy$ReaderThread 222 run - Reading error java.net.SocketException: Connection reset
06 Apr 2025 16:50:05,879 [Thread-3] ERROR ro.mpp2024.protocol.ServicesJsonProxy$ReaderThread 222 run - Reading error java.net.SocketException: Connection reset
06 Apr 2025 16:50:05,879 [Thread-3] ERROR ro.mpp2024.protocol.ServicesJsonProxy$ReaderThread 222 run - Reading error java.net.SocketException: Connection reset
06 Apr 2025 16:50:05,879 [Thread-3] ERROR ro.mpp2024.protocol.ServicesJsonProxy$ReaderThread 222 run - Reading error java.net.SocketException: Connection reset
06 Apr 2025 16:50:05,879 [Thread-3] ERROR ro.mpp2024.protocol.ServicesJsonProxy$ReaderThread 222 run - Reading error java.net.SocketException: Connection reset
06 Apr 2025 16:50:05,879 [Thread-3] ERROR ro.mpp2024.protocol.ServicesJsonProxy$ReaderThread 222 run - Reading error java.net.SocketException: Connection reset
06 Apr 2025 16:50:05,879 [Thread-3] ERROR ro.mpp2024.protocol.ServicesJsonProxy$ReaderThread 222 run - Reading error java.net.SocketException: Connection reset
06 Apr 2025 16:50:05,879 [Thread-3] ERROR ro.mpp2024.protocol.ServicesJsonProxy$ReaderThread 222 run - Reading error java.net.SocketException: Connection reset
06 Apr 2025 16:50:05,879 [Thread-3] ERROR ro.mpp2024.protocol.ServicesJsonProxy$ReaderThread 222 run - Reading error java.net.SocketException: Connection reset
06 Apr 2025 16:50:05,879 [Thread-3] ERROR ro.mpp2024.protocol.ServicesJsonProxy$ReaderThread 222 run - Reading error java.net.SocketException: Connection reset
06 Apr 2025 16:50:05,879 [Thread-3] ERROR ro.mpp2024.protocol.ServicesJsonProxy$ReaderThread 222 run - Reading error java.net.SocketException: Connection reset
06 Apr 2025 16:50:05,879 [Thread-3] ERROR ro.mpp2024.protocol.ServicesJsonProxy$ReaderThread 222 run - Reading error java.net.SocketException: Connection reset
06 Apr 2025 16:50:05,880 [Thread-3] ERROR ro.mpp2024.protocol.ServicesJsonProxy$ReaderThread 222 run - Reading error java.net.SocketException: Connection reset
06 Apr 2025 16:50:05,880 [Thread-3] ERROR ro.mpp2024.protocol.ServicesJsonProxy$ReaderThread 222 run - Reading error java.net.SocketException: Connection reset
06 Apr 2025 16:50:05,880 [Thread-3] ERROR ro.mpp2024.protocol.ServicesJsonProxy$ReaderThread 222 run - Reading error java.net.SocketException: Connection reset
06 Apr 2025 16:50:05,880 [Thread-3] ERROR ro.mpp2024.protocol.ServicesJsonProxy$ReaderThread 222 run - Reading error java.net.SocketException: Connection reset
06 Apr 2025 16:50:05,880 [Thread-3] ERROR ro.mpp2024.protocol.ServicesJsonProxy$ReaderThread 222 run - Reading error java.net.SocketException: Connection reset
06 Apr 2025 16:50:05,880 [Thread-3] ERROR ro.mpp2024.protocol.ServicesJsonProxy$ReaderThread 222 run - Reading error java.net.SocketException: Connection reset
06 Apr 2025 16:50:05,880 [Thread-3] ERROR ro.mpp2024.protocol.ServicesJsonProxy$ReaderThread 222 run - Reading error java.net.SocketException: Connection reset
06 Apr 2025 16:50:05,880 [Thread-3] ERROR ro.mpp2024.protocol.ServicesJsonProxy$ReaderThread 222 run - Reading error java.net.SocketException: Connection reset
06 Apr 2025 16:50:05,880 [Thread-3] ERROR ro.mpp2024.protocol.ServicesJsonProxy$ReaderThread 222 run - Reading error java.net.SocketException: Connection reset
06 Apr 2025 16:50:05,880 [Thread-3] ERROR ro.mpp2024.protocol.ServicesJsonProxy$ReaderThread 222 run - Reading error java.net.SocketException: Connection reset
06 Apr 2025 16:50:05,880 [Thread-3] ERROR ro.mpp2024.protocol.ServicesJsonProxy$ReaderThread 222 run - Reading error java.net.SocketException: Connection reset
06 Apr 2025 16:50:05,881 [Thread-3] ERROR ro.mpp2024.protocol.ServicesJsonProxy$ReaderThread 222 run - Reading error java.net.SocketException: Connection reset
06 Apr 2025 16:50:05,881 [Thread-3] ERROR ro.mpp2024.protocol.ServicesJsonProxy$ReaderThread 222 run - Reading error java.net.SocketException: Connection reset
06 Apr 2025 16:50:05,881 [Thread-3] ERROR ro.mpp2024.protocol.ServicesJsonProxy$ReaderThread 222 run - Reading error java.net.SocketException: Connection reset
06 Apr 2025 16:50:05,881 [Thread-3] ERROR ro.mpp2024.protocol.ServicesJsonProxy$ReaderThread 222 run - Reading error java.net.SocketException: Connection reset
06 Apr 2025 16:50:05,881 [Thread-3] ERROR ro.mpp2024.protocol.ServicesJsonProxy$ReaderThread 222 run - Reading error java.net.SocketException: Connection reset
06 Apr 2025 16:50:05,881 [Thread-3] ERROR ro.mpp2024.protocol.ServicesJsonProxy$ReaderThread 222 run - Reading error java.net.SocketException: Connection reset
06 Apr 2025 16:50:05,881 [Thread-3] ERROR ro.mpp2024.protocol.ServicesJsonProxy$ReaderThread 222 run - Reading error java.net.SocketException: Connection reset
06 Apr 2025 16:50:05,881 [Thread-3] ERROR ro.mpp2024.protocol.ServicesJsonProxy$ReaderThread 222 run - Reading error java.net.SocketException: Connection reset
06 Apr 2025 16:50:05,881 [Thread-3] ERROR ro.mpp2024.protocol.ServicesJsonProxy$ReaderThread 222 run - Reading error java.net.SocketException: Connection reset
06 Apr 2025 16:50:05,881 [Thread-3] ERROR ro.mpp2024.protocol.ServicesJsonProxy$ReaderThread 222 run - Reading error java.net.SocketException: Connection reset
06 Apr 2025 16:50:05,881 [Thread-3] ERROR ro.mpp2024.protocol.ServicesJsonProxy$ReaderThread 222 run - Reading error java.net.SocketException: Connection reset
06 Apr 2025 16:50:05,881 [Thread-3] ERROR ro.mpp2024.protocol.ServicesJsonProxy$ReaderThread 222 run - Reading error java.net.SocketException: Connection reset
06 Apr 2025 16:50:05,881 [Thread-3] ERROR ro.mpp2024.protocol.ServicesJsonProxy$ReaderThread 222 run - Reading error java.net.SocketException: Connection reset
06 Apr 2025 16:50:05,882 [Thread-3] ERROR ro.mpp2024.protocol.ServicesJsonProxy$ReaderThread 222 run - Reading error java.net.SocketException: Connection reset
06 Apr 2025 16:50:05,882 [Thread-3] ERROR ro.mpp2024.protocol.ServicesJsonProxy$ReaderThread 222 run - Reading error java.net.SocketException: Connection reset
06 Apr 2025 16:50:05,882 [Thread-3] ERROR ro.mpp2024.protocol.ServicesJsonProxy$ReaderThread 222 run - Reading error java.net.SocketException: Connection reset
06 Apr 2025 16:50:05,882 [Thread-3] ERROR ro.mpp2024.protocol.ServicesJsonProxy$ReaderThread 222 run - Reading error java.net.SocketException: Connection reset
06 Apr 2025 16:50:05,882 [Thread-3] ERROR ro.mpp2024.protocol.ServicesJsonProxy$ReaderThread 222 run - Reading error java.net.SocketException: Connection reset
06 Apr 2025 16:50:05,882 [Thread-3] ERROR ro.mpp2024.protocol.ServicesJsonProxy$ReaderThread 222 run - Reading error java.net.SocketException: Connection reset
06 Apr 2025 16:50:05,882 [Thread-3] ERROR ro.mpp2024.protocol.ServicesJsonProxy$ReaderThread 222 run - Reading error java.net.SocketException: Connection reset
06 Apr 2025 16:50:05,882 [Thread-3] ERROR ro.mpp2024.protocol.ServicesJsonProxy$ReaderThread 222 run - Reading error java.net.SocketException: Connection reset
06 Apr 2025 16:50:05,882 [Thread-3] ERROR ro.mpp2024.protocol.ServicesJsonProxy$ReaderThread 222 run - Reading error java.net.SocketException: Connection reset
06 Apr 2025 16:50:05,882 [Thread-3] ERROR ro.mpp2024.protocol.ServicesJsonProxy$ReaderThread 222 run - Reading error java.net.SocketException: Connection reset
06 Apr 2025 16:50:05,882 [Thread-3] ERROR ro.mpp2024.protocol.ServicesJsonProxy$ReaderThread 222 run - Reading error java.net.SocketException: Connection reset
06 Apr 2025 16:50:05,882 [Thread-3] ERROR ro.mpp2024.protocol.ServicesJsonProxy$ReaderThread 222 run - Reading error java.net.SocketException: Connection reset
06 Apr 2025 16:50:05,882 [Thread-3] ERROR ro.mpp2024.protocol.ServicesJsonProxy$ReaderThread 222 run - Reading error java.net.SocketException: Connection reset
06 Apr 2025 16:50:05,882 [Thread-3] ERROR ro.mpp2024.protocol.ServicesJsonProxy$ReaderThread 222 run - Reading error java.net.SocketException: Connection reset
06 Apr 2025 16:50:05,883 [Thread-3] ERROR ro.mpp2024.protocol.ServicesJsonProxy$ReaderThread 222 run - Reading error java.net.SocketException: Connection reset
06 Apr 2025 16:50:05,883 [Thread-3] ERROR ro.mpp2024.protocol.ServicesJsonProxy$ReaderThread 222 run - Reading error java.net.SocketException: Connection reset
06 Apr 2025 16:50:05,883 [Thread-3] ERROR ro.mpp2024.protocol.ServicesJsonProxy$ReaderThread 222 run - Reading error java.net.SocketException: Connection reset
06 Apr 2025 16:50:05,883 [Thread-3] ERROR ro.mpp2024.protocol.ServicesJsonProxy$ReaderThread 222 run - Reading error java.net.SocketException: Connection reset
06 Apr 2025 16:50:05,883 [Thread-3] ERROR ro.mpp2024.protocol.ServicesJsonProxy$ReaderThread 222 run - Reading error java.net.SocketException: Connection reset
06 Apr 2025 16:50:05,883 [Thread-3] ERROR ro.mpp2024.protocol.ServicesJsonProxy$ReaderThread 222 run - Reading error java.net.SocketException: Connection reset
06 Apr 2025 16:50:05,883 [Thread-3] ERROR ro.mpp2024.protocol.ServicesJsonProxy$ReaderThread 222 run - Reading error java.net.SocketException: Connection reset
06 Apr 2025 16:50:05,883 [Thread-3] ERROR ro.mpp2024.protocol.ServicesJsonProxy$ReaderThread 222 run - Reading error java.net.SocketException: Connection reset
06 Apr 2025 16:50:05,883 [Thread-3] ERROR ro.mpp2024.protocol.ServicesJsonProxy$ReaderThread 222 run - Reading error java.net.SocketException: Connection reset
06 Apr 2025 16:50:05,883 [Thread-3] ERROR ro.mpp2024.protocol.ServicesJsonProxy$ReaderThread 222 run - Reading error java.net.SocketException: Connection reset
06 Apr 2025 16:50:05,883 [Thread-3] ERROR ro.mpp2024.protocol.ServicesJsonProxy$ReaderThread 222 run - Reading error java.net.SocketException: Connection reset
06 Apr 2025 16:50:05,883 [Thread-3] ERROR ro.mpp2024.protocol.ServicesJsonProxy$ReaderThread 222 run - Reading error java.net.SocketException: Connection reset
06 Apr 2025 16:50:05,883 [Thread-3] ERROR ro.mpp2024.protocol.ServicesJsonProxy$ReaderThread 222 run - Reading error java.net.SocketException: Connection reset
06 Apr 2025 16:50:05,883 [Thread-3] ERROR ro.mpp2024.protocol.ServicesJsonProxy$ReaderThread 222 run - Reading error java.net.SocketException: Connection reset
06 Apr 2025 16:50:05,883 [Thread-3] ERROR ro.mpp2024.protocol.ServicesJsonProxy$ReaderThread 222 run - Reading error java.net.SocketException: Connection reset
06 Apr 2025 16:50:05,883 [Thread-3] ERROR ro.mpp2024.protocol.ServicesJsonProxy$ReaderThread 222 run - Reading error java.net.SocketException: Connection reset
06 Apr 2025 16:50:05,883 [Thread-3] ERROR ro.mpp2024.protocol.ServicesJsonProxy$ReaderThread 222 run - Reading error java.net.SocketException: Connection reset
06 Apr 2025 16:50:05,884 [Thread-3] ERROR ro.mpp2024.protocol.ServicesJsonProxy$ReaderThread 222 run - Reading error java.net.SocketException: Connection reset
06 Apr 2025 16:50:05,884 [Thread-3] ERROR ro.mpp2024.protocol.ServicesJsonProxy$ReaderThread 222 run - Reading error java.net.SocketException: Connection reset
06 Apr 2025 16:50:05,884 [Thread-3] ERROR ro.mpp2024.protocol.ServicesJsonProxy$ReaderThread 222 run - Reading error java.net.SocketException: Connection reset
06 Apr 2025 16:50:05,884 [Thread-3] ERROR ro.mpp2024.protocol.ServicesJsonProxy$ReaderThread 222 run - Reading error java.net.SocketException: Connection reset
06 Apr 2025 16:50:05,884 [Thread-3] ERROR ro.mpp2024.protocol.ServicesJsonProxy$ReaderThread 222 run - Reading error java.net.SocketException: Connection reset
06 Apr 2025 16:50:05,884 [Thread-3] ERROR ro.mpp2024.protocol.ServicesJsonProxy$ReaderThread 222 run - Reading error java.net.SocketException: Connection reset
06 Apr 2025 16:50:05,884 [Thread-3] ERROR ro.mpp2024.protocol.ServicesJsonProxy$ReaderThread 222 run - Reading error java.net.SocketException: Connection reset
06 Apr 2025 16:50:05,884 [Thread-3] ERROR ro.mpp2024.protocol.ServicesJsonProxy$ReaderThread 222 run - Reading error java.net.SocketException: Connection reset
06 Apr 2025 16:50:05,884 [Thread-3] ERROR ro.mpp2024.protocol.ServicesJsonProxy$ReaderThread 222 run - Reading error java.net.SocketException: Connection reset
06 Apr 2025 16:50:05,884 [Thread-3] ERROR ro.mpp2024.protocol.ServicesJsonProxy$ReaderThread 222 run - Reading error java.net.SocketException: Connection reset
06 Apr 2025 16:50:05,884 [Thread-3] ERROR ro.mpp2024.protocol.ServicesJsonProxy$ReaderThread 222 run - Reading error java.net.SocketException: Connection reset
06 Apr 2025 16:50:05,884 [Thread-3] ERROR ro.mpp2024.protocol.ServicesJsonProxy$ReaderThread 222 run - Reading error java.net.SocketException: Connection reset
06 Apr 2025 16:50:05,884 [Thread-3] ERROR ro.mpp2024.protocol.ServicesJsonProxy$ReaderThread 222 run - Reading error java.net.SocketException: Connection reset
06 Apr 2025 16:50:05,884 [Thread-3] ERROR ro.mpp2024.protocol.ServicesJsonProxy$ReaderThread 222 run - Reading error java.net.SocketException: Connection reset
06 Apr 2025 16:50:05,884 [Thread-3] ERROR ro.mpp2024.protocol.ServicesJsonProxy$ReaderThread 222 run - Reading error java.net.SocketException: Connection reset
06 Apr 2025 16:50:05,884 [Thread-3] ERROR ro.mpp2024.protocol.ServicesJsonProxy$ReaderThread 222 run - Reading error java.net.SocketException: Connection reset
06 Apr 2025 16:50:05,885 [Thread-3] ERROR ro.mpp2024.protocol.ServicesJsonProxy$ReaderThread 222 run - Reading error java.net.SocketException: Connection reset
06 Apr 2025 16:50:05,885 [Thread-3] ERROR ro.mpp2024.protocol.ServicesJsonProxy$ReaderThread 222 run - Reading error java.net.SocketException: Connection reset
06 Apr 2025 16:50:05,885 [Thread-3] ERROR ro.mpp2024.protocol.ServicesJsonProxy$ReaderThread 222 run - Reading error java.net.SocketException: Connection reset
06 Apr 2025 16:50:05,885 [Thread-3] ERROR ro.mpp2024.protocol.ServicesJsonProxy$ReaderThread 222 run - Reading error java.net.SocketException: Connection reset
06 Apr 2025 16:50:05,885 [Thread-3] ERROR ro.mpp2024.protocol.ServicesJsonProxy$ReaderThread 222 run - Reading error java.net.SocketException: Connection reset
06 Apr 2025 16:50:05,885 [Thread-3] ERROR ro.mpp2024.protocol.ServicesJsonProxy$ReaderThread 222 run - Reading error java.net.SocketException: Connection reset
06 Apr 2025 16:50:05,885 [Thread-3] ERROR ro.mpp2024.protocol.ServicesJsonProxy$ReaderThread 222 run - Reading error java.net.SocketException: Connection reset
06 Apr 2025 16:50:05,885 [Thread-3] ERROR ro.mpp2024.protocol.ServicesJsonProxy$ReaderThread 222 run - Reading error java.net.SocketException: Connection reset
06 Apr 2025 16:50:05,885 [Thread-3] ERROR ro.mpp2024.protocol.ServicesJsonProxy$ReaderThread 222 run - Reading error java.net.SocketException: Connection reset
06 Apr 2025 16:50:05,885 [Thread-3] ERROR ro.mpp2024.protocol.ServicesJsonProxy$ReaderThread 222 run - Reading error java.net.SocketException: Connection reset
06 Apr 2025 16:50:05,885 [Thread-3] ERROR ro.mpp2024.protocol.ServicesJsonProxy$ReaderThread 222 run - Reading error java.net.SocketException: Connection reset
06 Apr 2025 16:50:05,885 [Thread-3] ERROR ro.mpp2024.protocol.ServicesJsonProxy$ReaderThread 222 run - Reading error java.net.SocketException: Connection reset
06 Apr 2025 16:50:05,885 [Thread-3] ERROR ro.mpp2024.protocol.ServicesJsonProxy$ReaderThread 222 run - Reading error java.net.SocketException: Connection reset
06 Apr 2025 16:50:05,885 [Thread-3] ERROR ro.mpp2024.protocol.ServicesJsonProxy$ReaderThread 222 run - Reading error java.net.SocketException: Connection reset
06 Apr 2025 16:50:05,885 [Thread-3] ERROR ro.mpp2024.protocol.ServicesJsonProxy$ReaderThread 222 run - Reading error java.net.SocketException: Connection reset
06 Apr 2025 16:50:05,885 [Thread-3] ERROR ro.mpp2024.protocol.ServicesJsonProxy$ReaderThread 222 run - Reading error java.net.SocketException: Connection reset
06 Apr 2025 16:50:05,886 [Thread-3] ERROR ro.mpp2024.protocol.ServicesJsonProxy$ReaderThread 222 run - Reading error java.net.SocketException: Connection reset
06 Apr 2025 16:50:05,886 [Thread-3] ERROR ro.mpp2024.protocol.ServicesJsonProxy$ReaderThread 222 run - Reading error java.net.SocketException: Connection reset
06 Apr 2025 16:50:05,886 [Thread-3] ERROR ro.mpp2024.protocol.ServicesJsonProxy$ReaderThread 222 run - Reading error java.net.SocketException: Connection reset
06 Apr 2025 16:50:05,886 [Thread-3] ERROR ro.mpp2024.protocol.ServicesJsonProxy$ReaderThread 222 run - Reading error java.net.SocketException: Connection reset
06 Apr 2025 16:50:05,886 [Thread-3] ERROR ro.mpp2024.protocol.ServicesJsonProxy$ReaderThread 222 run - Reading error java.net.SocketException: Connection reset
06 Apr 2025 16:50:05,886 [Thread-3] ERROR ro.mpp2024.protocol.ServicesJsonProxy$ReaderThread 222 run - Reading error java.net.SocketException: Connection reset
06 Apr 2025 16:50:05,886 [Thread-3] ERROR ro.mpp2024.protocol.ServicesJsonProxy$ReaderThread 222 run - Reading error java.net.SocketException: Connection reset
06 Apr 2025 16:50:05,886 [Thread-3] ERROR ro.mpp2024.protocol.ServicesJsonProxy$ReaderThread 222 run - Reading error java.net.SocketException: Connection reset
06 Apr 2025 16:50:05,886 [Thread-3] ERROR ro.mpp2024.protocol.ServicesJsonProxy$ReaderThread 222 run - Reading error java.net.SocketException: Connection reset
06 Apr 2025 16:50:05,886 [Thread-3] ERROR ro.mpp2024.protocol.ServicesJsonProxy$ReaderThread 222 run - Reading error java.net.SocketException: Connection reset
06 Apr 2025 16:50:05,886 [Thread-3] ERROR ro.mpp2024.protocol.ServicesJsonProxy$ReaderThread 222 run - Reading error java.net.SocketException: Connection reset
06 Apr 2025 16:50:05,886 [Thread-3] ERROR ro.mpp2024.protocol.ServicesJsonProxy$ReaderThread 222 run - Reading error java.net.SocketException: Connection reset
06 Apr 2025 16:50:05,886 [Thread-3] ERROR ro.mpp2024.protocol.ServicesJsonProxy$ReaderThread 222 run - Reading error java.net.SocketException: Connection reset
06 Apr 2025 16:50:05,886 [Thread-3] ERROR ro.mpp2024.protocol.ServicesJsonProxy$ReaderThread 222 run - Reading error java.net.SocketException: Connection reset
06 Apr 2025 16:50:05,886 [Thread-3] ERROR ro.mpp2024.protocol.ServicesJsonProxy$ReaderThread 222 run - Reading error java.net.SocketException: Connection reset
06 Apr 2025 16:50:05,886 [Thread-3] ERROR ro.mpp2024.protocol.ServicesJsonProxy$ReaderThread 222 run - Reading error java.net.SocketException: Connection reset
06 Apr 2025 16:50:05,886 [Thread-3] ERROR ro.mpp2024.protocol.ServicesJsonProxy$ReaderThread 222 run - Reading error java.net.SocketException: Connection reset
06 Apr 2025 16:50:05,886 [Thread-3] ERROR ro.mpp2024.protocol.ServicesJsonProxy$ReaderThread 222 run - Reading error java.net.SocketException: Connection reset
06 Apr 2025 16:50:05,886 [Thread-3] ERROR ro.mpp2024.protocol.ServicesJsonProxy$ReaderThread 222 run - Reading error java.net.SocketException: Connection reset
06 Apr 2025 16:50:05,887 [Thread-3] ERROR ro.mpp2024.protocol.ServicesJsonProxy$ReaderThread 222 run - Reading error java.net.SocketException: Connection reset
06 Apr 2025 16:50:05,887 [Thread-3] ERROR ro.mpp2024.protocol.ServicesJsonProxy$ReaderThread 222 run - Reading error java.net.SocketException: Connection reset
06 Apr 2025 16:50:05,887 [Thread-3] ERROR ro.mpp2024.protocol.ServicesJsonProxy$ReaderThread 222 run - Reading error java.net.SocketException: Connection reset
06 Apr 2025 16:50:05,887 [Thread-3] ERROR ro.mpp2024.protocol.ServicesJsonProxy$ReaderThread 222 run - Reading error java.net.SocketException: Connection reset
06 Apr 2025 16:50:05,887 [Thread-3] ERROR ro.mpp2024.protocol.ServicesJsonProxy$ReaderThread 222 run - Reading error java.net.SocketException: Connection reset
06 Apr 2025 16:50:05,887 [Thread-3] ERROR ro.mpp2024.protocol.ServicesJsonProxy$ReaderThread 222 run - Reading error java.net.SocketException: Connection reset
06 Apr 2025 16:50:05,887 [Thread-3] ERROR ro.mpp2024.protocol.ServicesJsonProxy$ReaderThread 222 run - Reading error java.net.SocketException: Connection reset
06 Apr 2025 16:50:05,887 [Thread-3] ERROR ro.mpp2024.protocol.ServicesJsonProxy$ReaderThread 222 run - Reading error java.net.SocketException: Connection reset
06 Apr 2025 16:50:05,887 [Thread-3] ERROR ro.mpp2024.protocol.ServicesJsonProxy$ReaderThread 222 run - Reading error java.net.SocketException: Connection reset
06 Apr 2025 16:50:05,887 [Thread-3] ERROR ro.mpp2024.protocol.ServicesJsonProxy$ReaderThread 222 run - Reading error java.net.SocketException: Connection reset
06 Apr 2025 16:50:05,888 [Thread-3] ERROR ro.mpp2024.protocol.ServicesJsonProxy$ReaderThread 222 run - Reading error java.net.SocketException: Connection reset
06 Apr 2025 16:50:05,888 [Thread-3] ERROR ro.mpp2024.protocol.ServicesJsonProxy$ReaderThread 222 run - Reading error java.net.SocketException: Connection reset
06 Apr 2025 16:50:05,888 [Thread-3] ERROR ro.mpp2024.protocol.ServicesJsonProxy$ReaderThread 222 run - Reading error java.net.SocketException: Connection reset
06 Apr 2025 16:50:05,888 [Thread-3] ERROR ro.mpp2024.protocol.ServicesJsonProxy$ReaderThread 222 run - Reading error java.net.SocketException: Connection reset
06 Apr 2025 16:50:05,888 [Thread-3] ERROR ro.mpp2024.protocol.ServicesJsonProxy$ReaderThread 222 run - Reading error java.net.SocketException: Connection reset
06 Apr 2025 16:50:05,888 [Thread-3] ERROR ro.mpp2024.protocol.ServicesJsonProxy$ReaderThread 222 run - Reading error java.net.SocketException: Connection reset
06 Apr 2025 16:50:05,888 [Thread-3] ERROR ro.mpp2024.protocol.ServicesJsonProxy$ReaderThread 222 run - Reading error java.net.SocketException: Connection reset
06 Apr 2025 16:50:05,888 [Thread-3] ERROR ro.mpp2024.protocol.ServicesJsonProxy$ReaderThread 222 run - Reading error java.net.SocketException: Connection reset
06 Apr 2025 16:50:05,888 [Thread-3] ERROR ro.mpp2024.protocol.ServicesJsonProxy$ReaderThread 222 run - Reading error java.net.SocketException: Connection reset
06 Apr 2025 16:50:05,888 [Thread-3] ERROR ro.mpp2024.protocol.ServicesJsonProxy$ReaderThread 222 run - Reading error java.net.SocketException: Connection reset
06 Apr 2025 16:50:05,888 [Thread-3] ERROR ro.mpp2024.protocol.ServicesJsonProxy$ReaderThread 222 run - Reading error java.net.SocketException: Connection reset
06 Apr 2025 16:50:05,888 [Thread-3] ERROR ro.mpp2024.protocol.ServicesJsonProxy$ReaderThread 222 run - Reading error java.net.SocketException: Connection reset
06 Apr 2025 16:50:05,889 [Thread-3] ERROR ro.mpp2024.protocol.ServicesJsonProxy$ReaderThread 222 run - Reading error java.net.SocketException: Connection reset
06 Apr 2025 16:50:05,889 [Thread-3] ERROR ro.mpp2024.protocol.ServicesJsonProxy$ReaderThread 222 run - Reading error java.net.SocketException: Connection reset
06 Apr 2025 16:50:05,889 [Thread-3] ERROR ro.mpp2024.protocol.ServicesJsonProxy$ReaderThread 222 run - Reading error java.net.SocketException: Connection reset
06 Apr 2025 16:50:05,889 [Thread-3] ERROR ro.mpp2024.protocol.ServicesJsonProxy$ReaderThread 222 run - Reading error java.net.SocketException: Connection reset
06 Apr 2025 16:50:05,889 [Thread-3] ERROR ro.mpp2024.protocol.ServicesJsonProxy$ReaderThread 222 run - Reading error java.net.SocketException: Connection reset
06 Apr 2025 16:50:05,889 [Thread-3] ERROR ro.mpp2024.protocol.ServicesJsonProxy$ReaderThread 222 run - Reading error java.net.SocketException: Connection reset
06 Apr 2025 16:50:05,889 [Thread-3] ERROR ro.mpp2024.protocol.ServicesJsonProxy$ReaderThread 222 run - Reading error java.net.SocketException: Connection reset
06 Apr 2025 16:50:05,889 [Thread-3] ERROR ro.mpp2024.protocol.ServicesJsonProxy$ReaderThread 222 run - Reading error java.net.SocketException: Connection reset
06 Apr 2025 16:50:05,889 [Thread-3] ERROR ro.mpp2024.protocol.ServicesJsonProxy$ReaderThread 222 run - Reading error java.net.SocketException: Connection reset
06 Apr 2025 16:50:05,889 [Thread-3] ERROR ro.mpp2024.protocol.ServicesJsonProxy$ReaderThread 222 run - Reading error java.net.SocketException: Connection reset
06 Apr 2025 16:50:05,889 [Thread-3] ERROR ro.mpp2024.protocol.ServicesJsonProxy$ReaderThread 222 run - Reading error java.net.SocketException: Connection reset
06 Apr 2025 16:50:05,889 [Thread-3] ERROR ro.mpp2024.protocol.ServicesJsonProxy$ReaderThread 222 run - Reading error java.net.SocketException: Connection reset
06 Apr 2025 16:50:05,889 [Thread-3] ERROR ro.mpp2024.protocol.ServicesJsonProxy$ReaderThread 222 run - Reading error java.net.SocketException: Connection reset
06 Apr 2025 16:50:05,889 [Thread-3] ERROR ro.mpp2024.protocol.ServicesJsonProxy$ReaderThread 222 run - Reading error java.net.SocketException: Connection reset
06 Apr 2025 16:50:05,889 [Thread-3] ERROR ro.mpp2024.protocol.ServicesJsonProxy$ReaderThread 222 run - Reading error java.net.SocketException: Connection reset
06 Apr 2025 16:50:05,889 [Thread-3] ERROR ro.mpp2024.protocol.ServicesJsonProxy$ReaderThread 222 run - Reading error java.net.SocketException: Connection reset
06 Apr 2025 16:50:05,890 [Thread-3] ERROR ro.mpp2024.protocol.ServicesJsonProxy$ReaderThread 222 run - Reading error java.net.SocketException: Connection reset
06 Apr 2025 16:50:05,890 [Thread-3] ERROR ro.mpp2024.protocol.ServicesJsonProxy$ReaderThread 222 run - Reading error java.net.SocketException: Connection reset
06 Apr 2025 16:50:05,890 [Thread-3] ERROR ro.mpp2024.protocol.ServicesJsonProxy$ReaderThread 222 run - Reading error java.net.SocketException: Connection reset
06 Apr 2025 16:50:05,890 [Thread-3] ERROR ro.mpp2024.protocol.ServicesJsonProxy$ReaderThread 222 run - Reading error java.net.SocketException: Connection reset
06 Apr 2025 16:50:05,890 [Thread-3] ERROR ro.mpp2024.protocol.ServicesJsonProxy$ReaderThread 222 run - Reading error java.net.SocketException: Connection reset
06 Apr 2025 16:50:05,890 [Thread-3] ERROR ro.mpp2024.protocol.ServicesJsonProxy$ReaderThread 222 run - Reading error java.net.SocketException: Connection reset
06 Apr 2025 16:50:05,890 [Thread-3] ERROR ro.mpp2024.protocol.ServicesJsonProxy$ReaderThread 222 run - Reading error java.net.SocketException: Connection reset
06 Apr 2025 16:50:05,890 [Thread-3] ERROR ro.mpp2024.protocol.ServicesJsonProxy$ReaderThread 222 run - Reading error java.net.SocketException: Connection reset
06 Apr 2025 16:50:05,890 [Thread-3] ERROR ro.mpp2024.protocol.ServicesJsonProxy$ReaderThread 222 run - Reading error java.net.SocketException: Connection reset
06 Apr 2025 16:50:05,890 [Thread-3] ERROR ro.mpp2024.protocol.ServicesJsonProxy$ReaderThread 222 run - Reading error java.net.SocketException: Connection reset
06 Apr 2025 16:50:05,890 [Thread-3] ERROR ro.mpp2024.protocol.ServicesJsonProxy$ReaderThread 222 run - Reading error java.net.SocketException: Connection reset
06 Apr 2025 16:50:05,890 [Thread-3] ERROR ro.mpp2024.protocol.ServicesJsonProxy$ReaderThread 222 run - Reading error java.net.SocketException: Connection reset
06 Apr 2025 16:50:05,890 [Thread-3] ERROR ro.mpp2024.protocol.ServicesJsonProxy$ReaderThread 222 run - Reading error java.net.SocketException: Connection reset
06 Apr 2025 16:50:05,891 [Thread-3] ERROR ro.mpp2024.protocol.ServicesJsonProxy$ReaderThread 222 run - Reading error java.net.SocketException: Connection reset
06 Apr 2025 16:50:05,891 [Thread-3] ERROR ro.mpp2024.protocol.ServicesJsonProxy$ReaderThread 222 run - Reading error java.net.SocketException: Connection reset
06 Apr 2025 16:50:05,891 [Thread-3] ERROR ro.mpp2024.protocol.ServicesJsonProxy$ReaderThread 222 run - Reading error java.net.SocketException: Connection reset
06 Apr 2025 16:50:05,891 [Thread-3] ERROR ro.mpp2024.protocol.ServicesJsonProxy$ReaderThread 222 run - Reading error java.net.SocketException: Connection reset
06 Apr 2025 16:50:05,891 [Thread-3] ERROR ro.mpp2024.protocol.ServicesJsonProxy$ReaderThread 222 run - Reading error java.net.SocketException: Connection reset
06 Apr 2025 16:50:05,891 [Thread-3] ERROR ro.mpp2024.protocol.ServicesJsonProxy$ReaderThread 222 run - Reading error java.net.SocketException: Connection reset
06 Apr 2025 16:50:05,892 [Thread-3] ERROR ro.mpp2024.protocol.ServicesJsonProxy$ReaderThread 222 run - Reading error java.net.SocketException: Connection reset
06 Apr 2025 16:50:05,892 [Thread-3] ERROR ro.mpp2024.protocol.ServicesJsonProxy$ReaderThread 222 run - Reading error java.net.SocketException: Connection reset
06 Apr 2025 16:50:05,892 [Thread-3] ERROR ro.mpp2024.protocol.ServicesJsonProxy$ReaderThread 222 run - Reading error java.net.SocketException: Connection reset
06 Apr 2025 16:50:05,892 [Thread-3] ERROR ro.mpp2024.protocol.ServicesJsonProxy$ReaderThread 222 run - Reading error java.net.SocketException: Connection reset
06 Apr 2025 16:50:05,892 [Thread-3] ERROR ro.mpp2024.protocol.ServicesJsonProxy$ReaderThread 222 run - Reading error java.net.SocketException: Connection reset
06 Apr 2025 16:50:05,892 [Thread-3] ERROR ro.mpp2024.protocol.ServicesJsonProxy$ReaderThread 222 run - Reading error java.net.SocketException: Connection reset
06 Apr 2025 16:50:05,892 [Thread-3] ERROR ro.mpp2024.protocol.ServicesJsonProxy$ReaderThread 222 run - Reading error java.net.SocketException: Connection reset
06 Apr 2025 16:50:05,893 [Thread-3] ERROR ro.mpp2024.protocol.ServicesJsonProxy$ReaderThread 222 run - Reading error java.net.SocketException: Connection reset
06 Apr 2025 16:50:05,893 [Thread-3] ERROR ro.mpp2024.protocol.ServicesJsonProxy$ReaderThread 222 run - Reading error java.net.SocketException: Connection reset
06 Apr 2025 16:50:05,893 [Thread-3] ERROR ro.mpp2024.protocol.ServicesJsonProxy$ReaderThread 222 run - Reading error java.net.SocketException: Connection reset
06 Apr 2025 16:50:05,893 [Thread-3] ERROR ro.mpp2024.protocol.ServicesJsonProxy$ReaderThread 222 run - Reading error java.net.SocketException: Connection reset
06 Apr 2025 16:50:05,893 [Thread-3] ERROR ro.mpp2024.protocol.ServicesJsonProxy$ReaderThread 222 run - Reading error java.net.SocketException: Connection reset
06 Apr 2025 16:50:05,893 [Thread-3] ERROR ro.mpp2024.protocol.ServicesJsonProxy$ReaderThread 222 run - Reading error java.net.SocketException: Connection reset
06 Apr 2025 16:50:05,893 [Thread-3] ERROR ro.mpp2024.protocol.ServicesJsonProxy$ReaderThread 222 run - Reading error java.net.SocketException: Connection reset
06 Apr 2025 16:50:05,893 [Thread-3] ERROR ro.mpp2024.protocol.ServicesJsonProxy$ReaderThread 222 run - Reading error java.net.SocketException: Connection reset
06 Apr 2025 16:50:05,893 [Thread-3] ERROR ro.mpp2024.protocol.ServicesJsonProxy$ReaderThread 222 run - Reading error java.net.SocketException: Connection reset
06 Apr 2025 16:50:05,893 [Thread-3] ERROR ro.mpp2024.protocol.ServicesJsonProxy$ReaderThread 222 run - Reading error java.net.SocketException: Connection reset
06 Apr 2025 16:50:05,894 [Thread-3] ERROR ro.mpp2024.protocol.ServicesJsonProxy$ReaderThread 222 run - Reading error java.net.SocketException: Connection reset
06 Apr 2025 16:50:05,894 [Thread-3] ERROR ro.mpp2024.protocol.ServicesJsonProxy$ReaderThread 222 run - Reading error java.net.SocketException: Connection reset
06 Apr 2025 16:50:05,894 [Thread-3] ERROR ro.mpp2024.protocol.ServicesJsonProxy$ReaderThread 222 run - Reading error java.net.SocketException: Connection reset
06 Apr 2025 16:50:05,894 [Thread-3] ERROR ro.mpp2024.protocol.ServicesJsonProxy$ReaderThread 222 run - Reading error java.net.SocketException: Connection reset
06 Apr 2025 16:50:05,894 [Thread-3] ERROR ro.mpp2024.protocol.ServicesJsonProxy$ReaderThread 222 run - Reading error java.net.SocketException: Connection reset
06 Apr 2025 16:50:05,894 [Thread-3] ERROR ro.mpp2024.protocol.ServicesJsonProxy$ReaderThread 222 run - Reading error java.net.SocketException: Connection reset
06 Apr 2025 16:50:05,894 [Thread-3] ERROR ro.mpp2024.protocol.ServicesJsonProxy$ReaderThread 222 run - Reading error java.net.SocketException: Connection reset
06 Apr 2025 16:50:05,895 [Thread-3] ERROR ro.mpp2024.protocol.ServicesJsonProxy$ReaderThread 222 run - Reading error java.net.SocketException: Connection reset
06 Apr 2025 16:50:05,895 [Thread-3] ERROR ro.mpp2024.protocol.ServicesJsonProxy$ReaderThread 222 run - Reading error java.net.SocketException: Connection reset
06 Apr 2025 16:50:05,895 [Thread-3] ERROR ro.mpp2024.protocol.ServicesJsonProxy$ReaderThread 222 run - Reading error java.net.SocketException: Connection reset
06 Apr 2025 16:50:05,895 [Thread-3] ERROR ro.mpp2024.protocol.ServicesJsonProxy$ReaderThread 222 run - Reading error java.net.SocketException: Connection reset
06 Apr 2025 16:50:05,895 [Thread-3] ERROR ro.mpp2024.protocol.ServicesJsonProxy$ReaderThread 222 run - Reading error java.net.SocketException: Connection reset
06 Apr 2025 16:50:05,895 [Thread-3] ERROR ro.mpp2024.protocol.ServicesJsonProxy$ReaderThread 222 run - Reading error java.net.SocketException: Connection reset
06 Apr 2025 16:50:05,895 [Thread-3] ERROR ro.mpp2024.protocol.ServicesJsonProxy$ReaderThread 222 run - Reading error java.net.SocketException: Connection reset
06 Apr 2025 16:50:05,896 [Thread-3] ERROR ro.mpp2024.protocol.ServicesJsonProxy$ReaderThread 222 run - Reading error java.net.SocketException: Connection reset
06 Apr 2025 16:50:05,896 [Thread-3] ERROR ro.mpp2024.protocol.ServicesJsonProxy$ReaderThread 222 run - Reading error java.net.SocketException: Connection reset
06 Apr 2025 16:50:05,896 [Thread-3] ERROR ro.mpp2024.protocol.ServicesJsonProxy$ReaderThread 222 run - Reading error java.net.SocketException: Connection reset
06 Apr 2025 16:50:05,896 [Thread-3] ERROR ro.mpp2024.protocol.ServicesJsonProxy$ReaderThread 222 run - Reading error java.net.SocketException: Connection reset
06 Apr 2025 16:50:05,896 [Thread-3] ERROR ro.mpp2024.protocol.ServicesJsonProxy$ReaderThread 222 run - Reading error java.net.SocketException: Connection reset
06 Apr 2025 16:50:05,896 [Thread-3] ERROR ro.mpp2024.protocol.ServicesJsonProxy$ReaderThread 222 run - Reading error java.net.SocketException: Connection reset
06 Apr 2025 16:50:05,897 [Thread-3] ERROR ro.mpp2024.protocol.ServicesJsonProxy$ReaderThread 222 run - Reading error java.net.SocketException: Connection reset
06 Apr 2025 16:50:05,897 [Thread-3] ERROR ro.mpp2024.protocol.ServicesJsonProxy$ReaderThread 222 run - Reading error java.net.SocketException: Connection reset
06 Apr 2025 16:50:05,897 [Thread-3] ERROR ro.mpp2024.protocol.ServicesJsonProxy$ReaderThread 222 run - Reading error java.net.SocketException: Connection reset
06 Apr 2025 16:50:05,897 [Thread-3] ERROR ro.mpp2024.protocol.ServicesJsonProxy$ReaderThread 222 run - Reading error java.net.SocketException: Connection reset
06 Apr 2025 16:50:05,898 [Thread-3] ERROR ro.mpp2024.protocol.ServicesJsonProxy$ReaderThread 222 run - Reading error java.net.SocketException: Connection reset
06 Apr 2025 16:50:05,898 [Thread-3] ERROR ro.mpp2024.protocol.ServicesJsonProxy$ReaderThread 222 run - Reading error java.net.SocketException: Connection reset
06 Apr 2025 16:50:05,898 [Thread-3] ERROR ro.mpp2024.protocol.ServicesJsonProxy$ReaderThread 222 run - Reading error java.net.SocketException: Connection reset
06 Apr 2025 16:50:05,898 [Thread-3] ERROR ro.mpp2024.protocol.ServicesJsonProxy$ReaderThread 222 run - Reading error java.net.SocketException: Connection reset
06 Apr 2025 16:50:05,898 [Thread-3] ERROR ro.mpp2024.protocol.ServicesJsonProxy$ReaderThread 222 run - Reading error java.net.SocketException: Connection reset
06 Apr 2025 16:50:05,898 [Thread-3] ERROR ro.mpp2024.protocol.ServicesJsonProxy$ReaderThread 222 run - Reading error java.net.SocketException: Connection reset
06 Apr 2025 16:50:05,898 [Thread-3] ERROR ro.mpp2024.protocol.ServicesJsonProxy$ReaderThread 222 run - Reading error java.net.SocketException: Connection reset
06 Apr 2025 16:50:05,898 [Thread-3] ERROR ro.mpp2024.protocol.ServicesJsonProxy$ReaderThread 222 run - Reading error java.net.SocketException: Connection reset
06 Apr 2025 16:50:05,898 [Thread-3] ERROR ro.mpp2024.protocol.ServicesJsonProxy$ReaderThread 222 run - Reading error java.net.SocketException: Connection reset
06 Apr 2025 16:50:05,898 [Thread-3] ERROR ro.mpp2024.protocol.ServicesJsonProxy$ReaderThread 222 run - Reading error java.net.SocketException: Connection reset
06 Apr 2025 16:50:05,899 [Thread-3] ERROR ro.mpp2024.protocol.ServicesJsonProxy$ReaderThread 222 run - Reading error java.net.SocketException: Connection reset
06 Apr 2025 16:50:05,899 [Thread-3] ERROR ro.mpp2024.protocol.ServicesJsonProxy$ReaderThread 222 run - Reading error java.net.SocketException: Connection reset
06 Apr 2025 16:50:05,899 [Thread-3] ERROR ro.mpp2024.protocol.ServicesJsonProxy$ReaderThread 222 run - Reading error java.net.SocketException: Connection reset
06 Apr 2025 16:50:05,899 [Thread-3] ERROR ro.mpp2024.protocol.ServicesJsonProxy$ReaderThread 222 run - Reading error java.net.SocketException: Connection reset
06 Apr 2025 16:50:05,899 [Thread-3] ERROR ro.mpp2024.protocol.ServicesJsonProxy$ReaderThread 222 run - Reading error java.net.SocketException: Connection reset
06 Apr 2025 16:50:05,899 [Thread-3] ERROR ro.mpp2024.protocol.ServicesJsonProxy$ReaderThread 222 run - Reading error java.net.SocketException: Connection reset
06 Apr 2025 16:50:05,899 [Thread-3] ERROR ro.mpp2024.protocol.ServicesJsonProxy$ReaderThread 222 run - Reading error java.net.SocketException: Connection reset
06 Apr 2025 16:50:05,899 [Thread-3] ERROR ro.mpp2024.protocol.ServicesJsonProxy$ReaderThread 222 run - Reading error java.net.SocketException: Connection reset
06 Apr 2025 16:50:05,899 [Thread-3] ERROR ro.mpp2024.protocol.ServicesJsonProxy$ReaderThread 222 run - Reading error java.net.SocketException: Connection reset
06 Apr 2025 16:50:05,899 [Thread-3] ERROR ro.mpp2024.protocol.ServicesJsonProxy$ReaderThread 222 run - Reading error java.net.SocketException: Connection reset
06 Apr 2025 16:50:05,899 [Thread-3] ERROR ro.mpp2024.protocol.ServicesJsonProxy$ReaderThread 222 run - Reading error java.net.SocketException: Connection reset
06 Apr 2025 16:50:05,899 [Thread-3] ERROR ro.mpp2024.protocol.ServicesJsonProxy$ReaderThread 222 run - Reading error java.net.SocketException: Connection reset
06 Apr 2025 16:50:05,899 [Thread-3] ERROR ro.mpp2024.protocol.ServicesJsonProxy$ReaderThread 222 run - Reading error java.net.SocketException: Connection reset
06 Apr 2025 16:50:05,900 [Thread-3] ERROR ro.mpp2024.protocol.ServicesJsonProxy$ReaderThread 222 run - Reading error java.net.SocketException: Connection reset
06 Apr 2025 16:50:05,900 [Thread-3] ERROR ro.mpp2024.protocol.ServicesJsonProxy$ReaderThread 222 run - Reading error java.net.SocketException: Connection reset
06 Apr 2025 16:50:05,900 [Thread-3] ERROR ro.mpp2024.protocol.ServicesJsonProxy$ReaderThread 222 run - Reading error java.net.SocketException: Connection reset
06 Apr 2025 16:50:05,900 [Thread-3] ERROR ro.mpp2024.protocol.ServicesJsonProxy$ReaderThread 222 run - Reading error java.net.SocketException: Connection reset
06 Apr 2025 16:50:05,900 [Thread-3] ERROR ro.mpp2024.protocol.ServicesJsonProxy$ReaderThread 222 run - Reading error java.net.SocketException: Connection reset
06 Apr 2025 16:50:05,900 [Thread-3] ERROR ro.mpp2024.protocol.ServicesJsonProxy$ReaderThread 222 run - Reading error java.net.SocketException: Connection reset
06 Apr 2025 16:50:05,900 [Thread-3] ERROR ro.mpp2024.protocol.ServicesJsonProxy$ReaderThread 222 run - Reading error java.net.SocketException: Connection reset
06 Apr 2025 16:50:05,900 [Thread-3] ERROR ro.mpp2024.protocol.ServicesJsonProxy$ReaderThread 222 run - Reading error java.net.SocketException: Connection reset
06 Apr 2025 16:50:05,900 [Thread-3] ERROR ro.mpp2024.protocol.ServicesJsonProxy$ReaderThread 222 run - Reading error java.net.SocketException: Connection reset
06 Apr 2025 16:50:05,900 [Thread-3] ERROR ro.mpp2024.protocol.ServicesJsonProxy$ReaderThread 222 run - Reading error java.net.SocketException: Connection reset
06 Apr 2025 16:50:05,901 [Thread-3] ERROR ro.mpp2024.protocol.ServicesJsonProxy$ReaderThread 222 run - Reading error java.net.SocketException: Connection reset
06 Apr 2025 16:50:05,901 [Thread-3] ERROR ro.mpp2024.protocol.ServicesJsonProxy$ReaderThread 222 run - Reading error java.net.SocketException: Connection reset
06 Apr 2025 16:50:05,901 [Thread-3] ERROR ro.mpp2024.protocol.ServicesJsonProxy$ReaderThread 222 run - Reading error java.net.SocketException: Connection reset
06 Apr 2025 16:50:05,901 [Thread-3] ERROR ro.mpp2024.protocol.ServicesJsonProxy$ReaderThread 222 run - Reading error java.net.SocketException: Connection reset
06 Apr 2025 16:50:05,901 [Thread-3] ERROR ro.mpp2024.protocol.ServicesJsonProxy$ReaderThread 222 run - Reading error java.net.SocketException: Connection reset
06 Apr 2025 16:50:05,901 [Thread-3] ERROR ro.mpp2024.protocol.ServicesJsonProxy$ReaderThread 222 run - Reading error java.net.SocketException: Connection reset
06 Apr 2025 16:50:05,901 [Thread-3] ERROR ro.mpp2024.protocol.ServicesJsonProxy$ReaderThread 222 run - Reading error java.net.SocketException: Connection reset
06 Apr 2025 16:50:05,901 [Thread-3] ERROR ro.mpp2024.protocol.ServicesJsonProxy$ReaderThread 222 run - Reading error java.net.SocketException: Connection reset
06 Apr 2025 16:50:05,901 [Thread-3] ERROR ro.mpp2024.protocol.ServicesJsonProxy$ReaderThread 222 run - Reading error java.net.SocketException: Connection reset
06 Apr 2025 16:50:05,901 [Thread-3] ERROR ro.mpp2024.protocol.ServicesJsonProxy$ReaderThread 222 run - Reading error java.net.SocketException: Connection reset
06 Apr 2025 16:50:05,901 [Thread-3] ERROR ro.mpp2024.protocol.ServicesJsonProxy$ReaderThread 222 run - Reading error java.net.SocketException: Connection reset
06 Apr 2025 16:50:05,902 [Thread-3] ERROR ro.mpp2024.protocol.ServicesJsonProxy$ReaderThread 222 run - Reading error java.net.SocketException: Connection reset
06 Apr 2025 16:50:05,902 [Thread-3] ERROR ro.mpp2024.protocol.ServicesJsonProxy$ReaderThread 222 run - Reading error java.net.SocketException: Connection reset
06 Apr 2025 16:50:05,902 [Thread-3] ERROR ro.mpp2024.protocol.ServicesJsonProxy$ReaderThread 222 run - Reading error java.net.SocketException: Connection reset
06 Apr 2025 16:50:05,902 [Thread-3] ERROR ro.mpp2024.protocol.ServicesJsonProxy$ReaderThread 222 run - Reading error java.net.SocketException: Connection reset
06 Apr 2025 16:50:05,902 [Thread-3] ERROR ro.mpp2024.protocol.ServicesJsonProxy$ReaderThread 222 run - Reading error java.net.SocketException: Connection reset
06 Apr 2025 16:50:05,902 [Thread-3] ERROR ro.mpp2024.protocol.ServicesJsonProxy$ReaderThread 222 run - Reading error java.net.SocketException: Connection reset
06 Apr 2025 16:50:05,902 [Thread-3] ERROR ro.mpp2024.protocol.ServicesJsonProxy$ReaderThread 222 run - Reading error java.net.SocketException: Connection reset
06 Apr 2025 16:50:05,902 [Thread-3] ERROR ro.mpp2024.protocol.ServicesJsonProxy$ReaderThread 222 run - Reading error java.net.SocketException: Connection reset
06 Apr 2025 16:50:05,903 [Thread-3] ERROR ro.mpp2024.protocol.ServicesJsonProxy$ReaderThread 222 run - Reading error java.net.SocketException: Connection reset
06 Apr 2025 16:50:05,903 [Thread-3] ERROR ro.mpp2024.protocol.ServicesJsonProxy$ReaderThread 222 run - Reading error java.net.SocketException: Connection reset
06 Apr 2025 16:50:05,903 [Thread-3] ERROR ro.mpp2024.protocol.ServicesJsonProxy$ReaderThread 222 run - Reading error java.net.SocketException: Connection reset
06 Apr 2025 16:50:05,903 [Thread-3] ERROR ro.mpp2024.protocol.ServicesJsonProxy$ReaderThread 222 run - Reading error java.net.SocketException: Connection reset
06 Apr 2025 16:50:05,903 [Thread-3] ERROR ro.mpp2024.protocol.ServicesJsonProxy$ReaderThread 222 run - Reading error java.net.SocketException: Connection reset
06 Apr 2025 16:50:05,903 [Thread-3] ERROR ro.mpp2024.protocol.ServicesJsonProxy$ReaderThread 222 run - Reading error java.net.SocketException: Connection reset
06 Apr 2025 16:50:05,903 [Thread-3] ERROR ro.mpp2024.protocol.ServicesJsonProxy$ReaderThread 222 run - Reading error java.net.SocketException: Connection reset
06 Apr 2025 16:50:05,903 [Thread-3] ERROR ro.mpp2024.protocol.ServicesJsonProxy$ReaderThread 222 run - Reading error java.net.SocketException: Connection reset
06 Apr 2025 16:50:05,904 [Thread-3] ERROR ro.mpp2024.protocol.ServicesJsonProxy$ReaderThread 222 run - Reading error java.net.SocketException: Connection reset
06 Apr 2025 16:50:05,904 [Thread-3] ERROR ro.mpp2024.protocol.ServicesJsonProxy$ReaderThread 222 run - Reading error java.net.SocketException: Connection reset
06 Apr 2025 16:50:05,904 [Thread-3] ERROR ro.mpp2024.protocol.ServicesJsonProxy$ReaderThread 222 run - Reading error java.net.SocketException: Connection reset
06 Apr 2025 16:50:05,904 [Thread-3] ERROR ro.mpp2024.protocol.ServicesJsonProxy$ReaderThread 222 run - Reading error java.net.SocketException: Connection reset
06 Apr 2025 16:50:05,904 [Thread-3] ERROR ro.mpp2024.protocol.ServicesJsonProxy$ReaderThread 222 run - Reading error java.net.SocketException: Connection reset
06 Apr 2025 16:50:05,904 [Thread-3] ERROR ro.mpp2024.protocol.ServicesJsonProxy$ReaderThread 222 run - Reading error java.net.SocketException: Connection reset
06 Apr 2025 16:50:05,904 [Thread-3] ERROR ro.mpp2024.protocol.ServicesJsonProxy$ReaderThread 222 run - Reading error java.net.SocketException: Connection reset
06 Apr 2025 16:50:05,905 [Thread-3] ERROR ro.mpp2024.protocol.ServicesJsonProxy$ReaderThread 222 run - Reading error java.net.SocketException: Connection reset
06 Apr 2025 16:50:05,905 [Thread-3] ERROR ro.mpp2024.protocol.ServicesJsonProxy$ReaderThread 222 run - Reading error java.net.SocketException: Connection reset
06 Apr 2025 16:50:05,905 [Thread-3] ERROR ro.mpp2024.protocol.ServicesJsonProxy$ReaderThread 222 run - Reading error java.net.SocketException: Connection reset
06 Apr 2025 16:50:05,905 [Thread-3] ERROR ro.mpp2024.protocol.ServicesJsonProxy$ReaderThread 222 run - Reading error java.net.SocketException: Connection reset
06 Apr 2025 16:50:05,905 [Thread-3] ERROR ro.mpp2024.protocol.ServicesJsonProxy$ReaderThread 222 run - Reading error java.net.SocketException: Connection reset
06 Apr 2025 16:50:05,905 [Thread-3] ERROR ro.mpp2024.protocol.ServicesJsonProxy$ReaderThread 222 run - Reading error java.net.SocketException: Connection reset
06 Apr 2025 16:50:05,905 [Thread-3] ERROR ro.mpp2024.protocol.ServicesJsonProxy$ReaderThread 222 run - Reading error java.net.SocketException: Connection reset
06 Apr 2025 16:50:05,905 [Thread-3] ERROR ro.mpp2024.protocol.ServicesJsonProxy$ReaderThread 222 run - Reading error java.net.SocketException: Connection reset
06 Apr 2025 16:50:05,906 [Thread-3] ERROR ro.mpp2024.protocol.ServicesJsonProxy$ReaderThread 222 run - Reading error java.net.SocketException: Connection reset
06 Apr 2025 16:50:05,906 [Thread-3] ERROR ro.mpp2024.protocol.ServicesJsonProxy$ReaderThread 222 run - Reading error java.net.SocketException: Connection reset
06 Apr 2025 16:50:05,906 [Thread-3] ERROR ro.mpp2024.protocol.ServicesJsonProxy$ReaderThread 222 run - Reading error java.net.SocketException: Connection reset
06 Apr 2025 16:50:05,906 [Thread-3] ERROR ro.mpp2024.protocol.ServicesJsonProxy$ReaderThread 222 run - Reading error java.net.SocketException: Connection reset
06 Apr 2025 16:50:05,906 [Thread-3] ERROR ro.mpp2024.protocol.ServicesJsonProxy$ReaderThread 222 run - Reading error java.net.SocketException: Connection reset
06 Apr 2025 16:50:05,906 [Thread-3] ERROR ro.mpp2024.protocol.ServicesJsonProxy$ReaderThread 222 run - Reading error java.net.SocketException: Connection reset
06 Apr 2025 16:50:05,906 [Thread-3] ERROR ro.mpp2024.protocol.ServicesJsonProxy$ReaderThread 222 run - Reading error java.net.SocketException: Connection reset
06 Apr 2025 16:50:05,907 [Thread-3] ERROR ro.mpp2024.protocol.ServicesJsonProxy$ReaderThread 222 run - Reading error java.net.SocketException: Connection reset
06 Apr 2025 16:50:05,907 [Thread-3] ERROR ro.mpp2024.protocol.ServicesJsonProxy$ReaderThread 222 run - Reading error java.net.SocketException: Connection reset
06 Apr 2025 16:50:05,907 [Thread-3] ERROR ro.mpp2024.protocol.ServicesJsonProxy$ReaderThread 222 run - Reading error java.net.SocketException: Connection reset
06 Apr 2025 16:50:05,907 [Thread-3] ERROR ro.mpp2024.protocol.ServicesJsonProxy$ReaderThread 222 run - Reading error java.net.SocketException: Connection reset
06 Apr 2025 16:50:05,907 [Thread-3] ERROR ro.mpp2024.protocol.ServicesJsonProxy$ReaderThread 222 run - Reading error java.net.SocketException: Connection reset
06 Apr 2025 16:50:05,907 [Thread-3] ERROR ro.mpp2024.protocol.ServicesJsonProxy$ReaderThread 222 run - Reading error java.net.SocketException: Connection reset
06 Apr 2025 16:50:05,907 [Thread-3] ERROR ro.mpp2024.protocol.ServicesJsonProxy$ReaderThread 222 run - Reading error java.net.SocketException: Connection reset
06 Apr 2025 16:50:05,907 [Thread-3] ERROR ro.mpp2024.protocol.ServicesJsonProxy$ReaderThread 222 run - Reading error java.net.SocketException: Connection reset
06 Apr 2025 16:50:05,908 [Thread-3] ERROR ro.mpp2024.protocol.ServicesJsonProxy$ReaderThread 222 run - Reading error java.net.SocketException: Connection reset
06 Apr 2025 16:50:05,908 [Thread-3] ERROR ro.mpp2024.protocol.ServicesJsonProxy$ReaderThread 222 run - Reading error java.net.SocketException: Connection reset
06 Apr 2025 16:50:05,908 [Thread-3] ERROR ro.mpp2024.protocol.ServicesJsonProxy$ReaderThread 222 run - Reading error java.net.SocketException: Connection reset
06 Apr 2025 16:50:05,908 [Thread-3] ERROR ro.mpp2024.protocol.ServicesJsonProxy$ReaderThread 222 run - Reading error java.net.SocketException: Connection reset
06 Apr 2025 16:50:05,908 [Thread-3] ERROR ro.mpp2024.protocol.ServicesJsonProxy$ReaderThread 222 run - Reading error java.net.SocketException: Connection reset
06 Apr 2025 16:50:05,908 [Thread-3] ERROR ro.mpp2024.protocol.ServicesJsonProxy$ReaderThread 222 run - Reading error java.net.SocketException: Connection reset
06 Apr 2025 16:50:05,909 [Thread-3] ERROR ro.mpp2024.protocol.ServicesJsonProxy$ReaderThread 222 run - Reading error java.net.SocketException: Connection reset
06 Apr 2025 16:50:05,909 [Thread-3] ERROR ro.mpp2024.protocol.ServicesJsonProxy$ReaderThread 222 run - Reading error java.net.SocketException: Connection reset
06 Apr 2025 16:50:05,909 [Thread-3] ERROR ro.mpp2024.protocol.ServicesJsonProxy$ReaderThread 222 run - Reading error java.net.SocketException: Connection reset
06 Apr 2025 16:50:05,909 [Thread-3] ERROR ro.mpp2024.protocol.ServicesJsonProxy$ReaderThread 222 run - Reading error java.net.SocketException: Connection reset
06 Apr 2025 16:50:05,909 [Thread-3] ERROR ro.mpp2024.protocol.ServicesJsonProxy$ReaderThread 222 run - Reading error java.net.SocketException: Connection reset
06 Apr 2025 16:50:05,909 [Thread-3] ERROR ro.mpp2024.protocol.ServicesJsonProxy$ReaderThread 222 run - Reading error java.net.SocketException: Connection reset
06 Apr 2025 16:50:05,909 [Thread-3] ERROR ro.mpp2024.protocol.ServicesJsonProxy$ReaderThread 222 run - Reading error java.net.SocketException: Connection reset
06 Apr 2025 16:50:05,909 [Thread-3] ERROR ro.mpp2024.protocol.ServicesJsonProxy$ReaderThread 222 run - Reading error java.net.SocketException: Connection reset
06 Apr 2025 16:50:05,909 [Thread-3] ERROR ro.mpp2024.protocol.ServicesJsonProxy$ReaderThread 222 run - Reading error java.net.SocketException: Connection reset
06 Apr 2025 16:50:05,910 [Thread-3] ERROR ro.mpp2024.protocol.ServicesJsonProxy$ReaderThread 222 run - Reading error java.net.SocketException: Connection reset
06 Apr 2025 16:50:05,910 [Thread-3] ERROR ro.mpp2024.protocol.ServicesJsonProxy$ReaderThread 222 run - Reading error java.net.SocketException: Connection reset
06 Apr 2025 16:50:05,910 [Thread-3] ERROR ro.mpp2024.protocol.ServicesJsonProxy$ReaderThread 222 run - Reading error java.net.SocketException: Connection reset
06 Apr 2025 16:50:05,910 [Thread-3] ERROR ro.mpp2024.protocol.ServicesJsonProxy$ReaderThread 222 run - Reading error java.net.SocketException: Connection reset
06 Apr 2025 16:50:05,911 [Thread-3] ERROR ro.mpp2024.protocol.ServicesJsonProxy$ReaderThread 222 run - Reading error java.net.SocketException: Connection reset
06 Apr 2025 16:50:05,911 [Thread-3] ERROR ro.mpp2024.protocol.ServicesJsonProxy$ReaderThread 222 run - Reading error java.net.SocketException: Connection reset
06 Apr 2025 16:50:05,911 [Thread-3] ERROR ro.mpp2024.protocol.ServicesJsonProxy$ReaderThread 222 run - Reading error java.net.SocketException: Connection reset
06 Apr 2025 16:50:05,911 [Thread-3] ERROR ro.mpp2024.protocol.ServicesJsonProxy$ReaderThread 222 run - Reading error java.net.SocketException: Connection reset
06 Apr 2025 16:50:05,911 [Thread-3] ERROR ro.mpp2024.protocol.ServicesJsonProxy$ReaderThread 222 run - Reading error java.net.SocketException: Connection reset
06 Apr 2025 16:50:05,911 [Thread-3] ERROR ro.mpp2024.protocol.ServicesJsonProxy$ReaderThread 222 run - Reading error java.net.SocketException: Connection reset
06 Apr 2025 16:50:05,911 [Thread-3] ERROR ro.mpp2024.protocol.ServicesJsonProxy$ReaderThread 222 run - Reading error java.net.SocketException: Connection reset
06 Apr 2025 16:50:05,911 [Thread-3] ERROR ro.mpp2024.protocol.ServicesJsonProxy$ReaderThread 222 run - Reading error java.net.SocketException: Connection reset
06 Apr 2025 16:50:05,911 [Thread-3] ERROR ro.mpp2024.protocol.ServicesJsonProxy$ReaderThread 222 run - Reading error java.net.SocketException: Connection reset
06 Apr 2025 16:50:05,911 [Thread-3] ERROR ro.mpp2024.protocol.ServicesJsonProxy$ReaderThread 222 run - Reading error java.net.SocketException: Connection reset
06 Apr 2025 16:50:05,911 [Thread-3] ERROR ro.mpp2024.protocol.ServicesJsonProxy$ReaderThread 222 run - Reading error java.net.SocketException: Connection reset
06 Apr 2025 16:50:05,911 [Thread-3] ERROR ro.mpp2024.protocol.ServicesJsonProxy$ReaderThread 222 run - Reading error java.net.SocketException: Connection reset
06 Apr 2025 16:50:05,911 [Thread-3] ERROR ro.mpp2024.protocol.ServicesJsonProxy$ReaderThread 222 run - Reading error java.net.SocketException: Connection reset
06 Apr 2025 16:50:05,911 [Thread-3] ERROR ro.mpp2024.protocol.ServicesJsonProxy$ReaderThread 222 run - Reading error java.net.SocketException: Connection reset
06 Apr 2025 16:50:05,911 [Thread-3] ERROR ro.mpp2024.protocol.ServicesJsonProxy$ReaderThread 222 run - Reading error java.net.SocketException: Connection reset
06 Apr 2025 16:50:05,911 [Thread-3] ERROR ro.mpp2024.protocol.ServicesJsonProxy$ReaderThread 222 run - Reading error java.net.SocketException: Connection reset
06 Apr 2025 16:50:05,911 [Thread-3] ERROR ro.mpp2024.protocol.ServicesJsonProxy$ReaderThread 222 run - Reading error java.net.SocketException: Connection reset
06 Apr 2025 16:50:05,911 [Thread-3] ERROR ro.mpp2024.protocol.ServicesJsonProxy$ReaderThread 222 run - Reading error java.net.SocketException: Connection reset
06 Apr 2025 16:50:05,911 [Thread-3] ERROR ro.mpp2024.protocol.ServicesJsonProxy$ReaderThread 222 run - Reading error java.net.SocketException: Connection reset
06 Apr 2025 16:50:05,911 [Thread-3] ERROR ro.mpp2024.protocol.ServicesJsonProxy$ReaderThread 222 run - Reading error java.net.SocketException: Connection reset
06 Apr 2025 16:50:05,911 [Thread-3] ERROR ro.mpp2024.protocol.ServicesJsonProxy$ReaderThread 222 run - Reading error java.net.SocketException: Connection reset
06 Apr 2025 16:50:05,911 [Thread-3] ERROR ro.mpp2024.protocol.ServicesJsonProxy$ReaderThread 222 run - Reading error java.net.SocketException: Connection reset
06 Apr 2025 16:50:05,911 [Thread-3] ERROR ro.mpp2024.protocol.ServicesJsonProxy$ReaderThread 222 run - Reading error java.net.SocketException: Connection reset
06 Apr 2025 16:50:05,911 [Thread-3] ERROR ro.mpp2024.protocol.ServicesJsonProxy$ReaderThread 222 run - Reading error java.net.SocketException: Connection reset
06 Apr 2025 16:50:05,911 [Thread-3] ERROR ro.mpp2024.protocol.ServicesJsonProxy$ReaderThread 222 run - Reading error java.net.SocketException: Connection reset
06 Apr 2025 16:50:05,914 [Thread-3] ERROR ro.mpp2024.protocol.ServicesJsonProxy$ReaderThread 222 run - Reading error java.net.SocketException: Connection reset
06 Apr 2025 16:50:05,914 [Thread-3] ERROR ro.mpp2024.protocol.ServicesJsonProxy$ReaderThread 222 run - Reading error java.net.SocketException: Connection reset
06 Apr 2025 16:50:05,914 [Thread-3] ERROR ro.mpp2024.protocol.ServicesJsonProxy$ReaderThread 222 run - Reading error java.net.SocketException: Connection reset
06 Apr 2025 16:50:05,915 [Thread-3] ERROR ro.mpp2024.protocol.ServicesJsonProxy$ReaderThread 222 run - Reading error java.net.SocketException: Connection reset
06 Apr 2025 16:50:05,915 [Thread-3] ERROR ro.mpp2024.protocol.ServicesJsonProxy$ReaderThread 222 run - Reading error java.net.SocketException: Connection reset
06 Apr 2025 16:50:05,915 [Thread-3] ERROR ro.mpp2024.protocol.ServicesJsonProxy$ReaderThread 222 run - Reading error java.net.SocketException: Connection reset
06 Apr 2025 16:50:05,915 [Thread-3] ERROR ro.mpp2024.protocol.ServicesJsonProxy$ReaderThread 222 run - Reading error java.net.SocketException: Connection reset
06 Apr 2025 16:50:05,915 [Thread-3] ERROR ro.mpp2024.protocol.ServicesJsonProxy$ReaderThread 222 run - Reading error java.net.SocketException: Connection reset
06 Apr 2025 16:50:05,915 [Thread-3] ERROR ro.mpp2024.protocol.ServicesJsonProxy$ReaderThread 222 run - Reading error java.net.SocketException: Connection reset
06 Apr 2025 16:50:05,915 [Thread-3] ERROR ro.mpp2024.protocol.ServicesJsonProxy$ReaderThread 222 run - Reading error java.net.SocketException: Connection reset
06 Apr 2025 16:50:05,915 [Thread-3] ERROR ro.mpp2024.protocol.ServicesJsonProxy$ReaderThread 222 run - Reading error java.net.SocketException: Connection reset
06 Apr 2025 16:50:05,915 [Thread-3] ERROR ro.mpp2024.protocol.ServicesJsonProxy$ReaderThread 222 run - Reading error java.net.SocketException: Connection reset
06 Apr 2025 16:50:05,915 [Thread-3] ERROR ro.mpp2024.protocol.ServicesJsonProxy$ReaderThread 222 run - Reading error java.net.SocketException: Connection reset
06 Apr 2025 16:50:05,915 [Thread-3] ERROR ro.mpp2024.protocol.ServicesJsonProxy$ReaderThread 222 run - Reading error java.net.SocketException: Connection reset
06 Apr 2025 16:50:05,917 [Thread-3] ERROR ro.mpp2024.protocol.ServicesJsonProxy$ReaderThread 222 run - Reading error java.net.SocketException: Connection reset
06 Apr 2025 16:50:05,917 [Thread-3] ERROR ro.mpp2024.protocol.ServicesJsonProxy$ReaderThread 222 run - Reading error java.net.SocketException: Connection reset
06 Apr 2025 16:50:05,917 [Thread-3] ERROR ro.mpp2024.protocol.ServicesJsonProxy$ReaderThread 222 run - Reading error java.net.SocketException: Connection reset
06 Apr 2025 16:50:05,917 [Thread-3] ERROR ro.mpp2024.protocol.ServicesJsonProxy$ReaderThread 222 run - Reading error java.net.SocketException: Connection reset
06 Apr 2025 16:50:05,917 [Thread-3] ERROR ro.mpp2024.protocol.ServicesJsonProxy$ReaderThread 222 run - Reading error java.net.SocketException: Connection reset
06 Apr 2025 16:50:05,917 [Thread-3] ERROR ro.mpp2024.protocol.ServicesJsonProxy$ReaderThread 222 run - Reading error java.net.SocketException: Connection reset
06 Apr 2025 16:50:05,917 [Thread-3] ERROR ro.mpp2024.protocol.ServicesJsonProxy$ReaderThread 222 run - Reading error java.net.SocketException: Connection reset
06 Apr 2025 16:50:05,918 [Thread-3] ERROR ro.mpp2024.protocol.ServicesJsonProxy$ReaderThread 222 run - Reading error java.net.SocketException: Connection reset
06 Apr 2025 16:50:05,918 [Thread-3] ERROR ro.mpp2024.protocol.ServicesJsonProxy$ReaderThread 222 run - Reading error java.net.SocketException: Connection reset
06 Apr 2025 16:50:05,918 [Thread-3] ERROR ro.mpp2024.protocol.ServicesJsonProxy$ReaderThread 222 run - Reading error java.net.SocketException: Connection reset
06 Apr 2025 16:50:05,918 [Thread-3] ERROR ro.mpp2024.protocol.ServicesJsonProxy$ReaderThread 222 run - Reading error java.net.SocketException: Connection reset
06 Apr 2025 16:50:05,918 [Thread-3] ERROR ro.mpp2024.protocol.ServicesJsonProxy$ReaderThread 222 run - Reading error java.net.SocketException: Connection reset
06 Apr 2025 16:50:05,918 [Thread-3] ERROR ro.mpp2024.protocol.ServicesJsonProxy$ReaderThread 222 run - Reading error java.net.SocketException: Connection reset
06 Apr 2025 16:50:05,918 [Thread-3] ERROR ro.mpp2024.protocol.ServicesJsonProxy$ReaderThread 222 run - Reading error java.net.SocketException: Connection reset
06 Apr 2025 16:50:05,918 [Thread-3] ERROR ro.mpp2024.protocol.ServicesJsonProxy$ReaderThread 222 run - Reading error java.net.SocketException: Connection reset
06 Apr 2025 16:50:05,918 [Thread-3] ERROR ro.mpp2024.protocol.ServicesJsonProxy$ReaderThread 222 run - Reading error java.net.SocketException: Connection reset
06 Apr 2025 16:50:05,918 [Thread-3] ERROR ro.mpp2024.protocol.ServicesJsonProxy$ReaderThread 222 run - Reading error java.net.SocketException: Connection reset
06 Apr 2025 16:50:05,918 [Thread-3] ERROR ro.mpp2024.protocol.ServicesJsonProxy$ReaderThread 222 run - Reading error java.net.SocketException: Connection reset
06 Apr 2025 16:50:05,919 [Thread-3] ERROR ro.mpp2024.protocol.ServicesJsonProxy$ReaderThread 222 run - Reading error java.net.SocketException: Connection reset
06 Apr 2025 16:50:05,919 [Thread-3] ERROR ro.mpp2024.protocol.ServicesJsonProxy$ReaderThread 222 run - Reading error java.net.SocketException: Connection reset
06 Apr 2025 16:50:05,919 [Thread-3] ERROR ro.mpp2024.protocol.ServicesJsonProxy$ReaderThread 222 run - Reading error java.net.SocketException: Connection reset
06 Apr 2025 16:50:05,919 [Thread-3] ERROR ro.mpp2024.protocol.ServicesJsonProxy$ReaderThread 222 run - Reading error java.net.SocketException: Connection reset
06 Apr 2025 16:50:05,919 [Thread-3] ERROR ro.mpp2024.protocol.ServicesJsonProxy$ReaderThread 222 run - Reading error java.net.SocketException: Connection reset
06 Apr 2025 16:50:05,919 [Thread-3] ERROR ro.mpp2024.protocol.ServicesJsonProxy$ReaderThread 222 run - Reading error java.net.SocketException: Connection reset
06 Apr 2025 16:50:05,919 [Thread-3] ERROR ro.mpp2024.protocol.ServicesJsonProxy$ReaderThread 222 run - Reading error java.net.SocketException: Connection reset
06 Apr 2025 16:50:05,919 [Thread-3] ERROR ro.mpp2024.protocol.ServicesJsonProxy$ReaderThread 222 run - Reading error java.net.SocketException: Connection reset
06 Apr 2025 16:50:05,919 [Thread-3] ERROR ro.mpp2024.protocol.ServicesJsonProxy$ReaderThread 222 run - Reading error java.net.SocketException: Connection reset
06 Apr 2025 16:50:05,919 [Thread-3] ERROR ro.mpp2024.protocol.ServicesJsonProxy$ReaderThread 222 run - Reading error java.net.SocketException: Connection reset
06 Apr 2025 16:50:05,920 [Thread-3] ERROR ro.mpp2024.protocol.ServicesJsonProxy$ReaderThread 222 run - Reading error java.net.SocketException: Connection reset
06 Apr 2025 16:50:05,920 [Thread-3] ERROR ro.mpp2024.protocol.ServicesJsonProxy$ReaderThread 222 run - Reading error java.net.SocketException: Connection reset
06 Apr 2025 16:50:05,920 [Thread-3] ERROR ro.mpp2024.protocol.ServicesJsonProxy$ReaderThread 222 run - Reading error java.net.SocketException: Connection reset
06 Apr 2025 16:50:05,920 [Thread-3] ERROR ro.mpp2024.protocol.ServicesJsonProxy$ReaderThread 222 run - Reading error java.net.SocketException: Connection reset
06 Apr 2025 16:50:05,920 [Thread-3] ERROR ro.mpp2024.protocol.ServicesJsonProxy$ReaderThread 222 run - Reading error java.net.SocketException: Connection reset
06 Apr 2025 16:50:05,920 [Thread-3] ERROR ro.mpp2024.protocol.ServicesJsonProxy$ReaderThread 222 run - Reading error java.net.SocketException: Connection reset
06 Apr 2025 16:50:05,920 [Thread-3] ERROR ro.mpp2024.protocol.ServicesJsonProxy$ReaderThread 222 run - Reading error java.net.SocketException: Connection reset
06 Apr 2025 16:50:05,920 [Thread-3] ERROR ro.mpp2024.protocol.ServicesJsonProxy$ReaderThread 222 run - Reading error java.net.SocketException: Connection reset
06 Apr 2025 16:50:05,920 [Thread-3] ERROR ro.mpp2024.protocol.ServicesJsonProxy$ReaderThread 222 run - Reading error java.net.SocketException: Connection reset
06 Apr 2025 16:50:05,920 [Thread-3] ERROR ro.mpp2024.protocol.ServicesJsonProxy$ReaderThread 222 run - Reading error java.net.SocketException: Connection reset
06 Apr 2025 16:50:05,921 [Thread-3] ERROR ro.mpp2024.protocol.ServicesJsonProxy$ReaderThread 222 run - Reading error java.net.SocketException: Connection reset
06 Apr 2025 16:50:05,921 [Thread-3] ERROR ro.mpp2024.protocol.ServicesJsonProxy$ReaderThread 222 run - Reading error java.net.SocketException: Connection reset
06 Apr 2025 16:50:05,921 [Thread-3] ERROR ro.mpp2024.protocol.ServicesJsonProxy$ReaderThread 222 run - Reading error java.net.SocketException: Connection reset
06 Apr 2025 16:50:05,921 [Thread-3] ERROR ro.mpp2024.protocol.ServicesJsonProxy$ReaderThread 222 run - Reading error java.net.SocketException: Connection reset
06 Apr 2025 16:50:05,921 [Thread-3] ERROR ro.mpp2024.protocol.ServicesJsonProxy$ReaderThread 222 run - Reading error java.net.SocketException: Connection reset
06 Apr 2025 16:50:05,921 [Thread-3] ERROR ro.mpp2024.protocol.ServicesJsonProxy$ReaderThread 222 run - Reading error java.net.SocketException: Connection reset
06 Apr 2025 16:50:05,921 [Thread-3] ERROR ro.mpp2024.protocol.ServicesJsonProxy$ReaderThread 222 run - Reading error java.net.SocketException: Connection reset
06 Apr 2025 16:50:05,922 [Thread-3] ERROR ro.mpp2024.protocol.ServicesJsonProxy$ReaderThread 222 run - Reading error java.net.SocketException: Connection reset
06 Apr 2025 16:50:05,922 [Thread-3] ERROR ro.mpp2024.protocol.ServicesJsonProxy$ReaderThread 222 run - Reading error java.net.SocketException: Connection reset
06 Apr 2025 16:50:05,922 [Thread-3] ERROR ro.mpp2024.protocol.ServicesJsonProxy$ReaderThread 222 run - Reading error java.net.SocketException: Connection reset
06 Apr 2025 16:50:05,922 [Thread-3] ERROR ro.mpp2024.protocol.ServicesJsonProxy$ReaderThread 222 run - Reading error java.net.SocketException: Connection reset
06 Apr 2025 16:50:05,922 [Thread-3] ERROR ro.mpp2024.protocol.ServicesJsonProxy$ReaderThread 222 run - Reading error java.net.SocketException: Connection reset
06 Apr 2025 16:50:05,922 [Thread-3] ERROR ro.mpp2024.protocol.ServicesJsonProxy$ReaderThread 222 run - Reading error java.net.SocketException: Connection reset
06 Apr 2025 16:50:05,922 [Thread-3] ERROR ro.mpp2024.protocol.ServicesJsonProxy$ReaderThread 222 run - Reading error java.net.SocketException: Connection reset
06 Apr 2025 16:50:05,922 [Thread-3] ERROR ro.mpp2024.protocol.ServicesJsonProxy$ReaderThread 222 run - Reading error java.net.SocketException: Connection reset
06 Apr 2025 16:50:05,922 [Thread-3] ERROR ro.mpp2024.protocol.ServicesJsonProxy$ReaderThread 222 run - Reading error java.net.SocketException: Connection reset
06 Apr 2025 16:50:05,923 [Thread-3] ERROR ro.mpp2024.protocol.ServicesJsonProxy$ReaderThread 222 run - Reading error java.net.SocketException: Connection reset
06 Apr 2025 16:50:05,923 [Thread-3] ERROR ro.mpp2024.protocol.ServicesJsonProxy$ReaderThread 222 run - Reading error java.net.SocketException: Connection reset
06 Apr 2025 16:50:05,923 [Thread-3] ERROR ro.mpp2024.protocol.ServicesJsonProxy$ReaderThread 222 run - Reading error java.net.SocketException: Connection reset
06 Apr 2025 16:50:05,923 [Thread-3] ERROR ro.mpp2024.protocol.ServicesJsonProxy$ReaderThread 222 run - Reading error java.net.SocketException: Connection reset
06 Apr 2025 16:50:05,923 [Thread-3] ERROR ro.mpp2024.protocol.ServicesJsonProxy$ReaderThread 222 run - Reading error java.net.SocketException: Connection reset
06 Apr 2025 16:50:05,923 [Thread-3] ERROR ro.mpp2024.protocol.ServicesJsonProxy$ReaderThread 222 run - Reading error java.net.SocketException: Connection reset
06 Apr 2025 16:50:05,924 [Thread-3] ERROR ro.mpp2024.protocol.ServicesJsonProxy$ReaderThread 222 run - Reading error java.net.SocketException: Connection reset
06 Apr 2025 16:50:05,924 [Thread-3] ERROR ro.mpp2024.protocol.ServicesJsonProxy$ReaderThread 222 run - Reading error java.net.SocketException: Connection reset
06 Apr 2025 16:50:05,924 [Thread-3] ERROR ro.mpp2024.protocol.ServicesJsonProxy$ReaderThread 222 run - Reading error java.net.SocketException: Connection reset
06 Apr 2025 16:50:05,924 [Thread-3] ERROR ro.mpp2024.protocol.ServicesJsonProxy$ReaderThread 222 run - Reading error java.net.SocketException: Connection reset
06 Apr 2025 16:50:05,924 [Thread-3] ERROR ro.mpp2024.protocol.ServicesJsonProxy$ReaderThread 222 run - Reading error java.net.SocketException: Connection reset
06 Apr 2025 16:50:05,924 [Thread-3] ERROR ro.mpp2024.protocol.ServicesJsonProxy$ReaderThread 222 run - Reading error java.net.SocketException: Connection reset
06 Apr 2025 16:50:05,924 [Thread-3] ERROR ro.mpp2024.protocol.ServicesJsonProxy$ReaderThread 222 run - Reading error java.net.SocketException: Connection reset
06 Apr 2025 16:50:05,924 [Thread-3] ERROR ro.mpp2024.protocol.ServicesJsonProxy$ReaderThread 222 run - Reading error java.net.SocketException: Connection reset
06 Apr 2025 16:50:05,924 [Thread-3] ERROR ro.mpp2024.protocol.ServicesJsonProxy$ReaderThread 222 run - Reading error java.net.SocketException: Connection reset
06 Apr 2025 16:50:05,924 [Thread-3] ERROR ro.mpp2024.protocol.ServicesJsonProxy$ReaderThread 222 run - Reading error java.net.SocketException: Connection reset
06 Apr 2025 16:50:05,924 [Thread-3] ERROR ro.mpp2024.protocol.ServicesJsonProxy$ReaderThread 222 run - Reading error java.net.SocketException: Connection reset
06 Apr 2025 16:50:05,924 [Thread-3] ERROR ro.mpp2024.protocol.ServicesJsonProxy$ReaderThread 222 run - Reading error java.net.SocketException: Connection reset
06 Apr 2025 16:50:05,924 [Thread-3] ERROR ro.mpp2024.protocol.ServicesJsonProxy$ReaderThread 222 run - Reading error java.net.SocketException: Connection reset
06 Apr 2025 16:50:05,924 [Thread-3] ERROR ro.mpp2024.protocol.ServicesJsonProxy$ReaderThread 222 run - Reading error java.net.SocketException: Connection reset
06 Apr 2025 16:50:05,924 [Thread-3] ERROR ro.mpp2024.protocol.ServicesJsonProxy$ReaderThread 222 run - Reading error java.net.SocketException: Connection reset
06 Apr 2025 16:50:05,925 [Thread-3] ERROR ro.mpp2024.protocol.ServicesJsonProxy$ReaderThread 222 run - Reading error java.net.SocketException: Connection reset
06 Apr 2025 16:50:05,925 [Thread-3] ERROR ro.mpp2024.protocol.ServicesJsonProxy$ReaderThread 222 run - Reading error java.net.SocketException: Connection reset
06 Apr 2025 16:50:05,925 [Thread-3] ERROR ro.mpp2024.protocol.ServicesJsonProxy$ReaderThread 222 run - Reading error java.net.SocketException: Connection reset
06 Apr 2025 16:50:05,925 [Thread-3] ERROR ro.mpp2024.protocol.ServicesJsonProxy$ReaderThread 222 run - Reading error java.net.SocketException: Connection reset
06 Apr 2025 16:50:05,925 [Thread-3] ERROR ro.mpp2024.protocol.ServicesJsonProxy$ReaderThread 222 run - Reading error java.net.SocketException: Connection reset
06 Apr 2025 16:50:05,925 [Thread-3] ERROR ro.mpp2024.protocol.ServicesJsonProxy$ReaderThread 222 run - Reading error java.net.SocketException: Connection reset
06 Apr 2025 16:50:05,925 [Thread-3] ERROR ro.mpp2024.protocol.ServicesJsonProxy$ReaderThread 222 run - Reading error java.net.SocketException: Connection reset
06 Apr 2025 16:50:05,925 [Thread-3] ERROR ro.mpp2024.protocol.ServicesJsonProxy$ReaderThread 222 run - Reading error java.net.SocketException: Connection reset
06 Apr 2025 16:50:05,925 [Thread-3] ERROR ro.mpp2024.protocol.ServicesJsonProxy$ReaderThread 222 run - Reading error java.net.SocketException: Connection reset
06 Apr 2025 16:50:05,925 [Thread-3] ERROR ro.mpp2024.protocol.ServicesJsonProxy$ReaderThread 222 run - Reading error java.net.SocketException: Connection reset
06 Apr 2025 16:50:05,925 [Thread-3] ERROR ro.mpp2024.protocol.ServicesJsonProxy$ReaderThread 222 run - Reading error java.net.SocketException: Connection reset
06 Apr 2025 16:50:05,925 [Thread-3] ERROR ro.mpp2024.protocol.ServicesJsonProxy$ReaderThread 222 run - Reading error java.net.SocketException: Connection reset
06 Apr 2025 16:50:05,925 [Thread-3] ERROR ro.mpp2024.protocol.ServicesJsonProxy$ReaderThread 222 run - Reading error java.net.SocketException: Connection reset
06 Apr 2025 16:50:05,926 [Thread-3] ERROR ro.mpp2024.protocol.ServicesJsonProxy$ReaderThread 222 run - Reading error java.net.SocketException: Connection reset
06 Apr 2025 16:50:05,926 [Thread-3] ERROR ro.mpp2024.protocol.ServicesJsonProxy$ReaderThread 222 run - Reading error java.net.SocketException: Connection reset
06 Apr 2025 16:50:05,926 [Thread-3] ERROR ro.mpp2024.protocol.ServicesJsonProxy$ReaderThread 222 run - Reading error java.net.SocketException: Connection reset
06 Apr 2025 16:50:05,927 [Thread-3] ERROR ro.mpp2024.protocol.ServicesJsonProxy$ReaderThread 222 run - Reading error java.net.SocketException: Connection reset
06 Apr 2025 16:50:05,927 [Thread-3] ERROR ro.mpp2024.protocol.ServicesJsonProxy$ReaderThread 222 run - Reading error java.net.SocketException: Connection reset
06 Apr 2025 16:50:05,927 [Thread-3] ERROR ro.mpp2024.protocol.ServicesJsonProxy$ReaderThread 222 run - Reading error java.net.SocketException: Connection reset
06 Apr 2025 16:50:05,927 [Thread-3] ERROR ro.mpp2024.protocol.ServicesJsonProxy$ReaderThread 222 run - Reading error java.net.SocketException: Connection reset
06 Apr 2025 16:50:05,927 [Thread-3] ERROR ro.mpp2024.protocol.ServicesJsonProxy$ReaderThread 222 run - Reading error java.net.SocketException: Connection reset
06 Apr 2025 16:50:05,928 [Thread-3] ERROR ro.mpp2024.protocol.ServicesJsonProxy$ReaderThread 222 run - Reading error java.net.SocketException: Connection reset
06 Apr 2025 16:50:05,928 [Thread-3] ERROR ro.mpp2024.protocol.ServicesJsonProxy$ReaderThread 222 run - Reading error java.net.SocketException: Connection reset
06 Apr 2025 16:50:05,928 [Thread-3] ERROR ro.mpp2024.protocol.ServicesJsonProxy$ReaderThread 222 run - Reading error java.net.SocketException: Connection reset
06 Apr 2025 16:50:05,928 [Thread-3] ERROR ro.mpp2024.protocol.ServicesJsonProxy$ReaderThread 222 run - Reading error java.net.SocketException: Connection reset
06 Apr 2025 16:50:05,929 [Thread-3] ERROR ro.mpp2024.protocol.ServicesJsonProxy$ReaderThread 222 run - Reading error java.net.SocketException: Connection reset
06 Apr 2025 16:50:05,929 [Thread-3] ERROR ro.mpp2024.protocol.ServicesJsonProxy$ReaderThread 222 run - Reading error java.net.SocketException: Connection reset
06 Apr 2025 16:50:05,929 [Thread-3] ERROR ro.mpp2024.protocol.ServicesJsonProxy$ReaderThread 222 run - Reading error java.net.SocketException: Connection reset
06 Apr 2025 16:50:05,929 [Thread-3] ERROR ro.mpp2024.protocol.ServicesJsonProxy$ReaderThread 222 run - Reading error java.net.SocketException: Connection reset
06 Apr 2025 16:50:05,929 [Thread-3] ERROR ro.mpp2024.protocol.ServicesJsonProxy$ReaderThread 222 run - Reading error java.net.SocketException: Connection reset
06 Apr 2025 16:50:05,929 [Thread-3] ERROR ro.mpp2024.protocol.ServicesJsonProxy$ReaderThread 222 run - Reading error java.net.SocketException: Connection reset
06 Apr 2025 16:55:38,039 [JavaFX Application Thread] DEBUG ro.mpp2024.StartJsonClient 29 start - Starting client application
06 Apr 2025 16:55:38,042 [JavaFX Application Thread] INFO  ro.mpp2024.StartJsonClient 33 start - Client properties set {server.host=localhost, server.port=55556}
06 Apr 2025 16:55:38,043 [JavaFX Application Thread] INFO  ro.mpp2024.StartJsonClient 50 start - Connecting to server localhost on port 55556
06 Apr 2025 16:55:55,301 [Thread-3] DEBUG ro.mpp2024.protocol.ServicesJsonProxy$ReaderThread 208 run - response received {"type":"LOGGED_ACC","user":{"id":20,"nume":"Alice Johnson","username":"alice.j","password":"UGFzc3cwcmQxIQ\u003d\u003d","id_proba":"s1"}}
06 Apr 2025 16:55:56,317 [Thread-3] DEBUG ro.mpp2024.protocol.ServicesJsonProxy$ReaderThread 208 run - response received {"type":"ALL_REZULTATE","punctaje":[{"idParticipant":18,"nume":"Barbu","prenume":"Irina","varsta":27,"punctaj":240},{"idParticipant":19,"nume":"Constantin","prenume":"Marius","varsta":30,"punctaj":288},{"idParticipant":13,"nume":"Dobre","prenume":"Adriana","varsta":34,"punctaj":185},{"idParticipant":21,"nume":"Dragomir","prenume":"Adrian","varsta":26,"punctaj":140},{"idParticipant":4,"nume":"Dumitrescu","prenume":"Elena","varsta":28,"punctaj":153},{"idParticipant":20,"nume":"Enache","prenume":"Laura","varsta":29,"punctaj":325},{"idParticipant":22,"nume":"Filip","prenume":"Bianca","varsta":31,"punctaj":317},{"idParticipant":3,"nume":"Georgescu","prenume":"Andrei","varsta":22,"punctaj":132},{"idParticipant":17,"nume":"Gheorghe","prenume":"Vlad","varsta":28,"punctaj":210},{"idParticipant":23,"nume":"Grigore","prenume":"Stefan","varsta":24,"punctaj":155},{"idParticipant":24,"nume":"Hagi","prenume":"Diana","varsta":32,"punctaj":203},{"idParticipant":25,"nume":"Iacob","prenume":"Radu","varsta":23,"punctaj":195},{"idParticipant":11,"nume":"Iliescu","prenume":"Daniela","varsta":32,"punctaj":320},{"idParticipant":2,"nume":"Ionescu","prenume":"Maria","varsta":30,"punctaj":166},{"idParticipant":26,"nume":"Jianu","prenume":"Oana","varsta":34,"punctaj":142},{"idParticipant":27,"nume":"Kovacs","prenume":"Cristina","varsta":21,"punctaj":199},{"idParticipant":16,"nume":"Lazar","prenume":"Roxana","varsta":25,"punctaj":185},{"idParticipant":28,"nume":"Lupu","prenume":"George","varsta":33,"punctaj":199},{"idParticipant":29,"nume":"Manole","prenume":"Simona","varsta":25,"punctaj":117},{"idParticipant":8,"nume":"Marin","prenume":"Ana","varsta":29,"punctaj":134},{"idParticipant":14,"nume":"Munteanu","prenume":"Sorin","varsta":21,"punctaj":301},{"idParticipant":30,"nume":"Nedelcu","prenume":"Alexandra","varsta":28,"punctaj":169},{"idParticipant":15,"nume":"Nistor","prenume":"Carmen","varsta":33,"punctaj":189},{"idParticipant":40,"nume":"nume","prenume":"prenume","varsta":20,"punctaj":300},{"idParticipant":31,"nume":"Oprea","prenume":"Bogdan","varsta":27,"punctaj":282},{"idParticipant":32,"nume":"Pavel","prenume":"Monica","varsta":30,"punctaj":111},{"idParticipant":10,"nume":"Petrescu","prenume":"Gabriel","varsta":26,"punctaj":188},{"idParticipant":5,"nume":"Popa","prenume":"Mihai","varsta":35,"punctaj":282},{"idParticipant":1,"nume":"Popescu","prenume":"Ion","varsta":25,"punctaj":158},{"idParticipant":7,"nume":"Radu","prenume":"Cristian","varsta":24,"punctaj":256},{"idParticipant":33,"nume":"Rusu","prenume":"Andreea","varsta":29,"punctaj":313},{"idParticipant":34,"nume":"Sandu","prenume":"Victor","varsta":26,"punctaj":115},{"idParticipant":6,"nume":"Stan","prenume":"Ioana","varsta":27,"punctaj":289},{"idParticipant":35,"nume":"Toma","prenume":"Gabriela","varsta":31,"punctaj":132},{"idParticipant":9,"nume":"Tudor","prenume":"Alexandru","varsta":31,"punctaj":288},{"idParticipant":36,"nume":"Ursu","prenume":"Mihail","varsta":24,"punctaj":155},{"idParticipant":12,"nume":"Vasilescu","prenume":"Florin","varsta":23,"punctaj":472},{"idParticipant":37,"nume":"Vlad","prenume":"Anca","varsta":32,"punctaj":138},{"idParticipant":39,"nume":"Voicu","prenume":"Raluca","varsta":34,"punctaj":190},{"idParticipant":38,"nume":"Zamfir","prenume":"Lucian","varsta":23,"punctaj":177}]}
06 Apr 2025 16:55:57,323 [Thread-3] DEBUG ro.mpp2024.protocol.ServicesJsonProxy$ReaderThread 208 run - response received {"type":"REZULTATE","punctaje":[{"idParticipant":28,"nume":"Lupu","prenume":"George","varsta":33,"punctaj":199},{"idParticipant":12,"nume":"Vasilescu","prenume":"Florin","varsta":23,"punctaj":198},{"idParticipant":11,"nume":"Iliescu","prenume":"Daniela","varsta":32,"punctaj":185},{"idParticipant":20,"nume":"Enache","prenume":"Laura","varsta":29,"punctaj":140},{"idParticipant":19,"nume":"Constantin","prenume":"Marius","varsta":30,"punctaj":100},{"idParticipant":18,"nume":"Barbu","prenume":"Irina","varsta":27,"punctaj":20},{"idParticipant":3,"nume":"Georgescu","prenume":"Andrei","varsta":22,"punctaj":20},{"idParticipant":13,"nume":"Dobre","prenume":"Adriana","varsta":34,"punctaj":10}]}
06 Apr 2025 16:55:58,341 [Thread-3] DEBUG ro.mpp2024.protocol.ServicesJsonProxy$ReaderThread 208 run - response received {"type":"PARTICIPANTI","participanti":[{"idParticipant":1,"nume":"Popescu","prenume":"Ion","varsta":25,"punctaj":0},{"idParticipant":2,"nume":"Ionescu","prenume":"Maria","varsta":30,"punctaj":0},{"idParticipant":3,"nume":"Georgescu","prenume":"Andrei","varsta":22,"punctaj":0},{"idParticipant":4,"nume":"Dumitrescu","prenume":"Elena","varsta":28,"punctaj":0},{"idParticipant":5,"nume":"Popa","prenume":"Mihai","varsta":35,"punctaj":0},{"idParticipant":6,"nume":"Stan","prenume":"Ioana","varsta":27,"punctaj":0},{"idParticipant":7,"nume":"Radu","prenume":"Cristian","varsta":24,"punctaj":0},{"idParticipant":8,"nume":"Marin","prenume":"Ana","varsta":29,"punctaj":0},{"idParticipant":9,"nume":"Tudor","prenume":"Alexandru","varsta":31,"punctaj":0},{"idParticipant":10,"nume":"Petrescu","prenume":"Gabriel","varsta":26,"punctaj":0},{"idParticipant":11,"nume":"Iliescu","prenume":"Daniela","varsta":32,"punctaj":0},{"idParticipant":12,"nume":"Vasilescu","prenume":"Florin","varsta":23,"punctaj":0},{"idParticipant":13,"nume":"Dobre","prenume":"Adriana","varsta":34,"punctaj":0},{"idParticipant":14,"nume":"Munteanu","prenume":"Sorin","varsta":21,"punctaj":0},{"idParticipant":15,"nume":"Nistor","prenume":"Carmen","varsta":33,"punctaj":0},{"idParticipant":16,"nume":"Lazar","prenume":"Roxana","varsta":25,"punctaj":0},{"idParticipant":17,"nume":"Gheorghe","prenume":"Vlad","varsta":28,"punctaj":0},{"idParticipant":18,"nume":"Barbu","prenume":"Irina","varsta":27,"punctaj":0},{"idParticipant":19,"nume":"Constantin","prenume":"Marius","varsta":30,"punctaj":0},{"idParticipant":20,"nume":"Enache","prenume":"Laura","varsta":29,"punctaj":0},{"idParticipant":21,"nume":"Dragomir","prenume":"Adrian","varsta":26,"punctaj":0},{"idParticipant":22,"nume":"Filip","prenume":"Bianca","varsta":31,"punctaj":0},{"idParticipant":23,"nume":"Grigore","prenume":"Stefan","varsta":24,"punctaj":0},{"idParticipant":24,"nume":"Hagi","prenume":"Diana","varsta":32,"punctaj":0},{"idParticipant":25,"nume":"Iacob","prenume":"Radu","varsta":23,"punctaj":0},{"idParticipant":26,"nume":"Jianu","prenume":"Oana","varsta":34,"punctaj":0},{"idParticipant":27,"nume":"Kovacs","prenume":"Cristina","varsta":21,"punctaj":0},{"idParticipant":28,"nume":"Lupu","prenume":"George","varsta":33,"punctaj":0},{"idParticipant":29,"nume":"Manole","prenume":"Simona","varsta":25,"punctaj":0},{"idParticipant":30,"nume":"Nedelcu","prenume":"Alexandra","varsta":28,"punctaj":0},{"idParticipant":31,"nume":"Oprea","prenume":"Bogdan","varsta":27,"punctaj":0},{"idParticipant":32,"nume":"Pavel","prenume":"Monica","varsta":30,"punctaj":0},{"idParticipant":33,"nume":"Rusu","prenume":"Andreea","varsta":29,"punctaj":0},{"idParticipant":34,"nume":"Sandu","prenume":"Victor","varsta":26,"punctaj":0},{"idParticipant":35,"nume":"Toma","prenume":"Gabriela","varsta":31,"punctaj":0},{"idParticipant":36,"nume":"Ursu","prenume":"Mihail","varsta":24,"punctaj":0},{"idParticipant":37,"nume":"Vlad","prenume":"Anca","varsta":32,"punctaj":0},{"idParticipant":38,"nume":"Zamfir","prenume":"Lucian","varsta":23,"punctaj":0},{"idParticipant":39,"nume":"Voicu","prenume":"Raluca","varsta":34,"punctaj":0},{"idParticipant":40,"nume":"nume","prenume":"prenume","varsta":20,"punctaj":0}]}
06 Apr 2025 16:56:11,459 [JavaFX Application Thread] DEBUG ro.mpp2024.StartJsonClient 29 start - Starting client application
06 Apr 2025 16:56:11,463 [JavaFX Application Thread] INFO  ro.mpp2024.StartJsonClient 33 start - Client properties set {server.host=localhost, server.port=55556}
06 Apr 2025 16:56:11,463 [JavaFX Application Thread] INFO  ro.mpp2024.StartJsonClient 50 start - Connecting to server localhost on port 55556
06 Apr 2025 16:56:18,488 [Thread-3] DEBUG ro.mpp2024.protocol.ServicesJsonProxy$ReaderThread 208 run - response received {"type":"LOGGED_ACC","user":{"id":33,"nume":"Noah Green","username":"noah.g","password":"TXlQQHNzdzE0cmQ\u003d","id_proba":"c5"}}
06 Apr 2025 16:56:19,497 [Thread-3] DEBUG ro.mpp2024.protocol.ServicesJsonProxy$ReaderThread 208 run - response received {"type":"ALL_REZULTATE","punctaje":[{"idParticipant":18,"nume":"Barbu","prenume":"Irina","varsta":27,"punctaj":240},{"idParticipant":19,"nume":"Constantin","prenume":"Marius","varsta":30,"punctaj":288},{"idParticipant":13,"nume":"Dobre","prenume":"Adriana","varsta":34,"punctaj":185},{"idParticipant":21,"nume":"Dragomir","prenume":"Adrian","varsta":26,"punctaj":140},{"idParticipant":4,"nume":"Dumitrescu","prenume":"Elena","varsta":28,"punctaj":153},{"idParticipant":20,"nume":"Enache","prenume":"Laura","varsta":29,"punctaj":325},{"idParticipant":22,"nume":"Filip","prenume":"Bianca","varsta":31,"punctaj":317},{"idParticipant":3,"nume":"Georgescu","prenume":"Andrei","varsta":22,"punctaj":132},{"idParticipant":17,"nume":"Gheorghe","prenume":"Vlad","varsta":28,"punctaj":210},{"idParticipant":23,"nume":"Grigore","prenume":"Stefan","varsta":24,"punctaj":155},{"idParticipant":24,"nume":"Hagi","prenume":"Diana","varsta":32,"punctaj":203},{"idParticipant":25,"nume":"Iacob","prenume":"Radu","varsta":23,"punctaj":195},{"idParticipant":11,"nume":"Iliescu","prenume":"Daniela","varsta":32,"punctaj":320},{"idParticipant":2,"nume":"Ionescu","prenume":"Maria","varsta":30,"punctaj":166},{"idParticipant":26,"nume":"Jianu","prenume":"Oana","varsta":34,"punctaj":142},{"idParticipant":27,"nume":"Kovacs","prenume":"Cristina","varsta":21,"punctaj":199},{"idParticipant":16,"nume":"Lazar","prenume":"Roxana","varsta":25,"punctaj":185},{"idParticipant":28,"nume":"Lupu","prenume":"George","varsta":33,"punctaj":199},{"idParticipant":29,"nume":"Manole","prenume":"Simona","varsta":25,"punctaj":117},{"idParticipant":8,"nume":"Marin","prenume":"Ana","varsta":29,"punctaj":134},{"idParticipant":14,"nume":"Munteanu","prenume":"Sorin","varsta":21,"punctaj":301},{"idParticipant":30,"nume":"Nedelcu","prenume":"Alexandra","varsta":28,"punctaj":169},{"idParticipant":15,"nume":"Nistor","prenume":"Carmen","varsta":33,"punctaj":189},{"idParticipant":40,"nume":"nume","prenume":"prenume","varsta":20,"punctaj":300},{"idParticipant":31,"nume":"Oprea","prenume":"Bogdan","varsta":27,"punctaj":282},{"idParticipant":32,"nume":"Pavel","prenume":"Monica","varsta":30,"punctaj":111},{"idParticipant":10,"nume":"Petrescu","prenume":"Gabriel","varsta":26,"punctaj":188},{"idParticipant":5,"nume":"Popa","prenume":"Mihai","varsta":35,"punctaj":282},{"idParticipant":1,"nume":"Popescu","prenume":"Ion","varsta":25,"punctaj":158},{"idParticipant":7,"nume":"Radu","prenume":"Cristian","varsta":24,"punctaj":256},{"idParticipant":33,"nume":"Rusu","prenume":"Andreea","varsta":29,"punctaj":313},{"idParticipant":34,"nume":"Sandu","prenume":"Victor","varsta":26,"punctaj":115},{"idParticipant":6,"nume":"Stan","prenume":"Ioana","varsta":27,"punctaj":289},{"idParticipant":35,"nume":"Toma","prenume":"Gabriela","varsta":31,"punctaj":132},{"idParticipant":9,"nume":"Tudor","prenume":"Alexandru","varsta":31,"punctaj":288},{"idParticipant":36,"nume":"Ursu","prenume":"Mihail","varsta":24,"punctaj":155},{"idParticipant":12,"nume":"Vasilescu","prenume":"Florin","varsta":23,"punctaj":472},{"idParticipant":37,"nume":"Vlad","prenume":"Anca","varsta":32,"punctaj":138},{"idParticipant":39,"nume":"Voicu","prenume":"Raluca","varsta":34,"punctaj":190},{"idParticipant":38,"nume":"Zamfir","prenume":"Lucian","varsta":23,"punctaj":177}]}
06 Apr 2025 16:56:20,506 [Thread-3] DEBUG ro.mpp2024.protocol.ServicesJsonProxy$ReaderThread 208 run - response received {"type":"REZULTATE","punctaje":[{"idParticipant":39,"nume":"Voicu","prenume":"Raluca","varsta":34,"punctaj":190},{"idParticipant":23,"nume":"Grigore","prenume":"Stefan","varsta":24,"punctaj":145},{"idParticipant":22,"nume":"Filip","prenume":"Bianca","varsta":31,"punctaj":140}]}
06 Apr 2025 16:56:21,527 [Thread-3] DEBUG ro.mpp2024.protocol.ServicesJsonProxy$ReaderThread 208 run - response received {"type":"PARTICIPANTI","participanti":[{"idParticipant":1,"nume":"Popescu","prenume":"Ion","varsta":25,"punctaj":0},{"idParticipant":2,"nume":"Ionescu","prenume":"Maria","varsta":30,"punctaj":0},{"idParticipant":3,"nume":"Georgescu","prenume":"Andrei","varsta":22,"punctaj":0},{"idParticipant":4,"nume":"Dumitrescu","prenume":"Elena","varsta":28,"punctaj":0},{"idParticipant":5,"nume":"Popa","prenume":"Mihai","varsta":35,"punctaj":0},{"idParticipant":6,"nume":"Stan","prenume":"Ioana","varsta":27,"punctaj":0},{"idParticipant":7,"nume":"Radu","prenume":"Cristian","varsta":24,"punctaj":0},{"idParticipant":8,"nume":"Marin","prenume":"Ana","varsta":29,"punctaj":0},{"idParticipant":9,"nume":"Tudor","prenume":"Alexandru","varsta":31,"punctaj":0},{"idParticipant":10,"nume":"Petrescu","prenume":"Gabriel","varsta":26,"punctaj":0},{"idParticipant":11,"nume":"Iliescu","prenume":"Daniela","varsta":32,"punctaj":0},{"idParticipant":12,"nume":"Vasilescu","prenume":"Florin","varsta":23,"punctaj":0},{"idParticipant":13,"nume":"Dobre","prenume":"Adriana","varsta":34,"punctaj":0},{"idParticipant":14,"nume":"Munteanu","prenume":"Sorin","varsta":21,"punctaj":0},{"idParticipant":15,"nume":"Nistor","prenume":"Carmen","varsta":33,"punctaj":0},{"idParticipant":16,"nume":"Lazar","prenume":"Roxana","varsta":25,"punctaj":0},{"idParticipant":17,"nume":"Gheorghe","prenume":"Vlad","varsta":28,"punctaj":0},{"idParticipant":18,"nume":"Barbu","prenume":"Irina","varsta":27,"punctaj":0},{"idParticipant":19,"nume":"Constantin","prenume":"Marius","varsta":30,"punctaj":0},{"idParticipant":20,"nume":"Enache","prenume":"Laura","varsta":29,"punctaj":0},{"idParticipant":21,"nume":"Dragomir","prenume":"Adrian","varsta":26,"punctaj":0},{"idParticipant":22,"nume":"Filip","prenume":"Bianca","varsta":31,"punctaj":0},{"idParticipant":23,"nume":"Grigore","prenume":"Stefan","varsta":24,"punctaj":0},{"idParticipant":24,"nume":"Hagi","prenume":"Diana","varsta":32,"punctaj":0},{"idParticipant":25,"nume":"Iacob","prenume":"Radu","varsta":23,"punctaj":0},{"idParticipant":26,"nume":"Jianu","prenume":"Oana","varsta":34,"punctaj":0},{"idParticipant":27,"nume":"Kovacs","prenume":"Cristina","varsta":21,"punctaj":0},{"idParticipant":28,"nume":"Lupu","prenume":"George","varsta":33,"punctaj":0},{"idParticipant":29,"nume":"Manole","prenume":"Simona","varsta":25,"punctaj":0},{"idParticipant":30,"nume":"Nedelcu","prenume":"Alexandra","varsta":28,"punctaj":0},{"idParticipant":31,"nume":"Oprea","prenume":"Bogdan","varsta":27,"punctaj":0},{"idParticipant":32,"nume":"Pavel","prenume":"Monica","varsta":30,"punctaj":0},{"idParticipant":33,"nume":"Rusu","prenume":"Andreea","varsta":29,"punctaj":0},{"idParticipant":34,"nume":"Sandu","prenume":"Victor","varsta":26,"punctaj":0},{"idParticipant":35,"nume":"Toma","prenume":"Gabriela","varsta":31,"punctaj":0},{"idParticipant":36,"nume":"Ursu","prenume":"Mihail","varsta":24,"punctaj":0},{"idParticipant":37,"nume":"Vlad","prenume":"Anca","varsta":32,"punctaj":0},{"idParticipant":38,"nume":"Zamfir","prenume":"Lucian","varsta":23,"punctaj":0},{"idParticipant":39,"nume":"Voicu","prenume":"Raluca","varsta":34,"punctaj":0},{"idParticipant":40,"nume":"nume","prenume":"prenume","varsta":20,"punctaj":0}]}
06 Apr 2025 16:56:44,473 [Thread-3] DEBUG ro.mpp2024.protocol.ServicesJsonProxy$ReaderThread 208 run - response received {"type":"OK"}
06 Apr 2025 16:56:44,476 [Thread-3] DEBUG ro.mpp2024.protocol.ServicesJsonProxy$ReaderThread 208 run - response received {"type":"REZULTAT_ADDED","rezultat":{"idProba":"s1","idParticipant":22,"numeParticipant":"Filip","prenumeParticipant":"Bianca","puncte":30}}
06 Apr 2025 16:56:44,476 [Thread-3] DEBUG ro.mpp2024.protocol.ServicesJsonProxy$ReaderThread 208 run - response received {"type":"REZULTAT_ADDED","rezultat":{"idProba":"s1","idParticipant":22,"numeParticipant":"Filip","prenumeParticipant":"Bianca","puncte":30}}
06 Apr 2025 16:57:06,065 [Thread-3] DEBUG ro.mpp2024.protocol.ServicesJsonProxy$ReaderThread 208 run - response received {"type":"OK"}
06 Apr 2025 16:57:06,065 [Thread-3] DEBUG ro.mpp2024.protocol.ServicesJsonProxy$ReaderThread 208 run - response received {"type":"REZULTAT_ADDED","rezultat":{"idProba":"c5","idParticipant":28,"numeParticipant":"Lupu","prenumeParticipant":"George","puncte":120}}
06 Apr 2025 16:57:06,065 [Thread-3] DEBUG ro.mpp2024.protocol.ServicesJsonProxy$ReaderThread 208 run - response received {"type":"REZULTAT_ADDED","rezultat":{"idProba":"c5","idParticipant":28,"numeParticipant":"Lupu","prenumeParticipant":"George","puncte":120}}
06 Apr 2025 16:57:30,585 [Thread-3] ERROR ro.mpp2024.protocol.ServicesJsonProxy$ReaderThread 222 run - Reading error java.net.SocketException: Connection reset
06 Apr 2025 16:57:30,585 [Thread-3] ERROR ro.mpp2024.protocol.ServicesJsonProxy$ReaderThread 222 run - Reading error java.net.SocketException: Connection reset
06 Apr 2025 16:57:30,585 [Thread-3] ERROR ro.mpp2024.protocol.ServicesJsonProxy$ReaderThread 222 run - Reading error java.net.SocketException: Connection reset
06 Apr 2025 16:57:30,586 [Thread-3] ERROR ro.mpp2024.protocol.ServicesJsonProxy$ReaderThread 222 run - Reading error java.net.SocketException: Connection reset
06 Apr 2025 16:57:30,586 [Thread-3] ERROR ro.mpp2024.protocol.ServicesJsonProxy$ReaderThread 222 run - Reading error java.net.SocketException: Connection reset
06 Apr 2025 16:57:30,586 [Thread-3] ERROR ro.mpp2024.protocol.ServicesJsonProxy$ReaderThread 222 run - Reading error java.net.SocketException: Connection reset
06 Apr 2025 16:57:30,586 [Thread-3] ERROR ro.mpp2024.protocol.ServicesJsonProxy$ReaderThread 222 run - Reading error java.net.SocketException: Connection reset
06 Apr 2025 16:57:30,586 [Thread-3] ERROR ro.mpp2024.protocol.ServicesJsonProxy$ReaderThread 222 run - Reading error java.net.SocketException: Connection reset
06 Apr 2025 16:57:30,586 [Thread-3] ERROR ro.mpp2024.protocol.ServicesJsonProxy$ReaderThread 222 run - Reading error java.net.SocketException: Connection reset
06 Apr 2025 16:57:30,587 [Thread-3] ERROR ro.mpp2024.protocol.ServicesJsonProxy$ReaderThread 222 run - Reading error java.net.SocketException: Connection reset
06 Apr 2025 16:57:30,587 [Thread-3] ERROR ro.mpp2024.protocol.ServicesJsonProxy$ReaderThread 222 run - Reading error java.net.SocketException: Connection reset
06 Apr 2025 16:57:30,587 [Thread-3] ERROR ro.mpp2024.protocol.ServicesJsonProxy$ReaderThread 222 run - Reading error java.net.SocketException: Connection reset
06 Apr 2025 16:57:30,587 [Thread-3] ERROR ro.mpp2024.protocol.ServicesJsonProxy$ReaderThread 222 run - Reading error java.net.SocketException: Connection reset
06 Apr 2025 16:57:30,587 [Thread-3] ERROR ro.mpp2024.protocol.ServicesJsonProxy$ReaderThread 222 run - Reading error java.net.SocketException: Connection reset
06 Apr 2025 16:57:30,587 [Thread-3] ERROR ro.mpp2024.protocol.ServicesJsonProxy$ReaderThread 222 run - Reading error java.net.SocketException: Connection reset
06 Apr 2025 16:57:30,588 [Thread-3] ERROR ro.mpp2024.protocol.ServicesJsonProxy$ReaderThread 222 run - Reading error java.net.SocketException: Connection reset
06 Apr 2025 16:57:30,588 [Thread-3] ERROR ro.mpp2024.protocol.ServicesJsonProxy$ReaderThread 222 run - Reading error java.net.SocketException: Connection reset
06 Apr 2025 16:57:30,588 [Thread-3] ERROR ro.mpp2024.protocol.ServicesJsonProxy$ReaderThread 222 run - Reading error java.net.SocketException: Connection reset
06 Apr 2025 16:57:30,588 [Thread-3] ERROR ro.mpp2024.protocol.ServicesJsonProxy$ReaderThread 222 run - Reading error java.net.SocketException: Connection reset
06 Apr 2025 16:57:30,588 [Thread-3] ERROR ro.mpp2024.protocol.ServicesJsonProxy$ReaderThread 222 run - Reading error java.net.SocketException: Connection reset
06 Apr 2025 16:57:30,588 [Thread-3] ERROR ro.mpp2024.protocol.ServicesJsonProxy$ReaderThread 222 run - Reading error java.net.SocketException: Connection reset
06 Apr 2025 16:57:30,589 [Thread-3] ERROR ro.mpp2024.protocol.ServicesJsonProxy$ReaderThread 222 run - Reading error java.net.SocketException: Connection reset
06 Apr 2025 16:57:30,589 [Thread-3] ERROR ro.mpp2024.protocol.ServicesJsonProxy$ReaderThread 222 run - Reading error java.net.SocketException: Connection reset
06 Apr 2025 16:57:30,589 [Thread-3] ERROR ro.mpp2024.protocol.ServicesJsonProxy$ReaderThread 222 run - Reading error java.net.SocketException: Connection reset
06 Apr 2025 16:57:30,589 [Thread-3] ERROR ro.mpp2024.protocol.ServicesJsonProxy$ReaderThread 222 run - Reading error java.net.SocketException: Connection reset
06 Apr 2025 16:57:30,589 [Thread-3] ERROR ro.mpp2024.protocol.ServicesJsonProxy$ReaderThread 222 run - Reading error java.net.SocketException: Connection reset
06 Apr 2025 16:57:30,590 [Thread-3] ERROR ro.mpp2024.protocol.ServicesJsonProxy$ReaderThread 222 run - Reading error java.net.SocketException: Connection reset
06 Apr 2025 16:57:30,590 [Thread-3] ERROR ro.mpp2024.protocol.ServicesJsonProxy$ReaderThread 222 run - Reading error java.net.SocketException: Connection reset
06 Apr 2025 16:57:30,590 [Thread-3] ERROR ro.mpp2024.protocol.ServicesJsonProxy$ReaderThread 222 run - Reading error java.net.SocketException: Connection reset
06 Apr 2025 16:57:30,590 [Thread-3] ERROR ro.mpp2024.protocol.ServicesJsonProxy$ReaderThread 222 run - Reading error java.net.SocketException: Connection reset
06 Apr 2025 16:57:30,590 [Thread-3] ERROR ro.mpp2024.protocol.ServicesJsonProxy$ReaderThread 222 run - Reading error java.net.SocketException: Connection reset
06 Apr 2025 16:57:30,590 [Thread-3] ERROR ro.mpp2024.protocol.ServicesJsonProxy$ReaderThread 222 run - Reading error java.net.SocketException: Connection reset
06 Apr 2025 16:57:30,590 [Thread-3] ERROR ro.mpp2024.protocol.ServicesJsonProxy$ReaderThread 222 run - Reading error java.net.SocketException: Connection reset
06 Apr 2025 16:57:30,590 [Thread-3] ERROR ro.mpp2024.protocol.ServicesJsonProxy$ReaderThread 222 run - Reading error java.net.SocketException: Connection reset
06 Apr 2025 16:57:30,590 [Thread-3] ERROR ro.mpp2024.protocol.ServicesJsonProxy$ReaderThread 222 run - Reading error java.net.SocketException: Connection reset
06 Apr 2025 16:57:30,591 [Thread-3] ERROR ro.mpp2024.protocol.ServicesJsonProxy$ReaderThread 222 run - Reading error java.net.SocketException: Connection reset
06 Apr 2025 16:57:30,591 [Thread-3] ERROR ro.mpp2024.protocol.ServicesJsonProxy$ReaderThread 222 run - Reading error java.net.SocketException: Connection reset
06 Apr 2025 16:57:30,591 [Thread-3] ERROR ro.mpp2024.protocol.ServicesJsonProxy$ReaderThread 222 run - Reading error java.net.SocketException: Connection reset
06 Apr 2025 16:57:30,591 [Thread-3] ERROR ro.mpp2024.protocol.ServicesJsonProxy$ReaderThread 222 run - Reading error java.net.SocketException: Connection reset
06 Apr 2025 16:57:30,591 [Thread-3] ERROR ro.mpp2024.protocol.ServicesJsonProxy$ReaderThread 222 run - Reading error java.net.SocketException: Connection reset
06 Apr 2025 16:57:30,592 [Thread-3] ERROR ro.mpp2024.protocol.ServicesJsonProxy$ReaderThread 222 run - Reading error java.net.SocketException: Connection reset
06 Apr 2025 16:57:30,592 [Thread-3] ERROR ro.mpp2024.protocol.ServicesJsonProxy$ReaderThread 222 run - Reading error java.net.SocketException: Connection reset
06 Apr 2025 16:57:30,592 [Thread-3] ERROR ro.mpp2024.protocol.ServicesJsonProxy$ReaderThread 222 run - Reading error java.net.SocketException: Connection reset
06 Apr 2025 16:57:30,592 [Thread-3] ERROR ro.mpp2024.protocol.ServicesJsonProxy$ReaderThread 222 run - Reading error java.net.SocketException: Connection reset
06 Apr 2025 16:57:30,592 [Thread-3] ERROR ro.mpp2024.protocol.ServicesJsonProxy$ReaderThread 222 run - Reading error java.net.SocketException: Connection reset
06 Apr 2025 16:57:30,592 [Thread-3] ERROR ro.mpp2024.protocol.ServicesJsonProxy$ReaderThread 222 run - Reading error java.net.SocketException: Connection reset
06 Apr 2025 16:57:30,592 [Thread-3] ERROR ro.mpp2024.protocol.ServicesJsonProxy$ReaderThread 222 run - Reading error java.net.SocketException: Connection reset
06 Apr 2025 16:57:30,593 [Thread-3] ERROR ro.mpp2024.protocol.ServicesJsonProxy$ReaderThread 222 run - Reading error java.net.SocketException: Connection reset
06 Apr 2025 16:57:30,593 [Thread-3] ERROR ro.mpp2024.protocol.ServicesJsonProxy$ReaderThread 222 run - Reading error java.net.SocketException: Connection reset
06 Apr 2025 16:57:30,593 [Thread-3] ERROR ro.mpp2024.protocol.ServicesJsonProxy$ReaderThread 222 run - Reading error java.net.SocketException: Connection reset
06 Apr 2025 16:57:30,593 [Thread-3] ERROR ro.mpp2024.protocol.ServicesJsonProxy$ReaderThread 222 run - Reading error java.net.SocketException: Connection reset
06 Apr 2025 16:57:30,593 [Thread-3] ERROR ro.mpp2024.protocol.ServicesJsonProxy$ReaderThread 222 run - Reading error java.net.SocketException: Connection reset
06 Apr 2025 16:57:30,593 [Thread-3] ERROR ro.mpp2024.protocol.ServicesJsonProxy$ReaderThread 222 run - Reading error java.net.SocketException: Connection reset
06 Apr 2025 16:57:30,593 [Thread-3] ERROR ro.mpp2024.protocol.ServicesJsonProxy$ReaderThread 222 run - Reading error java.net.SocketException: Connection reset
06 Apr 2025 16:57:30,593 [Thread-3] ERROR ro.mpp2024.protocol.ServicesJsonProxy$ReaderThread 222 run - Reading error java.net.SocketException: Connection reset
06 Apr 2025 16:57:30,593 [Thread-3] ERROR ro.mpp2024.protocol.ServicesJsonProxy$ReaderThread 222 run - Reading error java.net.SocketException: Connection reset
06 Apr 2025 16:57:30,594 [Thread-3] ERROR ro.mpp2024.protocol.ServicesJsonProxy$ReaderThread 222 run - Reading error java.net.SocketException: Connection reset
06 Apr 2025 16:57:30,594 [Thread-3] ERROR ro.mpp2024.protocol.ServicesJsonProxy$ReaderThread 222 run - Reading error java.net.SocketException: Connection reset
06 Apr 2025 16:57:30,594 [Thread-3] ERROR ro.mpp2024.protocol.ServicesJsonProxy$ReaderThread 222 run - Reading error java.net.SocketException: Connection reset
06 Apr 2025 16:57:30,594 [Thread-3] ERROR ro.mpp2024.protocol.ServicesJsonProxy$ReaderThread 222 run - Reading error java.net.SocketException: Connection reset
06 Apr 2025 16:57:30,594 [Thread-3] ERROR ro.mpp2024.protocol.ServicesJsonProxy$ReaderThread 222 run - Reading error java.net.SocketException: Connection reset
06 Apr 2025 16:57:30,594 [Thread-3] ERROR ro.mpp2024.protocol.ServicesJsonProxy$ReaderThread 222 run - Reading error java.net.SocketException: Connection reset
06 Apr 2025 16:57:30,594 [Thread-3] ERROR ro.mpp2024.protocol.ServicesJsonProxy$ReaderThread 222 run - Reading error java.net.SocketException: Connection reset
06 Apr 2025 16:57:30,594 [Thread-3] ERROR ro.mpp2024.protocol.ServicesJsonProxy$ReaderThread 222 run - Reading error java.net.SocketException: Connection reset
06 Apr 2025 16:57:30,594 [Thread-3] ERROR ro.mpp2024.protocol.ServicesJsonProxy$ReaderThread 222 run - Reading error java.net.SocketException: Connection reset
06 Apr 2025 16:57:30,594 [Thread-3] ERROR ro.mpp2024.protocol.ServicesJsonProxy$ReaderThread 222 run - Reading error java.net.SocketException: Connection reset
06 Apr 2025 16:57:30,595 [Thread-3] ERROR ro.mpp2024.protocol.ServicesJsonProxy$ReaderThread 222 run - Reading error java.net.SocketException: Connection reset
06 Apr 2025 16:57:30,595 [Thread-3] ERROR ro.mpp2024.protocol.ServicesJsonProxy$ReaderThread 222 run - Reading error java.net.SocketException: Connection reset
06 Apr 2025 16:57:30,595 [Thread-3] ERROR ro.mpp2024.protocol.ServicesJsonProxy$ReaderThread 222 run - Reading error java.net.SocketException: Connection reset
06 Apr 2025 16:57:30,595 [Thread-3] ERROR ro.mpp2024.protocol.ServicesJsonProxy$ReaderThread 222 run - Reading error java.net.SocketException: Connection reset
06 Apr 2025 16:57:30,595 [Thread-3] ERROR ro.mpp2024.protocol.ServicesJsonProxy$ReaderThread 222 run - Reading error java.net.SocketException: Connection reset
06 Apr 2025 16:57:30,595 [Thread-3] ERROR ro.mpp2024.protocol.ServicesJsonProxy$ReaderThread 222 run - Reading error java.net.SocketException: Connection reset
06 Apr 2025 16:57:30,595 [Thread-3] ERROR ro.mpp2024.protocol.ServicesJsonProxy$ReaderThread 222 run - Reading error java.net.SocketException: Connection reset
06 Apr 2025 16:57:30,595 [Thread-3] ERROR ro.mpp2024.protocol.ServicesJsonProxy$ReaderThread 222 run - Reading error java.net.SocketException: Connection reset
06 Apr 2025 16:57:30,596 [Thread-3] ERROR ro.mpp2024.protocol.ServicesJsonProxy$ReaderThread 222 run - Reading error java.net.SocketException: Connection reset
06 Apr 2025 16:57:30,596 [Thread-3] ERROR ro.mpp2024.protocol.ServicesJsonProxy$ReaderThread 222 run - Reading error java.net.SocketException: Connection reset
06 Apr 2025 16:57:30,596 [Thread-3] ERROR ro.mpp2024.protocol.ServicesJsonProxy$ReaderThread 222 run - Reading error java.net.SocketException: Connection reset
06 Apr 2025 16:57:30,596 [Thread-3] ERROR ro.mpp2024.protocol.ServicesJsonProxy$ReaderThread 222 run - Reading error java.net.SocketException: Connection reset
06 Apr 2025 16:57:30,596 [Thread-3] ERROR ro.mpp2024.protocol.ServicesJsonProxy$ReaderThread 222 run - Reading error java.net.SocketException: Connection reset
06 Apr 2025 16:57:30,597 [Thread-3] ERROR ro.mpp2024.protocol.ServicesJsonProxy$ReaderThread 222 run - Reading error java.net.SocketException: Connection reset
06 Apr 2025 16:57:30,597 [Thread-3] ERROR ro.mpp2024.protocol.ServicesJsonProxy$ReaderThread 222 run - Reading error java.net.SocketException: Connection reset
06 Apr 2025 16:57:30,597 [Thread-3] ERROR ro.mpp2024.protocol.ServicesJsonProxy$ReaderThread 222 run - Reading error java.net.SocketException: Connection reset
06 Apr 2025 16:57:30,597 [Thread-3] ERROR ro.mpp2024.protocol.ServicesJsonProxy$ReaderThread 222 run - Reading error java.net.SocketException: Connection reset
06 Apr 2025 16:57:30,597 [Thread-3] ERROR ro.mpp2024.protocol.ServicesJsonProxy$ReaderThread 222 run - Reading error java.net.SocketException: Connection reset
06 Apr 2025 16:57:30,597 [Thread-3] ERROR ro.mpp2024.protocol.ServicesJsonProxy$ReaderThread 222 run - Reading error java.net.SocketException: Connection reset
06 Apr 2025 16:57:30,598 [Thread-3] ERROR ro.mpp2024.protocol.ServicesJsonProxy$ReaderThread 222 run - Reading error java.net.SocketException: Connection reset
06 Apr 2025 16:57:30,598 [Thread-3] ERROR ro.mpp2024.protocol.ServicesJsonProxy$ReaderThread 222 run - Reading error java.net.SocketException: Connection reset
06 Apr 2025 16:57:30,598 [Thread-3] ERROR ro.mpp2024.protocol.ServicesJsonProxy$ReaderThread 222 run - Reading error java.net.SocketException: Connection reset
06 Apr 2025 16:57:30,598 [Thread-3] ERROR ro.mpp2024.protocol.ServicesJsonProxy$ReaderThread 222 run - Reading error java.net.SocketException: Connection reset
06 Apr 2025 16:57:30,598 [Thread-3] ERROR ro.mpp2024.protocol.ServicesJsonProxy$ReaderThread 222 run - Reading error java.net.SocketException: Connection reset
06 Apr 2025 16:57:30,598 [Thread-3] ERROR ro.mpp2024.protocol.ServicesJsonProxy$ReaderThread 222 run - Reading error java.net.SocketException: Connection reset
06 Apr 2025 16:57:30,599 [Thread-3] ERROR ro.mpp2024.protocol.ServicesJsonProxy$ReaderThread 222 run - Reading error java.net.SocketException: Connection reset
06 Apr 2025 16:57:30,599 [Thread-3] ERROR ro.mpp2024.protocol.ServicesJsonProxy$ReaderThread 222 run - Reading error java.net.SocketException: Connection reset
06 Apr 2025 16:57:30,599 [Thread-3] ERROR ro.mpp2024.protocol.ServicesJsonProxy$ReaderThread 222 run - Reading error java.net.SocketException: Connection reset
06 Apr 2025 16:57:30,599 [Thread-3] ERROR ro.mpp2024.protocol.ServicesJsonProxy$ReaderThread 222 run - Reading error java.net.SocketException: Connection reset
06 Apr 2025 16:57:30,599 [Thread-3] ERROR ro.mpp2024.protocol.ServicesJsonProxy$ReaderThread 222 run - Reading error java.net.SocketException: Connection reset
06 Apr 2025 16:57:30,599 [Thread-3] ERROR ro.mpp2024.protocol.ServicesJsonProxy$ReaderThread 222 run - Reading error java.net.SocketException: Connection reset
06 Apr 2025 16:57:30,599 [Thread-3] ERROR ro.mpp2024.protocol.ServicesJsonProxy$ReaderThread 222 run - Reading error java.net.SocketException: Connection reset
06 Apr 2025 16:57:30,599 [Thread-3] ERROR ro.mpp2024.protocol.ServicesJsonProxy$ReaderThread 222 run - Reading error java.net.SocketException: Connection reset
06 Apr 2025 16:57:30,599 [Thread-3] ERROR ro.mpp2024.protocol.ServicesJsonProxy$ReaderThread 222 run - Reading error java.net.SocketException: Connection reset
06 Apr 2025 16:57:30,600 [Thread-3] ERROR ro.mpp2024.protocol.ServicesJsonProxy$ReaderThread 222 run - Reading error java.net.SocketException: Connection reset
06 Apr 2025 16:57:30,600 [Thread-3] ERROR ro.mpp2024.protocol.ServicesJsonProxy$ReaderThread 222 run - Reading error java.net.SocketException: Connection reset
06 Apr 2025 16:57:30,600 [Thread-3] ERROR ro.mpp2024.protocol.ServicesJsonProxy$ReaderThread 222 run - Reading error java.net.SocketException: Connection reset
06 Apr 2025 16:57:30,600 [Thread-3] ERROR ro.mpp2024.protocol.ServicesJsonProxy$ReaderThread 222 run - Reading error java.net.SocketException: Connection reset
06 Apr 2025 16:57:30,600 [Thread-3] ERROR ro.mpp2024.protocol.ServicesJsonProxy$ReaderThread 222 run - Reading error java.net.SocketException: Connection reset
06 Apr 2025 16:57:30,600 [Thread-3] ERROR ro.mpp2024.protocol.ServicesJsonProxy$ReaderThread 222 run - Reading error java.net.SocketException: Connection reset
06 Apr 2025 16:57:30,600 [Thread-3] ERROR ro.mpp2024.protocol.ServicesJsonProxy$ReaderThread 222 run - Reading error java.net.SocketException: Connection reset
06 Apr 2025 16:57:30,600 [Thread-3] ERROR ro.mpp2024.protocol.ServicesJsonProxy$ReaderThread 222 run - Reading error java.net.SocketException: Connection reset
06 Apr 2025 16:57:30,601 [Thread-3] ERROR ro.mpp2024.protocol.ServicesJsonProxy$ReaderThread 222 run - Reading error java.net.SocketException: Connection reset
06 Apr 2025 16:57:30,601 [Thread-3] ERROR ro.mpp2024.protocol.ServicesJsonProxy$ReaderThread 222 run - Reading error java.net.SocketException: Connection reset
06 Apr 2025 16:57:30,601 [Thread-3] ERROR ro.mpp2024.protocol.ServicesJsonProxy$ReaderThread 222 run - Reading error java.net.SocketException: Connection reset
06 Apr 2025 16:57:30,601 [Thread-3] ERROR ro.mpp2024.protocol.ServicesJsonProxy$ReaderThread 222 run - Reading error java.net.SocketException: Connection reset
06 Apr 2025 16:57:30,601 [Thread-3] ERROR ro.mpp2024.protocol.ServicesJsonProxy$ReaderThread 222 run - Reading error java.net.SocketException: Connection reset
06 Apr 2025 16:57:30,601 [Thread-3] ERROR ro.mpp2024.protocol.ServicesJsonProxy$ReaderThread 222 run - Reading error java.net.SocketException: Connection reset
06 Apr 2025 16:57:30,602 [Thread-3] ERROR ro.mpp2024.protocol.ServicesJsonProxy$ReaderThread 222 run - Reading error java.net.SocketException: Connection reset
06 Apr 2025 16:57:30,602 [Thread-3] ERROR ro.mpp2024.protocol.ServicesJsonProxy$ReaderThread 222 run - Reading error java.net.SocketException: Connection reset
06 Apr 2025 16:57:30,602 [Thread-3] ERROR ro.mpp2024.protocol.ServicesJsonProxy$ReaderThread 222 run - Reading error java.net.SocketException: Connection reset
06 Apr 2025 16:57:30,602 [Thread-3] ERROR ro.mpp2024.protocol.ServicesJsonProxy$ReaderThread 222 run - Reading error java.net.SocketException: Connection reset
06 Apr 2025 16:57:30,602 [Thread-3] ERROR ro.mpp2024.protocol.ServicesJsonProxy$ReaderThread 222 run - Reading error java.net.SocketException: Connection reset
06 Apr 2025 16:57:30,602 [Thread-3] ERROR ro.mpp2024.protocol.ServicesJsonProxy$ReaderThread 222 run - Reading error java.net.SocketException: Connection reset
06 Apr 2025 16:57:30,602 [Thread-3] ERROR ro.mpp2024.protocol.ServicesJsonProxy$ReaderThread 222 run - Reading error java.net.SocketException: Connection reset
06 Apr 2025 16:57:30,603 [Thread-3] ERROR ro.mpp2024.protocol.ServicesJsonProxy$ReaderThread 222 run - Reading error java.net.SocketException: Connection reset
06 Apr 2025 16:57:30,603 [Thread-3] ERROR ro.mpp2024.protocol.ServicesJsonProxy$ReaderThread 222 run - Reading error java.net.SocketException: Connection reset
06 Apr 2025 16:57:30,603 [Thread-3] ERROR ro.mpp2024.protocol.ServicesJsonProxy$ReaderThread 222 run - Reading error java.net.SocketException: Connection reset
06 Apr 2025 16:57:30,603 [Thread-3] ERROR ro.mpp2024.protocol.ServicesJsonProxy$ReaderThread 222 run - Reading error java.net.SocketException: Connection reset
06 Apr 2025 16:57:30,603 [Thread-3] ERROR ro.mpp2024.protocol.ServicesJsonProxy$ReaderThread 222 run - Reading error java.net.SocketException: Connection reset
06 Apr 2025 16:57:30,603 [Thread-3] ERROR ro.mpp2024.protocol.ServicesJsonProxy$ReaderThread 222 run - Reading error java.net.SocketException: Connection reset
06 Apr 2025 16:57:30,603 [Thread-3] ERROR ro.mpp2024.protocol.ServicesJsonProxy$ReaderThread 222 run - Reading error java.net.SocketException: Connection reset
06 Apr 2025 16:57:30,603 [Thread-3] ERROR ro.mpp2024.protocol.ServicesJsonProxy$ReaderThread 222 run - Reading error java.net.SocketException: Connection reset
06 Apr 2025 16:57:30,603 [Thread-3] ERROR ro.mpp2024.protocol.ServicesJsonProxy$ReaderThread 222 run - Reading error java.net.SocketException: Connection reset
06 Apr 2025 16:57:30,604 [Thread-3] ERROR ro.mpp2024.protocol.ServicesJsonProxy$ReaderThread 222 run - Reading error java.net.SocketException: Connection reset
06 Apr 2025 16:57:30,604 [Thread-3] ERROR ro.mpp2024.protocol.ServicesJsonProxy$ReaderThread 222 run - Reading error java.net.SocketException: Connection reset
06 Apr 2025 16:57:30,604 [Thread-3] ERROR ro.mpp2024.protocol.ServicesJsonProxy$ReaderThread 222 run - Reading error java.net.SocketException: Connection reset
06 Apr 2025 16:57:30,604 [Thread-3] ERROR ro.mpp2024.protocol.ServicesJsonProxy$ReaderThread 222 run - Reading error java.net.SocketException: Connection reset
06 Apr 2025 16:57:30,604 [Thread-3] ERROR ro.mpp2024.protocol.ServicesJsonProxy$ReaderThread 222 run - Reading error java.net.SocketException: Connection reset
06 Apr 2025 16:57:30,604 [Thread-3] ERROR ro.mpp2024.protocol.ServicesJsonProxy$ReaderThread 222 run - Reading error java.net.SocketException: Connection reset
06 Apr 2025 16:57:30,605 [Thread-3] ERROR ro.mpp2024.protocol.ServicesJsonProxy$ReaderThread 222 run - Reading error java.net.SocketException: Connection reset
06 Apr 2025 16:57:30,605 [Thread-3] ERROR ro.mpp2024.protocol.ServicesJsonProxy$ReaderThread 222 run - Reading error java.net.SocketException: Connection reset
06 Apr 2025 16:57:30,605 [Thread-3] ERROR ro.mpp2024.protocol.ServicesJsonProxy$ReaderThread 222 run - Reading error java.net.SocketException: Connection reset
06 Apr 2025 16:57:30,605 [Thread-3] ERROR ro.mpp2024.protocol.ServicesJsonProxy$ReaderThread 222 run - Reading error java.net.SocketException: Connection reset
06 Apr 2025 16:57:30,605 [Thread-3] ERROR ro.mpp2024.protocol.ServicesJsonProxy$ReaderThread 222 run - Reading error java.net.SocketException: Connection reset
06 Apr 2025 16:57:30,605 [Thread-3] ERROR ro.mpp2024.protocol.ServicesJsonProxy$ReaderThread 222 run - Reading error java.net.SocketException: Connection reset
06 Apr 2025 16:57:30,605 [Thread-3] ERROR ro.mpp2024.protocol.ServicesJsonProxy$ReaderThread 222 run - Reading error java.net.SocketException: Connection reset
06 Apr 2025 16:57:30,605 [Thread-3] ERROR ro.mpp2024.protocol.ServicesJsonProxy$ReaderThread 222 run - Reading error java.net.SocketException: Connection reset
06 Apr 2025 16:57:30,605 [Thread-3] ERROR ro.mpp2024.protocol.ServicesJsonProxy$ReaderThread 222 run - Reading error java.net.SocketException: Connection reset
06 Apr 2025 16:57:30,605 [Thread-3] ERROR ro.mpp2024.protocol.ServicesJsonProxy$ReaderThread 222 run - Reading error java.net.SocketException: Connection reset
06 Apr 2025 16:57:30,606 [Thread-3] ERROR ro.mpp2024.protocol.ServicesJsonProxy$ReaderThread 222 run - Reading error java.net.SocketException: Connection reset
06 Apr 2025 16:57:30,606 [Thread-3] ERROR ro.mpp2024.protocol.ServicesJsonProxy$ReaderThread 222 run - Reading error java.net.SocketException: Connection reset
06 Apr 2025 16:57:30,606 [Thread-3] ERROR ro.mpp2024.protocol.ServicesJsonProxy$ReaderThread 222 run - Reading error java.net.SocketException: Connection reset
06 Apr 2025 16:57:30,606 [Thread-3] ERROR ro.mpp2024.protocol.ServicesJsonProxy$ReaderThread 222 run - Reading error java.net.SocketException: Connection reset
06 Apr 2025 16:57:30,606 [Thread-3] ERROR ro.mpp2024.protocol.ServicesJsonProxy$ReaderThread 222 run - Reading error java.net.SocketException: Connection reset
06 Apr 2025 16:57:30,606 [Thread-3] ERROR ro.mpp2024.protocol.ServicesJsonProxy$ReaderThread 222 run - Reading error java.net.SocketException: Connection reset
06 Apr 2025 16:57:30,606 [Thread-3] ERROR ro.mpp2024.protocol.ServicesJsonProxy$ReaderThread 222 run - Reading error java.net.SocketException: Connection reset
06 Apr 2025 16:57:30,606 [Thread-3] ERROR ro.mpp2024.protocol.ServicesJsonProxy$ReaderThread 222 run - Reading error java.net.SocketException: Connection reset
06 Apr 2025 16:57:30,607 [Thread-3] ERROR ro.mpp2024.protocol.ServicesJsonProxy$ReaderThread 222 run - Reading error java.net.SocketException: Connection reset
06 Apr 2025 16:57:30,607 [Thread-3] ERROR ro.mpp2024.protocol.ServicesJsonProxy$ReaderThread 222 run - Reading error java.net.SocketException: Connection reset
06 Apr 2025 16:57:30,607 [Thread-3] ERROR ro.mpp2024.protocol.ServicesJsonProxy$ReaderThread 222 run - Reading error java.net.SocketException: Connection reset
06 Apr 2025 16:57:30,607 [Thread-3] ERROR ro.mpp2024.protocol.ServicesJsonProxy$ReaderThread 222 run - Reading error java.net.SocketException: Connection reset
06 Apr 2025 16:57:30,607 [Thread-3] ERROR ro.mpp2024.protocol.ServicesJsonProxy$ReaderThread 222 run - Reading error java.net.SocketException: Connection reset
06 Apr 2025 16:57:30,607 [Thread-3] ERROR ro.mpp2024.protocol.ServicesJsonProxy$ReaderThread 222 run - Reading error java.net.SocketException: Connection reset
06 Apr 2025 16:57:30,607 [Thread-3] ERROR ro.mpp2024.protocol.ServicesJsonProxy$ReaderThread 222 run - Reading error java.net.SocketException: Connection reset
06 Apr 2025 16:57:30,608 [Thread-3] ERROR ro.mpp2024.protocol.ServicesJsonProxy$ReaderThread 222 run - Reading error java.net.SocketException: Connection reset
06 Apr 2025 16:57:30,608 [Thread-3] ERROR ro.mpp2024.protocol.ServicesJsonProxy$ReaderThread 222 run - Reading error java.net.SocketException: Connection reset
06 Apr 2025 16:57:30,608 [Thread-3] ERROR ro.mpp2024.protocol.ServicesJsonProxy$ReaderThread 222 run - Reading error java.net.SocketException: Connection reset
06 Apr 2025 16:57:30,608 [Thread-3] ERROR ro.mpp2024.protocol.ServicesJsonProxy$ReaderThread 222 run - Reading error java.net.SocketException: Connection reset
06 Apr 2025 16:57:30,608 [Thread-3] ERROR ro.mpp2024.protocol.ServicesJsonProxy$ReaderThread 222 run - Reading error java.net.SocketException: Connection reset
06 Apr 2025 16:57:30,608 [Thread-3] ERROR ro.mpp2024.protocol.ServicesJsonProxy$ReaderThread 222 run - Reading error java.net.SocketException: Connection reset
06 Apr 2025 16:57:30,608 [Thread-3] ERROR ro.mpp2024.protocol.ServicesJsonProxy$ReaderThread 222 run - Reading error java.net.SocketException: Connection reset
06 Apr 2025 16:57:30,608 [Thread-3] ERROR ro.mpp2024.protocol.ServicesJsonProxy$ReaderThread 222 run - Reading error java.net.SocketException: Connection reset
06 Apr 2025 16:57:30,608 [Thread-3] ERROR ro.mpp2024.protocol.ServicesJsonProxy$ReaderThread 222 run - Reading error java.net.SocketException: Connection reset
06 Apr 2025 16:57:30,608 [Thread-3] ERROR ro.mpp2024.protocol.ServicesJsonProxy$ReaderThread 222 run - Reading error java.net.SocketException: Connection reset
06 Apr 2025 16:57:30,608 [Thread-3] ERROR ro.mpp2024.protocol.ServicesJsonProxy$ReaderThread 222 run - Reading error java.net.SocketException: Connection reset
06 Apr 2025 16:57:30,609 [Thread-3] ERROR ro.mpp2024.protocol.ServicesJsonProxy$ReaderThread 222 run - Reading error java.net.SocketException: Connection reset
06 Apr 2025 16:57:30,609 [Thread-3] ERROR ro.mpp2024.protocol.ServicesJsonProxy$ReaderThread 222 run - Reading error java.net.SocketException: Connection reset
06 Apr 2025 16:57:30,609 [Thread-3] ERROR ro.mpp2024.protocol.ServicesJsonProxy$ReaderThread 222 run - Reading error java.net.SocketException: Connection reset
06 Apr 2025 16:57:30,609 [Thread-3] ERROR ro.mpp2024.protocol.ServicesJsonProxy$ReaderThread 222 run - Reading error java.net.SocketException: Connection reset
06 Apr 2025 16:57:30,609 [Thread-3] ERROR ro.mpp2024.protocol.ServicesJsonProxy$ReaderThread 222 run - Reading error java.net.SocketException: Connection reset
06 Apr 2025 16:57:30,609 [Thread-3] ERROR ro.mpp2024.protocol.ServicesJsonProxy$ReaderThread 222 run - Reading error java.net.SocketException: Connection reset
06 Apr 2025 16:57:30,609 [Thread-3] ERROR ro.mpp2024.protocol.ServicesJsonProxy$ReaderThread 222 run - Reading error java.net.SocketException: Connection reset
06 Apr 2025 16:57:30,609 [Thread-3] ERROR ro.mpp2024.protocol.ServicesJsonProxy$ReaderThread 222 run - Reading error java.net.SocketException: Connection reset
06 Apr 2025 16:57:30,609 [Thread-3] ERROR ro.mpp2024.protocol.ServicesJsonProxy$ReaderThread 222 run - Reading error java.net.SocketException: Connection reset
06 Apr 2025 16:57:30,609 [Thread-3] ERROR ro.mpp2024.protocol.ServicesJsonProxy$ReaderThread 222 run - Reading error java.net.SocketException: Connection reset
06 Apr 2025 16:57:30,609 [Thread-3] ERROR ro.mpp2024.protocol.ServicesJsonProxy$ReaderThread 222 run - Reading error java.net.SocketException: Connection reset
06 Apr 2025 16:57:30,610 [Thread-3] ERROR ro.mpp2024.protocol.ServicesJsonProxy$ReaderThread 222 run - Reading error java.net.SocketException: Connection reset
06 Apr 2025 16:57:30,610 [Thread-3] ERROR ro.mpp2024.protocol.ServicesJsonProxy$ReaderThread 222 run - Reading error java.net.SocketException: Connection reset
06 Apr 2025 16:57:30,610 [Thread-3] ERROR ro.mpp2024.protocol.ServicesJsonProxy$ReaderThread 222 run - Reading error java.net.SocketException: Connection reset
06 Apr 2025 16:57:30,610 [Thread-3] ERROR ro.mpp2024.protocol.ServicesJsonProxy$ReaderThread 222 run - Reading error java.net.SocketException: Connection reset
06 Apr 2025 16:57:30,610 [Thread-3] ERROR ro.mpp2024.protocol.ServicesJsonProxy$ReaderThread 222 run - Reading error java.net.SocketException: Connection reset
06 Apr 2025 16:57:30,610 [Thread-3] ERROR ro.mpp2024.protocol.ServicesJsonProxy$ReaderThread 222 run - Reading error java.net.SocketException: Connection reset
06 Apr 2025 16:57:30,610 [Thread-3] ERROR ro.mpp2024.protocol.ServicesJsonProxy$ReaderThread 222 run - Reading error java.net.SocketException: Connection reset
06 Apr 2025 16:57:30,611 [Thread-3] ERROR ro.mpp2024.protocol.ServicesJsonProxy$ReaderThread 222 run - Reading error java.net.SocketException: Connection reset
06 Apr 2025 16:57:30,611 [Thread-3] ERROR ro.mpp2024.protocol.ServicesJsonProxy$ReaderThread 222 run - Reading error java.net.SocketException: Connection reset
06 Apr 2025 16:57:30,611 [Thread-3] ERROR ro.mpp2024.protocol.ServicesJsonProxy$ReaderThread 222 run - Reading error java.net.SocketException: Connection reset
06 Apr 2025 16:57:30,611 [Thread-3] ERROR ro.mpp2024.protocol.ServicesJsonProxy$ReaderThread 222 run - Reading error java.net.SocketException: Connection reset
06 Apr 2025 16:57:30,611 [Thread-3] ERROR ro.mpp2024.protocol.ServicesJsonProxy$ReaderThread 222 run - Reading error java.net.SocketException: Connection reset
06 Apr 2025 16:57:30,611 [Thread-3] ERROR ro.mpp2024.protocol.ServicesJsonProxy$ReaderThread 222 run - Reading error java.net.SocketException: Connection reset
06 Apr 2025 16:57:30,612 [Thread-3] ERROR ro.mpp2024.protocol.ServicesJsonProxy$ReaderThread 222 run - Reading error java.net.SocketException: Connection reset
06 Apr 2025 16:57:30,612 [Thread-3] ERROR ro.mpp2024.protocol.ServicesJsonProxy$ReaderThread 222 run - Reading error java.net.SocketException: Connection reset
06 Apr 2025 16:57:30,612 [Thread-3] ERROR ro.mpp2024.protocol.ServicesJsonProxy$ReaderThread 222 run - Reading error java.net.SocketException: Connection reset
06 Apr 2025 16:57:30,612 [Thread-3] ERROR ro.mpp2024.protocol.ServicesJsonProxy$ReaderThread 222 run - Reading error java.net.SocketException: Connection reset
06 Apr 2025 16:57:30,612 [Thread-3] ERROR ro.mpp2024.protocol.ServicesJsonProxy$ReaderThread 222 run - Reading error java.net.SocketException: Connection reset
06 Apr 2025 16:57:30,612 [Thread-3] ERROR ro.mpp2024.protocol.ServicesJsonProxy$ReaderThread 222 run - Reading error java.net.SocketException: Connection reset
06 Apr 2025 16:57:30,612 [Thread-3] ERROR ro.mpp2024.protocol.ServicesJsonProxy$ReaderThread 222 run - Reading error java.net.SocketException: Connection reset
06 Apr 2025 16:57:30,612 [Thread-3] ERROR ro.mpp2024.protocol.ServicesJsonProxy$ReaderThread 222 run - Reading error java.net.SocketException: Connection reset
06 Apr 2025 16:57:30,613 [Thread-3] ERROR ro.mpp2024.protocol.ServicesJsonProxy$ReaderThread 222 run - Reading error java.net.SocketException: Connection reset
06 Apr 2025 16:57:30,613 [Thread-3] ERROR ro.mpp2024.protocol.ServicesJsonProxy$ReaderThread 222 run - Reading error java.net.SocketException: Connection reset
06 Apr 2025 16:57:30,613 [Thread-3] ERROR ro.mpp2024.protocol.ServicesJsonProxy$ReaderThread 222 run - Reading error java.net.SocketException: Connection reset
06 Apr 2025 16:57:30,613 [Thread-3] ERROR ro.mpp2024.protocol.ServicesJsonProxy$ReaderThread 222 run - Reading error java.net.SocketException: Connection reset
06 Apr 2025 16:57:30,613 [Thread-3] ERROR ro.mpp2024.protocol.ServicesJsonProxy$ReaderThread 222 run - Reading error java.net.SocketException: Connection reset
06 Apr 2025 16:57:30,613 [Thread-3] ERROR ro.mpp2024.protocol.ServicesJsonProxy$ReaderThread 222 run - Reading error java.net.SocketException: Connection reset
06 Apr 2025 16:57:30,613 [Thread-3] ERROR ro.mpp2024.protocol.ServicesJsonProxy$ReaderThread 222 run - Reading error java.net.SocketException: Connection reset
06 Apr 2025 16:57:30,613 [Thread-3] ERROR ro.mpp2024.protocol.ServicesJsonProxy$ReaderThread 222 run - Reading error java.net.SocketException: Connection reset
06 Apr 2025 16:57:30,614 [Thread-3] ERROR ro.mpp2024.protocol.ServicesJsonProxy$ReaderThread 222 run - Reading error java.net.SocketException: Connection reset
06 Apr 2025 16:57:30,614 [Thread-3] ERROR ro.mpp2024.protocol.ServicesJsonProxy$ReaderThread 222 run - Reading error java.net.SocketException: Connection reset
06 Apr 2025 16:57:30,614 [Thread-3] ERROR ro.mpp2024.protocol.ServicesJsonProxy$ReaderThread 222 run - Reading error java.net.SocketException: Connection reset
06 Apr 2025 16:57:30,614 [Thread-3] ERROR ro.mpp2024.protocol.ServicesJsonProxy$ReaderThread 222 run - Reading error java.net.SocketException: Connection reset
06 Apr 2025 16:57:30,614 [Thread-3] ERROR ro.mpp2024.protocol.ServicesJsonProxy$ReaderThread 222 run - Reading error java.net.SocketException: Connection reset
06 Apr 2025 16:57:30,614 [Thread-3] ERROR ro.mpp2024.protocol.ServicesJsonProxy$ReaderThread 222 run - Reading error java.net.SocketException: Connection reset
06 Apr 2025 16:57:30,614 [Thread-3] ERROR ro.mpp2024.protocol.ServicesJsonProxy$ReaderThread 222 run - Reading error java.net.SocketException: Connection reset
06 Apr 2025 16:57:30,614 [Thread-3] ERROR ro.mpp2024.protocol.ServicesJsonProxy$ReaderThread 222 run - Reading error java.net.SocketException: Connection reset
06 Apr 2025 16:57:30,615 [Thread-3] ERROR ro.mpp2024.protocol.ServicesJsonProxy$ReaderThread 222 run - Reading error java.net.SocketException: Connection reset
06 Apr 2025 16:57:30,615 [Thread-3] ERROR ro.mpp2024.protocol.ServicesJsonProxy$ReaderThread 222 run - Reading error java.net.SocketException: Connection reset
06 Apr 2025 16:57:30,615 [Thread-3] ERROR ro.mpp2024.protocol.ServicesJsonProxy$ReaderThread 222 run - Reading error java.net.SocketException: Connection reset
06 Apr 2025 16:57:30,615 [Thread-3] ERROR ro.mpp2024.protocol.ServicesJsonProxy$ReaderThread 222 run - Reading error java.net.SocketException: Connection reset
06 Apr 2025 16:57:30,615 [Thread-3] ERROR ro.mpp2024.protocol.ServicesJsonProxy$ReaderThread 222 run - Reading error java.net.SocketException: Connection reset
06 Apr 2025 16:57:30,615 [Thread-3] ERROR ro.mpp2024.protocol.ServicesJsonProxy$ReaderThread 222 run - Reading error java.net.SocketException: Connection reset
06 Apr 2025 16:57:30,615 [Thread-3] ERROR ro.mpp2024.protocol.ServicesJsonProxy$ReaderThread 222 run - Reading error java.net.SocketException: Connection reset
06 Apr 2025 16:57:30,616 [Thread-3] ERROR ro.mpp2024.protocol.ServicesJsonProxy$ReaderThread 222 run - Reading error java.net.SocketException: Connection reset
06 Apr 2025 16:57:30,616 [Thread-3] ERROR ro.mpp2024.protocol.ServicesJsonProxy$ReaderThread 222 run - Reading error java.net.SocketException: Connection reset
06 Apr 2025 16:57:30,616 [Thread-3] ERROR ro.mpp2024.protocol.ServicesJsonProxy$ReaderThread 222 run - Reading error java.net.SocketException: Connection reset
06 Apr 2025 16:57:30,616 [Thread-3] ERROR ro.mpp2024.protocol.ServicesJsonProxy$ReaderThread 222 run - Reading error java.net.SocketException: Connection reset
06 Apr 2025 16:57:30,616 [Thread-3] ERROR ro.mpp2024.protocol.ServicesJsonProxy$ReaderThread 222 run - Reading error java.net.SocketException: Connection reset
06 Apr 2025 16:57:30,616 [Thread-3] ERROR ro.mpp2024.protocol.ServicesJsonProxy$ReaderThread 222 run - Reading error java.net.SocketException: Connection reset
06 Apr 2025 16:57:30,616 [Thread-3] ERROR ro.mpp2024.protocol.ServicesJsonProxy$ReaderThread 222 run - Reading error java.net.SocketException: Connection reset
06 Apr 2025 16:57:30,616 [Thread-3] ERROR ro.mpp2024.protocol.ServicesJsonProxy$ReaderThread 222 run - Reading error java.net.SocketException: Connection reset
06 Apr 2025 16:57:30,617 [Thread-3] ERROR ro.mpp2024.protocol.ServicesJsonProxy$ReaderThread 222 run - Reading error java.net.SocketException: Connection reset
06 Apr 2025 16:57:30,617 [Thread-3] ERROR ro.mpp2024.protocol.ServicesJsonProxy$ReaderThread 222 run - Reading error java.net.SocketException: Connection reset
06 Apr 2025 16:57:30,617 [Thread-3] ERROR ro.mpp2024.protocol.ServicesJsonProxy$ReaderThread 222 run - Reading error java.net.SocketException: Connection reset
06 Apr 2025 16:57:30,617 [Thread-3] ERROR ro.mpp2024.protocol.ServicesJsonProxy$ReaderThread 222 run - Reading error java.net.SocketException: Connection reset
06 Apr 2025 16:57:30,617 [Thread-3] ERROR ro.mpp2024.protocol.ServicesJsonProxy$ReaderThread 222 run - Reading error java.net.SocketException: Connection reset
06 Apr 2025 16:57:30,617 [Thread-3] ERROR ro.mpp2024.protocol.ServicesJsonProxy$ReaderThread 222 run - Reading error java.net.SocketException: Connection reset
06 Apr 2025 16:57:30,617 [Thread-3] ERROR ro.mpp2024.protocol.ServicesJsonProxy$ReaderThread 222 run - Reading error java.net.SocketException: Connection reset
06 Apr 2025 16:57:30,618 [Thread-3] ERROR ro.mpp2024.protocol.ServicesJsonProxy$ReaderThread 222 run - Reading error java.net.SocketException: Connection reset
06 Apr 2025 16:57:30,619 [Thread-3] ERROR ro.mpp2024.protocol.ServicesJsonProxy$ReaderThread 222 run - Reading error java.net.SocketException: Connection reset
06 Apr 2025 16:57:30,619 [Thread-3] ERROR ro.mpp2024.protocol.ServicesJsonProxy$ReaderThread 222 run - Reading error java.net.SocketException: Connection reset
06 Apr 2025 16:57:30,619 [Thread-3] ERROR ro.mpp2024.protocol.ServicesJsonProxy$ReaderThread 222 run - Reading error java.net.SocketException: Connection reset
06 Apr 2025 16:57:30,619 [Thread-3] ERROR ro.mpp2024.protocol.ServicesJsonProxy$ReaderThread 222 run - Reading error java.net.SocketException: Connection reset
06 Apr 2025 16:57:30,619 [Thread-3] ERROR ro.mpp2024.protocol.ServicesJsonProxy$ReaderThread 222 run - Reading error java.net.SocketException: Connection reset
06 Apr 2025 16:57:30,620 [Thread-3] ERROR ro.mpp2024.protocol.ServicesJsonProxy$ReaderThread 222 run - Reading error java.net.SocketException: Connection reset
06 Apr 2025 16:57:30,620 [Thread-3] ERROR ro.mpp2024.protocol.ServicesJsonProxy$ReaderThread 222 run - Reading error java.net.SocketException: Connection reset
06 Apr 2025 16:57:30,620 [Thread-3] ERROR ro.mpp2024.protocol.ServicesJsonProxy$ReaderThread 222 run - Reading error java.net.SocketException: Connection reset
06 Apr 2025 16:57:30,620 [Thread-3] ERROR ro.mpp2024.protocol.ServicesJsonProxy$ReaderThread 222 run - Reading error java.net.SocketException: Connection reset
06 Apr 2025 16:57:30,620 [Thread-3] ERROR ro.mpp2024.protocol.ServicesJsonProxy$ReaderThread 222 run - Reading error java.net.SocketException: Connection reset
06 Apr 2025 16:57:30,620 [Thread-3] ERROR ro.mpp2024.protocol.ServicesJsonProxy$ReaderThread 222 run - Reading error java.net.SocketException: Connection reset
06 Apr 2025 16:57:30,620 [Thread-3] ERROR ro.mpp2024.protocol.ServicesJsonProxy$ReaderThread 222 run - Reading error java.net.SocketException: Connection reset
06 Apr 2025 16:57:30,620 [Thread-3] ERROR ro.mpp2024.protocol.ServicesJsonProxy$ReaderThread 222 run - Reading error java.net.SocketException: Connection reset
06 Apr 2025 16:57:30,621 [Thread-3] ERROR ro.mpp2024.protocol.ServicesJsonProxy$ReaderThread 222 run - Reading error java.net.SocketException: Connection reset
06 Apr 2025 16:57:30,621 [Thread-3] ERROR ro.mpp2024.protocol.ServicesJsonProxy$ReaderThread 222 run - Reading error java.net.SocketException: Connection reset
06 Apr 2025 16:57:30,621 [Thread-3] ERROR ro.mpp2024.protocol.ServicesJsonProxy$ReaderThread 222 run - Reading error java.net.SocketException: Connection reset
06 Apr 2025 16:57:30,621 [Thread-3] ERROR ro.mpp2024.protocol.ServicesJsonProxy$ReaderThread 222 run - Reading error java.net.SocketException: Connection reset
06 Apr 2025 16:57:30,621 [Thread-3] ERROR ro.mpp2024.protocol.ServicesJsonProxy$ReaderThread 222 run - Reading error java.net.SocketException: Connection reset
06 Apr 2025 16:57:30,621 [Thread-3] ERROR ro.mpp2024.protocol.ServicesJsonProxy$ReaderThread 222 run - Reading error java.net.SocketException: Connection reset
06 Apr 2025 16:57:30,621 [Thread-3] ERROR ro.mpp2024.protocol.ServicesJsonProxy$ReaderThread 222 run - Reading error java.net.SocketException: Connection reset
06 Apr 2025 16:57:30,621 [Thread-3] ERROR ro.mpp2024.protocol.ServicesJsonProxy$ReaderThread 222 run - Reading error java.net.SocketException: Connection reset
06 Apr 2025 16:57:30,621 [Thread-3] ERROR ro.mpp2024.protocol.ServicesJsonProxy$ReaderThread 222 run - Reading error java.net.SocketException: Connection reset
06 Apr 2025 16:57:30,621 [Thread-3] ERROR ro.mpp2024.protocol.ServicesJsonProxy$ReaderThread 222 run - Reading error java.net.SocketException: Connection reset
06 Apr 2025 16:57:30,621 [Thread-3] ERROR ro.mpp2024.protocol.ServicesJsonProxy$ReaderThread 222 run - Reading error java.net.SocketException: Connection reset
06 Apr 2025 16:57:30,621 [Thread-3] ERROR ro.mpp2024.protocol.ServicesJsonProxy$ReaderThread 222 run - Reading error java.net.SocketException: Connection reset
06 Apr 2025 16:57:30,622 [Thread-3] ERROR ro.mpp2024.protocol.ServicesJsonProxy$ReaderThread 222 run - Reading error java.net.SocketException: Connection reset
06 Apr 2025 16:57:30,622 [Thread-3] ERROR ro.mpp2024.protocol.ServicesJsonProxy$ReaderThread 222 run - Reading error java.net.SocketException: Connection reset
06 Apr 2025 16:57:30,622 [Thread-3] ERROR ro.mpp2024.protocol.ServicesJsonProxy$ReaderThread 222 run - Reading error java.net.SocketException: Connection reset
06 Apr 2025 16:57:30,622 [Thread-3] ERROR ro.mpp2024.protocol.ServicesJsonProxy$ReaderThread 222 run - Reading error java.net.SocketException: Connection reset
06 Apr 2025 16:57:30,622 [Thread-3] ERROR ro.mpp2024.protocol.ServicesJsonProxy$ReaderThread 222 run - Reading error java.net.SocketException: Connection reset
06 Apr 2025 16:57:30,622 [Thread-3] ERROR ro.mpp2024.protocol.ServicesJsonProxy$ReaderThread 222 run - Reading error java.net.SocketException: Connection reset
06 Apr 2025 16:57:30,622 [Thread-3] ERROR ro.mpp2024.protocol.ServicesJsonProxy$ReaderThread 222 run - Reading error java.net.SocketException: Connection reset
06 Apr 2025 16:57:30,622 [Thread-3] ERROR ro.mpp2024.protocol.ServicesJsonProxy$ReaderThread 222 run - Reading error java.net.SocketException: Connection reset
06 Apr 2025 16:57:30,622 [Thread-3] ERROR ro.mpp2024.protocol.ServicesJsonProxy$ReaderThread 222 run - Reading error java.net.SocketException: Connection reset
06 Apr 2025 16:57:30,622 [Thread-3] ERROR ro.mpp2024.protocol.ServicesJsonProxy$ReaderThread 222 run - Reading error java.net.SocketException: Connection reset
06 Apr 2025 16:57:30,622 [Thread-3] ERROR ro.mpp2024.protocol.ServicesJsonProxy$ReaderThread 222 run - Reading error java.net.SocketException: Connection reset
06 Apr 2025 16:57:30,623 [Thread-3] ERROR ro.mpp2024.protocol.ServicesJsonProxy$ReaderThread 222 run - Reading error java.net.SocketException: Connection reset
06 Apr 2025 16:57:30,623 [Thread-3] ERROR ro.mpp2024.protocol.ServicesJsonProxy$ReaderThread 222 run - Reading error java.net.SocketException: Connection reset
06 Apr 2025 16:57:30,623 [Thread-3] ERROR ro.mpp2024.protocol.ServicesJsonProxy$ReaderThread 222 run - Reading error java.net.SocketException: Connection reset
06 Apr 2025 16:57:30,623 [Thread-3] ERROR ro.mpp2024.protocol.ServicesJsonProxy$ReaderThread 222 run - Reading error java.net.SocketException: Connection reset
06 Apr 2025 16:57:30,623 [Thread-3] ERROR ro.mpp2024.protocol.ServicesJsonProxy$ReaderThread 222 run - Reading error java.net.SocketException: Connection reset
06 Apr 2025 16:57:30,623 [Thread-3] ERROR ro.mpp2024.protocol.ServicesJsonProxy$ReaderThread 222 run - Reading error java.net.SocketException: Connection reset
06 Apr 2025 16:57:30,623 [Thread-3] ERROR ro.mpp2024.protocol.ServicesJsonProxy$ReaderThread 222 run - Reading error java.net.SocketException: Connection reset
06 Apr 2025 16:57:30,623 [Thread-3] ERROR ro.mpp2024.protocol.ServicesJsonProxy$ReaderThread 222 run - Reading error java.net.SocketException: Connection reset
06 Apr 2025 16:57:30,623 [Thread-3] ERROR ro.mpp2024.protocol.ServicesJsonProxy$ReaderThread 222 run - Reading error java.net.SocketException: Connection reset
06 Apr 2025 16:57:30,623 [Thread-3] ERROR ro.mpp2024.protocol.ServicesJsonProxy$ReaderThread 222 run - Reading error java.net.SocketException: Connection reset
06 Apr 2025 16:57:30,624 [Thread-3] ERROR ro.mpp2024.protocol.ServicesJsonProxy$ReaderThread 222 run - Reading error java.net.SocketException: Connection reset
06 Apr 2025 16:57:30,624 [Thread-3] ERROR ro.mpp2024.protocol.ServicesJsonProxy$ReaderThread 222 run - Reading error java.net.SocketException: Connection reset
06 Apr 2025 16:57:30,624 [Thread-3] ERROR ro.mpp2024.protocol.ServicesJsonProxy$ReaderThread 222 run - Reading error java.net.SocketException: Connection reset
06 Apr 2025 16:57:30,624 [Thread-3] ERROR ro.mpp2024.protocol.ServicesJsonProxy$ReaderThread 222 run - Reading error java.net.SocketException: Connection reset
06 Apr 2025 16:57:30,624 [Thread-3] ERROR ro.mpp2024.protocol.ServicesJsonProxy$ReaderThread 222 run - Reading error java.net.SocketException: Connection reset
06 Apr 2025 16:57:30,624 [Thread-3] ERROR ro.mpp2024.protocol.ServicesJsonProxy$ReaderThread 222 run - Reading error java.net.SocketException: Connection reset
06 Apr 2025 16:57:30,624 [Thread-3] ERROR ro.mpp2024.protocol.ServicesJsonProxy$ReaderThread 222 run - Reading error java.net.SocketException: Connection reset
06 Apr 2025 16:57:30,624 [Thread-3] ERROR ro.mpp2024.protocol.ServicesJsonProxy$ReaderThread 222 run - Reading error java.net.SocketException: Connection reset
06 Apr 2025 16:57:30,624 [Thread-3] ERROR ro.mpp2024.protocol.ServicesJsonProxy$ReaderThread 222 run - Reading error java.net.SocketException: Connection reset
06 Apr 2025 16:57:30,624 [Thread-3] ERROR ro.mpp2024.protocol.ServicesJsonProxy$ReaderThread 222 run - Reading error java.net.SocketException: Connection reset
06 Apr 2025 16:57:30,625 [Thread-3] ERROR ro.mpp2024.protocol.ServicesJsonProxy$ReaderThread 222 run - Reading error java.net.SocketException: Connection reset
06 Apr 2025 16:57:30,625 [Thread-3] ERROR ro.mpp2024.protocol.ServicesJsonProxy$ReaderThread 222 run - Reading error java.net.SocketException: Connection reset
06 Apr 2025 16:57:30,625 [Thread-3] ERROR ro.mpp2024.protocol.ServicesJsonProxy$ReaderThread 222 run - Reading error java.net.SocketException: Connection reset
06 Apr 2025 16:57:30,625 [Thread-3] ERROR ro.mpp2024.protocol.ServicesJsonProxy$ReaderThread 222 run - Reading error java.net.SocketException: Connection reset
06 Apr 2025 16:57:30,625 [Thread-3] ERROR ro.mpp2024.protocol.ServicesJsonProxy$ReaderThread 222 run - Reading error java.net.SocketException: Connection reset
06 Apr 2025 16:57:30,625 [Thread-3] ERROR ro.mpp2024.protocol.ServicesJsonProxy$ReaderThread 222 run - Reading error java.net.SocketException: Connection reset
06 Apr 2025 16:57:30,625 [Thread-3] ERROR ro.mpp2024.protocol.ServicesJsonProxy$ReaderThread 222 run - Reading error java.net.SocketException: Connection reset
06 Apr 2025 16:57:30,625 [Thread-3] ERROR ro.mpp2024.protocol.ServicesJsonProxy$ReaderThread 222 run - Reading error java.net.SocketException: Connection reset
06 Apr 2025 16:57:30,625 [Thread-3] ERROR ro.mpp2024.protocol.ServicesJsonProxy$ReaderThread 222 run - Reading error java.net.SocketException: Connection reset
06 Apr 2025 16:57:30,625 [Thread-3] ERROR ro.mpp2024.protocol.ServicesJsonProxy$ReaderThread 222 run - Reading error java.net.SocketException: Connection reset
06 Apr 2025 16:57:30,626 [Thread-3] ERROR ro.mpp2024.protocol.ServicesJsonProxy$ReaderThread 222 run - Reading error java.net.SocketException: Connection reset
06 Apr 2025 16:57:30,626 [Thread-3] ERROR ro.mpp2024.protocol.ServicesJsonProxy$ReaderThread 222 run - Reading error java.net.SocketException: Connection reset
06 Apr 2025 16:57:30,626 [Thread-3] ERROR ro.mpp2024.protocol.ServicesJsonProxy$ReaderThread 222 run - Reading error java.net.SocketException: Connection reset
06 Apr 2025 16:57:30,626 [Thread-3] ERROR ro.mpp2024.protocol.ServicesJsonProxy$ReaderThread 222 run - Reading error java.net.SocketException: Connection reset
06 Apr 2025 16:57:30,626 [Thread-3] ERROR ro.mpp2024.protocol.ServicesJsonProxy$ReaderThread 222 run - Reading error java.net.SocketException: Connection reset
06 Apr 2025 16:57:30,626 [Thread-3] ERROR ro.mpp2024.protocol.ServicesJsonProxy$ReaderThread 222 run - Reading error java.net.SocketException: Connection reset
06 Apr 2025 16:57:30,626 [Thread-3] ERROR ro.mpp2024.protocol.ServicesJsonProxy$ReaderThread 222 run - Reading error java.net.SocketException: Connection reset
06 Apr 2025 16:57:30,626 [Thread-3] ERROR ro.mpp2024.protocol.ServicesJsonProxy$ReaderThread 222 run - Reading error java.net.SocketException: Connection reset
06 Apr 2025 16:57:30,626 [Thread-3] ERROR ro.mpp2024.protocol.ServicesJsonProxy$ReaderThread 222 run - Reading error java.net.SocketException: Connection reset
06 Apr 2025 16:57:30,626 [Thread-3] ERROR ro.mpp2024.protocol.ServicesJsonProxy$ReaderThread 222 run - Reading error java.net.SocketException: Connection reset
06 Apr 2025 16:57:30,627 [Thread-3] ERROR ro.mpp2024.protocol.ServicesJsonProxy$ReaderThread 222 run - Reading error java.net.SocketException: Connection reset
06 Apr 2025 16:57:30,627 [Thread-3] ERROR ro.mpp2024.protocol.ServicesJsonProxy$ReaderThread 222 run - Reading error java.net.SocketException: Connection reset
06 Apr 2025 16:57:30,627 [Thread-3] ERROR ro.mpp2024.protocol.ServicesJsonProxy$ReaderThread 222 run - Reading error java.net.SocketException: Connection reset
06 Apr 2025 16:57:30,628 [Thread-3] ERROR ro.mpp2024.protocol.ServicesJsonProxy$ReaderThread 222 run - Reading error java.net.SocketException: Connection reset
06 Apr 2025 16:57:30,628 [Thread-3] ERROR ro.mpp2024.protocol.ServicesJsonProxy$ReaderThread 222 run - Reading error java.net.SocketException: Connection reset
06 Apr 2025 16:57:30,628 [Thread-3] ERROR ro.mpp2024.protocol.ServicesJsonProxy$ReaderThread 222 run - Reading error java.net.SocketException: Connection reset
06 Apr 2025 16:57:30,628 [Thread-3] ERROR ro.mpp2024.protocol.ServicesJsonProxy$ReaderThread 222 run - Reading error java.net.SocketException: Connection reset
06 Apr 2025 16:57:30,628 [Thread-3] ERROR ro.mpp2024.protocol.ServicesJsonProxy$ReaderThread 222 run - Reading error java.net.SocketException: Connection reset
06 Apr 2025 16:57:30,628 [Thread-3] ERROR ro.mpp2024.protocol.ServicesJsonProxy$ReaderThread 222 run - Reading error java.net.SocketException: Connection reset
06 Apr 2025 16:57:30,628 [Thread-3] ERROR ro.mpp2024.protocol.ServicesJsonProxy$ReaderThread 222 run - Reading error java.net.SocketException: Connection reset
06 Apr 2025 16:57:30,628 [Thread-3] ERROR ro.mpp2024.protocol.ServicesJsonProxy$ReaderThread 222 run - Reading error java.net.SocketException: Connection reset
06 Apr 2025 16:57:30,629 [Thread-3] ERROR ro.mpp2024.protocol.ServicesJsonProxy$ReaderThread 222 run - Reading error java.net.SocketException: Connection reset
06 Apr 2025 16:57:30,629 [Thread-3] ERROR ro.mpp2024.protocol.ServicesJsonProxy$ReaderThread 222 run - Reading error java.net.SocketException: Connection reset
06 Apr 2025 16:57:30,629 [Thread-3] ERROR ro.mpp2024.protocol.ServicesJsonProxy$ReaderThread 222 run - Reading error java.net.SocketException: Connection reset
06 Apr 2025 16:57:30,629 [Thread-3] ERROR ro.mpp2024.protocol.ServicesJsonProxy$ReaderThread 222 run - Reading error java.net.SocketException: Connection reset
06 Apr 2025 16:57:30,629 [Thread-3] ERROR ro.mpp2024.protocol.ServicesJsonProxy$ReaderThread 222 run - Reading error java.net.SocketException: Connection reset
06 Apr 2025 16:57:30,629 [Thread-3] ERROR ro.mpp2024.protocol.ServicesJsonProxy$ReaderThread 222 run - Reading error java.net.SocketException: Connection reset
06 Apr 2025 16:57:30,629 [Thread-3] ERROR ro.mpp2024.protocol.ServicesJsonProxy$ReaderThread 222 run - Reading error java.net.SocketException: Connection reset
06 Apr 2025 16:57:30,629 [Thread-3] ERROR ro.mpp2024.protocol.ServicesJsonProxy$ReaderThread 222 run - Reading error java.net.SocketException: Connection reset
06 Apr 2025 16:57:30,630 [Thread-3] ERROR ro.mpp2024.protocol.ServicesJsonProxy$ReaderThread 222 run - Reading error java.net.SocketException: Connection reset
06 Apr 2025 16:57:30,630 [Thread-3] ERROR ro.mpp2024.protocol.ServicesJsonProxy$ReaderThread 222 run - Reading error java.net.SocketException: Connection reset
06 Apr 2025 16:57:30,630 [Thread-3] ERROR ro.mpp2024.protocol.ServicesJsonProxy$ReaderThread 222 run - Reading error java.net.SocketException: Connection reset
06 Apr 2025 16:57:30,630 [Thread-3] ERROR ro.mpp2024.protocol.ServicesJsonProxy$ReaderThread 222 run - Reading error java.net.SocketException: Connection reset
06 Apr 2025 16:57:30,630 [Thread-3] ERROR ro.mpp2024.protocol.ServicesJsonProxy$ReaderThread 222 run - Reading error java.net.SocketException: Connection reset
06 Apr 2025 16:57:30,630 [Thread-3] ERROR ro.mpp2024.protocol.ServicesJsonProxy$ReaderThread 222 run - Reading error java.net.SocketException: Connection reset
06 Apr 2025 16:57:30,630 [Thread-3] ERROR ro.mpp2024.protocol.ServicesJsonProxy$ReaderThread 222 run - Reading error java.net.SocketException: Connection reset
06 Apr 2025 16:57:30,630 [Thread-3] ERROR ro.mpp2024.protocol.ServicesJsonProxy$ReaderThread 222 run - Reading error java.net.SocketException: Connection reset
06 Apr 2025 16:57:30,631 [Thread-3] ERROR ro.mpp2024.protocol.ServicesJsonProxy$ReaderThread 222 run - Reading error java.net.SocketException: Connection reset
06 Apr 2025 16:57:30,631 [Thread-3] ERROR ro.mpp2024.protocol.ServicesJsonProxy$ReaderThread 222 run - Reading error java.net.SocketException: Connection reset
06 Apr 2025 16:57:30,631 [Thread-3] ERROR ro.mpp2024.protocol.ServicesJsonProxy$ReaderThread 222 run - Reading error java.net.SocketException: Connection reset
06 Apr 2025 16:57:30,631 [Thread-3] ERROR ro.mpp2024.protocol.ServicesJsonProxy$ReaderThread 222 run - Reading error java.net.SocketException: Connection reset
06 Apr 2025 16:57:30,631 [Thread-3] ERROR ro.mpp2024.protocol.ServicesJsonProxy$ReaderThread 222 run - Reading error java.net.SocketException: Connection reset
06 Apr 2025 16:57:30,631 [Thread-3] ERROR ro.mpp2024.protocol.ServicesJsonProxy$ReaderThread 222 run - Reading error java.net.SocketException: Connection reset
06 Apr 2025 16:58:36,231 [JavaFX Application Thread] DEBUG ro.mpp2024.StartJsonClient 29 start - Starting client application
06 Apr 2025 16:58:36,234 [JavaFX Application Thread] INFO  ro.mpp2024.StartJsonClient 33 start - Client properties set {server.host=localhost, server.port=55556}
06 Apr 2025 16:58:36,235 [JavaFX Application Thread] INFO  ro.mpp2024.StartJsonClient 50 start - Connecting to server localhost on port 55556
06 Apr 2025 16:59:10,197 [Thread-3] DEBUG ro.mpp2024.protocol.ServicesJsonProxy$ReaderThread 208 run - response received {"type":"LOGGED_ACC","user":{"id":33,"nume":"Noah Green","username":"noah.g","password":"TXlQQHNzdzE0cmQ\u003d","id_proba":"c5"}}
06 Apr 2025 16:59:11,204 [Thread-3] DEBUG ro.mpp2024.protocol.ServicesJsonProxy$ReaderThread 208 run - response received {"type":"ALL_REZULTATE","punctaje":[{"idParticipant":18,"nume":"Barbu","prenume":"Irina","varsta":27,"punctaj":240},{"idParticipant":19,"nume":"Constantin","prenume":"Marius","varsta":30,"punctaj":288},{"idParticipant":13,"nume":"Dobre","prenume":"Adriana","varsta":34,"punctaj":185},{"idParticipant":21,"nume":"Dragomir","prenume":"Adrian","varsta":26,"punctaj":140},{"idParticipant":4,"nume":"Dumitrescu","prenume":"Elena","varsta":28,"punctaj":153},{"idParticipant":20,"nume":"Enache","prenume":"Laura","varsta":29,"punctaj":325},{"idParticipant":22,"nume":"Filip","prenume":"Bianca","varsta":31,"punctaj":347},{"idParticipant":3,"nume":"Georgescu","prenume":"Andrei","varsta":22,"punctaj":132},{"idParticipant":17,"nume":"Gheorghe","prenume":"Vlad","varsta":28,"punctaj":210},{"idParticipant":23,"nume":"Grigore","prenume":"Stefan","varsta":24,"punctaj":155},{"idParticipant":24,"nume":"Hagi","prenume":"Diana","varsta":32,"punctaj":203},{"idParticipant":25,"nume":"Iacob","prenume":"Radu","varsta":23,"punctaj":195},{"idParticipant":11,"nume":"Iliescu","prenume":"Daniela","varsta":32,"punctaj":320},{"idParticipant":2,"nume":"Ionescu","prenume":"Maria","varsta":30,"punctaj":166},{"idParticipant":26,"nume":"Jianu","prenume":"Oana","varsta":34,"punctaj":142},{"idParticipant":27,"nume":"Kovacs","prenume":"Cristina","varsta":21,"punctaj":199},{"idParticipant":16,"nume":"Lazar","prenume":"Roxana","varsta":25,"punctaj":185},{"idParticipant":28,"nume":"Lupu","prenume":"George","varsta":33,"punctaj":319},{"idParticipant":29,"nume":"Manole","prenume":"Simona","varsta":25,"punctaj":117},{"idParticipant":8,"nume":"Marin","prenume":"Ana","varsta":29,"punctaj":134},{"idParticipant":14,"nume":"Munteanu","prenume":"Sorin","varsta":21,"punctaj":301},{"idParticipant":30,"nume":"Nedelcu","prenume":"Alexandra","varsta":28,"punctaj":169},{"idParticipant":15,"nume":"Nistor","prenume":"Carmen","varsta":33,"punctaj":189},{"idParticipant":40,"nume":"nume","prenume":"prenume","varsta":20,"punctaj":300},{"idParticipant":31,"nume":"Oprea","prenume":"Bogdan","varsta":27,"punctaj":282},{"idParticipant":32,"nume":"Pavel","prenume":"Monica","varsta":30,"punctaj":111},{"idParticipant":10,"nume":"Petrescu","prenume":"Gabriel","varsta":26,"punctaj":188},{"idParticipant":5,"nume":"Popa","prenume":"Mihai","varsta":35,"punctaj":282},{"idParticipant":1,"nume":"Popescu","prenume":"Ion","varsta":25,"punctaj":158},{"idParticipant":7,"nume":"Radu","prenume":"Cristian","varsta":24,"punctaj":256},{"idParticipant":33,"nume":"Rusu","prenume":"Andreea","varsta":29,"punctaj":313},{"idParticipant":34,"nume":"Sandu","prenume":"Victor","varsta":26,"punctaj":115},{"idParticipant":6,"nume":"Stan","prenume":"Ioana","varsta":27,"punctaj":289},{"idParticipant":35,"nume":"Toma","prenume":"Gabriela","varsta":31,"punctaj":132},{"idParticipant":9,"nume":"Tudor","prenume":"Alexandru","varsta":31,"punctaj":288},{"idParticipant":36,"nume":"Ursu","prenume":"Mihail","varsta":24,"punctaj":155},{"idParticipant":12,"nume":"Vasilescu","prenume":"Florin","varsta":23,"punctaj":472},{"idParticipant":37,"nume":"Vlad","prenume":"Anca","varsta":32,"punctaj":138},{"idParticipant":39,"nume":"Voicu","prenume":"Raluca","varsta":34,"punctaj":190},{"idParticipant":38,"nume":"Zamfir","prenume":"Lucian","varsta":23,"punctaj":177}]}
06 Apr 2025 16:59:12,207 [Thread-3] DEBUG ro.mpp2024.protocol.ServicesJsonProxy$ReaderThread 208 run - response received {"type":"REZULTATE","punctaje":[{"idParticipant":39,"nume":"Voicu","prenume":"Raluca","varsta":34,"punctaj":190},{"idParticipant":23,"nume":"Grigore","prenume":"Stefan","varsta":24,"punctaj":145},{"idParticipant":22,"nume":"Filip","prenume":"Bianca","varsta":31,"punctaj":140},{"idParticipant":28,"nume":"Lupu","prenume":"George","varsta":33,"punctaj":120}]}
06 Apr 2025 16:59:13,228 [Thread-3] DEBUG ro.mpp2024.protocol.ServicesJsonProxy$ReaderThread 208 run - response received {"type":"PARTICIPANTI","participanti":[{"idParticipant":1,"nume":"Popescu","prenume":"Ion","varsta":25,"punctaj":0},{"idParticipant":2,"nume":"Ionescu","prenume":"Maria","varsta":30,"punctaj":0},{"idParticipant":3,"nume":"Georgescu","prenume":"Andrei","varsta":22,"punctaj":0},{"idParticipant":4,"nume":"Dumitrescu","prenume":"Elena","varsta":28,"punctaj":0},{"idParticipant":5,"nume":"Popa","prenume":"Mihai","varsta":35,"punctaj":0},{"idParticipant":6,"nume":"Stan","prenume":"Ioana","varsta":27,"punctaj":0},{"idParticipant":7,"nume":"Radu","prenume":"Cristian","varsta":24,"punctaj":0},{"idParticipant":8,"nume":"Marin","prenume":"Ana","varsta":29,"punctaj":0},{"idParticipant":9,"nume":"Tudor","prenume":"Alexandru","varsta":31,"punctaj":0},{"idParticipant":10,"nume":"Petrescu","prenume":"Gabriel","varsta":26,"punctaj":0},{"idParticipant":11,"nume":"Iliescu","prenume":"Daniela","varsta":32,"punctaj":0},{"idParticipant":12,"nume":"Vasilescu","prenume":"Florin","varsta":23,"punctaj":0},{"idParticipant":13,"nume":"Dobre","prenume":"Adriana","varsta":34,"punctaj":0},{"idParticipant":14,"nume":"Munteanu","prenume":"Sorin","varsta":21,"punctaj":0},{"idParticipant":15,"nume":"Nistor","prenume":"Carmen","varsta":33,"punctaj":0},{"idParticipant":16,"nume":"Lazar","prenume":"Roxana","varsta":25,"punctaj":0},{"idParticipant":17,"nume":"Gheorghe","prenume":"Vlad","varsta":28,"punctaj":0},{"idParticipant":18,"nume":"Barbu","prenume":"Irina","varsta":27,"punctaj":0},{"idParticipant":19,"nume":"Constantin","prenume":"Marius","varsta":30,"punctaj":0},{"idParticipant":20,"nume":"Enache","prenume":"Laura","varsta":29,"punctaj":0},{"idParticipant":21,"nume":"Dragomir","prenume":"Adrian","varsta":26,"punctaj":0},{"idParticipant":22,"nume":"Filip","prenume":"Bianca","varsta":31,"punctaj":0},{"idParticipant":23,"nume":"Grigore","prenume":"Stefan","varsta":24,"punctaj":0},{"idParticipant":24,"nume":"Hagi","prenume":"Diana","varsta":32,"punctaj":0},{"idParticipant":25,"nume":"Iacob","prenume":"Radu","varsta":23,"punctaj":0},{"idParticipant":26,"nume":"Jianu","prenume":"Oana","varsta":34,"punctaj":0},{"idParticipant":27,"nume":"Kovacs","prenume":"Cristina","varsta":21,"punctaj":0},{"idParticipant":28,"nume":"Lupu","prenume":"George","varsta":33,"punctaj":0},{"idParticipant":29,"nume":"Manole","prenume":"Simona","varsta":25,"punctaj":0},{"idParticipant":30,"nume":"Nedelcu","prenume":"Alexandra","varsta":28,"punctaj":0},{"idParticipant":31,"nume":"Oprea","prenume":"Bogdan","varsta":27,"punctaj":0},{"idParticipant":32,"nume":"Pavel","prenume":"Monica","varsta":30,"punctaj":0},{"idParticipant":33,"nume":"Rusu","prenume":"Andreea","varsta":29,"punctaj":0},{"idParticipant":34,"nume":"Sandu","prenume":"Victor","varsta":26,"punctaj":0},{"idParticipant":35,"nume":"Toma","prenume":"Gabriela","varsta":31,"punctaj":0},{"idParticipant":36,"nume":"Ursu","prenume":"Mihail","varsta":24,"punctaj":0},{"idParticipant":37,"nume":"Vlad","prenume":"Anca","varsta":32,"punctaj":0},{"idParticipant":38,"nume":"Zamfir","prenume":"Lucian","varsta":23,"punctaj":0},{"idParticipant":39,"nume":"Voicu","prenume":"Raluca","varsta":34,"punctaj":0},{"idParticipant":40,"nume":"nume","prenume":"prenume","varsta":20,"punctaj":0}]}
06 Apr 2025 16:59:32,250 [Thread-3] DEBUG ro.mpp2024.protocol.ServicesJsonProxy$ReaderThread 208 run - response received {"type":"OK"}
06 Apr 2025 16:59:33,259 [Thread-3] DEBUG ro.mpp2024.protocol.ServicesJsonProxy$ReaderThread 208 run - response received null
06 Apr 2025 17:02:17,708 [JavaFX Application Thread] DEBUG ro.mpp2024.StartJsonClient 29 start - Starting client application
06 Apr 2025 17:02:17,712 [JavaFX Application Thread] INFO  ro.mpp2024.StartJsonClient 33 start - Client properties set {server.host=localhost, server.port=55556}
06 Apr 2025 17:02:17,712 [JavaFX Application Thread] INFO  ro.mpp2024.StartJsonClient 50 start - Connecting to server localhost on port 55556
06 Apr 2025 17:02:45,572 [Thread-3] DEBUG ro.mpp2024.protocol.ServicesJsonProxy$ReaderThread 209 run - response received {"type":"LOGGED_ACC","user":{"id":20,"nume":"Alice Johnson","username":"alice.j","password":"UGFzc3cwcmQxIQ\u003d\u003d","id_proba":"s1"}}
06 Apr 2025 17:02:46,592 [Thread-3] DEBUG ro.mpp2024.protocol.ServicesJsonProxy$ReaderThread 209 run - response received {"type":"ALL_REZULTATE","punctaje":[{"idParticipant":18,"nume":"Barbu","prenume":"Irina","varsta":27,"punctaj":240},{"idParticipant":19,"nume":"Constantin","prenume":"Marius","varsta":30,"punctaj":288},{"idParticipant":13,"nume":"Dobre","prenume":"Adriana","varsta":34,"punctaj":185},{"idParticipant":21,"nume":"Dragomir","prenume":"Adrian","varsta":26,"punctaj":140},{"idParticipant":4,"nume":"Dumitrescu","prenume":"Elena","varsta":28,"punctaj":153},{"idParticipant":20,"nume":"Enache","prenume":"Laura","varsta":29,"punctaj":325},{"idParticipant":22,"nume":"Filip","prenume":"Bianca","varsta":31,"punctaj":347},{"idParticipant":3,"nume":"Georgescu","prenume":"Andrei","varsta":22,"punctaj":132},{"idParticipant":17,"nume":"Gheorghe","prenume":"Vlad","varsta":28,"punctaj":210},{"idParticipant":23,"nume":"Grigore","prenume":"Stefan","varsta":24,"punctaj":155},{"idParticipant":24,"nume":"Hagi","prenume":"Diana","varsta":32,"punctaj":203},{"idParticipant":25,"nume":"Iacob","prenume":"Radu","varsta":23,"punctaj":195},{"idParticipant":11,"nume":"Iliescu","prenume":"Daniela","varsta":32,"punctaj":320},{"idParticipant":2,"nume":"Ionescu","prenume":"Maria","varsta":30,"punctaj":166},{"idParticipant":26,"nume":"Jianu","prenume":"Oana","varsta":34,"punctaj":142},{"idParticipant":27,"nume":"Kovacs","prenume":"Cristina","varsta":21,"punctaj":199},{"idParticipant":16,"nume":"Lazar","prenume":"Roxana","varsta":25,"punctaj":185},{"idParticipant":28,"nume":"Lupu","prenume":"George","varsta":33,"punctaj":319},{"idParticipant":29,"nume":"Manole","prenume":"Simona","varsta":25,"punctaj":117},{"idParticipant":8,"nume":"Marin","prenume":"Ana","varsta":29,"punctaj":134},{"idParticipant":14,"nume":"Munteanu","prenume":"Sorin","varsta":21,"punctaj":301},{"idParticipant":30,"nume":"Nedelcu","prenume":"Alexandra","varsta":28,"punctaj":169},{"idParticipant":15,"nume":"Nistor","prenume":"Carmen","varsta":33,"punctaj":189},{"idParticipant":40,"nume":"nume","prenume":"prenume","varsta":20,"punctaj":300},{"idParticipant":31,"nume":"Oprea","prenume":"Bogdan","varsta":27,"punctaj":282},{"idParticipant":32,"nume":"Pavel","prenume":"Monica","varsta":30,"punctaj":111},{"idParticipant":10,"nume":"Petrescu","prenume":"Gabriel","varsta":26,"punctaj":188},{"idParticipant":5,"nume":"Popa","prenume":"Mihai","varsta":35,"punctaj":282},{"idParticipant":1,"nume":"Popescu","prenume":"Ion","varsta":25,"punctaj":158},{"idParticipant":7,"nume":"Radu","prenume":"Cristian","varsta":24,"punctaj":256},{"idParticipant":33,"nume":"Rusu","prenume":"Andreea","varsta":29,"punctaj":313},{"idParticipant":34,"nume":"Sandu","prenume":"Victor","varsta":26,"punctaj":115},{"idParticipant":6,"nume":"Stan","prenume":"Ioana","varsta":27,"punctaj":289},{"idParticipant":35,"nume":"Toma","prenume":"Gabriela","varsta":31,"punctaj":132},{"idParticipant":9,"nume":"Tudor","prenume":"Alexandru","varsta":31,"punctaj":288},{"idParticipant":36,"nume":"Ursu","prenume":"Mihail","varsta":24,"punctaj":155},{"idParticipant":12,"nume":"Vasilescu","prenume":"Florin","varsta":23,"punctaj":472},{"idParticipant":37,"nume":"Vlad","prenume":"Anca","varsta":32,"punctaj":138},{"idParticipant":39,"nume":"Voicu","prenume":"Raluca","varsta":34,"punctaj":190},{"idParticipant":38,"nume":"Zamfir","prenume":"Lucian","varsta":23,"punctaj":177}]}
06 Apr 2025 17:02:47,596 [Thread-3] DEBUG ro.mpp2024.protocol.ServicesJsonProxy$ReaderThread 209 run - response received {"type":"REZULTATE","punctaje":[{"idParticipant":28,"nume":"Lupu","prenume":"George","varsta":33,"punctaj":199},{"idParticipant":12,"nume":"Vasilescu","prenume":"Florin","varsta":23,"punctaj":198},{"idParticipant":11,"nume":"Iliescu","prenume":"Daniela","varsta":32,"punctaj":185},{"idParticipant":20,"nume":"Enache","prenume":"Laura","varsta":29,"punctaj":140},{"idParticipant":19,"nume":"Constantin","prenume":"Marius","varsta":30,"punctaj":100},{"idParticipant":22,"nume":"Filip","prenume":"Bianca","varsta":31,"punctaj":30},{"idParticipant":18,"nume":"Barbu","prenume":"Irina","varsta":27,"punctaj":20},{"idParticipant":3,"nume":"Georgescu","prenume":"Andrei","varsta":22,"punctaj":20},{"idParticipant":13,"nume":"Dobre","prenume":"Adriana","varsta":34,"punctaj":10}]}
06 Apr 2025 17:02:48,620 [Thread-3] DEBUG ro.mpp2024.protocol.ServicesJsonProxy$ReaderThread 209 run - response received {"type":"PARTICIPANTI","participanti":[{"idParticipant":1,"nume":"Popescu","prenume":"Ion","varsta":25,"punctaj":0},{"idParticipant":2,"nume":"Ionescu","prenume":"Maria","varsta":30,"punctaj":0},{"idParticipant":3,"nume":"Georgescu","prenume":"Andrei","varsta":22,"punctaj":0},{"idParticipant":4,"nume":"Dumitrescu","prenume":"Elena","varsta":28,"punctaj":0},{"idParticipant":5,"nume":"Popa","prenume":"Mihai","varsta":35,"punctaj":0},{"idParticipant":6,"nume":"Stan","prenume":"Ioana","varsta":27,"punctaj":0},{"idParticipant":7,"nume":"Radu","prenume":"Cristian","varsta":24,"punctaj":0},{"idParticipant":8,"nume":"Marin","prenume":"Ana","varsta":29,"punctaj":0},{"idParticipant":9,"nume":"Tudor","prenume":"Alexandru","varsta":31,"punctaj":0},{"idParticipant":10,"nume":"Petrescu","prenume":"Gabriel","varsta":26,"punctaj":0},{"idParticipant":11,"nume":"Iliescu","prenume":"Daniela","varsta":32,"punctaj":0},{"idParticipant":12,"nume":"Vasilescu","prenume":"Florin","varsta":23,"punctaj":0},{"idParticipant":13,"nume":"Dobre","prenume":"Adriana","varsta":34,"punctaj":0},{"idParticipant":14,"nume":"Munteanu","prenume":"Sorin","varsta":21,"punctaj":0},{"idParticipant":15,"nume":"Nistor","prenume":"Carmen","varsta":33,"punctaj":0},{"idParticipant":16,"nume":"Lazar","prenume":"Roxana","varsta":25,"punctaj":0},{"idParticipant":17,"nume":"Gheorghe","prenume":"Vlad","varsta":28,"punctaj":0},{"idParticipant":18,"nume":"Barbu","prenume":"Irina","varsta":27,"punctaj":0},{"idParticipant":19,"nume":"Constantin","prenume":"Marius","varsta":30,"punctaj":0},{"idParticipant":20,"nume":"Enache","prenume":"Laura","varsta":29,"punctaj":0},{"idParticipant":21,"nume":"Dragomir","prenume":"Adrian","varsta":26,"punctaj":0},{"idParticipant":22,"nume":"Filip","prenume":"Bianca","varsta":31,"punctaj":0},{"idParticipant":23,"nume":"Grigore","prenume":"Stefan","varsta":24,"punctaj":0},{"idParticipant":24,"nume":"Hagi","prenume":"Diana","varsta":32,"punctaj":0},{"idParticipant":25,"nume":"Iacob","prenume":"Radu","varsta":23,"punctaj":0},{"idParticipant":26,"nume":"Jianu","prenume":"Oana","varsta":34,"punctaj":0},{"idParticipant":27,"nume":"Kovacs","prenume":"Cristina","varsta":21,"punctaj":0},{"idParticipant":28,"nume":"Lupu","prenume":"George","varsta":33,"punctaj":0},{"idParticipant":29,"nume":"Manole","prenume":"Simona","varsta":25,"punctaj":0},{"idParticipant":30,"nume":"Nedelcu","prenume":"Alexandra","varsta":28,"punctaj":0},{"idParticipant":31,"nume":"Oprea","prenume":"Bogdan","varsta":27,"punctaj":0},{"idParticipant":32,"nume":"Pavel","prenume":"Monica","varsta":30,"punctaj":0},{"idParticipant":33,"nume":"Rusu","prenume":"Andreea","varsta":29,"punctaj":0},{"idParticipant":34,"nume":"Sandu","prenume":"Victor","varsta":26,"punctaj":0},{"idParticipant":35,"nume":"Toma","prenume":"Gabriela","varsta":31,"punctaj":0},{"idParticipant":36,"nume":"Ursu","prenume":"Mihail","varsta":24,"punctaj":0},{"idParticipant":37,"nume":"Vlad","prenume":"Anca","varsta":32,"punctaj":0},{"idParticipant":38,"nume":"Zamfir","prenume":"Lucian","varsta":23,"punctaj":0},{"idParticipant":39,"nume":"Voicu","prenume":"Raluca","varsta":34,"punctaj":0},{"idParticipant":40,"nume":"nume","prenume":"prenume","varsta":20,"punctaj":0}]}
06 Apr 2025 17:02:51,791 [Thread-3] DEBUG ro.mpp2024.protocol.ServicesJsonProxy$ReaderThread 209 run - response received {"type":"OK"}
06 Apr 2025 17:02:52,802 [Thread-3] DEBUG ro.mpp2024.protocol.ServicesJsonProxy$ReaderThread 209 run - response received null
06 Apr 2025 17:02:52,803 [JavaFX Application Thread] DEBUG ro.mpp2024.protocol.ServicesJsonProxy 134 closeConnection - Connection closed with ro.mpp2024.controllers.MainController@5ccd8ba9
06 Apr 2025 17:03:18,542 [Thread-4] DEBUG ro.mpp2024.protocol.ServicesJsonProxy$ReaderThread 209 run - response received {"type":"LOGGED_ACC","user":{"id":20,"nume":"Alice Johnson","username":"alice.j","password":"UGFzc3cwcmQxIQ\u003d\u003d","id_proba":"s1"}}
06 Apr 2025 17:03:19,552 [Thread-4] DEBUG ro.mpp2024.protocol.ServicesJsonProxy$ReaderThread 209 run - response received {"type":"ALL_REZULTATE","punctaje":[{"idParticipant":18,"nume":"Barbu","prenume":"Irina","varsta":27,"punctaj":240},{"idParticipant":19,"nume":"Constantin","prenume":"Marius","varsta":30,"punctaj":288},{"idParticipant":13,"nume":"Dobre","prenume":"Adriana","varsta":34,"punctaj":185},{"idParticipant":21,"nume":"Dragomir","prenume":"Adrian","varsta":26,"punctaj":140},{"idParticipant":4,"nume":"Dumitrescu","prenume":"Elena","varsta":28,"punctaj":153},{"idParticipant":20,"nume":"Enache","prenume":"Laura","varsta":29,"punctaj":325},{"idParticipant":22,"nume":"Filip","prenume":"Bianca","varsta":31,"punctaj":347},{"idParticipant":3,"nume":"Georgescu","prenume":"Andrei","varsta":22,"punctaj":132},{"idParticipant":17,"nume":"Gheorghe","prenume":"Vlad","varsta":28,"punctaj":210},{"idParticipant":23,"nume":"Grigore","prenume":"Stefan","varsta":24,"punctaj":155},{"idParticipant":24,"nume":"Hagi","prenume":"Diana","varsta":32,"punctaj":203},{"idParticipant":25,"nume":"Iacob","prenume":"Radu","varsta":23,"punctaj":195},{"idParticipant":11,"nume":"Iliescu","prenume":"Daniela","varsta":32,"punctaj":320},{"idParticipant":2,"nume":"Ionescu","prenume":"Maria","varsta":30,"punctaj":166},{"idParticipant":26,"nume":"Jianu","prenume":"Oana","varsta":34,"punctaj":142},{"idParticipant":27,"nume":"Kovacs","prenume":"Cristina","varsta":21,"punctaj":199},{"idParticipant":16,"nume":"Lazar","prenume":"Roxana","varsta":25,"punctaj":185},{"idParticipant":28,"nume":"Lupu","prenume":"George","varsta":33,"punctaj":319},{"idParticipant":29,"nume":"Manole","prenume":"Simona","varsta":25,"punctaj":117},{"idParticipant":8,"nume":"Marin","prenume":"Ana","varsta":29,"punctaj":134},{"idParticipant":14,"nume":"Munteanu","prenume":"Sorin","varsta":21,"punctaj":301},{"idParticipant":30,"nume":"Nedelcu","prenume":"Alexandra","varsta":28,"punctaj":169},{"idParticipant":15,"nume":"Nistor","prenume":"Carmen","varsta":33,"punctaj":189},{"idParticipant":40,"nume":"nume","prenume":"prenume","varsta":20,"punctaj":300},{"idParticipant":31,"nume":"Oprea","prenume":"Bogdan","varsta":27,"punctaj":282},{"idParticipant":32,"nume":"Pavel","prenume":"Monica","varsta":30,"punctaj":111},{"idParticipant":10,"nume":"Petrescu","prenume":"Gabriel","varsta":26,"punctaj":188},{"idParticipant":5,"nume":"Popa","prenume":"Mihai","varsta":35,"punctaj":282},{"idParticipant":1,"nume":"Popescu","prenume":"Ion","varsta":25,"punctaj":158},{"idParticipant":7,"nume":"Radu","prenume":"Cristian","varsta":24,"punctaj":256},{"idParticipant":33,"nume":"Rusu","prenume":"Andreea","varsta":29,"punctaj":313},{"idParticipant":34,"nume":"Sandu","prenume":"Victor","varsta":26,"punctaj":115},{"idParticipant":6,"nume":"Stan","prenume":"Ioana","varsta":27,"punctaj":289},{"idParticipant":35,"nume":"Toma","prenume":"Gabriela","varsta":31,"punctaj":132},{"idParticipant":9,"nume":"Tudor","prenume":"Alexandru","varsta":31,"punctaj":288},{"idParticipant":36,"nume":"Ursu","prenume":"Mihail","varsta":24,"punctaj":155},{"idParticipant":12,"nume":"Vasilescu","prenume":"Florin","varsta":23,"punctaj":472},{"idParticipant":37,"nume":"Vlad","prenume":"Anca","varsta":32,"punctaj":138},{"idParticipant":39,"nume":"Voicu","prenume":"Raluca","varsta":34,"punctaj":190},{"idParticipant":38,"nume":"Zamfir","prenume":"Lucian","varsta":23,"punctaj":177}]}
06 Apr 2025 17:03:20,557 [Thread-4] DEBUG ro.mpp2024.protocol.ServicesJsonProxy$ReaderThread 209 run - response received {"type":"REZULTATE","punctaje":[{"idParticipant":28,"nume":"Lupu","prenume":"George","varsta":33,"punctaj":199},{"idParticipant":12,"nume":"Vasilescu","prenume":"Florin","varsta":23,"punctaj":198},{"idParticipant":11,"nume":"Iliescu","prenume":"Daniela","varsta":32,"punctaj":185},{"idParticipant":20,"nume":"Enache","prenume":"Laura","varsta":29,"punctaj":140},{"idParticipant":19,"nume":"Constantin","prenume":"Marius","varsta":30,"punctaj":100},{"idParticipant":22,"nume":"Filip","prenume":"Bianca","varsta":31,"punctaj":30},{"idParticipant":18,"nume":"Barbu","prenume":"Irina","varsta":27,"punctaj":20},{"idParticipant":3,"nume":"Georgescu","prenume":"Andrei","varsta":22,"punctaj":20},{"idParticipant":13,"nume":"Dobre","prenume":"Adriana","varsta":34,"punctaj":10}]}
06 Apr 2025 17:03:21,577 [Thread-4] DEBUG ro.mpp2024.protocol.ServicesJsonProxy$ReaderThread 209 run - response received {"type":"PARTICIPANTI","participanti":[{"idParticipant":1,"nume":"Popescu","prenume":"Ion","varsta":25,"punctaj":0},{"idParticipant":2,"nume":"Ionescu","prenume":"Maria","varsta":30,"punctaj":0},{"idParticipant":3,"nume":"Georgescu","prenume":"Andrei","varsta":22,"punctaj":0},{"idParticipant":4,"nume":"Dumitrescu","prenume":"Elena","varsta":28,"punctaj":0},{"idParticipant":5,"nume":"Popa","prenume":"Mihai","varsta":35,"punctaj":0},{"idParticipant":6,"nume":"Stan","prenume":"Ioana","varsta":27,"punctaj":0},{"idParticipant":7,"nume":"Radu","prenume":"Cristian","varsta":24,"punctaj":0},{"idParticipant":8,"nume":"Marin","prenume":"Ana","varsta":29,"punctaj":0},{"idParticipant":9,"nume":"Tudor","prenume":"Alexandru","varsta":31,"punctaj":0},{"idParticipant":10,"nume":"Petrescu","prenume":"Gabriel","varsta":26,"punctaj":0},{"idParticipant":11,"nume":"Iliescu","prenume":"Daniela","varsta":32,"punctaj":0},{"idParticipant":12,"nume":"Vasilescu","prenume":"Florin","varsta":23,"punctaj":0},{"idParticipant":13,"nume":"Dobre","prenume":"Adriana","varsta":34,"punctaj":0},{"idParticipant":14,"nume":"Munteanu","prenume":"Sorin","varsta":21,"punctaj":0},{"idParticipant":15,"nume":"Nistor","prenume":"Carmen","varsta":33,"punctaj":0},{"idParticipant":16,"nume":"Lazar","prenume":"Roxana","varsta":25,"punctaj":0},{"idParticipant":17,"nume":"Gheorghe","prenume":"Vlad","varsta":28,"punctaj":0},{"idParticipant":18,"nume":"Barbu","prenume":"Irina","varsta":27,"punctaj":0},{"idParticipant":19,"nume":"Constantin","prenume":"Marius","varsta":30,"punctaj":0},{"idParticipant":20,"nume":"Enache","prenume":"Laura","varsta":29,"punctaj":0},{"idParticipant":21,"nume":"Dragomir","prenume":"Adrian","varsta":26,"punctaj":0},{"idParticipant":22,"nume":"Filip","prenume":"Bianca","varsta":31,"punctaj":0},{"idParticipant":23,"nume":"Grigore","prenume":"Stefan","varsta":24,"punctaj":0},{"idParticipant":24,"nume":"Hagi","prenume":"Diana","varsta":32,"punctaj":0},{"idParticipant":25,"nume":"Iacob","prenume":"Radu","varsta":23,"punctaj":0},{"idParticipant":26,"nume":"Jianu","prenume":"Oana","varsta":34,"punctaj":0},{"idParticipant":27,"nume":"Kovacs","prenume":"Cristina","varsta":21,"punctaj":0},{"idParticipant":28,"nume":"Lupu","prenume":"George","varsta":33,"punctaj":0},{"idParticipant":29,"nume":"Manole","prenume":"Simona","varsta":25,"punctaj":0},{"idParticipant":30,"nume":"Nedelcu","prenume":"Alexandra","varsta":28,"punctaj":0},{"idParticipant":31,"nume":"Oprea","prenume":"Bogdan","varsta":27,"punctaj":0},{"idParticipant":32,"nume":"Pavel","prenume":"Monica","varsta":30,"punctaj":0},{"idParticipant":33,"nume":"Rusu","prenume":"Andreea","varsta":29,"punctaj":0},{"idParticipant":34,"nume":"Sandu","prenume":"Victor","varsta":26,"punctaj":0},{"idParticipant":35,"nume":"Toma","prenume":"Gabriela","varsta":31,"punctaj":0},{"idParticipant":36,"nume":"Ursu","prenume":"Mihail","varsta":24,"punctaj":0},{"idParticipant":37,"nume":"Vlad","prenume":"Anca","varsta":32,"punctaj":0},{"idParticipant":38,"nume":"Zamfir","prenume":"Lucian","varsta":23,"punctaj":0},{"idParticipant":39,"nume":"Voicu","prenume":"Raluca","varsta":34,"punctaj":0},{"idParticipant":40,"nume":"nume","prenume":"prenume","varsta":20,"punctaj":0}]}
06 Apr 2025 17:03:31,813 [Thread-4] DEBUG ro.mpp2024.protocol.ServicesJsonProxy$ReaderThread 209 run - response received {"type":"OK"}
06 Apr 2025 17:03:32,827 [Thread-4] DEBUG ro.mpp2024.protocol.ServicesJsonProxy$ReaderThread 209 run - response received null
06 Apr 2025 17:03:32,827 [JavaFX Application Thread] DEBUG ro.mpp2024.protocol.ServicesJsonProxy 134 closeConnection - Connection closed with ro.mpp2024.controllers.MainController@5ccd8ba9
