14 Apr 2025 14:21:55,141 [JavaFX Application Thread] DEBUG ro.mpp2024.StartJsonClient 29 start - Starting client application
14 Apr 2025 14:21:55,149 [JavaFX Application Thread] INFO  ro.mpp2024.StartJsonClient 33 start - Client properties set {server.host=localhost, server.port=55556}
14 Apr 2025 14:21:55,149 [JavaFX Application Thread] INFO  ro.mpp2024.StartJsonClient 50 start - Connecting to server localhost on port 55556
14 Apr 2025 14:37:04,322 [JavaFX Application Thread] DEBUG ro.mpp2024.StartJsonClient 29 start - Starting client application
14 Apr 2025 14:37:04,329 [JavaFX Application Thread] INFO  ro.mpp2024.StartJsonClient 33 start - Client properties set {server.host=localhost, server.port=55556}
14 Apr 2025 14:37:04,336 [JavaFX Application Thread] INFO  ro.mpp2024.StartJsonClient 50 start - Connecting to server localhost on port 55556
14 Apr 2025 14:37:36,413 [JavaFX Application Thread] DEBUG ro.mpp2024.protocol.ServicesJsonProxy 148 sendRequest - sending request {"typeJava":"LOGIN","typeCsharp":0,"user":{"id":-1,"nume":"","username":"bucatarul","password":"MTIzNDU2Nzg5V3c\u003d","id_proba":""}}
14 Apr 2025 14:37:36,419 [Thread-3] DEBUG ro.mpp2024.protocol.ServicesJsonProxy$ReaderThread 212 run - response received {"typeCsharp":4,"typeJava":"LOGGED_ACC","errormessage":null,"user":{"id":8,"nume":"Bubu bubu","username":"bucatarul","password":"MTIzNDU2Nzg5V3c=","id_proba":"s0"},"rezultat":null,"punctaje":null,"participanti":null}
14 Apr 2025 14:37:36,447 [JavaFX Application Thread] DEBUG ro.mpp2024.protocol.ServicesJsonProxy 148 sendRequest - sending request {"typeJava":"GET_ALL_REZULTATE","typeCsharp":4}
14 Apr 2025 14:37:37,447 [Thread-3] DEBUG ro.mpp2024.protocol.ServicesJsonProxy$ReaderThread 212 run - response received {"typeCsharp":3,"typeJava":"ALL_REZULTATE","errormessage":null,"user":null,"rezultat":null,"punctaje":[{"idParticipant":41,"nume":"Andrei","prenume":"Vasile","varsta":2004,"punctaj":330},{"idParticipant":18,"nume":"Barbu","prenume":"Irina","varsta":27,"punctaj":840},{"idParticipant":19,"nume":"Constantin","prenume":"Marius","varsta":30,"punctaj":1000},{"idParticipant":13,"nume":"Dobre","prenume":"Adriana","varsta":34,"punctaj":100},{"idParticipant":21,"nume":"Dragomir","prenume":"Adrian","varsta":26,"punctaj":170},{"idParticipant":4,"nume":"Dumitrescu","prenume":"Elena","varsta":28,"punctaj":100},{"idParticipant":20,"nume":"Enache","prenume":"Laura","varsta":29,"punctaj":310},{"idParticipant":22,"nume":"Filip","prenume":"Bianca","varsta":31,"punctaj":830},{"idParticipant":3,"nume":"Georgescu","prenume":"Andrei","varsta":22,"punctaj":80},{"idParticipant":17,"nume":"Gheorghe","prenume":"Vlad","varsta":28,"punctaj":20},{"idParticipant":23,"nume":"Grigore","prenume":"Stefan","varsta":24,"punctaj":200},{"idParticipant":24,"nume":"Hagi","prenume":"Diana","varsta":32,"punctaj":240},{"idParticipant":25,"nume":"Iacob","prenume":"Radu","varsta":23,"punctaj":400},{"idParticipant":11,"nume":"Iliescu","prenume":"Daniela","varsta":32,"punctaj":30},{"idParticipant":2,"nume":"Ionescu","prenume":"Maria","varsta":30,"punctaj":380},{"idParticipant":26,"nume":"Jianu","prenume":"Oana","varsta":34,"punctaj":1090},{"idParticipant":27,"nume":"Kovacs","prenume":"Cristina","varsta":21,"punctaj":560},{"idParticipant":16,"nume":"Lazar","prenume":"Roxana","varsta":25,"punctaj":210},{"idParticipant":28,"nume":"Lupu","prenume":"George","varsta":33,"punctaj":410},{"idParticipant":29,"nume":"Manole","prenume":"Simona","varsta":25,"punctaj":40},{"idParticipant":8,"nume":"Marin","prenume":"Ana","varsta":29,"punctaj":30},{"idParticipant":14,"nume":"Munteanu","prenume":"Sorin","varsta":21,"punctaj":770},{"idParticipant":30,"nume":"Nedelcu","prenume":"Alexandra","varsta":28,"punctaj":10},{"idParticipant":15,"nume":"Nistor","prenume":"Carmen","varsta":33,"punctaj":310},{"idParticipant":40,"nume":"nume","prenume":"prenume","varsta":20,"punctaj":530},{"idParticipant":31,"nume":"Oprea","prenume":"Bogdan","varsta":27,"punctaj":670},{"idParticipant":32,"nume":"Pavel","prenume":"Monica","varsta":30,"punctaj":220},{"idParticipant":5,"nume":"Popa","prenume":"Mihai","varsta":35,"punctaj":490},{"idParticipant":1,"nume":"Popescu","prenume":"Ion","varsta":25,"punctaj":400},{"idParticipant":7,"nume":"Radu","prenume":"Cristian","varsta":24,"punctaj":530},{"idParticipant":33,"nume":"Rusu","prenume":"Andreea","varsta":29,"punctaj":280},{"idParticipant":34,"nume":"Sandu","prenume":"Victor","varsta":26,"punctaj":370},{"idParticipant":9,"nume":"Tudor","prenume":"Alexandru","varsta":31,"punctaj":370},{"idParticipant":36,"nume":"Ursu","prenume":"Mihail","varsta":24,"punctaj":600},{"idParticipant":12,"nume":"Vasilescu","prenume":"Florin","varsta":23,"punctaj":270},{"idParticipant":37,"nume":"Vlad","prenume":"Anca","varsta":32,"punctaj":40},{"idParticipant":38,"nume":"Zamfir","prenume":"Lucian","varsta":23,"punctaj":240}],"participanti":null}
14 Apr 2025 14:37:37,452 [JavaFX Application Thread] DEBUG ro.mpp2024.protocol.ServicesJsonProxy 148 sendRequest - sending request {"typeJava":"GET_REZULTATE","typeCsharp":2,"user":{"id":-1,"nume":"","username":"","password":"","id_proba":"s0"}}
14 Apr 2025 14:37:38,469 [Thread-3] DEBUG ro.mpp2024.protocol.ServicesJsonProxy$ReaderThread 212 run - response received {"typeCsharp":2,"typeJava":"REZULTATE","errormessage":null,"user":null,"rezultat":null,"punctaje":[{"idParticipant":41,"nume":"Andrei","prenume":"Vasile","varsta":2004,"punctaj":300},{"idParticipant":20,"nume":"Enache","prenume":"Laura","varsta":29,"punctaj":300},{"idParticipant":12,"nume":"Vasilescu","prenume":"Florin","varsta":23,"punctaj":270},{"idParticipant":31,"nume":"Oprea","prenume":"Bogdan","varsta":27,"punctaj":200},{"idParticipant":22,"nume":"Filip","prenume":"Bianca","varsta":31,"punctaj":200},{"idParticipant":32,"nume":"Pavel","prenume":"Monica","varsta":30,"punctaj":120},{"idParticipant":5,"nume":"Popa","prenume":"Mihai","varsta":35,"punctaj":110},{"idParticipant":24,"nume":"Hagi","prenume":"Diana","varsta":32,"punctaj":80},{"idParticipant":3,"nume":"Georgescu","prenume":"Andrei","varsta":22,"punctaj":50},{"idParticipant":33,"nume":"Rusu","prenume":"Andreea","varsta":29,"punctaj":40},{"idParticipant":16,"nume":"Lazar","prenume":"Roxana","varsta":25,"punctaj":40},{"idParticipant":21,"nume":"Dragomir","prenume":"Adrian","varsta":26,"punctaj":30},{"idParticipant":2,"nume":"Ionescu","prenume":"Maria","varsta":30,"punctaj":30},{"idParticipant":19,"nume":"Constantin","prenume":"Marius","varsta":30,"punctaj":20},{"idParticipant":18,"nume":"Barbu","prenume":"Irina","varsta":27,"punctaj":20},{"idParticipant":15,"nume":"Nistor","prenume":"Carmen","varsta":33,"punctaj":10}],"participanti":null}
14 Apr 2025 14:37:38,491 [JavaFX Application Thread] DEBUG ro.mpp2024.protocol.ServicesJsonProxy 148 sendRequest - sending request {"typeJava":"GET_PARTICIPANTI","typeCsharp":5}
14 Apr 2025 14:37:39,488 [Thread-3] DEBUG ro.mpp2024.protocol.ServicesJsonProxy$ReaderThread 212 run - response received {"typeCsharp":6,"typeJava":"PARTICIPANTI","errormessage":null,"user":null,"rezultat":null,"punctaje":null,"participanti":[{"idParticipant":1,"nume":"Popescu","prenume":"Ion","varsta":25,"punctaj":0},{"idParticipant":2,"nume":"Ionescu","prenume":"Maria","varsta":30,"punctaj":0},{"idParticipant":3,"nume":"Georgescu","prenume":"Andrei","varsta":22,"punctaj":0},{"idParticipant":4,"nume":"Dumitrescu","prenume":"Elena","varsta":28,"punctaj":0},{"idParticipant":5,"nume":"Popa","prenume":"Mihai","varsta":35,"punctaj":0},{"idParticipant":6,"nume":"Stan","prenume":"Ioana","varsta":27,"punctaj":0},{"idParticipant":7,"nume":"Radu","prenume":"Cristian","varsta":24,"punctaj":0},{"idParticipant":8,"nume":"Marin","prenume":"Ana","varsta":29,"punctaj":0},{"idParticipant":9,"nume":"Tudor","prenume":"Alexandru","varsta":31,"punctaj":0},{"idParticipant":10,"nume":"Petrescu","prenume":"Gabriel","varsta":26,"punctaj":0},{"idParticipant":11,"nume":"Iliescu","prenume":"Daniela","varsta":32,"punctaj":0},{"idParticipant":12,"nume":"Vasilescu","prenume":"Florin","varsta":23,"punctaj":0},{"idParticipant":13,"nume":"Dobre","prenume":"Adriana","varsta":34,"punctaj":0},{"idParticipant":14,"nume":"Munteanu","prenume":"Sorin","varsta":21,"punctaj":0},{"idParticipant":15,"nume":"Nistor","prenume":"Carmen","varsta":33,"punctaj":0},{"idParticipant":16,"nume":"Lazar","prenume":"Roxana","varsta":25,"punctaj":0},{"idParticipant":17,"nume":"Gheorghe","prenume":"Vlad","varsta":28,"punctaj":0},{"idParticipant":18,"nume":"Barbu","prenume":"Irina","varsta":27,"punctaj":0},{"idParticipant":19,"nume":"Constantin","prenume":"Marius","varsta":30,"punctaj":0},{"idParticipant":20,"nume":"Enache","prenume":"Laura","varsta":29,"punctaj":0},{"idParticipant":21,"nume":"Dragomir","prenume":"Adrian","varsta":26,"punctaj":0},{"idParticipant":22,"nume":"Filip","prenume":"Bianca","varsta":31,"punctaj":0},{"idParticipant":23,"nume":"Grigore","prenume":"Stefan","varsta":24,"punctaj":0},{"idParticipant":24,"nume":"Hagi","prenume":"Diana","varsta":32,"punctaj":0},{"idParticipant":25,"nume":"Iacob","prenume":"Radu","varsta":23,"punctaj":0},{"idParticipant":26,"nume":"Jianu","prenume":"Oana","varsta":34,"punctaj":0},{"idParticipant":27,"nume":"Kovacs","prenume":"Cristina","varsta":21,"punctaj":0},{"idParticipant":28,"nume":"Lupu","prenume":"George","varsta":33,"punctaj":0},{"idParticipant":29,"nume":"Manole","prenume":"Simona","varsta":25,"punctaj":0},{"idParticipant":30,"nume":"Nedelcu","prenume":"Alexandra","varsta":28,"punctaj":0},{"idParticipant":31,"nume":"Oprea","prenume":"Bogdan","varsta":27,"punctaj":0},{"idParticipant":32,"nume":"Pavel","prenume":"Monica","varsta":30,"punctaj":0},{"idParticipant":33,"nume":"Rusu","prenume":"Andreea","varsta":29,"punctaj":0},{"idParticipant":34,"nume":"Sandu","prenume":"Victor","varsta":26,"punctaj":0},{"idParticipant":35,"nume":"Toma","prenume":"Gabriela","varsta":31,"punctaj":0},{"idParticipant":36,"nume":"Ursu","prenume":"Mihail","varsta":24,"punctaj":0},{"idParticipant":37,"nume":"Vlad","prenume":"Anca","varsta":32,"punctaj":0},{"idParticipant":38,"nume":"Zamfir","prenume":"Lucian","varsta":23,"punctaj":0},{"idParticipant":39,"nume":"Voicu","prenume":"Raluca","varsta":34,"punctaj":0},{"idParticipant":40,"nume":"nume","prenume":"prenume","varsta":20,"punctaj":0},{"idParticipant":41,"nume":"Andrei","prenume":"Vasile","varsta":2004,"punctaj":0}]}
14 Apr 2025 14:37:58,005 [Thread-3] DEBUG ro.mpp2024.protocol.ServicesJsonProxy$ReaderThread 212 run - response received {"typeCsharp":5,"typeJava":"REZULTAT_ADDED","errormessage":null,"user":null,"rezultat":{"idProba":"c0","idParticipant":10,"numeParticipant":"Petrescu","prenumeParticipant":"Gabriel","puncte":400},"punctaje":null,"participanti":null}
14 Apr 2025 14:38:14,009 [JavaFX Application Thread] DEBUG ro.mpp2024.protocol.ServicesJsonProxy 148 sendRequest - sending request {"typeJava":"LOGOUT","typeCsharp":1,"user":{"id":8,"nume":"Bubu bubu","username":"bucatarul","password":"MTIzNDU2Nzg5V3c\u003d","id_proba":"s0"}}
14 Apr 2025 14:38:14,013 [Thread-3] DEBUG ro.mpp2024.protocol.ServicesJsonProxy$ReaderThread 212 run - response received {"typeCsharp":0,"typeJava":"OK","errormessage":null,"user":null,"rezultat":null,"punctaje":null,"participanti":null}
14 Apr 2025 14:38:14,016 [JavaFX Application Thread] DEBUG ro.mpp2024.protocol.ServicesJsonProxy 136 closeConnection - Connection closed with ro.mpp2024.controllers.MainController@103c87c
03 May 2025 04:06:50,146 [JavaFX Application Thread] DEBUG ro.mpp2024.StartJsonClient 29 start - Starting client application
03 May 2025 04:06:50,150 [JavaFX Application Thread] INFO  ro.mpp2024.StartJsonClient 33 start - Client properties set {server.host=localhost, server.port=55556}
03 May 2025 04:06:50,150 [JavaFX Application Thread] INFO  ro.mpp2024.StartJsonClient 50 start - Connecting to server localhost on port 55556
03 May 2025 04:06:50,178 [JavaFX Application Thread] DEBUG io.grpc.netty.shaded.io.netty.util.internal.logging.InternalLoggerFactory 76 useLog4J2LoggerFactory - Using Log4J2 as the default logging framework
03 May 2025 04:06:50,181 [JavaFX Application Thread] DEBUG io.grpc.netty.shaded.io.netty.util.internal.PlatformDependent0 497 explicitNoUnsafeCause0 - -Dio.netty.noUnsafe: false
03 May 2025 04:06:50,181 [JavaFX Application Thread] DEBUG io.grpc.netty.shaded.io.netty.util.internal.PlatformDependent0 1001 javaVersion0 - Java version: 17
03 May 2025 04:06:50,183 [JavaFX Application Thread] DEBUG io.grpc.netty.shaded.io.netty.util.internal.PlatformDependent0 137 <clinit> - sun.misc.Unsafe.theUnsafe: available
03 May 2025 04:06:50,183 [JavaFX Application Thread] DEBUG io.grpc.netty.shaded.io.netty.util.internal.PlatformDependent0 161 <clinit> - sun.misc.Unsafe.copyMemory: available
03 May 2025 04:06:50,184 [JavaFX Application Thread] DEBUG io.grpc.netty.shaded.io.netty.util.internal.PlatformDependent0 193 <clinit> - sun.misc.Unsafe.storeFence: available
03 May 2025 04:06:50,184 [JavaFX Application Thread] DEBUG io.grpc.netty.shaded.io.netty.util.internal.PlatformDependent0 236 <clinit> - java.nio.Buffer.address: available
03 May 2025 04:06:50,185 [JavaFX Application Thread] DEBUG io.grpc.netty.shaded.io.netty.util.internal.PlatformDependent0 318 <clinit> - direct buffer constructor: unavailable
java.lang.UnsupportedOperationException: Reflective setAccessible(true) disabled
	at io.grpc.netty.shaded.io.netty.util.internal.ReflectionUtil.trySetAccessible(ReflectionUtil.java:31) ~[grpc-netty-shaded-1.58.0.jar:1.58.0]
	at io.grpc.netty.shaded.io.netty.util.internal.PlatformDependent0$5.run(PlatformDependent0.java:289) ~[grpc-netty-shaded-1.58.0.jar:1.58.0]
	at java.base/java.security.AccessController.doPrivileged(AccessController.java:318) ~[?:?]
	at io.grpc.netty.shaded.io.netty.util.internal.PlatformDependent0.<clinit>(PlatformDependent0.java:282) ~[grpc-netty-shaded-1.58.0.jar:1.58.0]
	at io.grpc.netty.shaded.io.netty.util.internal.PlatformDependent.isAndroid(PlatformDependent.java:333) ~[grpc-netty-shaded-1.58.0.jar:1.58.0]
	at io.grpc.netty.shaded.io.netty.util.internal.PlatformDependent.<clinit>(PlatformDependent.java:88) ~[grpc-netty-shaded-1.58.0.jar:1.58.0]
	at io.grpc.netty.shaded.io.netty.util.AsciiString.<init>(AsciiString.java:225) ~[grpc-netty-shaded-1.58.0.jar:1.58.0]
	at io.grpc.netty.shaded.io.netty.util.AsciiString.<init>(AsciiString.java:212) ~[grpc-netty-shaded-1.58.0.jar:1.58.0]
	at io.grpc.netty.shaded.io.netty.util.AsciiString.cached(AsciiString.java:1403) ~[grpc-netty-shaded-1.58.0.jar:1.58.0]
	at io.grpc.netty.shaded.io.netty.util.AsciiString.<clinit>(AsciiString.java:48) ~[grpc-netty-shaded-1.58.0.jar:1.58.0]
	at io.grpc.netty.shaded.io.grpc.netty.Utils.<clinit>(Utils.java:78) ~[grpc-netty-shaded-1.58.0.jar:1.58.0]
	at io.grpc.netty.shaded.io.grpc.netty.UdsNettyChannelProvider.isAvailable(UdsNettyChannelProvider.java:34) ~[grpc-netty-shaded-1.58.0.jar:1.58.0]
	at io.grpc.ManagedChannelRegistry$ManagedChannelPriorityAccessor.isAvailable(ManagedChannelRegistry.java:211) ~[grpc-api-1.58.0.jar:1.58.0]
	at io.grpc.ManagedChannelRegistry$ManagedChannelPriorityAccessor.isAvailable(ManagedChannelRegistry.java:207) ~[grpc-api-1.58.0.jar:1.58.0]
	at io.grpc.ServiceProviders.loadAll(ServiceProviders.java:68) ~[grpc-api-1.58.0.jar:1.58.0]
	at io.grpc.ManagedChannelRegistry.getDefaultRegistry(ManagedChannelRegistry.java:101) ~[grpc-api-1.58.0.jar:1.58.0]
	at io.grpc.ManagedChannelProvider.provider(ManagedChannelProvider.java:43) ~[grpc-api-1.58.0.jar:1.58.0]
	at io.grpc.ManagedChannelBuilder.forAddress(ManagedChannelBuilder.java:44) ~[grpc-api-1.58.0.jar:1.58.0]
	at ro.mpp2024.grpcProxy.<init>(grpcProxy.java:37) ~[grpcClient-1.0-SNAPSHOT.jar:?]
	at ro.mpp2024.StartJsonClient.start(StartJsonClient.java:53) ~[main/:?]
	at javafx.graphics/com.sun.javafx.application.LauncherImpl.lambda$launchApplication1$9(LauncherImpl.java:839) ~[javafx-graphics-21-win.jar:?]
	at javafx.graphics/com.sun.javafx.application.PlatformImpl.lambda$runAndWait$12(PlatformImpl.java:483) ~[javafx-graphics-21-win.jar:?]
	at javafx.graphics/com.sun.javafx.application.PlatformImpl.lambda$runLater$10(PlatformImpl.java:456) ~[javafx-graphics-21-win.jar:?]
	at java.base/java.security.AccessController.doPrivileged(AccessController.java:399) ~[?:?]
	at javafx.graphics/com.sun.javafx.application.PlatformImpl.lambda$runLater$11(PlatformImpl.java:455) ~[javafx-graphics-21-win.jar:?]
	at javafx.graphics/com.sun.glass.ui.InvokeLaterDispatcher$Future.run(InvokeLaterDispatcher.java:95) ~[javafx-graphics-21-win.jar:?]
	at javafx.graphics/com.sun.glass.ui.win.WinApplication._runLoop(Native Method) ~[javafx-graphics-21-win.jar:?]
	at javafx.graphics/com.sun.glass.ui.win.WinApplication.lambda$runLoop$3(WinApplication.java:185) ~[javafx-graphics-21-win.jar:?]
	at java.base/java.lang.Thread.run(Thread.java:842) [?:?]
03 May 2025 04:06:50,194 [JavaFX Application Thread] DEBUG io.grpc.netty.shaded.io.netty.util.internal.PlatformDependent0 386 <clinit> - java.nio.Bits.unaligned: available, true
03 May 2025 04:06:50,195 [JavaFX Application Thread] DEBUG io.grpc.netty.shaded.io.netty.util.internal.PlatformDependent0 450 <clinit> - jdk.internal.misc.Unsafe.allocateUninitializedArray(int): unavailable
java.lang.IllegalAccessException: class io.grpc.netty.shaded.io.netty.util.internal.PlatformDependent0$7 cannot access class jdk.internal.misc.Unsafe (in module java.base) because module java.base does not export jdk.internal.misc to unnamed module @42b76417
	at java.base/jdk.internal.reflect.Reflection.newIllegalAccessException(Reflection.java:392) ~[?:?]
	at java.base/java.lang.reflect.AccessibleObject.checkAccess(AccessibleObject.java:674) ~[?:?]
	at java.base/java.lang.reflect.Method.invoke(Method.java:560) ~[?:?]
	at io.grpc.netty.shaded.io.netty.util.internal.PlatformDependent0$7.run(PlatformDependent0.java:411) ~[grpc-netty-shaded-1.58.0.jar:1.58.0]
	at java.base/java.security.AccessController.doPrivileged(AccessController.java:318) ~[?:?]
	at io.grpc.netty.shaded.io.netty.util.internal.PlatformDependent0.<clinit>(PlatformDependent0.java:402) ~[grpc-netty-shaded-1.58.0.jar:1.58.0]
	at io.grpc.netty.shaded.io.netty.util.internal.PlatformDependent.isAndroid(PlatformDependent.java:333) ~[grpc-netty-shaded-1.58.0.jar:1.58.0]
	at io.grpc.netty.shaded.io.netty.util.internal.PlatformDependent.<clinit>(PlatformDependent.java:88) ~[grpc-netty-shaded-1.58.0.jar:1.58.0]
	at io.grpc.netty.shaded.io.netty.util.AsciiString.<init>(AsciiString.java:225) ~[grpc-netty-shaded-1.58.0.jar:1.58.0]
	at io.grpc.netty.shaded.io.netty.util.AsciiString.<init>(AsciiString.java:212) ~[grpc-netty-shaded-1.58.0.jar:1.58.0]
	at io.grpc.netty.shaded.io.netty.util.AsciiString.cached(AsciiString.java:1403) ~[grpc-netty-shaded-1.58.0.jar:1.58.0]
	at io.grpc.netty.shaded.io.netty.util.AsciiString.<clinit>(AsciiString.java:48) ~[grpc-netty-shaded-1.58.0.jar:1.58.0]
	at io.grpc.netty.shaded.io.grpc.netty.Utils.<clinit>(Utils.java:78) ~[grpc-netty-shaded-1.58.0.jar:1.58.0]
	at io.grpc.netty.shaded.io.grpc.netty.UdsNettyChannelProvider.isAvailable(UdsNettyChannelProvider.java:34) ~[grpc-netty-shaded-1.58.0.jar:1.58.0]
	at io.grpc.ManagedChannelRegistry$ManagedChannelPriorityAccessor.isAvailable(ManagedChannelRegistry.java:211) ~[grpc-api-1.58.0.jar:1.58.0]
	at io.grpc.ManagedChannelRegistry$ManagedChannelPriorityAccessor.isAvailable(ManagedChannelRegistry.java:207) ~[grpc-api-1.58.0.jar:1.58.0]
	at io.grpc.ServiceProviders.loadAll(ServiceProviders.java:68) ~[grpc-api-1.58.0.jar:1.58.0]
	at io.grpc.ManagedChannelRegistry.getDefaultRegistry(ManagedChannelRegistry.java:101) ~[grpc-api-1.58.0.jar:1.58.0]
	at io.grpc.ManagedChannelProvider.provider(ManagedChannelProvider.java:43) ~[grpc-api-1.58.0.jar:1.58.0]
	at io.grpc.ManagedChannelBuilder.forAddress(ManagedChannelBuilder.java:44) ~[grpc-api-1.58.0.jar:1.58.0]
	at ro.mpp2024.grpcProxy.<init>(grpcProxy.java:37) ~[grpcClient-1.0-SNAPSHOT.jar:?]
	at ro.mpp2024.StartJsonClient.start(StartJsonClient.java:53) ~[main/:?]
	at javafx.graphics/com.sun.javafx.application.LauncherImpl.lambda$launchApplication1$9(LauncherImpl.java:839) ~[javafx-graphics-21-win.jar:?]
	at javafx.graphics/com.sun.javafx.application.PlatformImpl.lambda$runAndWait$12(PlatformImpl.java:483) ~[javafx-graphics-21-win.jar:?]
	at javafx.graphics/com.sun.javafx.application.PlatformImpl.lambda$runLater$10(PlatformImpl.java:456) ~[javafx-graphics-21-win.jar:?]
	at java.base/java.security.AccessController.doPrivileged(AccessController.java:399) ~[?:?]
	at javafx.graphics/com.sun.javafx.application.PlatformImpl.lambda$runLater$11(PlatformImpl.java:455) ~[javafx-graphics-21-win.jar:?]
	at javafx.graphics/com.sun.glass.ui.InvokeLaterDispatcher$Future.run(InvokeLaterDispatcher.java:95) ~[javafx-graphics-21-win.jar:?]
	at javafx.graphics/com.sun.glass.ui.win.WinApplication._runLoop(Native Method) ~[javafx-graphics-21-win.jar:?]
	at javafx.graphics/com.sun.glass.ui.win.WinApplication.lambda$runLoop$3(WinApplication.java:185) ~[javafx-graphics-21-win.jar:?]
	at java.base/java.lang.Thread.run(Thread.java:842) [?:?]
03 May 2025 04:06:50,197 [JavaFX Application Thread] DEBUG io.grpc.netty.shaded.io.netty.util.internal.PlatformDependent0 483 <clinit> - java.nio.DirectByteBuffer.<init>(long, {int,long}): unavailable
03 May 2025 04:06:50,197 [JavaFX Application Thread] DEBUG io.grpc.netty.shaded.io.netty.util.internal.PlatformDependent 1159 unsafeUnavailabilityCause0 - sun.misc.Unsafe: available
03 May 2025 04:06:50,198 [JavaFX Application Thread] DEBUG io.grpc.netty.shaded.io.netty.util.internal.PlatformDependent 1270 estimateMaxDirectMemory - maxDirectMemory: 3720347648 bytes (maybe)
03 May 2025 04:06:50,198 [JavaFX Application Thread] DEBUG io.grpc.netty.shaded.io.netty.util.internal.PlatformDependent 1289 tmpdir0 - -Dio.netty.tmpdir: C:\Users\redis\AppData\Local\Temp (java.io.tmpdir)
03 May 2025 04:06:50,198 [JavaFX Application Thread] DEBUG io.grpc.netty.shaded.io.netty.util.internal.PlatformDependent 1368 bitMode0 - -Dio.netty.bitMode: 64 (sun.arch.data.model)
03 May 2025 04:06:50,199 [JavaFX Application Thread] DEBUG io.grpc.netty.shaded.io.netty.util.internal.PlatformDependent 1119 isWindows0 - Platform: Windows
03 May 2025 04:06:50,199 [JavaFX Application Thread] DEBUG io.grpc.netty.shaded.io.netty.util.internal.PlatformDependent 178 <clinit> - -Dio.netty.maxDirectMemory: -1 bytes
03 May 2025 04:06:50,200 [JavaFX Application Thread] DEBUG io.grpc.netty.shaded.io.netty.util.internal.PlatformDependent 185 <clinit> - -Dio.netty.uninitializedArrayAllocationThreshold: -1
03 May 2025 04:06:50,200 [JavaFX Application Thread] DEBUG io.grpc.netty.shaded.io.netty.util.internal.CleanerJava9 71 <clinit> - java.nio.ByteBuffer.cleaner(): available
03 May 2025 04:06:50,201 [JavaFX Application Thread] DEBUG io.grpc.netty.shaded.io.netty.util.internal.PlatformDependent 205 <clinit> - -Dio.netty.noPreferDirect: false
03 May 2025 04:06:50,379 [JavaFX Application Thread] DEBUG io.grpc.netty.shaded.io.netty.channel.MultithreadEventLoopGroup 44 <clinit> - -Dio.netty.eventLoopThreads: 24
03 May 2025 04:06:50,387 [JavaFX Application Thread] DEBUG io.grpc.netty.shaded.io.netty.util.concurrent.GlobalEventExecutor 53 <clinit> - -Dio.netty.globalEventExecutor.quietPeriodSeconds: 1
03 May 2025 04:06:50,392 [JavaFX Application Thread] DEBUG io.grpc.netty.shaded.io.netty.util.internal.InternalThreadLocalMap 100 <clinit> - -Dio.netty.threadLocalMap.stringBuilder.initialSize: 1024
03 May 2025 04:06:50,393 [JavaFX Application Thread] DEBUG io.grpc.netty.shaded.io.netty.util.internal.InternalThreadLocalMap 101 <clinit> - -Dio.netty.threadLocalMap.stringBuilder.maxSize: 4096
03 May 2025 04:06:50,397 [JavaFX Application Thread] DEBUG io.grpc.netty.shaded.io.netty.channel.nio.NioEventLoop 110 <clinit> - -Dio.netty.noKeySetOptimization: false
03 May 2025 04:06:50,397 [JavaFX Application Thread] DEBUG io.grpc.netty.shaded.io.netty.channel.nio.NioEventLoop 111 <clinit> - -Dio.netty.selectorAutoRebuildThreshold: 512
03 May 2025 04:06:50,403 [JavaFX Application Thread] DEBUG io.grpc.netty.shaded.io.netty.util.internal.PlatformDependent$Mpsc 1010 <clinit> - org.jctools-core.MpscChunkedArrayQueue: available
03 May 2025 04:06:50,407 [JavaFX Application Thread] TRACE io.grpc.netty.shaded.io.netty.channel.nio.NioEventLoop 264 openSelector - instrumented a special java.util.Set into: sun.nio.ch.WEPollSelectorImpl@1f43de3f
03 May 2025 04:06:50,409 [JavaFX Application Thread] TRACE io.grpc.netty.shaded.io.netty.channel.nio.NioEventLoop 264 openSelector - instrumented a special java.util.Set into: sun.nio.ch.WEPollSelectorImpl@1fce3397
03 May 2025 04:06:50,411 [JavaFX Application Thread] TRACE io.grpc.netty.shaded.io.netty.channel.nio.NioEventLoop 264 openSelector - instrumented a special java.util.Set into: sun.nio.ch.WEPollSelectorImpl@4b306300
03 May 2025 04:06:50,412 [JavaFX Application Thread] TRACE io.grpc.netty.shaded.io.netty.channel.nio.NioEventLoop 264 openSelector - instrumented a special java.util.Set into: sun.nio.ch.WEPollSelectorImpl@466ec9d3
03 May 2025 04:06:50,414 [JavaFX Application Thread] TRACE io.grpc.netty.shaded.io.netty.channel.nio.NioEventLoop 264 openSelector - instrumented a special java.util.Set into: sun.nio.ch.WEPollSelectorImpl@569d8a08
03 May 2025 04:06:50,415 [JavaFX Application Thread] TRACE io.grpc.netty.shaded.io.netty.channel.nio.NioEventLoop 264 openSelector - instrumented a special java.util.Set into: sun.nio.ch.WEPollSelectorImpl@38a159c7
03 May 2025 04:06:50,417 [JavaFX Application Thread] TRACE io.grpc.netty.shaded.io.netty.channel.nio.NioEventLoop 264 openSelector - instrumented a special java.util.Set into: sun.nio.ch.WEPollSelectorImpl@70c115b0
03 May 2025 04:06:50,419 [JavaFX Application Thread] TRACE io.grpc.netty.shaded.io.netty.channel.nio.NioEventLoop 264 openSelector - instrumented a special java.util.Set into: sun.nio.ch.WEPollSelectorImpl@40d16a2a
03 May 2025 04:06:50,420 [JavaFX Application Thread] TRACE io.grpc.netty.shaded.io.netty.channel.nio.NioEventLoop 264 openSelector - instrumented a special java.util.Set into: sun.nio.ch.WEPollSelectorImpl@7aa665f2
03 May 2025 04:06:50,421 [JavaFX Application Thread] TRACE io.grpc.netty.shaded.io.netty.channel.nio.NioEventLoop 264 openSelector - instrumented a special java.util.Set into: sun.nio.ch.WEPollSelectorImpl@48fb7400
03 May 2025 04:06:50,423 [JavaFX Application Thread] TRACE io.grpc.netty.shaded.io.netty.channel.nio.NioEventLoop 264 openSelector - instrumented a special java.util.Set into: sun.nio.ch.WEPollSelectorImpl@30ef943a
03 May 2025 04:06:50,424 [JavaFX Application Thread] TRACE io.grpc.netty.shaded.io.netty.channel.nio.NioEventLoop 264 openSelector - instrumented a special java.util.Set into: sun.nio.ch.WEPollSelectorImpl@7ba43837
03 May 2025 04:06:50,470 [JavaFX Application Thread] DEBUG ro.mpp2024.grpcProxy 43 <init> - GRPCServerProxy initialized for localhost:55556
03 May 2025 04:07:17,225 [JavaFX Application Thread] INFO  ro.mpp2024.grpcProxy 48 login - Login attempt for username: 
03 May 2025 04:07:17,298 [grpc-default-executor-0] DEBUG io.grpc.netty.shaded.io.netty.util.ResourceLeakDetector 129 <clinit> - -Dio.grpc.netty.shaded.io.netty.leakDetection.level: simple
03 May 2025 04:07:17,298 [grpc-default-executor-0] DEBUG io.grpc.netty.shaded.io.netty.util.ResourceLeakDetector 130 <clinit> - -Dio.grpc.netty.shaded.io.netty.leakDetection.targetRecords: 4
03 May 2025 04:07:17,304 [grpc-default-executor-0] DEBUG io.grpc.netty.shaded.io.netty.buffer.AbstractByteBuf 63 <clinit> - -Dio.grpc.netty.shaded.io.netty.buffer.checkAccessible: true
03 May 2025 04:07:17,304 [grpc-default-executor-0] DEBUG io.grpc.netty.shaded.io.netty.buffer.AbstractByteBuf 64 <clinit> - -Dio.grpc.netty.shaded.io.netty.buffer.checkBounds: true
03 May 2025 04:07:17,305 [grpc-default-executor-0] DEBUG io.grpc.netty.shaded.io.netty.util.ResourceLeakDetectorFactory$DefaultResourceLeakDetectorFactory 196 newResourceLeakDetector - Loaded default ResourceLeakDetector: io.grpc.netty.shaded.io.netty.util.ResourceLeakDetector@65abd06e
03 May 2025 04:07:17,349 [grpc-default-executor-0] DEBUG io.grpc.netty.shaded.io.netty.buffer.PooledByteBufAllocator 157 <clinit> - -Dio.netty.allocator.numHeapArenas: 24
03 May 2025 04:07:17,349 [grpc-default-executor-0] DEBUG io.grpc.netty.shaded.io.netty.buffer.PooledByteBufAllocator 158 <clinit> - -Dio.netty.allocator.numDirectArenas: 24
03 May 2025 04:07:17,349 [grpc-default-executor-0] DEBUG io.grpc.netty.shaded.io.netty.buffer.PooledByteBufAllocator 160 <clinit> - -Dio.netty.allocator.pageSize: 8192
03 May 2025 04:07:17,349 [grpc-default-executor-0] DEBUG io.grpc.netty.shaded.io.netty.buffer.PooledByteBufAllocator 165 <clinit> - -Dio.netty.allocator.maxOrder: 9
03 May 2025 04:07:17,349 [grpc-default-executor-0] DEBUG io.grpc.netty.shaded.io.netty.buffer.PooledByteBufAllocator 169 <clinit> - -Dio.netty.allocator.chunkSize: 4194304
03 May 2025 04:07:17,349 [grpc-default-executor-0] DEBUG io.grpc.netty.shaded.io.netty.buffer.PooledByteBufAllocator 170 <clinit> - -Dio.netty.allocator.smallCacheSize: 256
03 May 2025 04:07:17,349 [grpc-default-executor-0] DEBUG io.grpc.netty.shaded.io.netty.buffer.PooledByteBufAllocator 171 <clinit> - -Dio.netty.allocator.normalCacheSize: 64
03 May 2025 04:07:17,350 [grpc-default-executor-0] DEBUG io.grpc.netty.shaded.io.netty.buffer.PooledByteBufAllocator 172 <clinit> - -Dio.netty.allocator.maxCachedBufferCapacity: 32768
03 May 2025 04:07:17,350 [grpc-default-executor-0] DEBUG io.grpc.netty.shaded.io.netty.buffer.PooledByteBufAllocator 173 <clinit> - -Dio.netty.allocator.cacheTrimInterval: 8192
03 May 2025 04:07:17,350 [grpc-default-executor-0] DEBUG io.grpc.netty.shaded.io.netty.buffer.PooledByteBufAllocator 174 <clinit> - -Dio.netty.allocator.cacheTrimIntervalMillis: 0
03 May 2025 04:07:17,350 [grpc-default-executor-0] DEBUG io.grpc.netty.shaded.io.netty.buffer.PooledByteBufAllocator 175 <clinit> - -Dio.netty.allocator.useCacheForAllThreads: false
03 May 2025 04:07:17,350 [grpc-default-executor-0] DEBUG io.grpc.netty.shaded.io.netty.buffer.PooledByteBufAllocator 176 <clinit> - -Dio.netty.allocator.maxCachedByteBuffersPerChunk: 1023
03 May 2025 04:07:17,367 [grpc-default-executor-0] DEBUG io.grpc.netty.shaded.io.netty.channel.DefaultChannelId 79 <clinit> - -Dio.netty.processId: 25760 (auto-detected)
03 May 2025 04:07:17,368 [grpc-default-executor-0] DEBUG io.grpc.netty.shaded.io.netty.util.NetUtil 148 <clinit> - -Djava.net.preferIPv4Stack: false
03 May 2025 04:07:17,368 [grpc-default-executor-0] DEBUG io.grpc.netty.shaded.io.netty.util.NetUtil 149 <clinit> - -Djava.net.preferIPv6Addresses: false
03 May 2025 04:07:17,380 [grpc-default-executor-0] DEBUG io.grpc.netty.shaded.io.netty.util.NetUtilInitializations 145 determineLoopback - Loopback interface: lo (Software Loopback Interface 1, 127.0.0.1)
03 May 2025 04:07:17,381 [grpc-default-executor-0] DEBUG io.grpc.netty.shaded.io.netty.util.NetUtil$SoMaxConnAction 206 run - Failed to get SOMAXCONN from sysctl and file \proc\sys\net\core\somaxconn. Default: 200
03 May 2025 04:07:17,398 [grpc-default-executor-0] DEBUG io.grpc.netty.shaded.io.netty.channel.DefaultChannelId 101 <clinit> - -Dio.netty.machineId: bc:f4:d4:ff:fe:12:1b:45 (auto-detected)
03 May 2025 04:07:17,417 [grpc-default-executor-0] DEBUG io.grpc.netty.shaded.io.netty.buffer.ByteBufUtil 88 <clinit> - -Dio.netty.allocator.type: pooled
03 May 2025 04:07:17,418 [grpc-default-executor-0] DEBUG io.grpc.netty.shaded.io.netty.buffer.ByteBufUtil 97 <clinit> - -Dio.netty.threadLocalDirectBufferSize: 0
03 May 2025 04:07:17,418 [grpc-default-executor-0] DEBUG io.grpc.netty.shaded.io.netty.buffer.ByteBufUtil 100 <clinit> - -Dio.netty.maxThreadLocalCharBufferSize: 16384
03 May 2025 04:07:17,425 [grpc-default-executor-0] DEBUG io.grpc.netty.shaded.io.netty.util.Recycler 96 <clinit> - -Dio.netty.recycler.maxCapacityPerThread: 4096
03 May 2025 04:07:17,425 [grpc-default-executor-0] DEBUG io.grpc.netty.shaded.io.netty.util.Recycler 97 <clinit> - -Dio.netty.recycler.ratio: 8
03 May 2025 04:07:17,425 [grpc-default-executor-0] DEBUG io.grpc.netty.shaded.io.netty.util.Recycler 98 <clinit> - -Dio.netty.recycler.chunkSize: 32
03 May 2025 04:07:17,425 [grpc-default-executor-0] DEBUG io.grpc.netty.shaded.io.netty.util.Recycler 99 <clinit> - -Dio.netty.recycler.blocking: false
03 May 2025 04:07:17,425 [grpc-default-executor-0] DEBUG io.grpc.netty.shaded.io.netty.util.Recycler 100 <clinit> - -Dio.netty.recycler.batchFastThreadLocalOnly: true
03 May 2025 04:07:17,440 [JavaFX Application Thread] ERROR ro.mpp2024.grpcProxy 78 login - RPC error during login: UNAVAILABLE: io exception
io.grpc.StatusRuntimeException: UNAVAILABLE: io exception
	at io.grpc.stub.ClientCalls.toStatusRuntimeException(ClientCalls.java:268) ~[grpc-stub-1.58.0.jar:1.58.0]
	at io.grpc.stub.ClientCalls.getUnchecked(ClientCalls.java:249) ~[grpc-stub-1.58.0.jar:1.58.0]
	at io.grpc.stub.ClientCalls.blockingUnaryCall(ClientCalls.java:167) ~[grpc-stub-1.58.0.jar:1.58.0]
	at networking.grpc.TriatlonServiceGrpc$TriatlonServiceBlockingStub.login(TriatlonServiceGrpc.java:478) ~[grpcClient-1.0-SNAPSHOT.jar:?]
	at ro.mpp2024.grpcProxy.login(grpcProxy.java:57) ~[grpcClient-1.0-SNAPSHOT.jar:?]
	at ro.mpp2024.controllers.LoginController.login(LoginController.java:39) ~[main/:?]
	at java.base/jdk.internal.reflect.NativeMethodAccessorImpl.invoke0(Native Method) ~[?:?]
	at java.base/jdk.internal.reflect.NativeMethodAccessorImpl.invoke(NativeMethodAccessorImpl.java:77) ~[?:?]
	at java.base/jdk.internal.reflect.DelegatingMethodAccessorImpl.invoke(DelegatingMethodAccessorImpl.java:43) ~[?:?]
	at java.base/java.lang.reflect.Method.invoke(Method.java:568) ~[?:?]
	at com.sun.javafx.reflect.Trampoline.invoke(MethodUtil.java:72) ~[javafx-base-21-win.jar:?]
	at jdk.internal.reflect.GeneratedMethodAccessor2.invoke(Unknown Source) ~[?:?]
	at java.base/jdk.internal.reflect.DelegatingMethodAccessorImpl.invoke(DelegatingMethodAccessorImpl.java:43) ~[?:?]
	at java.base/java.lang.reflect.Method.invoke(Method.java:568) ~[?:?]
	at javafx.base/com.sun.javafx.reflect.MethodUtil.invoke(MethodUtil.java:270) ~[javafx-base-21-win.jar:?]
	at javafx.fxml/com.sun.javafx.fxml.MethodHelper.invoke(MethodHelper.java:84) ~[javafx-fxml-21-win.jar:?]
	at javafx.fxml/javafx.fxml.FXMLLoader$MethodHandler.invoke(FXMLLoader.java:1853) ~[javafx-fxml-21-win.jar:?]
	at javafx.fxml/javafx.fxml.FXMLLoader$ControllerMethodEventHandler.handle(FXMLLoader.java:1726) ~[javafx-fxml-21-win.jar:?]
	at javafx.base/com.sun.javafx.event.CompositeEventHandler.dispatchBubblingEvent(CompositeEventHandler.java:86) ~[javafx-base-21-win.jar:?]
	at javafx.base/com.sun.javafx.event.EventHandlerManager.dispatchBubblingEvent(EventHandlerManager.java:232) ~[javafx-base-21-win.jar:?]
	at javafx.base/com.sun.javafx.event.EventHandlerManager.dispatchBubblingEvent(EventHandlerManager.java:189) ~[javafx-base-21-win.jar:?]
	at javafx.base/com.sun.javafx.event.CompositeEventDispatcher.dispatchBubblingEvent(CompositeEventDispatcher.java:59) ~[javafx-base-21-win.jar:?]
	at javafx.base/com.sun.javafx.event.BasicEventDispatcher.dispatchEvent(BasicEventDispatcher.java:58) ~[javafx-base-21-win.jar:?]
	at javafx.base/com.sun.javafx.event.EventDispatchChainImpl.dispatchEvent(EventDispatchChainImpl.java:114) ~[javafx-base-21-win.jar:?]
	at javafx.base/com.sun.javafx.event.BasicEventDispatcher.dispatchEvent(BasicEventDispatcher.java:56) ~[javafx-base-21-win.jar:?]
	at javafx.base/com.sun.javafx.event.EventDispatchChainImpl.dispatchEvent(EventDispatchChainImpl.java:114) ~[javafx-base-21-win.jar:?]
	at javafx.base/com.sun.javafx.event.BasicEventDispatcher.dispatchEvent(BasicEventDispatcher.java:56) ~[javafx-base-21-win.jar:?]
	at javafx.base/com.sun.javafx.event.EventDispatchChainImpl.dispatchEvent(EventDispatchChainImpl.java:114) ~[javafx-base-21-win.jar:?]
	at javafx.base/com.sun.javafx.event.EventUtil.fireEventImpl(EventUtil.java:74) ~[javafx-base-21-win.jar:?]
	at javafx.base/com.sun.javafx.event.EventUtil.fireEvent(EventUtil.java:49) ~[javafx-base-21-win.jar:?]
	at javafx.base/javafx.event.Event.fireEvent(Event.java:198) ~[javafx-base-21-win.jar:?]
	at javafx.graphics/javafx.scene.Node.fireEvent(Node.java:8875) ~[javafx-graphics-21-win.jar:?]
	at javafx.controls/javafx.scene.control.Button.fire(Button.java:203) ~[javafx-controls-21-win.jar:?]
	at javafx.controls/com.sun.javafx.scene.control.behavior.ButtonBehavior.mouseReleased(ButtonBehavior.java:207) ~[javafx-controls-21-win.jar:?]
	at javafx.controls/com.sun.javafx.scene.control.inputmap.InputMap.handle(InputMap.java:274) ~[javafx-controls-21-win.jar:?]
	at javafx.base/com.sun.javafx.event.CompositeEventHandler$NormalEventHandlerRecord.handleBubblingEvent(CompositeEventHandler.java:247) ~[javafx-base-21-win.jar:?]
	at javafx.base/com.sun.javafx.event.CompositeEventHandler.dispatchBubblingEvent(CompositeEventHandler.java:80) ~[javafx-base-21-win.jar:?]
	at javafx.base/com.sun.javafx.event.EventHandlerManager.dispatchBubblingEvent(EventHandlerManager.java:232) ~[javafx-base-21-win.jar:?]
	at javafx.base/com.sun.javafx.event.EventHandlerManager.dispatchBubblingEvent(EventHandlerManager.java:189) ~[javafx-base-21-win.jar:?]
	at javafx.base/com.sun.javafx.event.CompositeEventDispatcher.dispatchBubblingEvent(CompositeEventDispatcher.java:59) ~[javafx-base-21-win.jar:?]
	at javafx.base/com.sun.javafx.event.BasicEventDispatcher.dispatchEvent(BasicEventDispatcher.java:58) ~[javafx-base-21-win.jar:?]
	at javafx.base/com.sun.javafx.event.EventDispatchChainImpl.dispatchEvent(EventDispatchChainImpl.java:114) ~[javafx-base-21-win.jar:?]
	at javafx.base/com.sun.javafx.event.BasicEventDispatcher.dispatchEvent(BasicEventDispatcher.java:56) ~[javafx-base-21-win.jar:?]
	at javafx.base/com.sun.javafx.event.EventDispatchChainImpl.dispatchEvent(EventDispatchChainImpl.java:114) ~[javafx-base-21-win.jar:?]
	at javafx.base/com.sun.javafx.event.BasicEventDispatcher.dispatchEvent(BasicEventDispatcher.java:56) ~[javafx-base-21-win.jar:?]
	at javafx.base/com.sun.javafx.event.EventDispatchChainImpl.dispatchEvent(EventDispatchChainImpl.java:114) ~[javafx-base-21-win.jar:?]
	at javafx.base/com.sun.javafx.event.EventUtil.fireEventImpl(EventUtil.java:74) ~[javafx-base-21-win.jar:?]
	at javafx.base/com.sun.javafx.event.EventUtil.fireEvent(EventUtil.java:54) ~[javafx-base-21-win.jar:?]
	at javafx.base/javafx.event.Event.fireEvent(Event.java:198) ~[javafx-base-21-win.jar:?]
	at javafx.graphics/javafx.scene.Scene$MouseHandler.process(Scene.java:3984) ~[javafx-graphics-21-win.jar:?]
	at javafx.graphics/javafx.scene.Scene.processMouseEvent(Scene.java:1890) ~[javafx-graphics-21-win.jar:?]
	at javafx.graphics/javafx.scene.Scene$ScenePeerListener.mouseEvent(Scene.java:2708) ~[javafx-graphics-21-win.jar:?]
	at javafx.graphics/com.sun.javafx.tk.quantum.GlassViewEventHandler$MouseEventNotification.run(GlassViewEventHandler.java:411) ~[javafx-graphics-21-win.jar:?]
	at javafx.graphics/com.sun.javafx.tk.quantum.GlassViewEventHandler$MouseEventNotification.run(GlassViewEventHandler.java:301) ~[javafx-graphics-21-win.jar:?]
	at java.base/java.security.AccessController.doPrivileged(AccessController.java:399) ~[?:?]
	at javafx.graphics/com.sun.javafx.tk.quantum.GlassViewEventHandler.lambda$handleMouseEvent$2(GlassViewEventHandler.java:450) ~[javafx-graphics-21-win.jar:?]
	at javafx.graphics/com.sun.javafx.tk.quantum.QuantumToolkit.runWithoutRenderLock(QuantumToolkit.java:424) ~[javafx-graphics-21-win.jar:?]
	at javafx.graphics/com.sun.javafx.tk.quantum.GlassViewEventHandler.handleMouseEvent(GlassViewEventHandler.java:449) ~[javafx-graphics-21-win.jar:?]
	at javafx.graphics/com.sun.glass.ui.View.handleMouseEvent(View.java:551) ~[javafx-graphics-21-win.jar:?]
	at javafx.graphics/com.sun.glass.ui.View.notifyMouse(View.java:937) ~[javafx-graphics-21-win.jar:?]
	at javafx.graphics/com.sun.glass.ui.win.WinApplication._runLoop(Native Method) ~[javafx-graphics-21-win.jar:?]
	at javafx.graphics/com.sun.glass.ui.win.WinApplication.lambda$runLoop$3(WinApplication.java:185) ~[javafx-graphics-21-win.jar:?]
	at java.base/java.lang.Thread.run(Thread.java:842) [?:?]
Caused by: io.grpc.netty.shaded.io.netty.channel.AbstractChannel$AnnotatedConnectException: Connection refused: no further information: localhost/[0:0:0:0:0:0:0:1]:55556
Caused by: java.net.ConnectException: Connection refused: no further information
	at java.base/sun.nio.ch.Net.pollConnect(Native Method) ~[?:?]
	at java.base/sun.nio.ch.Net.pollConnectNow(Net.java:672) ~[?:?]
	at java.base/sun.nio.ch.SocketChannelImpl.finishConnect(SocketChannelImpl.java:946) ~[?:?]
	at io.grpc.netty.shaded.io.netty.channel.socket.nio.NioSocketChannel.doFinishConnect(NioSocketChannel.java:337) ~[grpc-netty-shaded-1.58.0.jar:1.58.0]
	at io.grpc.netty.shaded.io.netty.channel.nio.AbstractNioChannel$AbstractNioUnsafe.finishConnect(AbstractNioChannel.java:334) ~[grpc-netty-shaded-1.58.0.jar:1.58.0]
	at io.grpc.netty.shaded.io.netty.channel.nio.NioEventLoop.processSelectedKey(NioEventLoop.java:776) ~[grpc-netty-shaded-1.58.0.jar:1.58.0]
	at io.grpc.netty.shaded.io.netty.channel.nio.NioEventLoop.processSelectedKeysOptimized(NioEventLoop.java:724) ~[grpc-netty-shaded-1.58.0.jar:1.58.0]
	at io.grpc.netty.shaded.io.netty.channel.nio.NioEventLoop.processSelectedKeys(NioEventLoop.java:650) ~[grpc-netty-shaded-1.58.0.jar:1.58.0]
	at io.grpc.netty.shaded.io.netty.channel.nio.NioEventLoop.run(NioEventLoop.java:562) ~[grpc-netty-shaded-1.58.0.jar:1.58.0]
	at io.grpc.netty.shaded.io.netty.util.concurrent.SingleThreadEventExecutor$4.run(SingleThreadEventExecutor.java:997) ~[grpc-netty-shaded-1.58.0.jar:1.58.0]
	at io.grpc.netty.shaded.io.netty.util.internal.ThreadExecutorMap$2.run(ThreadExecutorMap.java:74) ~[grpc-netty-shaded-1.58.0.jar:1.58.0]
	at io.grpc.netty.shaded.io.netty.util.concurrent.FastThreadLocalRunnable.run(FastThreadLocalRunnable.java:30) ~[grpc-netty-shaded-1.58.0.jar:1.58.0]
	... 1 more
03 May 2025 04:07:29,000 [JavaFX Application Thread] DEBUG ro.mpp2024.StartJsonClient 29 start - Starting client application
03 May 2025 04:07:29,004 [JavaFX Application Thread] INFO  ro.mpp2024.StartJsonClient 33 start - Client properties set {server.host=localhost, server.port=55556}
03 May 2025 04:07:29,004 [JavaFX Application Thread] INFO  ro.mpp2024.StartJsonClient 50 start - Connecting to server localhost on port 55556
03 May 2025 04:07:29,033 [JavaFX Application Thread] DEBUG io.grpc.netty.shaded.io.netty.util.internal.logging.InternalLoggerFactory 76 useLog4J2LoggerFactory - Using Log4J2 as the default logging framework
03 May 2025 04:07:29,036 [JavaFX Application Thread] DEBUG io.grpc.netty.shaded.io.netty.util.internal.PlatformDependent0 497 explicitNoUnsafeCause0 - -Dio.netty.noUnsafe: false
03 May 2025 04:07:29,036 [JavaFX Application Thread] DEBUG io.grpc.netty.shaded.io.netty.util.internal.PlatformDependent0 1001 javaVersion0 - Java version: 17
03 May 2025 04:07:29,037 [JavaFX Application Thread] DEBUG io.grpc.netty.shaded.io.netty.util.internal.PlatformDependent0 137 <clinit> - sun.misc.Unsafe.theUnsafe: available
03 May 2025 04:07:29,038 [JavaFX Application Thread] DEBUG io.grpc.netty.shaded.io.netty.util.internal.PlatformDependent0 161 <clinit> - sun.misc.Unsafe.copyMemory: available
03 May 2025 04:07:29,038 [JavaFX Application Thread] DEBUG io.grpc.netty.shaded.io.netty.util.internal.PlatformDependent0 193 <clinit> - sun.misc.Unsafe.storeFence: available
03 May 2025 04:07:29,039 [JavaFX Application Thread] DEBUG io.grpc.netty.shaded.io.netty.util.internal.PlatformDependent0 236 <clinit> - java.nio.Buffer.address: available
03 May 2025 04:07:29,039 [JavaFX Application Thread] DEBUG io.grpc.netty.shaded.io.netty.util.internal.PlatformDependent0 318 <clinit> - direct buffer constructor: unavailable
java.lang.UnsupportedOperationException: Reflective setAccessible(true) disabled
	at io.grpc.netty.shaded.io.netty.util.internal.ReflectionUtil.trySetAccessible(ReflectionUtil.java:31) ~[grpc-netty-shaded-1.58.0.jar:1.58.0]
	at io.grpc.netty.shaded.io.netty.util.internal.PlatformDependent0$5.run(PlatformDependent0.java:289) ~[grpc-netty-shaded-1.58.0.jar:1.58.0]
	at java.base/java.security.AccessController.doPrivileged(AccessController.java:318) ~[?:?]
	at io.grpc.netty.shaded.io.netty.util.internal.PlatformDependent0.<clinit>(PlatformDependent0.java:282) ~[grpc-netty-shaded-1.58.0.jar:1.58.0]
	at io.grpc.netty.shaded.io.netty.util.internal.PlatformDependent.isAndroid(PlatformDependent.java:333) ~[grpc-netty-shaded-1.58.0.jar:1.58.0]
	at io.grpc.netty.shaded.io.netty.util.internal.PlatformDependent.<clinit>(PlatformDependent.java:88) ~[grpc-netty-shaded-1.58.0.jar:1.58.0]
	at io.grpc.netty.shaded.io.netty.util.AsciiString.<init>(AsciiString.java:225) ~[grpc-netty-shaded-1.58.0.jar:1.58.0]
	at io.grpc.netty.shaded.io.netty.util.AsciiString.<init>(AsciiString.java:212) ~[grpc-netty-shaded-1.58.0.jar:1.58.0]
	at io.grpc.netty.shaded.io.netty.util.AsciiString.cached(AsciiString.java:1403) ~[grpc-netty-shaded-1.58.0.jar:1.58.0]
	at io.grpc.netty.shaded.io.netty.util.AsciiString.<clinit>(AsciiString.java:48) ~[grpc-netty-shaded-1.58.0.jar:1.58.0]
	at io.grpc.netty.shaded.io.grpc.netty.Utils.<clinit>(Utils.java:78) ~[grpc-netty-shaded-1.58.0.jar:1.58.0]
	at io.grpc.netty.shaded.io.grpc.netty.UdsNettyChannelProvider.isAvailable(UdsNettyChannelProvider.java:34) ~[grpc-netty-shaded-1.58.0.jar:1.58.0]
	at io.grpc.ManagedChannelRegistry$ManagedChannelPriorityAccessor.isAvailable(ManagedChannelRegistry.java:211) ~[grpc-api-1.58.0.jar:1.58.0]
	at io.grpc.ManagedChannelRegistry$ManagedChannelPriorityAccessor.isAvailable(ManagedChannelRegistry.java:207) ~[grpc-api-1.58.0.jar:1.58.0]
	at io.grpc.ServiceProviders.loadAll(ServiceProviders.java:68) ~[grpc-api-1.58.0.jar:1.58.0]
	at io.grpc.ManagedChannelRegistry.getDefaultRegistry(ManagedChannelRegistry.java:101) ~[grpc-api-1.58.0.jar:1.58.0]
	at io.grpc.ManagedChannelProvider.provider(ManagedChannelProvider.java:43) ~[grpc-api-1.58.0.jar:1.58.0]
	at io.grpc.ManagedChannelBuilder.forAddress(ManagedChannelBuilder.java:44) ~[grpc-api-1.58.0.jar:1.58.0]
	at ro.mpp2024.grpcProxy.<init>(grpcProxy.java:37) ~[grpcClient-1.0-SNAPSHOT.jar:?]
	at ro.mpp2024.StartJsonClient.start(StartJsonClient.java:53) ~[main/:?]
	at javafx.graphics/com.sun.javafx.application.LauncherImpl.lambda$launchApplication1$9(LauncherImpl.java:839) ~[javafx-graphics-21-win.jar:?]
	at javafx.graphics/com.sun.javafx.application.PlatformImpl.lambda$runAndWait$12(PlatformImpl.java:483) ~[javafx-graphics-21-win.jar:?]
	at javafx.graphics/com.sun.javafx.application.PlatformImpl.lambda$runLater$10(PlatformImpl.java:456) ~[javafx-graphics-21-win.jar:?]
	at java.base/java.security.AccessController.doPrivileged(AccessController.java:399) ~[?:?]
	at javafx.graphics/com.sun.javafx.application.PlatformImpl.lambda$runLater$11(PlatformImpl.java:455) ~[javafx-graphics-21-win.jar:?]
	at javafx.graphics/com.sun.glass.ui.InvokeLaterDispatcher$Future.run(InvokeLaterDispatcher.java:95) ~[javafx-graphics-21-win.jar:?]
	at javafx.graphics/com.sun.glass.ui.win.WinApplication._runLoop(Native Method) ~[javafx-graphics-21-win.jar:?]
	at javafx.graphics/com.sun.glass.ui.win.WinApplication.lambda$runLoop$3(WinApplication.java:185) ~[javafx-graphics-21-win.jar:?]
	at java.base/java.lang.Thread.run(Thread.java:842) [?:?]
03 May 2025 04:07:29,049 [JavaFX Application Thread] DEBUG io.grpc.netty.shaded.io.netty.util.internal.PlatformDependent0 386 <clinit> - java.nio.Bits.unaligned: available, true
03 May 2025 04:07:29,050 [JavaFX Application Thread] DEBUG io.grpc.netty.shaded.io.netty.util.internal.PlatformDependent0 450 <clinit> - jdk.internal.misc.Unsafe.allocateUninitializedArray(int): unavailable
java.lang.IllegalAccessException: class io.grpc.netty.shaded.io.netty.util.internal.PlatformDependent0$7 cannot access class jdk.internal.misc.Unsafe (in module java.base) because module java.base does not export jdk.internal.misc to unnamed module @42b76417
	at java.base/jdk.internal.reflect.Reflection.newIllegalAccessException(Reflection.java:392) ~[?:?]
	at java.base/java.lang.reflect.AccessibleObject.checkAccess(AccessibleObject.java:674) ~[?:?]
	at java.base/java.lang.reflect.Method.invoke(Method.java:560) ~[?:?]
	at io.grpc.netty.shaded.io.netty.util.internal.PlatformDependent0$7.run(PlatformDependent0.java:411) ~[grpc-netty-shaded-1.58.0.jar:1.58.0]
	at java.base/java.security.AccessController.doPrivileged(AccessController.java:318) ~[?:?]
	at io.grpc.netty.shaded.io.netty.util.internal.PlatformDependent0.<clinit>(PlatformDependent0.java:402) ~[grpc-netty-shaded-1.58.0.jar:1.58.0]
	at io.grpc.netty.shaded.io.netty.util.internal.PlatformDependent.isAndroid(PlatformDependent.java:333) ~[grpc-netty-shaded-1.58.0.jar:1.58.0]
	at io.grpc.netty.shaded.io.netty.util.internal.PlatformDependent.<clinit>(PlatformDependent.java:88) ~[grpc-netty-shaded-1.58.0.jar:1.58.0]
	at io.grpc.netty.shaded.io.netty.util.AsciiString.<init>(AsciiString.java:225) ~[grpc-netty-shaded-1.58.0.jar:1.58.0]
	at io.grpc.netty.shaded.io.netty.util.AsciiString.<init>(AsciiString.java:212) ~[grpc-netty-shaded-1.58.0.jar:1.58.0]
	at io.grpc.netty.shaded.io.netty.util.AsciiString.cached(AsciiString.java:1403) ~[grpc-netty-shaded-1.58.0.jar:1.58.0]
	at io.grpc.netty.shaded.io.netty.util.AsciiString.<clinit>(AsciiString.java:48) ~[grpc-netty-shaded-1.58.0.jar:1.58.0]
	at io.grpc.netty.shaded.io.grpc.netty.Utils.<clinit>(Utils.java:78) ~[grpc-netty-shaded-1.58.0.jar:1.58.0]
	at io.grpc.netty.shaded.io.grpc.netty.UdsNettyChannelProvider.isAvailable(UdsNettyChannelProvider.java:34) ~[grpc-netty-shaded-1.58.0.jar:1.58.0]
	at io.grpc.ManagedChannelRegistry$ManagedChannelPriorityAccessor.isAvailable(ManagedChannelRegistry.java:211) ~[grpc-api-1.58.0.jar:1.58.0]
	at io.grpc.ManagedChannelRegistry$ManagedChannelPriorityAccessor.isAvailable(ManagedChannelRegistry.java:207) ~[grpc-api-1.58.0.jar:1.58.0]
	at io.grpc.ServiceProviders.loadAll(ServiceProviders.java:68) ~[grpc-api-1.58.0.jar:1.58.0]
	at io.grpc.ManagedChannelRegistry.getDefaultRegistry(ManagedChannelRegistry.java:101) ~[grpc-api-1.58.0.jar:1.58.0]
	at io.grpc.ManagedChannelProvider.provider(ManagedChannelProvider.java:43) ~[grpc-api-1.58.0.jar:1.58.0]
	at io.grpc.ManagedChannelBuilder.forAddress(ManagedChannelBuilder.java:44) ~[grpc-api-1.58.0.jar:1.58.0]
	at ro.mpp2024.grpcProxy.<init>(grpcProxy.java:37) ~[grpcClient-1.0-SNAPSHOT.jar:?]
	at ro.mpp2024.StartJsonClient.start(StartJsonClient.java:53) ~[main/:?]
	at javafx.graphics/com.sun.javafx.application.LauncherImpl.lambda$launchApplication1$9(LauncherImpl.java:839) ~[javafx-graphics-21-win.jar:?]
	at javafx.graphics/com.sun.javafx.application.PlatformImpl.lambda$runAndWait$12(PlatformImpl.java:483) ~[javafx-graphics-21-win.jar:?]
	at javafx.graphics/com.sun.javafx.application.PlatformImpl.lambda$runLater$10(PlatformImpl.java:456) ~[javafx-graphics-21-win.jar:?]
	at java.base/java.security.AccessController.doPrivileged(AccessController.java:399) ~[?:?]
	at javafx.graphics/com.sun.javafx.application.PlatformImpl.lambda$runLater$11(PlatformImpl.java:455) ~[javafx-graphics-21-win.jar:?]
	at javafx.graphics/com.sun.glass.ui.InvokeLaterDispatcher$Future.run(InvokeLaterDispatcher.java:95) ~[javafx-graphics-21-win.jar:?]
	at javafx.graphics/com.sun.glass.ui.win.WinApplication._runLoop(Native Method) ~[javafx-graphics-21-win.jar:?]
	at javafx.graphics/com.sun.glass.ui.win.WinApplication.lambda$runLoop$3(WinApplication.java:185) ~[javafx-graphics-21-win.jar:?]
	at java.base/java.lang.Thread.run(Thread.java:842) [?:?]
03 May 2025 04:07:29,051 [JavaFX Application Thread] DEBUG io.grpc.netty.shaded.io.netty.util.internal.PlatformDependent0 483 <clinit> - java.nio.DirectByteBuffer.<init>(long, {int,long}): unavailable
03 May 2025 04:07:29,051 [JavaFX Application Thread] DEBUG io.grpc.netty.shaded.io.netty.util.internal.PlatformDependent 1159 unsafeUnavailabilityCause0 - sun.misc.Unsafe: available
03 May 2025 04:07:29,052 [JavaFX Application Thread] DEBUG io.grpc.netty.shaded.io.netty.util.internal.PlatformDependent 1270 estimateMaxDirectMemory - maxDirectMemory: 3720347648 bytes (maybe)
03 May 2025 04:07:29,053 [JavaFX Application Thread] DEBUG io.grpc.netty.shaded.io.netty.util.internal.PlatformDependent 1289 tmpdir0 - -Dio.netty.tmpdir: C:\Users\redis\AppData\Local\Temp (java.io.tmpdir)
03 May 2025 04:07:29,053 [JavaFX Application Thread] DEBUG io.grpc.netty.shaded.io.netty.util.internal.PlatformDependent 1368 bitMode0 - -Dio.netty.bitMode: 64 (sun.arch.data.model)
03 May 2025 04:07:29,053 [JavaFX Application Thread] DEBUG io.grpc.netty.shaded.io.netty.util.internal.PlatformDependent 1119 isWindows0 - Platform: Windows
03 May 2025 04:07:29,054 [JavaFX Application Thread] DEBUG io.grpc.netty.shaded.io.netty.util.internal.PlatformDependent 178 <clinit> - -Dio.netty.maxDirectMemory: -1 bytes
03 May 2025 04:07:29,054 [JavaFX Application Thread] DEBUG io.grpc.netty.shaded.io.netty.util.internal.PlatformDependent 185 <clinit> - -Dio.netty.uninitializedArrayAllocationThreshold: -1
03 May 2025 04:07:29,055 [JavaFX Application Thread] DEBUG io.grpc.netty.shaded.io.netty.util.internal.CleanerJava9 71 <clinit> - java.nio.ByteBuffer.cleaner(): available
03 May 2025 04:07:29,055 [JavaFX Application Thread] DEBUG io.grpc.netty.shaded.io.netty.util.internal.PlatformDependent 205 <clinit> - -Dio.netty.noPreferDirect: false
03 May 2025 04:07:29,190 [JavaFX Application Thread] DEBUG io.grpc.netty.shaded.io.netty.channel.MultithreadEventLoopGroup 44 <clinit> - -Dio.netty.eventLoopThreads: 24
03 May 2025 04:07:29,197 [JavaFX Application Thread] DEBUG io.grpc.netty.shaded.io.netty.util.concurrent.GlobalEventExecutor 53 <clinit> - -Dio.netty.globalEventExecutor.quietPeriodSeconds: 1
03 May 2025 04:07:29,203 [JavaFX Application Thread] DEBUG io.grpc.netty.shaded.io.netty.util.internal.InternalThreadLocalMap 100 <clinit> - -Dio.netty.threadLocalMap.stringBuilder.initialSize: 1024
03 May 2025 04:07:29,203 [JavaFX Application Thread] DEBUG io.grpc.netty.shaded.io.netty.util.internal.InternalThreadLocalMap 101 <clinit> - -Dio.netty.threadLocalMap.stringBuilder.maxSize: 4096
03 May 2025 04:07:29,207 [JavaFX Application Thread] DEBUG io.grpc.netty.shaded.io.netty.channel.nio.NioEventLoop 110 <clinit> - -Dio.netty.noKeySetOptimization: false
03 May 2025 04:07:29,207 [JavaFX Application Thread] DEBUG io.grpc.netty.shaded.io.netty.channel.nio.NioEventLoop 111 <clinit> - -Dio.netty.selectorAutoRebuildThreshold: 512
03 May 2025 04:07:29,213 [JavaFX Application Thread] DEBUG io.grpc.netty.shaded.io.netty.util.internal.PlatformDependent$Mpsc 1010 <clinit> - org.jctools-core.MpscChunkedArrayQueue: available
03 May 2025 04:07:29,217 [JavaFX Application Thread] TRACE io.grpc.netty.shaded.io.netty.channel.nio.NioEventLoop 264 openSelector - instrumented a special java.util.Set into: sun.nio.ch.WEPollSelectorImpl@1f43de3f
03 May 2025 04:07:29,218 [JavaFX Application Thread] TRACE io.grpc.netty.shaded.io.netty.channel.nio.NioEventLoop 264 openSelector - instrumented a special java.util.Set into: sun.nio.ch.WEPollSelectorImpl@1fce3397
03 May 2025 04:07:29,220 [JavaFX Application Thread] TRACE io.grpc.netty.shaded.io.netty.channel.nio.NioEventLoop 264 openSelector - instrumented a special java.util.Set into: sun.nio.ch.WEPollSelectorImpl@4b306300
03 May 2025 04:07:29,221 [JavaFX Application Thread] TRACE io.grpc.netty.shaded.io.netty.channel.nio.NioEventLoop 264 openSelector - instrumented a special java.util.Set into: sun.nio.ch.WEPollSelectorImpl@466ec9d3
03 May 2025 04:07:29,222 [JavaFX Application Thread] TRACE io.grpc.netty.shaded.io.netty.channel.nio.NioEventLoop 264 openSelector - instrumented a special java.util.Set into: sun.nio.ch.WEPollSelectorImpl@569d8a08
03 May 2025 04:07:29,224 [JavaFX Application Thread] TRACE io.grpc.netty.shaded.io.netty.channel.nio.NioEventLoop 264 openSelector - instrumented a special java.util.Set into: sun.nio.ch.WEPollSelectorImpl@38a159c7
03 May 2025 04:07:29,225 [JavaFX Application Thread] TRACE io.grpc.netty.shaded.io.netty.channel.nio.NioEventLoop 264 openSelector - instrumented a special java.util.Set into: sun.nio.ch.WEPollSelectorImpl@70c115b0
03 May 2025 04:07:29,226 [JavaFX Application Thread] TRACE io.grpc.netty.shaded.io.netty.channel.nio.NioEventLoop 264 openSelector - instrumented a special java.util.Set into: sun.nio.ch.WEPollSelectorImpl@40d16a2a
03 May 2025 04:07:29,227 [JavaFX Application Thread] TRACE io.grpc.netty.shaded.io.netty.channel.nio.NioEventLoop 264 openSelector - instrumented a special java.util.Set into: sun.nio.ch.WEPollSelectorImpl@7aa665f2
03 May 2025 04:07:29,228 [JavaFX Application Thread] TRACE io.grpc.netty.shaded.io.netty.channel.nio.NioEventLoop 264 openSelector - instrumented a special java.util.Set into: sun.nio.ch.WEPollSelectorImpl@48fb7400
03 May 2025 04:07:29,229 [JavaFX Application Thread] TRACE io.grpc.netty.shaded.io.netty.channel.nio.NioEventLoop 264 openSelector - instrumented a special java.util.Set into: sun.nio.ch.WEPollSelectorImpl@30ef943a
03 May 2025 04:07:29,231 [JavaFX Application Thread] TRACE io.grpc.netty.shaded.io.netty.channel.nio.NioEventLoop 264 openSelector - instrumented a special java.util.Set into: sun.nio.ch.WEPollSelectorImpl@7ba43837
03 May 2025 04:07:29,270 [JavaFX Application Thread] DEBUG ro.mpp2024.grpcProxy 43 <init> - GRPCServerProxy initialized for localhost:55556
03 May 2025 04:07:32,301 [JavaFX Application Thread] INFO  ro.mpp2024.grpcProxy 48 login - Login attempt for username: 
03 May 2025 04:07:32,382 [grpc-default-executor-0] DEBUG io.grpc.netty.shaded.io.netty.util.ResourceLeakDetector 129 <clinit> - -Dio.grpc.netty.shaded.io.netty.leakDetection.level: simple
03 May 2025 04:07:32,383 [grpc-default-executor-0] DEBUG io.grpc.netty.shaded.io.netty.util.ResourceLeakDetector 130 <clinit> - -Dio.grpc.netty.shaded.io.netty.leakDetection.targetRecords: 4
03 May 2025 04:07:32,387 [grpc-default-executor-0] DEBUG io.grpc.netty.shaded.io.netty.buffer.AbstractByteBuf 63 <clinit> - -Dio.grpc.netty.shaded.io.netty.buffer.checkAccessible: true
03 May 2025 04:07:32,387 [grpc-default-executor-0] DEBUG io.grpc.netty.shaded.io.netty.buffer.AbstractByteBuf 64 <clinit> - -Dio.grpc.netty.shaded.io.netty.buffer.checkBounds: true
03 May 2025 04:07:32,388 [grpc-default-executor-0] DEBUG io.grpc.netty.shaded.io.netty.util.ResourceLeakDetectorFactory$DefaultResourceLeakDetectorFactory 196 newResourceLeakDetector - Loaded default ResourceLeakDetector: io.grpc.netty.shaded.io.netty.util.ResourceLeakDetector@65abd06e
03 May 2025 04:07:32,435 [grpc-default-executor-0] DEBUG io.grpc.netty.shaded.io.netty.buffer.PooledByteBufAllocator 157 <clinit> - -Dio.netty.allocator.numHeapArenas: 24
03 May 2025 04:07:32,435 [grpc-default-executor-0] DEBUG io.grpc.netty.shaded.io.netty.buffer.PooledByteBufAllocator 158 <clinit> - -Dio.netty.allocator.numDirectArenas: 24
03 May 2025 04:07:32,435 [grpc-default-executor-0] DEBUG io.grpc.netty.shaded.io.netty.buffer.PooledByteBufAllocator 160 <clinit> - -Dio.netty.allocator.pageSize: 8192
03 May 2025 04:07:32,435 [grpc-default-executor-0] DEBUG io.grpc.netty.shaded.io.netty.buffer.PooledByteBufAllocator 165 <clinit> - -Dio.netty.allocator.maxOrder: 9
03 May 2025 04:07:32,435 [grpc-default-executor-0] DEBUG io.grpc.netty.shaded.io.netty.buffer.PooledByteBufAllocator 169 <clinit> - -Dio.netty.allocator.chunkSize: 4194304
03 May 2025 04:07:32,435 [grpc-default-executor-0] DEBUG io.grpc.netty.shaded.io.netty.buffer.PooledByteBufAllocator 170 <clinit> - -Dio.netty.allocator.smallCacheSize: 256
03 May 2025 04:07:32,435 [grpc-default-executor-0] DEBUG io.grpc.netty.shaded.io.netty.buffer.PooledByteBufAllocator 171 <clinit> - -Dio.netty.allocator.normalCacheSize: 64
03 May 2025 04:07:32,436 [grpc-default-executor-0] DEBUG io.grpc.netty.shaded.io.netty.buffer.PooledByteBufAllocator 172 <clinit> - -Dio.netty.allocator.maxCachedBufferCapacity: 32768
03 May 2025 04:07:32,436 [grpc-default-executor-0] DEBUG io.grpc.netty.shaded.io.netty.buffer.PooledByteBufAllocator 173 <clinit> - -Dio.netty.allocator.cacheTrimInterval: 8192
03 May 2025 04:07:32,436 [grpc-default-executor-0] DEBUG io.grpc.netty.shaded.io.netty.buffer.PooledByteBufAllocator 174 <clinit> - -Dio.netty.allocator.cacheTrimIntervalMillis: 0
03 May 2025 04:07:32,436 [grpc-default-executor-0] DEBUG io.grpc.netty.shaded.io.netty.buffer.PooledByteBufAllocator 175 <clinit> - -Dio.netty.allocator.useCacheForAllThreads: false
03 May 2025 04:07:32,436 [grpc-default-executor-0] DEBUG io.grpc.netty.shaded.io.netty.buffer.PooledByteBufAllocator 176 <clinit> - -Dio.netty.allocator.maxCachedByteBuffersPerChunk: 1023
03 May 2025 04:07:32,450 [grpc-default-executor-0] DEBUG io.grpc.netty.shaded.io.netty.channel.DefaultChannelId 79 <clinit> - -Dio.netty.processId: 18104 (auto-detected)
03 May 2025 04:07:32,452 [grpc-default-executor-0] DEBUG io.grpc.netty.shaded.io.netty.util.NetUtil 148 <clinit> - -Djava.net.preferIPv4Stack: false
03 May 2025 04:07:32,452 [grpc-default-executor-0] DEBUG io.grpc.netty.shaded.io.netty.util.NetUtil 149 <clinit> - -Djava.net.preferIPv6Addresses: false
03 May 2025 04:07:32,463 [grpc-default-executor-0] DEBUG io.grpc.netty.shaded.io.netty.util.NetUtilInitializations 145 determineLoopback - Loopback interface: lo (Software Loopback Interface 1, 127.0.0.1)
03 May 2025 04:07:32,464 [grpc-default-executor-0] DEBUG io.grpc.netty.shaded.io.netty.util.NetUtil$SoMaxConnAction 206 run - Failed to get SOMAXCONN from sysctl and file \proc\sys\net\core\somaxconn. Default: 200
03 May 2025 04:07:32,481 [grpc-default-executor-0] DEBUG io.grpc.netty.shaded.io.netty.channel.DefaultChannelId 101 <clinit> - -Dio.netty.machineId: bc:f4:d4:ff:fe:12:1b:45 (auto-detected)
03 May 2025 04:07:32,498 [grpc-default-executor-0] DEBUG io.grpc.netty.shaded.io.netty.buffer.ByteBufUtil 88 <clinit> - -Dio.netty.allocator.type: pooled
03 May 2025 04:07:32,498 [grpc-default-executor-0] DEBUG io.grpc.netty.shaded.io.netty.buffer.ByteBufUtil 97 <clinit> - -Dio.netty.threadLocalDirectBufferSize: 0
03 May 2025 04:07:32,498 [grpc-default-executor-0] DEBUG io.grpc.netty.shaded.io.netty.buffer.ByteBufUtil 100 <clinit> - -Dio.netty.maxThreadLocalCharBufferSize: 16384
03 May 2025 04:07:32,505 [grpc-default-executor-0] DEBUG io.grpc.netty.shaded.io.netty.util.Recycler 96 <clinit> - -Dio.netty.recycler.maxCapacityPerThread: 4096
03 May 2025 04:07:32,505 [grpc-default-executor-0] DEBUG io.grpc.netty.shaded.io.netty.util.Recycler 97 <clinit> - -Dio.netty.recycler.ratio: 8
03 May 2025 04:07:32,505 [grpc-default-executor-0] DEBUG io.grpc.netty.shaded.io.netty.util.Recycler 98 <clinit> - -Dio.netty.recycler.chunkSize: 32
03 May 2025 04:07:32,505 [grpc-default-executor-0] DEBUG io.grpc.netty.shaded.io.netty.util.Recycler 99 <clinit> - -Dio.netty.recycler.blocking: false
03 May 2025 04:07:32,505 [grpc-default-executor-0] DEBUG io.grpc.netty.shaded.io.netty.util.Recycler 100 <clinit> - -Dio.netty.recycler.batchFastThreadLocalOnly: true
03 May 2025 04:07:32,517 [grpc-nio-worker-ELG-1-2] DEBUG io.grpc.netty.shaded.io.netty.util.internal.logging.Log4J2Logger 114 log - [id: 0x4bb93655, L:/127.0.0.1:63758 - R:localhost/127.0.0.1:55556] OUTBOUND SETTINGS: ack=false settings={=0, =0, =1048576, =8192}
03 May 2025 04:07:32,524 [grpc-nio-worker-ELG-1-2] DEBUG io.grpc.netty.shaded.io.netty.util.internal.logging.Log4J2Logger 114 log - [id: 0x4bb93655, L:/127.0.0.1:63758 - R:localhost/127.0.0.1:55556] OUTBOUND WINDOW_UPDATE: streamId=0 windowSizeIncrement=983041
03 May 2025 04:07:32,531 [grpc-nio-worker-ELG-1-2] DEBUG io.grpc.netty.shaded.io.netty.util.internal.logging.Log4J2Logger 114 log - [id: 0x4bb93655, L:/127.0.0.1:63758 - R:localhost/127.0.0.1:55556] INBOUND SETTINGS: ack=false settings={︃=1, =4194303, =4194303, =8192}
03 May 2025 04:07:32,532 [grpc-nio-worker-ELG-1-2] DEBUG io.grpc.netty.shaded.io.netty.util.internal.logging.Log4J2Logger 109 log - [id: 0x4bb93655, L:/127.0.0.1:63758 - R:localhost/127.0.0.1:55556] OUTBOUND SETTINGS: ack=true
03 May 2025 04:07:32,544 [grpc-nio-worker-ELG-1-2] DEBUG io.grpc.netty.shaded.io.netty.util.internal.logging.Log4J2Logger 114 log - [id: 0x4bb93655, L:/127.0.0.1:63758 - R:localhost/127.0.0.1:55556] INBOUND WINDOW_UPDATE: streamId=0 windowSizeIncrement=4128768
03 May 2025 04:07:32,544 [grpc-nio-worker-ELG-1-2] DEBUG io.grpc.netty.shaded.io.netty.util.internal.logging.Log4J2Logger 109 log - [id: 0x4bb93655, L:/127.0.0.1:63758 - R:localhost/127.0.0.1:55556] INBOUND SETTINGS: ack=true
03 May 2025 04:07:32,554 [grpc-nio-worker-ELG-1-2] DEBUG io.grpc.netty.shaded.io.netty.util.internal.logging.Log4J2Logger 114 log - [id: 0x4bb93655, L:/127.0.0.1:63758 - R:localhost/127.0.0.1:55556] OUTBOUND HEADERS: streamId=3 headers=GrpcHttp2OutboundHeaders[:authority: localhost:55556, :path: /triatlon.TriatlonService/Login, :method: POST, :scheme: http, content-type: application/grpc, te: trailers, user-agent: grpc-java-netty/1.58.0, grpc-accept-encoding: gzip] streamDependency=0 weight=16 exclusive=false padding=0 endStream=false
03 May 2025 04:07:32,562 [grpc-nio-worker-ELG-1-2] DEBUG io.grpc.netty.shaded.io.netty.util.internal.logging.Log4J2Logger 114 log - [id: 0x4bb93655, L:/127.0.0.1:63758 - R:localhost/127.0.0.1:55556] OUTBOUND DATA: streamId=3 padding=0 endStream=true length=5 bytes=0000000000
03 May 2025 04:07:32,565 [grpc-nio-worker-ELG-1-2] DEBUG io.grpc.netty.shaded.io.netty.util.internal.logging.Log4J2Logger 114 log - [id: 0x4bb93655, L:/127.0.0.1:63758 - R:localhost/127.0.0.1:55556] INBOUND PING: ack=false bytes=0
03 May 2025 04:07:32,566 [grpc-nio-worker-ELG-1-2] DEBUG io.grpc.netty.shaded.io.netty.util.internal.logging.Log4J2Logger 114 log - [id: 0x4bb93655, L:/127.0.0.1:63758 - R:localhost/127.0.0.1:55556] OUTBOUND PING: ack=true bytes=0
03 May 2025 04:07:32,695 [grpc-nio-worker-ELG-1-2] DEBUG io.grpc.netty.shaded.io.netty.util.internal.logging.Log4J2Logger 114 log - [id: 0x4bb93655, L:/127.0.0.1:63758 - R:localhost/127.0.0.1:55556] INBOUND HEADERS: streamId=3 headers=GrpcHttp2ResponseHeaders[:status: 200, content-type: application/grpc, grpc-accept-encoding: identity, deflate, gzip] padding=0 endStream=false
03 May 2025 04:07:32,698 [grpc-nio-worker-ELG-1-2] DEBUG io.grpc.netty.shaded.io.netty.util.internal.logging.Log4J2Logger 114 log - [id: 0x4bb93655, L:/127.0.0.1:63758 - R:localhost/127.0.0.1:55556] INBOUND WINDOW_UPDATE: streamId=3 windowSizeIncrement=10
03 May 2025 04:07:32,699 [grpc-nio-worker-ELG-1-2] DEBUG io.grpc.netty.shaded.io.netty.util.internal.logging.Log4J2Logger 114 log - [id: 0x4bb93655, L:/127.0.0.1:63758 - R:localhost/127.0.0.1:55556] INBOUND DATA: streamId=3 padding=0 endStream=false length=30 bytes=00000000191217557365726e616d6520646f65736e277420657869737421
03 May 2025 04:07:32,699 [grpc-nio-worker-ELG-1-2] DEBUG io.grpc.netty.shaded.io.netty.util.internal.logging.Log4J2Logger 114 log - [id: 0x4bb93655, L:/127.0.0.1:63758 - R:localhost/127.0.0.1:55556] OUTBOUND PING: ack=false bytes=1234
03 May 2025 04:07:32,702 [grpc-nio-worker-ELG-1-2] DEBUG io.grpc.netty.shaded.io.netty.util.internal.logging.Log4J2Logger 114 log - [id: 0x4bb93655, L:/127.0.0.1:63758 - R:localhost/127.0.0.1:55556] INBOUND HEADERS: streamId=3 headers=GrpcHttp2ResponseHeaders[grpc-status: 0] padding=0 endStream=true
03 May 2025 04:07:32,704 [grpc-nio-worker-ELG-1-2] DEBUG io.grpc.netty.shaded.io.netty.util.internal.logging.Log4J2Logger 114 log - [id: 0x4bb93655, L:/127.0.0.1:63758 - R:localhost/127.0.0.1:55556] INBOUND WINDOW_UPDATE: streamId=0 windowSizeIncrement=10
03 May 2025 04:07:32,705 [grpc-nio-worker-ELG-1-2] DEBUG io.grpc.netty.shaded.io.netty.util.internal.logging.Log4J2Logger 114 log - [id: 0x4bb93655, L:/127.0.0.1:63758 - R:localhost/127.0.0.1:55556] INBOUND PING: ack=true bytes=1234
03 May 2025 04:07:32,710 [JavaFX Application Thread] ERROR ro.mpp2024.grpcProxy 60 login - Login failed: Username doesn't exist!
03 May 2025 04:07:42,151 [JavaFX Application Thread] INFO  ro.mpp2024.grpcProxy 48 login - Login attempt for username: andrei03
03 May 2025 04:07:42,152 [grpc-nio-worker-ELG-1-2] DEBUG io.grpc.netty.shaded.io.netty.util.internal.logging.Log4J2Logger 114 log - [id: 0x4bb93655, L:/127.0.0.1:63758 - R:localhost/127.0.0.1:55556] OUTBOUND HEADERS: streamId=5 headers=GrpcHttp2OutboundHeaders[:authority: localhost:55556, :path: /triatlon.TriatlonService/Login, :method: POST, :scheme: http, content-type: application/grpc, te: trailers, user-agent: grpc-java-netty/1.58.0, grpc-accept-encoding: gzip] streamDependency=0 weight=16 exclusive=false padding=0 endStream=false
03 May 2025 04:07:42,153 [grpc-nio-worker-ELG-1-2] DEBUG io.grpc.netty.shaded.io.netty.util.internal.logging.Log4J2Logger 114 log - [id: 0x4bb93655, L:/127.0.0.1:63758 - R:localhost/127.0.0.1:55556] OUTBOUND DATA: streamId=5 padding=0 endStream=true length=33 bytes=000000001c0a08616e64726569303312104d54497a4e4455324e7a67355632453d
03 May 2025 04:07:42,153 [grpc-nio-worker-ELG-1-2] DEBUG io.grpc.netty.shaded.io.netty.util.internal.logging.Log4J2Logger 114 log - [id: 0x4bb93655, L:/127.0.0.1:63758 - R:localhost/127.0.0.1:55556] INBOUND PING: ack=false bytes=1
03 May 2025 04:07:42,154 [grpc-nio-worker-ELG-1-2] DEBUG io.grpc.netty.shaded.io.netty.util.internal.logging.Log4J2Logger 114 log - [id: 0x4bb93655, L:/127.0.0.1:63758 - R:localhost/127.0.0.1:55556] OUTBOUND PING: ack=true bytes=1
03 May 2025 04:07:42,160 [grpc-nio-worker-ELG-1-2] DEBUG io.grpc.netty.shaded.io.netty.util.internal.logging.Log4J2Logger 114 log - [id: 0x4bb93655, L:/127.0.0.1:63758 - R:localhost/127.0.0.1:55556] INBOUND HEADERS: streamId=5 headers=GrpcHttp2ResponseHeaders[:status: 200, content-type: application/grpc, grpc-accept-encoding: identity, deflate, gzip] padding=0 endStream=false
03 May 2025 04:07:42,160 [grpc-nio-worker-ELG-1-2] DEBUG io.grpc.netty.shaded.io.netty.util.internal.logging.Log4J2Logger 114 log - [id: 0x4bb93655, L:/127.0.0.1:63758 - R:localhost/127.0.0.1:55556] INBOUND WINDOW_UPDATE: streamId=5 windowSizeIncrement=38
03 May 2025 04:07:42,161 [grpc-nio-worker-ELG-1-2] DEBUG io.grpc.netty.shaded.io.netty.util.internal.logging.Log4J2Logger 114 log - [id: 0x4bb93655, L:/127.0.0.1:63758 - R:localhost/127.0.0.1:55556] INBOUND DATA: streamId=5 padding=0 endStream=false length=22 bytes=0000000011120f57726f6e672050617373776f726421
03 May 2025 04:07:42,161 [grpc-nio-worker-ELG-1-2] DEBUG io.grpc.netty.shaded.io.netty.util.internal.logging.Log4J2Logger 114 log - [id: 0x4bb93655, L:/127.0.0.1:63758 - R:localhost/127.0.0.1:55556] INBOUND HEADERS: streamId=5 headers=GrpcHttp2ResponseHeaders[grpc-status: 0] padding=0 endStream=true
03 May 2025 04:07:42,161 [JavaFX Application Thread] ERROR ro.mpp2024.grpcProxy 60 login - Login failed: Wrong Password!
03 May 2025 04:07:42,161 [grpc-nio-worker-ELG-1-2] DEBUG io.grpc.netty.shaded.io.netty.util.internal.logging.Log4J2Logger 114 log - [id: 0x4bb93655, L:/127.0.0.1:63758 - R:localhost/127.0.0.1:55556] INBOUND WINDOW_UPDATE: streamId=0 windowSizeIncrement=33
03 May 2025 04:07:46,533 [JavaFX Application Thread] INFO  ro.mpp2024.grpcProxy 48 login - Login attempt for username: andrei03
03 May 2025 04:07:46,534 [grpc-nio-worker-ELG-1-2] DEBUG io.grpc.netty.shaded.io.netty.util.internal.logging.Log4J2Logger 114 log - [id: 0x4bb93655, L:/127.0.0.1:63758 - R:localhost/127.0.0.1:55556] OUTBOUND HEADERS: streamId=7 headers=GrpcHttp2OutboundHeaders[:authority: localhost:55556, :path: /triatlon.TriatlonService/Login, :method: POST, :scheme: http, content-type: application/grpc, te: trailers, user-agent: grpc-java-netty/1.58.0, grpc-accept-encoding: gzip] streamDependency=0 weight=16 exclusive=false padding=0 endStream=false
03 May 2025 04:07:46,534 [grpc-nio-worker-ELG-1-2] DEBUG io.grpc.netty.shaded.io.netty.util.internal.logging.Log4J2Logger 114 log - [id: 0x4bb93655, L:/127.0.0.1:63758 - R:localhost/127.0.0.1:55556] OUTBOUND DATA: streamId=7 padding=0 endStream=true length=33 bytes=000000001c0a08616e64726569303312104d54497a4e4455324e7a685859513d3d
03 May 2025 04:07:46,535 [grpc-nio-worker-ELG-1-2] DEBUG io.grpc.netty.shaded.io.netty.util.internal.logging.Log4J2Logger 114 log - [id: 0x4bb93655, L:/127.0.0.1:63758 - R:localhost/127.0.0.1:55556] INBOUND PING: ack=false bytes=2
03 May 2025 04:07:46,535 [grpc-nio-worker-ELG-1-2] DEBUG io.grpc.netty.shaded.io.netty.util.internal.logging.Log4J2Logger 114 log - [id: 0x4bb93655, L:/127.0.0.1:63758 - R:localhost/127.0.0.1:55556] OUTBOUND PING: ack=true bytes=2
03 May 2025 04:07:46,538 [grpc-nio-worker-ELG-1-2] DEBUG io.grpc.netty.shaded.io.netty.util.internal.logging.Log4J2Logger 114 log - [id: 0x4bb93655, L:/127.0.0.1:63758 - R:localhost/127.0.0.1:55556] INBOUND HEADERS: streamId=7 headers=GrpcHttp2ResponseHeaders[:status: 200, content-type: application/grpc, grpc-accept-encoding: identity, deflate, gzip] padding=0 endStream=false
03 May 2025 04:07:46,538 [grpc-nio-worker-ELG-1-2] DEBUG io.grpc.netty.shaded.io.netty.util.internal.logging.Log4J2Logger 114 log - [id: 0x4bb93655, L:/127.0.0.1:63758 - R:localhost/127.0.0.1:55556] INBOUND WINDOW_UPDATE: streamId=7 windowSizeIncrement=38
03 May 2025 04:07:46,539 [grpc-nio-worker-ELG-1-2] DEBUG io.grpc.netty.shaded.io.netty.util.internal.logging.Log4J2Logger 114 log - [id: 0x4bb93655, L:/127.0.0.1:63758 - R:localhost/127.0.0.1:55556] INBOUND DATA: streamId=7 padding=0 endStream=false length=58 bytes=000000003508011a310807120d416e6472656920566173696c651a08616e64726569303322104d54497a4e4455324e7a685859513d3d2a026330
03 May 2025 04:07:46,539 [grpc-nio-worker-ELG-1-2] DEBUG io.grpc.netty.shaded.io.netty.util.internal.logging.Log4J2Logger 114 log - [id: 0x4bb93655, L:/127.0.0.1:63758 - R:localhost/127.0.0.1:55556] INBOUND HEADERS: streamId=7 headers=GrpcHttp2ResponseHeaders[grpc-status: 0] padding=0 endStream=true
03 May 2025 04:07:46,539 [grpc-nio-worker-ELG-1-2] DEBUG io.grpc.netty.shaded.io.netty.util.internal.logging.Log4J2Logger 114 log - [id: 0x4bb93655, L:/127.0.0.1:63758 - R:localhost/127.0.0.1:55556] INBOUND WINDOW_UPDATE: streamId=0 windowSizeIncrement=33
03 May 2025 04:07:46,543 [JavaFX Application Thread] INFO  ro.mpp2024.grpcProxy 224 startNotificationSubscription - Starting notification subscription for arbitruId: 7
03 May 2025 04:07:46,548 [grpc-nio-worker-ELG-1-2] DEBUG io.grpc.netty.shaded.io.netty.util.internal.logging.Log4J2Logger 114 log - [id: 0x4bb93655, L:/127.0.0.1:63758 - R:localhost/127.0.0.1:55556] OUTBOUND HEADERS: streamId=9 headers=GrpcHttp2OutboundHeaders[:authority: localhost:55556, :path: /triatlon.TriatlonService/SubscribeToNotifications, :method: POST, :scheme: http, content-type: application/grpc, te: trailers, user-agent: grpc-java-netty/1.58.0, grpc-accept-encoding: gzip] streamDependency=0 weight=16 exclusive=false padding=0 endStream=false
03 May 2025 04:07:46,549 [grpc-nio-worker-ELG-1-2] DEBUG io.grpc.netty.shaded.io.netty.util.internal.logging.Log4J2Logger 114 log - [id: 0x4bb93655, L:/127.0.0.1:63758 - R:localhost/127.0.0.1:55556] OUTBOUND DATA: streamId=9 padding=0 endStream=true length=7 bytes=00000000020807
03 May 2025 04:07:46,557 [JavaFX Application Thread] INFO  ro.mpp2024.grpcProxy 172 getParticipantiAlfabetic - Getting all rezultate
03 May 2025 04:07:46,561 [grpc-nio-worker-ELG-1-2] DEBUG io.grpc.netty.shaded.io.netty.util.internal.logging.Log4J2Logger 114 log - [id: 0x4bb93655, L:/127.0.0.1:63758 - R:localhost/127.0.0.1:55556] OUTBOUND HEADERS: streamId=11 headers=GrpcHttp2OutboundHeaders[:authority: localhost:55556, :path: /triatlon.TriatlonService/GetAllRezultate, :method: POST, :scheme: http, content-type: application/grpc, te: trailers, user-agent: grpc-java-netty/1.58.0, grpc-accept-encoding: gzip] streamDependency=0 weight=16 exclusive=false padding=0 endStream=false
03 May 2025 04:07:46,562 [grpc-nio-worker-ELG-1-2] DEBUG io.grpc.netty.shaded.io.netty.util.internal.logging.Log4J2Logger 114 log - [id: 0x4bb93655, L:/127.0.0.1:63758 - R:localhost/127.0.0.1:55556] OUTBOUND DATA: streamId=11 padding=0 endStream=true length=5 bytes=0000000000
03 May 2025 04:07:46,581 [grpc-nio-worker-ELG-1-2] DEBUG io.grpc.netty.shaded.io.netty.util.internal.logging.Log4J2Logger 114 log - [id: 0x4bb93655, L:/127.0.0.1:63758 - R:localhost/127.0.0.1:55556] INBOUND HEADERS: streamId=11 headers=GrpcHttp2ResponseHeaders[:status: 200, content-type: application/grpc, grpc-accept-encoding: identity, deflate, gzip] padding=0 endStream=false
03 May 2025 04:07:46,582 [grpc-nio-worker-ELG-1-2] DEBUG io.grpc.netty.shaded.io.netty.util.internal.logging.Log4J2Logger 114 log - [id: 0x4bb93655, L:/127.0.0.1:63758 - R:localhost/127.0.0.1:55556] INBOUND WINDOW_UPDATE: streamId=11 windowSizeIncrement=10
03 May 2025 04:07:46,583 [grpc-nio-worker-ELG-1-2] DEBUG io.grpc.netty.shaded.io.netty.util.internal.logging.Log4J2Logger 114 log - [id: 0x4bb93655, L:/127.0.0.1:63758 - R:localhost/127.0.0.1:55556] INBOUND DATA: streamId=11 padding=0 endStream=false length=994 bytes=00000003dd08011a1808291206416e647265691a06566173696c6520d40f28e8021a150812120542617262751a054972696e61201b2884071a1b0813120a436f...
03 May 2025 04:07:46,583 [grpc-nio-worker-ELG-1-2] DEBUG io.grpc.netty.shaded.io.netty.util.internal.logging.Log4J2Logger 114 log - [id: 0x4bb93655, L:/127.0.0.1:63758 - R:localhost/127.0.0.1:55556] INBOUND HEADERS: streamId=11 headers=GrpcHttp2ResponseHeaders[grpc-status: 0] padding=0 endStream=true
03 May 2025 04:07:46,584 [grpc-nio-worker-ELG-1-2] DEBUG io.grpc.netty.shaded.io.netty.util.internal.logging.Log4J2Logger 114 log - [id: 0x4bb93655, L:/127.0.0.1:63758 - R:localhost/127.0.0.1:55556] INBOUND WINDOW_UPDATE: streamId=0 windowSizeIncrement=12
03 May 2025 04:07:46,587 [JavaFX Application Thread] INFO  ro.mpp2024.grpcProxy 141 getParticipantiPuncteDesc - Getting rezultate for proba: c0
03 May 2025 04:07:46,590 [grpc-nio-worker-ELG-1-2] DEBUG io.grpc.netty.shaded.io.netty.util.internal.logging.Log4J2Logger 114 log - [id: 0x4bb93655, L:/127.0.0.1:63758 - R:localhost/127.0.0.1:55556] OUTBOUND HEADERS: streamId=13 headers=GrpcHttp2OutboundHeaders[:authority: localhost:55556, :path: /triatlon.TriatlonService/GetRezultateByProba, :method: POST, :scheme: http, content-type: application/grpc, te: trailers, user-agent: grpc-java-netty/1.58.0, grpc-accept-encoding: gzip] streamDependency=0 weight=16 exclusive=false padding=0 endStream=false
03 May 2025 04:07:46,590 [grpc-nio-worker-ELG-1-2] DEBUG io.grpc.netty.shaded.io.netty.util.internal.logging.Log4J2Logger 114 log - [id: 0x4bb93655, L:/127.0.0.1:63758 - R:localhost/127.0.0.1:55556] OUTBOUND DATA: streamId=13 padding=0 endStream=true length=9 bytes=00000000040a026330
03 May 2025 04:07:46,608 [grpc-nio-worker-ELG-1-2] DEBUG io.grpc.netty.shaded.io.netty.util.internal.logging.Log4J2Logger 114 log - [id: 0x4bb93655, L:/127.0.0.1:63758 - R:localhost/127.0.0.1:55556] INBOUND HEADERS: streamId=13 headers=GrpcHttp2ResponseHeaders[:status: 200, content-type: application/grpc, grpc-accept-encoding: identity, deflate, gzip] padding=0 endStream=false
03 May 2025 04:07:46,608 [grpc-nio-worker-ELG-1-2] DEBUG io.grpc.netty.shaded.io.netty.util.internal.logging.Log4J2Logger 114 log - [id: 0x4bb93655, L:/127.0.0.1:63758 - R:localhost/127.0.0.1:55556] INBOUND WINDOW_UPDATE: streamId=13 windowSizeIncrement=14
03 May 2025 04:07:46,608 [grpc-nio-worker-ELG-1-2] DEBUG io.grpc.netty.shaded.io.netty.util.internal.logging.Log4J2Logger 114 log - [id: 0x4bb93655, L:/127.0.0.1:63758 - R:localhost/127.0.0.1:55556] INBOUND DATA: streamId=13 padding=0 endStream=false length=978 bytes=00000003cd08011a160822120553616e64751a06566963746f72201a2890031a1808171207477269676f72651a0653746566616e20182890031a160816120546...
03 May 2025 04:07:46,609 [grpc-nio-worker-ELG-1-2] DEBUG io.grpc.netty.shaded.io.netty.util.internal.logging.Log4J2Logger 114 log - [id: 0x4bb93655, L:/127.0.0.1:63758 - R:localhost/127.0.0.1:55556] INBOUND HEADERS: streamId=13 headers=GrpcHttp2ResponseHeaders[grpc-status: 0] padding=0 endStream=true
03 May 2025 04:07:46,609 [grpc-nio-worker-ELG-1-2] DEBUG io.grpc.netty.shaded.io.netty.util.internal.logging.Log4J2Logger 114 log - [id: 0x4bb93655, L:/127.0.0.1:63758 - R:localhost/127.0.0.1:55556] INBOUND WINDOW_UPDATE: streamId=0 windowSizeIncrement=9
03 May 2025 04:07:46,615 [JavaFX Application Thread] INFO  ro.mpp2024.grpcProxy 111 getParticipanti - Getting participants
03 May 2025 04:07:46,617 [grpc-nio-worker-ELG-1-2] DEBUG io.grpc.netty.shaded.io.netty.util.internal.logging.Log4J2Logger 114 log - [id: 0x4bb93655, L:/127.0.0.1:63758 - R:localhost/127.0.0.1:55556] OUTBOUND HEADERS: streamId=15 headers=GrpcHttp2OutboundHeaders[:authority: localhost:55556, :path: /triatlon.TriatlonService/GetParticipants, :method: POST, :scheme: http, content-type: application/grpc, te: trailers, user-agent: grpc-java-netty/1.58.0, grpc-accept-encoding: gzip] streamDependency=0 weight=16 exclusive=false padding=0 endStream=false
03 May 2025 04:07:46,618 [grpc-nio-worker-ELG-1-2] DEBUG io.grpc.netty.shaded.io.netty.util.internal.logging.Log4J2Logger 114 log - [id: 0x4bb93655, L:/127.0.0.1:63758 - R:localhost/127.0.0.1:55556] OUTBOUND DATA: streamId=15 padding=0 endStream=true length=5 bytes=0000000000
03 May 2025 04:07:46,621 [grpc-nio-worker-ELG-1-2] DEBUG io.grpc.netty.shaded.io.netty.util.internal.logging.Log4J2Logger 114 log - [id: 0x4bb93655, L:/127.0.0.1:63758 - R:localhost/127.0.0.1:55556] INBOUND HEADERS: streamId=15 headers=GrpcHttp2ResponseHeaders[:status: 200, content-type: application/grpc, grpc-accept-encoding: identity, deflate, gzip] padding=0 endStream=false
03 May 2025 04:07:46,622 [grpc-nio-worker-ELG-1-2] DEBUG io.grpc.netty.shaded.io.netty.util.internal.logging.Log4J2Logger 114 log - [id: 0x4bb93655, L:/127.0.0.1:63758 - R:localhost/127.0.0.1:55556] INBOUND WINDOW_UPDATE: streamId=15 windowSizeIncrement=10
03 May 2025 04:07:46,622 [grpc-nio-worker-ELG-1-2] DEBUG io.grpc.netty.shaded.io.netty.util.internal.logging.Log4J2Logger 114 log - [id: 0x4bb93655, L:/127.0.0.1:63758 - R:localhost/127.0.0.1:55556] INBOUND DATA: streamId=15 padding=0 endStream=false length=900 bytes=000000037f08011a1208011207506f70657363751a03496f6e20191a1408021207496f6e657363751a054d61726961201e1a170803120947656f726765736375...
03 May 2025 04:07:46,622 [grpc-nio-worker-ELG-1-2] DEBUG io.grpc.netty.shaded.io.netty.util.internal.logging.Log4J2Logger 114 log - [id: 0x4bb93655, L:/127.0.0.1:63758 - R:localhost/127.0.0.1:55556] INBOUND HEADERS: streamId=15 headers=GrpcHttp2ResponseHeaders[grpc-status: 0] padding=0 endStream=true
03 May 2025 04:07:46,623 [grpc-nio-worker-ELG-1-2] DEBUG io.grpc.netty.shaded.io.netty.util.internal.logging.Log4J2Logger 114 log - [id: 0x4bb93655, L:/127.0.0.1:63758 - R:localhost/127.0.0.1:55556] INBOUND WINDOW_UPDATE: streamId=0 windowSizeIncrement=5
03 May 2025 04:07:46,770 [grpc-nio-worker-ELG-1-2] DEBUG io.grpc.netty.shaded.io.netty.util.internal.logging.Log4J2Logger 114 log - [id: 0x4bb93655, L:/127.0.0.1:63758 - R:localhost/127.0.0.1:55556] INBOUND PING: ack=false bytes=3
03 May 2025 04:07:46,771 [grpc-nio-worker-ELG-1-2] DEBUG io.grpc.netty.shaded.io.netty.util.internal.logging.Log4J2Logger 114 log - [id: 0x4bb93655, L:/127.0.0.1:63758 - R:localhost/127.0.0.1:55556] OUTBOUND PING: ack=true bytes=3
03 May 2025 04:08:04,027 [JavaFX Application Thread] DEBUG ro.mpp2024.StartJsonClient 29 start - Starting client application
03 May 2025 04:08:04,031 [JavaFX Application Thread] INFO  ro.mpp2024.StartJsonClient 33 start - Client properties set {server.host=localhost, server.port=55556}
03 May 2025 04:08:04,031 [JavaFX Application Thread] INFO  ro.mpp2024.StartJsonClient 50 start - Connecting to server localhost on port 55556
03 May 2025 04:08:04,061 [JavaFX Application Thread] DEBUG io.grpc.netty.shaded.io.netty.util.internal.logging.InternalLoggerFactory 76 useLog4J2LoggerFactory - Using Log4J2 as the default logging framework
03 May 2025 04:08:04,064 [JavaFX Application Thread] DEBUG io.grpc.netty.shaded.io.netty.util.internal.PlatformDependent0 497 explicitNoUnsafeCause0 - -Dio.netty.noUnsafe: false
03 May 2025 04:08:04,064 [JavaFX Application Thread] DEBUG io.grpc.netty.shaded.io.netty.util.internal.PlatformDependent0 1001 javaVersion0 - Java version: 17
03 May 2025 04:08:04,066 [JavaFX Application Thread] DEBUG io.grpc.netty.shaded.io.netty.util.internal.PlatformDependent0 137 <clinit> - sun.misc.Unsafe.theUnsafe: available
03 May 2025 04:08:04,066 [JavaFX Application Thread] DEBUG io.grpc.netty.shaded.io.netty.util.internal.PlatformDependent0 161 <clinit> - sun.misc.Unsafe.copyMemory: available
03 May 2025 04:08:04,067 [JavaFX Application Thread] DEBUG io.grpc.netty.shaded.io.netty.util.internal.PlatformDependent0 193 <clinit> - sun.misc.Unsafe.storeFence: available
03 May 2025 04:08:04,068 [JavaFX Application Thread] DEBUG io.grpc.netty.shaded.io.netty.util.internal.PlatformDependent0 236 <clinit> - java.nio.Buffer.address: available
03 May 2025 04:08:04,069 [JavaFX Application Thread] DEBUG io.grpc.netty.shaded.io.netty.util.internal.PlatformDependent0 318 <clinit> - direct buffer constructor: unavailable
java.lang.UnsupportedOperationException: Reflective setAccessible(true) disabled
	at io.grpc.netty.shaded.io.netty.util.internal.ReflectionUtil.trySetAccessible(ReflectionUtil.java:31) ~[grpc-netty-shaded-1.58.0.jar:1.58.0]
	at io.grpc.netty.shaded.io.netty.util.internal.PlatformDependent0$5.run(PlatformDependent0.java:289) ~[grpc-netty-shaded-1.58.0.jar:1.58.0]
	at java.base/java.security.AccessController.doPrivileged(AccessController.java:318) ~[?:?]
	at io.grpc.netty.shaded.io.netty.util.internal.PlatformDependent0.<clinit>(PlatformDependent0.java:282) ~[grpc-netty-shaded-1.58.0.jar:1.58.0]
	at io.grpc.netty.shaded.io.netty.util.internal.PlatformDependent.isAndroid(PlatformDependent.java:333) ~[grpc-netty-shaded-1.58.0.jar:1.58.0]
	at io.grpc.netty.shaded.io.netty.util.internal.PlatformDependent.<clinit>(PlatformDependent.java:88) ~[grpc-netty-shaded-1.58.0.jar:1.58.0]
	at io.grpc.netty.shaded.io.netty.util.AsciiString.<init>(AsciiString.java:225) ~[grpc-netty-shaded-1.58.0.jar:1.58.0]
	at io.grpc.netty.shaded.io.netty.util.AsciiString.<init>(AsciiString.java:212) ~[grpc-netty-shaded-1.58.0.jar:1.58.0]
	at io.grpc.netty.shaded.io.netty.util.AsciiString.cached(AsciiString.java:1403) ~[grpc-netty-shaded-1.58.0.jar:1.58.0]
	at io.grpc.netty.shaded.io.netty.util.AsciiString.<clinit>(AsciiString.java:48) ~[grpc-netty-shaded-1.58.0.jar:1.58.0]
	at io.grpc.netty.shaded.io.grpc.netty.Utils.<clinit>(Utils.java:78) ~[grpc-netty-shaded-1.58.0.jar:1.58.0]
	at io.grpc.netty.shaded.io.grpc.netty.UdsNettyChannelProvider.isAvailable(UdsNettyChannelProvider.java:34) ~[grpc-netty-shaded-1.58.0.jar:1.58.0]
	at io.grpc.ManagedChannelRegistry$ManagedChannelPriorityAccessor.isAvailable(ManagedChannelRegistry.java:211) ~[grpc-api-1.58.0.jar:1.58.0]
	at io.grpc.ManagedChannelRegistry$ManagedChannelPriorityAccessor.isAvailable(ManagedChannelRegistry.java:207) ~[grpc-api-1.58.0.jar:1.58.0]
	at io.grpc.ServiceProviders.loadAll(ServiceProviders.java:68) ~[grpc-api-1.58.0.jar:1.58.0]
	at io.grpc.ManagedChannelRegistry.getDefaultRegistry(ManagedChannelRegistry.java:101) ~[grpc-api-1.58.0.jar:1.58.0]
	at io.grpc.ManagedChannelProvider.provider(ManagedChannelProvider.java:43) ~[grpc-api-1.58.0.jar:1.58.0]
	at io.grpc.ManagedChannelBuilder.forAddress(ManagedChannelBuilder.java:44) ~[grpc-api-1.58.0.jar:1.58.0]
	at ro.mpp2024.grpcProxy.<init>(grpcProxy.java:37) ~[grpcClient-1.0-SNAPSHOT.jar:?]
	at ro.mpp2024.StartJsonClient.start(StartJsonClient.java:53) ~[main/:?]
	at javafx.graphics/com.sun.javafx.application.LauncherImpl.lambda$launchApplication1$9(LauncherImpl.java:839) ~[javafx-graphics-21-win.jar:?]
	at javafx.graphics/com.sun.javafx.application.PlatformImpl.lambda$runAndWait$12(PlatformImpl.java:483) ~[javafx-graphics-21-win.jar:?]
	at javafx.graphics/com.sun.javafx.application.PlatformImpl.lambda$runLater$10(PlatformImpl.java:456) ~[javafx-graphics-21-win.jar:?]
	at java.base/java.security.AccessController.doPrivileged(AccessController.java:399) ~[?:?]
	at javafx.graphics/com.sun.javafx.application.PlatformImpl.lambda$runLater$11(PlatformImpl.java:455) ~[javafx-graphics-21-win.jar:?]
	at javafx.graphics/com.sun.glass.ui.InvokeLaterDispatcher$Future.run(InvokeLaterDispatcher.java:95) ~[javafx-graphics-21-win.jar:?]
	at javafx.graphics/com.sun.glass.ui.win.WinApplication._runLoop(Native Method) ~[javafx-graphics-21-win.jar:?]
	at javafx.graphics/com.sun.glass.ui.win.WinApplication.lambda$runLoop$3(WinApplication.java:185) ~[javafx-graphics-21-win.jar:?]
	at java.base/java.lang.Thread.run(Thread.java:842) [?:?]
03 May 2025 04:08:04,079 [JavaFX Application Thread] DEBUG io.grpc.netty.shaded.io.netty.util.internal.PlatformDependent0 386 <clinit> - java.nio.Bits.unaligned: available, true
03 May 2025 04:08:04,080 [JavaFX Application Thread] DEBUG io.grpc.netty.shaded.io.netty.util.internal.PlatformDependent0 450 <clinit> - jdk.internal.misc.Unsafe.allocateUninitializedArray(int): unavailable
java.lang.IllegalAccessException: class io.grpc.netty.shaded.io.netty.util.internal.PlatformDependent0$7 cannot access class jdk.internal.misc.Unsafe (in module java.base) because module java.base does not export jdk.internal.misc to unnamed module @42b76417
	at java.base/jdk.internal.reflect.Reflection.newIllegalAccessException(Reflection.java:392) ~[?:?]
	at java.base/java.lang.reflect.AccessibleObject.checkAccess(AccessibleObject.java:674) ~[?:?]
	at java.base/java.lang.reflect.Method.invoke(Method.java:560) ~[?:?]
	at io.grpc.netty.shaded.io.netty.util.internal.PlatformDependent0$7.run(PlatformDependent0.java:411) ~[grpc-netty-shaded-1.58.0.jar:1.58.0]
	at java.base/java.security.AccessController.doPrivileged(AccessController.java:318) ~[?:?]
	at io.grpc.netty.shaded.io.netty.util.internal.PlatformDependent0.<clinit>(PlatformDependent0.java:402) ~[grpc-netty-shaded-1.58.0.jar:1.58.0]
	at io.grpc.netty.shaded.io.netty.util.internal.PlatformDependent.isAndroid(PlatformDependent.java:333) ~[grpc-netty-shaded-1.58.0.jar:1.58.0]
	at io.grpc.netty.shaded.io.netty.util.internal.PlatformDependent.<clinit>(PlatformDependent.java:88) ~[grpc-netty-shaded-1.58.0.jar:1.58.0]
	at io.grpc.netty.shaded.io.netty.util.AsciiString.<init>(AsciiString.java:225) ~[grpc-netty-shaded-1.58.0.jar:1.58.0]
	at io.grpc.netty.shaded.io.netty.util.AsciiString.<init>(AsciiString.java:212) ~[grpc-netty-shaded-1.58.0.jar:1.58.0]
	at io.grpc.netty.shaded.io.netty.util.AsciiString.cached(AsciiString.java:1403) ~[grpc-netty-shaded-1.58.0.jar:1.58.0]
	at io.grpc.netty.shaded.io.netty.util.AsciiString.<clinit>(AsciiString.java:48) ~[grpc-netty-shaded-1.58.0.jar:1.58.0]
	at io.grpc.netty.shaded.io.grpc.netty.Utils.<clinit>(Utils.java:78) ~[grpc-netty-shaded-1.58.0.jar:1.58.0]
	at io.grpc.netty.shaded.io.grpc.netty.UdsNettyChannelProvider.isAvailable(UdsNettyChannelProvider.java:34) ~[grpc-netty-shaded-1.58.0.jar:1.58.0]
	at io.grpc.ManagedChannelRegistry$ManagedChannelPriorityAccessor.isAvailable(ManagedChannelRegistry.java:211) ~[grpc-api-1.58.0.jar:1.58.0]
	at io.grpc.ManagedChannelRegistry$ManagedChannelPriorityAccessor.isAvailable(ManagedChannelRegistry.java:207) ~[grpc-api-1.58.0.jar:1.58.0]
	at io.grpc.ServiceProviders.loadAll(ServiceProviders.java:68) ~[grpc-api-1.58.0.jar:1.58.0]
	at io.grpc.ManagedChannelRegistry.getDefaultRegistry(ManagedChannelRegistry.java:101) ~[grpc-api-1.58.0.jar:1.58.0]
	at io.grpc.ManagedChannelProvider.provider(ManagedChannelProvider.java:43) ~[grpc-api-1.58.0.jar:1.58.0]
	at io.grpc.ManagedChannelBuilder.forAddress(ManagedChannelBuilder.java:44) ~[grpc-api-1.58.0.jar:1.58.0]
	at ro.mpp2024.grpcProxy.<init>(grpcProxy.java:37) ~[grpcClient-1.0-SNAPSHOT.jar:?]
	at ro.mpp2024.StartJsonClient.start(StartJsonClient.java:53) ~[main/:?]
	at javafx.graphics/com.sun.javafx.application.LauncherImpl.lambda$launchApplication1$9(LauncherImpl.java:839) ~[javafx-graphics-21-win.jar:?]
	at javafx.graphics/com.sun.javafx.application.PlatformImpl.lambda$runAndWait$12(PlatformImpl.java:483) ~[javafx-graphics-21-win.jar:?]
	at javafx.graphics/com.sun.javafx.application.PlatformImpl.lambda$runLater$10(PlatformImpl.java:456) ~[javafx-graphics-21-win.jar:?]
	at java.base/java.security.AccessController.doPrivileged(AccessController.java:399) ~[?:?]
	at javafx.graphics/com.sun.javafx.application.PlatformImpl.lambda$runLater$11(PlatformImpl.java:455) ~[javafx-graphics-21-win.jar:?]
	at javafx.graphics/com.sun.glass.ui.InvokeLaterDispatcher$Future.run(InvokeLaterDispatcher.java:95) ~[javafx-graphics-21-win.jar:?]
	at javafx.graphics/com.sun.glass.ui.win.WinApplication._runLoop(Native Method) ~[javafx-graphics-21-win.jar:?]
	at javafx.graphics/com.sun.glass.ui.win.WinApplication.lambda$runLoop$3(WinApplication.java:185) ~[javafx-graphics-21-win.jar:?]
	at java.base/java.lang.Thread.run(Thread.java:842) [?:?]
03 May 2025 04:08:04,082 [JavaFX Application Thread] DEBUG io.grpc.netty.shaded.io.netty.util.internal.PlatformDependent0 483 <clinit> - java.nio.DirectByteBuffer.<init>(long, {int,long}): unavailable
03 May 2025 04:08:04,082 [JavaFX Application Thread] DEBUG io.grpc.netty.shaded.io.netty.util.internal.PlatformDependent 1159 unsafeUnavailabilityCause0 - sun.misc.Unsafe: available
03 May 2025 04:08:04,084 [JavaFX Application Thread] DEBUG io.grpc.netty.shaded.io.netty.util.internal.PlatformDependent 1270 estimateMaxDirectMemory - maxDirectMemory: 3720347648 bytes (maybe)
03 May 2025 04:08:04,085 [JavaFX Application Thread] DEBUG io.grpc.netty.shaded.io.netty.util.internal.PlatformDependent 1289 tmpdir0 - -Dio.netty.tmpdir: C:\Users\redis\AppData\Local\Temp (java.io.tmpdir)
03 May 2025 04:08:04,085 [JavaFX Application Thread] DEBUG io.grpc.netty.shaded.io.netty.util.internal.PlatformDependent 1368 bitMode0 - -Dio.netty.bitMode: 64 (sun.arch.data.model)
03 May 2025 04:08:04,086 [JavaFX Application Thread] DEBUG io.grpc.netty.shaded.io.netty.util.internal.PlatformDependent 1119 isWindows0 - Platform: Windows
03 May 2025 04:08:04,087 [JavaFX Application Thread] DEBUG io.grpc.netty.shaded.io.netty.util.internal.PlatformDependent 178 <clinit> - -Dio.netty.maxDirectMemory: -1 bytes
03 May 2025 04:08:04,087 [JavaFX Application Thread] DEBUG io.grpc.netty.shaded.io.netty.util.internal.PlatformDependent 185 <clinit> - -Dio.netty.uninitializedArrayAllocationThreshold: -1
03 May 2025 04:08:04,089 [JavaFX Application Thread] DEBUG io.grpc.netty.shaded.io.netty.util.internal.CleanerJava9 71 <clinit> - java.nio.ByteBuffer.cleaner(): available
03 May 2025 04:08:04,089 [JavaFX Application Thread] DEBUG io.grpc.netty.shaded.io.netty.util.internal.PlatformDependent 205 <clinit> - -Dio.netty.noPreferDirect: false
03 May 2025 04:08:04,226 [JavaFX Application Thread] DEBUG io.grpc.netty.shaded.io.netty.channel.MultithreadEventLoopGroup 44 <clinit> - -Dio.netty.eventLoopThreads: 24
03 May 2025 04:08:04,233 [JavaFX Application Thread] DEBUG io.grpc.netty.shaded.io.netty.util.concurrent.GlobalEventExecutor 53 <clinit> - -Dio.netty.globalEventExecutor.quietPeriodSeconds: 1
03 May 2025 04:08:04,239 [JavaFX Application Thread] DEBUG io.grpc.netty.shaded.io.netty.util.internal.InternalThreadLocalMap 100 <clinit> - -Dio.netty.threadLocalMap.stringBuilder.initialSize: 1024
03 May 2025 04:08:04,239 [JavaFX Application Thread] DEBUG io.grpc.netty.shaded.io.netty.util.internal.InternalThreadLocalMap 101 <clinit> - -Dio.netty.threadLocalMap.stringBuilder.maxSize: 4096
03 May 2025 04:08:04,243 [JavaFX Application Thread] DEBUG io.grpc.netty.shaded.io.netty.channel.nio.NioEventLoop 110 <clinit> - -Dio.netty.noKeySetOptimization: false
03 May 2025 04:08:04,243 [JavaFX Application Thread] DEBUG io.grpc.netty.shaded.io.netty.channel.nio.NioEventLoop 111 <clinit> - -Dio.netty.selectorAutoRebuildThreshold: 512
03 May 2025 04:08:04,249 [JavaFX Application Thread] DEBUG io.grpc.netty.shaded.io.netty.util.internal.PlatformDependent$Mpsc 1010 <clinit> - org.jctools-core.MpscChunkedArrayQueue: available
03 May 2025 04:08:04,253 [JavaFX Application Thread] TRACE io.grpc.netty.shaded.io.netty.channel.nio.NioEventLoop 264 openSelector - instrumented a special java.util.Set into: sun.nio.ch.WEPollSelectorImpl@1f43de3f
03 May 2025 04:08:04,255 [JavaFX Application Thread] TRACE io.grpc.netty.shaded.io.netty.channel.nio.NioEventLoop 264 openSelector - instrumented a special java.util.Set into: sun.nio.ch.WEPollSelectorImpl@1fce3397
03 May 2025 04:08:04,256 [JavaFX Application Thread] TRACE io.grpc.netty.shaded.io.netty.channel.nio.NioEventLoop 264 openSelector - instrumented a special java.util.Set into: sun.nio.ch.WEPollSelectorImpl@4b306300
03 May 2025 04:08:04,257 [JavaFX Application Thread] TRACE io.grpc.netty.shaded.io.netty.channel.nio.NioEventLoop 264 openSelector - instrumented a special java.util.Set into: sun.nio.ch.WEPollSelectorImpl@466ec9d3
03 May 2025 04:08:04,259 [JavaFX Application Thread] TRACE io.grpc.netty.shaded.io.netty.channel.nio.NioEventLoop 264 openSelector - instrumented a special java.util.Set into: sun.nio.ch.WEPollSelectorImpl@569d8a08
03 May 2025 04:08:04,260 [JavaFX Application Thread] TRACE io.grpc.netty.shaded.io.netty.channel.nio.NioEventLoop 264 openSelector - instrumented a special java.util.Set into: sun.nio.ch.WEPollSelectorImpl@38a159c7
03 May 2025 04:08:04,261 [JavaFX Application Thread] TRACE io.grpc.netty.shaded.io.netty.channel.nio.NioEventLoop 264 openSelector - instrumented a special java.util.Set into: sun.nio.ch.WEPollSelectorImpl@70c115b0
03 May 2025 04:08:04,263 [JavaFX Application Thread] TRACE io.grpc.netty.shaded.io.netty.channel.nio.NioEventLoop 264 openSelector - instrumented a special java.util.Set into: sun.nio.ch.WEPollSelectorImpl@40d16a2a
03 May 2025 04:08:04,264 [JavaFX Application Thread] TRACE io.grpc.netty.shaded.io.netty.channel.nio.NioEventLoop 264 openSelector - instrumented a special java.util.Set into: sun.nio.ch.WEPollSelectorImpl@7aa665f2
03 May 2025 04:08:04,265 [JavaFX Application Thread] TRACE io.grpc.netty.shaded.io.netty.channel.nio.NioEventLoop 264 openSelector - instrumented a special java.util.Set into: sun.nio.ch.WEPollSelectorImpl@48fb7400
03 May 2025 04:08:04,266 [JavaFX Application Thread] TRACE io.grpc.netty.shaded.io.netty.channel.nio.NioEventLoop 264 openSelector - instrumented a special java.util.Set into: sun.nio.ch.WEPollSelectorImpl@30ef943a
03 May 2025 04:08:04,267 [JavaFX Application Thread] TRACE io.grpc.netty.shaded.io.netty.channel.nio.NioEventLoop 264 openSelector - instrumented a special java.util.Set into: sun.nio.ch.WEPollSelectorImpl@7ba43837
03 May 2025 04:08:04,308 [JavaFX Application Thread] DEBUG ro.mpp2024.grpcProxy 43 <init> - GRPCServerProxy initialized for localhost:55556
03 May 2025 04:08:15,198 [JavaFX Application Thread] INFO  ro.mpp2024.grpcProxy 48 login - Login attempt for username: supermario
03 May 2025 04:08:15,277 [grpc-default-executor-0] DEBUG io.grpc.netty.shaded.io.netty.util.ResourceLeakDetector 129 <clinit> - -Dio.grpc.netty.shaded.io.netty.leakDetection.level: simple
03 May 2025 04:08:15,277 [grpc-default-executor-0] DEBUG io.grpc.netty.shaded.io.netty.util.ResourceLeakDetector 130 <clinit> - -Dio.grpc.netty.shaded.io.netty.leakDetection.targetRecords: 4
03 May 2025 04:08:15,282 [grpc-default-executor-0] DEBUG io.grpc.netty.shaded.io.netty.buffer.AbstractByteBuf 63 <clinit> - -Dio.grpc.netty.shaded.io.netty.buffer.checkAccessible: true
03 May 2025 04:08:15,282 [grpc-default-executor-0] DEBUG io.grpc.netty.shaded.io.netty.buffer.AbstractByteBuf 64 <clinit> - -Dio.grpc.netty.shaded.io.netty.buffer.checkBounds: true
03 May 2025 04:08:15,283 [grpc-default-executor-0] DEBUG io.grpc.netty.shaded.io.netty.util.ResourceLeakDetectorFactory$DefaultResourceLeakDetectorFactory 196 newResourceLeakDetector - Loaded default ResourceLeakDetector: io.grpc.netty.shaded.io.netty.util.ResourceLeakDetector@84aa9b
03 May 2025 04:08:15,325 [grpc-default-executor-0] DEBUG io.grpc.netty.shaded.io.netty.buffer.PooledByteBufAllocator 157 <clinit> - -Dio.netty.allocator.numHeapArenas: 24
03 May 2025 04:08:15,325 [grpc-default-executor-0] DEBUG io.grpc.netty.shaded.io.netty.buffer.PooledByteBufAllocator 158 <clinit> - -Dio.netty.allocator.numDirectArenas: 24
03 May 2025 04:08:15,325 [grpc-default-executor-0] DEBUG io.grpc.netty.shaded.io.netty.buffer.PooledByteBufAllocator 160 <clinit> - -Dio.netty.allocator.pageSize: 8192
03 May 2025 04:08:15,325 [grpc-default-executor-0] DEBUG io.grpc.netty.shaded.io.netty.buffer.PooledByteBufAllocator 165 <clinit> - -Dio.netty.allocator.maxOrder: 9
03 May 2025 04:08:15,325 [grpc-default-executor-0] DEBUG io.grpc.netty.shaded.io.netty.buffer.PooledByteBufAllocator 169 <clinit> - -Dio.netty.allocator.chunkSize: 4194304
03 May 2025 04:08:15,325 [grpc-default-executor-0] DEBUG io.grpc.netty.shaded.io.netty.buffer.PooledByteBufAllocator 170 <clinit> - -Dio.netty.allocator.smallCacheSize: 256
03 May 2025 04:08:15,325 [grpc-default-executor-0] DEBUG io.grpc.netty.shaded.io.netty.buffer.PooledByteBufAllocator 171 <clinit> - -Dio.netty.allocator.normalCacheSize: 64
03 May 2025 04:08:15,325 [grpc-default-executor-0] DEBUG io.grpc.netty.shaded.io.netty.buffer.PooledByteBufAllocator 172 <clinit> - -Dio.netty.allocator.maxCachedBufferCapacity: 32768
03 May 2025 04:08:15,325 [grpc-default-executor-0] DEBUG io.grpc.netty.shaded.io.netty.buffer.PooledByteBufAllocator 173 <clinit> - -Dio.netty.allocator.cacheTrimInterval: 8192
03 May 2025 04:08:15,325 [grpc-default-executor-0] DEBUG io.grpc.netty.shaded.io.netty.buffer.PooledByteBufAllocator 174 <clinit> - -Dio.netty.allocator.cacheTrimIntervalMillis: 0
03 May 2025 04:08:15,325 [grpc-default-executor-0] DEBUG io.grpc.netty.shaded.io.netty.buffer.PooledByteBufAllocator 175 <clinit> - -Dio.netty.allocator.useCacheForAllThreads: false
03 May 2025 04:08:15,325 [grpc-default-executor-0] DEBUG io.grpc.netty.shaded.io.netty.buffer.PooledByteBufAllocator 176 <clinit> - -Dio.netty.allocator.maxCachedByteBuffersPerChunk: 1023
03 May 2025 04:08:15,344 [grpc-default-executor-0] DEBUG io.grpc.netty.shaded.io.netty.channel.DefaultChannelId 79 <clinit> - -Dio.netty.processId: 24876 (auto-detected)
03 May 2025 04:08:15,346 [grpc-default-executor-0] DEBUG io.grpc.netty.shaded.io.netty.util.NetUtil 148 <clinit> - -Djava.net.preferIPv4Stack: false
03 May 2025 04:08:15,346 [grpc-default-executor-0] DEBUG io.grpc.netty.shaded.io.netty.util.NetUtil 149 <clinit> - -Djava.net.preferIPv6Addresses: false
03 May 2025 04:08:15,359 [grpc-default-executor-0] DEBUG io.grpc.netty.shaded.io.netty.util.NetUtilInitializations 145 determineLoopback - Loopback interface: lo (Software Loopback Interface 1, 127.0.0.1)
03 May 2025 04:08:15,360 [grpc-default-executor-0] DEBUG io.grpc.netty.shaded.io.netty.util.NetUtil$SoMaxConnAction 206 run - Failed to get SOMAXCONN from sysctl and file \proc\sys\net\core\somaxconn. Default: 200
03 May 2025 04:08:15,384 [grpc-default-executor-0] DEBUG io.grpc.netty.shaded.io.netty.channel.DefaultChannelId 101 <clinit> - -Dio.netty.machineId: bc:f4:d4:ff:fe:12:1b:45 (auto-detected)
03 May 2025 04:08:15,404 [grpc-default-executor-0] DEBUG io.grpc.netty.shaded.io.netty.buffer.ByteBufUtil 88 <clinit> - -Dio.netty.allocator.type: pooled
03 May 2025 04:08:15,404 [grpc-default-executor-0] DEBUG io.grpc.netty.shaded.io.netty.buffer.ByteBufUtil 97 <clinit> - -Dio.netty.threadLocalDirectBufferSize: 0
03 May 2025 04:08:15,404 [grpc-default-executor-0] DEBUG io.grpc.netty.shaded.io.netty.buffer.ByteBufUtil 100 <clinit> - -Dio.netty.maxThreadLocalCharBufferSize: 16384
03 May 2025 04:08:15,411 [grpc-default-executor-0] DEBUG io.grpc.netty.shaded.io.netty.util.Recycler 96 <clinit> - -Dio.netty.recycler.maxCapacityPerThread: 4096
03 May 2025 04:08:15,411 [grpc-default-executor-0] DEBUG io.grpc.netty.shaded.io.netty.util.Recycler 97 <clinit> - -Dio.netty.recycler.ratio: 8
03 May 2025 04:08:15,412 [grpc-default-executor-0] DEBUG io.grpc.netty.shaded.io.netty.util.Recycler 98 <clinit> - -Dio.netty.recycler.chunkSize: 32
03 May 2025 04:08:15,412 [grpc-default-executor-0] DEBUG io.grpc.netty.shaded.io.netty.util.Recycler 99 <clinit> - -Dio.netty.recycler.blocking: false
03 May 2025 04:08:15,412 [grpc-default-executor-0] DEBUG io.grpc.netty.shaded.io.netty.util.Recycler 100 <clinit> - -Dio.netty.recycler.batchFastThreadLocalOnly: true
03 May 2025 04:08:15,426 [grpc-nio-worker-ELG-1-2] DEBUG io.grpc.netty.shaded.io.netty.util.internal.logging.Log4J2Logger 114 log - [id: 0x98dd5c98, L:/127.0.0.1:63767 - R:localhost/127.0.0.1:55556] OUTBOUND SETTINGS: ack=false settings={=0, =0, =1048576, =8192}
03 May 2025 04:08:15,433 [grpc-nio-worker-ELG-1-2] DEBUG io.grpc.netty.shaded.io.netty.util.internal.logging.Log4J2Logger 114 log - [id: 0x98dd5c98, L:/127.0.0.1:63767 - R:localhost/127.0.0.1:55556] OUTBOUND WINDOW_UPDATE: streamId=0 windowSizeIncrement=983041
03 May 2025 04:08:15,440 [grpc-nio-worker-ELG-1-2] DEBUG io.grpc.netty.shaded.io.netty.util.internal.logging.Log4J2Logger 114 log - [id: 0x98dd5c98, L:/127.0.0.1:63767 - R:localhost/127.0.0.1:55556] INBOUND SETTINGS: ack=false settings={︃=1, =4194303, =4194303, =8192}
03 May 2025 04:08:15,441 [grpc-nio-worker-ELG-1-2] DEBUG io.grpc.netty.shaded.io.netty.util.internal.logging.Log4J2Logger 109 log - [id: 0x98dd5c98, L:/127.0.0.1:63767 - R:localhost/127.0.0.1:55556] OUTBOUND SETTINGS: ack=true
03 May 2025 04:08:15,458 [grpc-nio-worker-ELG-1-2] DEBUG io.grpc.netty.shaded.io.netty.util.internal.logging.Log4J2Logger 114 log - [id: 0x98dd5c98, L:/127.0.0.1:63767 - R:localhost/127.0.0.1:55556] INBOUND WINDOW_UPDATE: streamId=0 windowSizeIncrement=4128768
03 May 2025 04:08:15,458 [grpc-nio-worker-ELG-1-2] DEBUG io.grpc.netty.shaded.io.netty.util.internal.logging.Log4J2Logger 109 log - [id: 0x98dd5c98, L:/127.0.0.1:63767 - R:localhost/127.0.0.1:55556] INBOUND SETTINGS: ack=true
03 May 2025 04:08:15,471 [grpc-nio-worker-ELG-1-2] DEBUG io.grpc.netty.shaded.io.netty.util.internal.logging.Log4J2Logger 114 log - [id: 0x98dd5c98, L:/127.0.0.1:63767 - R:localhost/127.0.0.1:55556] OUTBOUND HEADERS: streamId=3 headers=GrpcHttp2OutboundHeaders[:authority: localhost:55556, :path: /triatlon.TriatlonService/Login, :method: POST, :scheme: http, content-type: application/grpc, te: trailers, user-agent: grpc-java-netty/1.58.0, grpc-accept-encoding: gzip] streamDependency=0 weight=16 exclusive=false padding=0 endStream=false
03 May 2025 04:08:15,480 [grpc-nio-worker-ELG-1-2] DEBUG io.grpc.netty.shaded.io.netty.util.internal.logging.Log4J2Logger 114 log - [id: 0x98dd5c98, L:/127.0.0.1:63767 - R:localhost/127.0.0.1:55556] OUTBOUND DATA: streamId=3 padding=0 endStream=true length=35 bytes=000000001e0a0a73757065726d6172696f12104d54497a4e4445794d7a524259673d3d
03 May 2025 04:08:15,486 [grpc-nio-worker-ELG-1-2] DEBUG io.grpc.netty.shaded.io.netty.util.internal.logging.Log4J2Logger 114 log - [id: 0x98dd5c98, L:/127.0.0.1:63767 - R:localhost/127.0.0.1:55556] INBOUND PING: ack=false bytes=0
03 May 2025 04:08:15,486 [grpc-nio-worker-ELG-1-2] DEBUG io.grpc.netty.shaded.io.netty.util.internal.logging.Log4J2Logger 114 log - [id: 0x98dd5c98, L:/127.0.0.1:63767 - R:localhost/127.0.0.1:55556] OUTBOUND PING: ack=true bytes=0
03 May 2025 04:08:15,491 [grpc-nio-worker-ELG-1-2] DEBUG io.grpc.netty.shaded.io.netty.util.internal.logging.Log4J2Logger 114 log - [id: 0x98dd5c98, L:/127.0.0.1:63767 - R:localhost/127.0.0.1:55556] INBOUND HEADERS: streamId=3 headers=GrpcHttp2ResponseHeaders[:status: 200, content-type: application/grpc, grpc-accept-encoding: identity, deflate, gzip] padding=0 endStream=false
03 May 2025 04:08:15,495 [grpc-nio-worker-ELG-1-2] DEBUG io.grpc.netty.shaded.io.netty.util.internal.logging.Log4J2Logger 114 log - [id: 0x98dd5c98, L:/127.0.0.1:63767 - R:localhost/127.0.0.1:55556] INBOUND WINDOW_UPDATE: streamId=3 windowSizeIncrement=40
03 May 2025 04:08:15,496 [grpc-nio-worker-ELG-1-2] DEBUG io.grpc.netty.shaded.io.netty.util.internal.logging.Log4J2Logger 114 log - [id: 0x98dd5c98, L:/127.0.0.1:63767 - R:localhost/127.0.0.1:55556] INBOUND DATA: streamId=3 padding=0 endStream=false length=58 bytes=000000003508011a310804120b4d6172696f204c756967691a0a73757065726d6172696f22104d54497a4e4445794d7a524259673d3d2a026930
03 May 2025 04:08:15,496 [grpc-nio-worker-ELG-1-2] DEBUG io.grpc.netty.shaded.io.netty.util.internal.logging.Log4J2Logger 114 log - [id: 0x98dd5c98, L:/127.0.0.1:63767 - R:localhost/127.0.0.1:55556] OUTBOUND PING: ack=false bytes=1234
03 May 2025 04:08:15,501 [grpc-nio-worker-ELG-1-2] DEBUG io.grpc.netty.shaded.io.netty.util.internal.logging.Log4J2Logger 114 log - [id: 0x98dd5c98, L:/127.0.0.1:63767 - R:localhost/127.0.0.1:55556] INBOUND HEADERS: streamId=3 headers=GrpcHttp2ResponseHeaders[grpc-status: 0] padding=0 endStream=true
03 May 2025 04:08:15,503 [grpc-nio-worker-ELG-1-2] DEBUG io.grpc.netty.shaded.io.netty.util.internal.logging.Log4J2Logger 114 log - [id: 0x98dd5c98, L:/127.0.0.1:63767 - R:localhost/127.0.0.1:55556] INBOUND WINDOW_UPDATE: streamId=0 windowSizeIncrement=40
03 May 2025 04:08:15,504 [grpc-nio-worker-ELG-1-2] DEBUG io.grpc.netty.shaded.io.netty.util.internal.logging.Log4J2Logger 114 log - [id: 0x98dd5c98, L:/127.0.0.1:63767 - R:localhost/127.0.0.1:55556] INBOUND PING: ack=true bytes=1234
03 May 2025 04:08:15,511 [JavaFX Application Thread] INFO  ro.mpp2024.grpcProxy 224 startNotificationSubscription - Starting notification subscription for arbitruId: 4
03 May 2025 04:08:15,518 [grpc-nio-worker-ELG-1-2] DEBUG io.grpc.netty.shaded.io.netty.util.internal.logging.Log4J2Logger 114 log - [id: 0x98dd5c98, L:/127.0.0.1:63767 - R:localhost/127.0.0.1:55556] OUTBOUND HEADERS: streamId=5 headers=GrpcHttp2OutboundHeaders[:authority: localhost:55556, :path: /triatlon.TriatlonService/SubscribeToNotifications, :method: POST, :scheme: http, content-type: application/grpc, te: trailers, user-agent: grpc-java-netty/1.58.0, grpc-accept-encoding: gzip] streamDependency=0 weight=16 exclusive=false padding=0 endStream=false
03 May 2025 04:08:15,519 [grpc-nio-worker-ELG-1-2] DEBUG io.grpc.netty.shaded.io.netty.util.internal.logging.Log4J2Logger 114 log - [id: 0x98dd5c98, L:/127.0.0.1:63767 - R:localhost/127.0.0.1:55556] OUTBOUND DATA: streamId=5 padding=0 endStream=true length=7 bytes=00000000020804
03 May 2025 04:08:15,531 [JavaFX Application Thread] INFO  ro.mpp2024.grpcProxy 172 getParticipantiAlfabetic - Getting all rezultate
03 May 2025 04:08:15,537 [grpc-nio-worker-ELG-1-2] DEBUG io.grpc.netty.shaded.io.netty.util.internal.logging.Log4J2Logger 114 log - [id: 0x98dd5c98, L:/127.0.0.1:63767 - R:localhost/127.0.0.1:55556] OUTBOUND HEADERS: streamId=7 headers=GrpcHttp2OutboundHeaders[:authority: localhost:55556, :path: /triatlon.TriatlonService/GetAllRezultate, :method: POST, :scheme: http, content-type: application/grpc, te: trailers, user-agent: grpc-java-netty/1.58.0, grpc-accept-encoding: gzip] streamDependency=0 weight=16 exclusive=false padding=0 endStream=false
03 May 2025 04:08:15,538 [grpc-nio-worker-ELG-1-2] DEBUG io.grpc.netty.shaded.io.netty.util.internal.logging.Log4J2Logger 114 log - [id: 0x98dd5c98, L:/127.0.0.1:63767 - R:localhost/127.0.0.1:55556] OUTBOUND DATA: streamId=7 padding=0 endStream=true length=5 bytes=0000000000
03 May 2025 04:08:15,549 [grpc-nio-worker-ELG-1-2] DEBUG io.grpc.netty.shaded.io.netty.util.internal.logging.Log4J2Logger 114 log - [id: 0x98dd5c98, L:/127.0.0.1:63767 - R:localhost/127.0.0.1:55556] INBOUND HEADERS: streamId=7 headers=GrpcHttp2ResponseHeaders[:status: 200, content-type: application/grpc, grpc-accept-encoding: identity, deflate, gzip] padding=0 endStream=false
03 May 2025 04:08:15,550 [grpc-nio-worker-ELG-1-2] DEBUG io.grpc.netty.shaded.io.netty.util.internal.logging.Log4J2Logger 114 log - [id: 0x98dd5c98, L:/127.0.0.1:63767 - R:localhost/127.0.0.1:55556] INBOUND WINDOW_UPDATE: streamId=7 windowSizeIncrement=10
03 May 2025 04:08:15,552 [grpc-nio-worker-ELG-1-2] DEBUG io.grpc.netty.shaded.io.netty.util.internal.logging.Log4J2Logger 114 log - [id: 0x98dd5c98, L:/127.0.0.1:63767 - R:localhost/127.0.0.1:55556] INBOUND DATA: streamId=7 padding=0 endStream=false length=994 bytes=00000003dd08011a1808291206416e647265691a06566173696c6520d40f28e8021a150812120542617262751a054972696e61201b2884071a1b0813120a436f...
03 May 2025 04:08:15,552 [grpc-nio-worker-ELG-1-2] DEBUG io.grpc.netty.shaded.io.netty.util.internal.logging.Log4J2Logger 114 log - [id: 0x98dd5c98, L:/127.0.0.1:63767 - R:localhost/127.0.0.1:55556] INBOUND HEADERS: streamId=7 headers=GrpcHttp2ResponseHeaders[grpc-status: 0] padding=0 endStream=true
03 May 2025 04:08:15,553 [grpc-nio-worker-ELG-1-2] DEBUG io.grpc.netty.shaded.io.netty.util.internal.logging.Log4J2Logger 114 log - [id: 0x98dd5c98, L:/127.0.0.1:63767 - R:localhost/127.0.0.1:55556] INBOUND WINDOW_UPDATE: streamId=0 windowSizeIncrement=12
03 May 2025 04:08:15,556 [JavaFX Application Thread] INFO  ro.mpp2024.grpcProxy 141 getParticipantiPuncteDesc - Getting rezultate for proba: i0
03 May 2025 04:08:15,560 [grpc-nio-worker-ELG-1-2] DEBUG io.grpc.netty.shaded.io.netty.util.internal.logging.Log4J2Logger 114 log - [id: 0x98dd5c98, L:/127.0.0.1:63767 - R:localhost/127.0.0.1:55556] OUTBOUND HEADERS: streamId=9 headers=GrpcHttp2OutboundHeaders[:authority: localhost:55556, :path: /triatlon.TriatlonService/GetRezultateByProba, :method: POST, :scheme: http, content-type: application/grpc, te: trailers, user-agent: grpc-java-netty/1.58.0, grpc-accept-encoding: gzip] streamDependency=0 weight=16 exclusive=false padding=0 endStream=false
03 May 2025 04:08:15,561 [grpc-nio-worker-ELG-1-2] DEBUG io.grpc.netty.shaded.io.netty.util.internal.logging.Log4J2Logger 114 log - [id: 0x98dd5c98, L:/127.0.0.1:63767 - R:localhost/127.0.0.1:55556] OUTBOUND DATA: streamId=9 padding=0 endStream=true length=9 bytes=00000000040a026930
03 May 2025 04:08:15,567 [grpc-nio-worker-ELG-1-2] DEBUG io.grpc.netty.shaded.io.netty.util.internal.logging.Log4J2Logger 114 log - [id: 0x98dd5c98, L:/127.0.0.1:63767 - R:localhost/127.0.0.1:55556] INBOUND HEADERS: streamId=9 headers=GrpcHttp2ResponseHeaders[:status: 200, content-type: application/grpc, grpc-accept-encoding: identity, deflate, gzip] padding=0 endStream=false
03 May 2025 04:08:15,568 [grpc-nio-worker-ELG-1-2] DEBUG io.grpc.netty.shaded.io.netty.util.internal.logging.Log4J2Logger 114 log - [id: 0x98dd5c98, L:/127.0.0.1:63767 - R:localhost/127.0.0.1:55556] INBOUND WINDOW_UPDATE: streamId=9 windowSizeIncrement=14
03 May 2025 04:08:15,568 [grpc-nio-worker-ELG-1-2] DEBUG io.grpc.netty.shaded.io.netty.util.internal.logging.Log4J2Logger 114 log - [id: 0x98dd5c98, L:/127.0.0.1:63767 - R:localhost/127.0.0.1:55556] INBOUND DATA: streamId=9 padding=0 endStream=false length=336 bytes=000000014b08011a14081a12054a69616e751a044f616e6120222886031a1b0813120a436f6e7374616e74696e1a064d6172697573201e28ca021a1508241204...
03 May 2025 04:08:15,569 [grpc-nio-worker-ELG-1-2] DEBUG io.grpc.netty.shaded.io.netty.util.internal.logging.Log4J2Logger 114 log - [id: 0x98dd5c98, L:/127.0.0.1:63767 - R:localhost/127.0.0.1:55556] INBOUND HEADERS: streamId=9 headers=GrpcHttp2ResponseHeaders[grpc-status: 0] padding=0 endStream=true
03 May 2025 04:08:15,569 [grpc-nio-worker-ELG-1-2] DEBUG io.grpc.netty.shaded.io.netty.util.internal.logging.Log4J2Logger 114 log - [id: 0x98dd5c98, L:/127.0.0.1:63767 - R:localhost/127.0.0.1:55556] INBOUND WINDOW_UPDATE: streamId=0 windowSizeIncrement=9
03 May 2025 04:08:15,572 [JavaFX Application Thread] INFO  ro.mpp2024.grpcProxy 111 getParticipanti - Getting participants
03 May 2025 04:08:15,574 [grpc-nio-worker-ELG-1-2] DEBUG io.grpc.netty.shaded.io.netty.util.internal.logging.Log4J2Logger 114 log - [id: 0x98dd5c98, L:/127.0.0.1:63767 - R:localhost/127.0.0.1:55556] OUTBOUND HEADERS: streamId=11 headers=GrpcHttp2OutboundHeaders[:authority: localhost:55556, :path: /triatlon.TriatlonService/GetParticipants, :method: POST, :scheme: http, content-type: application/grpc, te: trailers, user-agent: grpc-java-netty/1.58.0, grpc-accept-encoding: gzip] streamDependency=0 weight=16 exclusive=false padding=0 endStream=false
03 May 2025 04:08:15,576 [grpc-nio-worker-ELG-1-2] DEBUG io.grpc.netty.shaded.io.netty.util.internal.logging.Log4J2Logger 114 log - [id: 0x98dd5c98, L:/127.0.0.1:63767 - R:localhost/127.0.0.1:55556] OUTBOUND DATA: streamId=11 padding=0 endStream=true length=5 bytes=0000000000
03 May 2025 04:08:15,579 [grpc-nio-worker-ELG-1-2] DEBUG io.grpc.netty.shaded.io.netty.util.internal.logging.Log4J2Logger 114 log - [id: 0x98dd5c98, L:/127.0.0.1:63767 - R:localhost/127.0.0.1:55556] INBOUND HEADERS: streamId=11 headers=GrpcHttp2ResponseHeaders[:status: 200, content-type: application/grpc, grpc-accept-encoding: identity, deflate, gzip] padding=0 endStream=false
03 May 2025 04:08:15,580 [grpc-nio-worker-ELG-1-2] DEBUG io.grpc.netty.shaded.io.netty.util.internal.logging.Log4J2Logger 114 log - [id: 0x98dd5c98, L:/127.0.0.1:63767 - R:localhost/127.0.0.1:55556] INBOUND WINDOW_UPDATE: streamId=11 windowSizeIncrement=10
03 May 2025 04:08:15,580 [grpc-nio-worker-ELG-1-2] DEBUG io.grpc.netty.shaded.io.netty.util.internal.logging.Log4J2Logger 114 log - [id: 0x98dd5c98, L:/127.0.0.1:63767 - R:localhost/127.0.0.1:55556] INBOUND DATA: streamId=11 padding=0 endStream=false length=900 bytes=000000037f08011a1208011207506f70657363751a03496f6e20191a1408021207496f6e657363751a054d61726961201e1a170803120947656f726765736375...
03 May 2025 04:08:15,580 [grpc-nio-worker-ELG-1-2] DEBUG io.grpc.netty.shaded.io.netty.util.internal.logging.Log4J2Logger 114 log - [id: 0x98dd5c98, L:/127.0.0.1:63767 - R:localhost/127.0.0.1:55556] INBOUND HEADERS: streamId=11 headers=GrpcHttp2ResponseHeaders[grpc-status: 0] padding=0 endStream=true
03 May 2025 04:08:15,581 [grpc-nio-worker-ELG-1-2] DEBUG io.grpc.netty.shaded.io.netty.util.internal.logging.Log4J2Logger 114 log - [id: 0x98dd5c98, L:/127.0.0.1:63767 - R:localhost/127.0.0.1:55556] INBOUND WINDOW_UPDATE: streamId=0 windowSizeIncrement=5
03 May 2025 04:08:15,590 [grpc-nio-worker-ELG-1-2] DEBUG io.grpc.netty.shaded.io.netty.util.internal.logging.Log4J2Logger 114 log - [id: 0x98dd5c98, L:/127.0.0.1:63767 - R:localhost/127.0.0.1:55556] INBOUND PING: ack=false bytes=1
03 May 2025 04:08:15,591 [grpc-nio-worker-ELG-1-2] DEBUG io.grpc.netty.shaded.io.netty.util.internal.logging.Log4J2Logger 114 log - [id: 0x98dd5c98, L:/127.0.0.1:63767 - R:localhost/127.0.0.1:55556] OUTBOUND PING: ack=true bytes=1
03 May 2025 04:08:35,999 [JavaFX Application Thread] INFO  ro.mpp2024.grpcProxy 200 addRezultat - Adding rezultat for participant: Marin Ana, points: 30
03 May 2025 04:08:36,002 [grpc-nio-worker-ELG-1-2] DEBUG io.grpc.netty.shaded.io.netty.util.internal.logging.Log4J2Logger 114 log - [id: 0x98dd5c98, L:/127.0.0.1:63767 - R:localhost/127.0.0.1:55556] OUTBOUND HEADERS: streamId=13 headers=GrpcHttp2OutboundHeaders[:authority: localhost:55556, :path: /triatlon.TriatlonService/AddRezultat, :method: POST, :scheme: http, content-type: application/grpc, te: trailers, user-agent: grpc-java-netty/1.58.0, grpc-accept-encoding: gzip] streamDependency=0 weight=16 exclusive=false padding=0 endStream=false
03 May 2025 04:08:36,003 [grpc-nio-worker-ELG-1-2] DEBUG io.grpc.netty.shaded.io.netty.util.internal.logging.Log4J2Logger 114 log - [id: 0x98dd5c98, L:/127.0.0.1:63767 - R:localhost/127.0.0.1:55556] OUTBOUND DATA: streamId=13 padding=0 endStream=true length=25 bytes=0000000014080812054d6172696e1a03416e6122026930281e
03 May 2025 04:08:36,004 [grpc-nio-worker-ELG-1-2] DEBUG io.grpc.netty.shaded.io.netty.util.internal.logging.Log4J2Logger 114 log - [id: 0x98dd5c98, L:/127.0.0.1:63767 - R:localhost/127.0.0.1:55556] INBOUND PING: ack=false bytes=2
03 May 2025 04:08:36,004 [grpc-nio-worker-ELG-1-2] DEBUG io.grpc.netty.shaded.io.netty.util.internal.logging.Log4J2Logger 114 log - [id: 0x98dd5c98, L:/127.0.0.1:63767 - R:localhost/127.0.0.1:55556] OUTBOUND PING: ack=true bytes=2
03 May 2025 04:08:36,022 [grpc-nio-worker-ELG-1-2] DEBUG io.grpc.netty.shaded.io.netty.util.internal.logging.Log4J2Logger 114 log - [id: 0x98dd5c98, L:/127.0.0.1:63767 - R:localhost/127.0.0.1:55556] INBOUND HEADERS: streamId=5 headers=GrpcHttp2ResponseHeaders[:status: 200, content-type: application/grpc, grpc-accept-encoding: identity, deflate, gzip] padding=0 endStream=false
03 May 2025 04:08:36,022 [grpc-nio-worker-ELG-1-2] DEBUG io.grpc.netty.shaded.io.netty.util.internal.logging.Log4J2Logger 114 log - [id: 0x4bb93655, L:/127.0.0.1:63758 - R:localhost/127.0.0.1:55556] INBOUND HEADERS: streamId=9 headers=GrpcHttp2ResponseHeaders[:status: 200, content-type: application/grpc, grpc-accept-encoding: identity, deflate, gzip] padding=0 endStream=false
03 May 2025 04:08:36,023 [grpc-nio-worker-ELG-1-2] DEBUG io.grpc.netty.shaded.io.netty.util.internal.logging.Log4J2Logger 114 log - [id: 0x4bb93655, L:/127.0.0.1:63758 - R:localhost/127.0.0.1:55556] INBOUND WINDOW_UPDATE: streamId=9 windowSizeIncrement=12
03 May 2025 04:08:36,023 [grpc-nio-worker-ELG-1-2] DEBUG io.grpc.netty.shaded.io.netty.util.internal.logging.Log4J2Logger 114 log - [id: 0x98dd5c98, L:/127.0.0.1:63767 - R:localhost/127.0.0.1:55556] INBOUND WINDOW_UPDATE: streamId=5 windowSizeIncrement=12
03 May 2025 04:08:36,023 [grpc-nio-worker-ELG-1-2] DEBUG io.grpc.netty.shaded.io.netty.util.internal.logging.Log4J2Logger 114 log - [id: 0x4bb93655, L:/127.0.0.1:63758 - R:localhost/127.0.0.1:55556] INBOUND DATA: streamId=9 padding=0 endStream=false length=27 bytes=000000001612140a02693010081a054d6172696e2203416e61281e
03 May 2025 04:08:36,023 [grpc-nio-worker-ELG-1-2] DEBUG io.grpc.netty.shaded.io.netty.util.internal.logging.Log4J2Logger 114 log - [id: 0x98dd5c98, L:/127.0.0.1:63767 - R:localhost/127.0.0.1:55556] INBOUND DATA: streamId=5 padding=0 endStream=false length=27 bytes=000000001612140a02693010081a054d6172696e2203416e61281e
03 May 2025 04:08:36,023 [grpc-nio-worker-ELG-1-2] DEBUG io.grpc.netty.shaded.io.netty.util.internal.logging.Log4J2Logger 114 log - [id: 0x98dd5c98, L:/127.0.0.1:63767 - R:localhost/127.0.0.1:55556] INBOUND WINDOW_UPDATE: streamId=0 windowSizeIncrement=25
03 May 2025 04:08:36,024 [grpc-nio-worker-ELG-1-2] DEBUG io.grpc.netty.shaded.io.netty.util.internal.logging.Log4J2Logger 114 log - [id: 0x98dd5c98, L:/127.0.0.1:63767 - R:localhost/127.0.0.1:55556] INBOUND HEADERS: streamId=13 headers=GrpcHttp2ResponseHeaders[:status: 200, content-type: application/grpc, grpc-accept-encoding: identity, deflate, gzip] padding=0 endStream=false
03 May 2025 04:08:36,024 [grpc-nio-worker-ELG-1-2] DEBUG io.grpc.netty.shaded.io.netty.util.internal.logging.Log4J2Logger 114 log - [id: 0x98dd5c98, L:/127.0.0.1:63767 - R:localhost/127.0.0.1:55556] INBOUND WINDOW_UPDATE: streamId=13 windowSizeIncrement=30
03 May 2025 04:08:36,024 [grpc-nio-worker-ELG-1-2] DEBUG io.grpc.netty.shaded.io.netty.util.internal.logging.Log4J2Logger 114 log - [id: 0x98dd5c98, L:/127.0.0.1:63767 - R:localhost/127.0.0.1:55556] INBOUND DATA: streamId=13 padding=0 endStream=false length=7 bytes=00000000020801
03 May 2025 04:08:36,025 [grpc-nio-worker-ELG-1-2] DEBUG io.grpc.netty.shaded.io.netty.util.internal.logging.Log4J2Logger 114 log - [id: 0x98dd5c98, L:/127.0.0.1:63767 - R:localhost/127.0.0.1:55556] INBOUND HEADERS: streamId=13 headers=GrpcHttp2ResponseHeaders[grpc-status: 0] padding=0 endStream=true
03 May 2025 04:08:36,025 [grpc-nio-worker-ELG-1-2] DEBUG io.grpc.netty.shaded.io.netty.util.internal.logging.Log4J2Logger 114 log - [id: 0x98dd5c98, L:/127.0.0.1:63767 - R:localhost/127.0.0.1:55556] INBOUND WINDOW_UPDATE: streamId=0 windowSizeIncrement=5
03 May 2025 04:08:36,028 [grpc-default-executor-2] INFO  ro.mpp2024.grpcProxy 273 processNotification - Received rezultat added notification for participant: Marin Ana
03 May 2025 04:08:36,031 [grpc-default-executor-1] INFO  ro.mpp2024.grpcProxy 273 processNotification - Received rezultat added notification for participant: Marin Ana
03 May 2025 04:08:57,632 [grpc-nio-worker-ELG-1-2] DEBUG io.grpc.netty.shaded.io.netty.util.internal.logging.Log4J2Logger 114 log - [id: 0x98dd5c98, L:/127.0.0.1:63767 - R:localhost/127.0.0.1:55556] OUTBOUND GO_AWAY: lastStreamId=2147483647 errorCode=2 length=16 bytes=436f6e6e656374696f6e207265736574
03 May 2025 04:08:57,632 [grpc-nio-worker-ELG-1-2] DEBUG io.grpc.netty.shaded.io.netty.util.internal.logging.Log4J2Logger 114 log - [id: 0x4bb93655, L:/127.0.0.1:63758 - R:localhost/127.0.0.1:55556] OUTBOUND GO_AWAY: lastStreamId=2147483647 errorCode=2 length=16 bytes=436f6e6e656374696f6e207265736574
03 May 2025 04:08:57,634 [grpc-nio-worker-ELG-1-2] DEBUG io.grpc.netty.shaded.io.netty.handler.codec.http2.Http2ConnectionHandler 946 processGoAwayWriteResult - [id: 0x98dd5c98, L:/127.0.0.1:63767 ! R:localhost/127.0.0.1:55556] Sending GOAWAY failed: lastStreamId '2147483647', errorCode '2', debugData 'Connection reset'. Forcing shutdown of the connection.
java.io.IOException: Connection reset by peer
	at java.base/sun.nio.ch.SocketDispatcher.writev0(Native Method) ~[?:?]
	at java.base/sun.nio.ch.SocketDispatcher.writev(SocketDispatcher.java:58) ~[?:?]
	at java.base/sun.nio.ch.IOUtil.write(IOUtil.java:217) ~[?:?]
	at java.base/sun.nio.ch.IOUtil.write(IOUtil.java:153) ~[?:?]
	at java.base/sun.nio.ch.SocketChannelImpl.write(SocketChannelImpl.java:563) ~[?:?]
	at io.grpc.netty.shaded.io.netty.channel.socket.nio.NioSocketChannel.doWrite(NioSocketChannel.java:430) ~[grpc-netty-shaded-1.58.0.jar:1.58.0]
	at io.grpc.netty.shaded.io.netty.channel.AbstractChannel$AbstractUnsafe.flush0(AbstractChannel.java:931) [grpc-netty-shaded-1.58.0.jar:1.58.0]
	at io.grpc.netty.shaded.io.netty.channel.nio.AbstractNioChannel$AbstractNioUnsafe.flush0(AbstractNioChannel.java:354) [grpc-netty-shaded-1.58.0.jar:1.58.0]
	at io.grpc.netty.shaded.io.netty.channel.AbstractChannel$AbstractUnsafe.flush(AbstractChannel.java:895) [grpc-netty-shaded-1.58.0.jar:1.58.0]
	at io.grpc.netty.shaded.io.netty.channel.DefaultChannelPipeline$HeadContext.flush(DefaultChannelPipeline.java:1372) [grpc-netty-shaded-1.58.0.jar:1.58.0]
	at io.grpc.netty.shaded.io.netty.channel.AbstractChannelHandlerContext.invokeFlush0(AbstractChannelHandlerContext.java:921) [grpc-netty-shaded-1.58.0.jar:1.58.0]
	at io.grpc.netty.shaded.io.netty.channel.AbstractChannelHandlerContext.invokeFlush(AbstractChannelHandlerContext.java:907) [grpc-netty-shaded-1.58.0.jar:1.58.0]
	at io.grpc.netty.shaded.io.netty.channel.AbstractChannelHandlerContext.flush(AbstractChannelHandlerContext.java:893) [grpc-netty-shaded-1.58.0.jar:1.58.0]
	at io.grpc.netty.shaded.io.netty.handler.codec.http2.Http2ConnectionHandler.onError(Http2ConnectionHandler.java:656) [grpc-netty-shaded-1.58.0.jar:1.58.0]
	at io.grpc.netty.shaded.io.grpc.netty.AbstractNettyHandler.exceptionCaught(AbstractNettyHandler.java:99) [grpc-netty-shaded-1.58.0.jar:1.58.0]
	at io.grpc.netty.shaded.io.netty.channel.AbstractChannelHandlerContext.invokeExceptionCaught(AbstractChannelHandlerContext.java:346) [grpc-netty-shaded-1.58.0.jar:1.58.0]
	at io.grpc.netty.shaded.io.netty.channel.AbstractChannelHandlerContext.invokeExceptionCaught(AbstractChannelHandlerContext.java:325) [grpc-netty-shaded-1.58.0.jar:1.58.0]
	at io.grpc.netty.shaded.io.netty.channel.AbstractChannelHandlerContext.fireExceptionCaught(AbstractChannelHandlerContext.java:317) [grpc-netty-shaded-1.58.0.jar:1.58.0]
	at io.grpc.netty.shaded.io.netty.channel.DefaultChannelPipeline$HeadContext.exceptionCaught(DefaultChannelPipeline.java:1377) [grpc-netty-shaded-1.58.0.jar:1.58.0]
	at io.grpc.netty.shaded.io.netty.channel.AbstractChannelHandlerContext.invokeExceptionCaught(AbstractChannelHandlerContext.java:346) [grpc-netty-shaded-1.58.0.jar:1.58.0]
	at io.grpc.netty.shaded.io.netty.channel.AbstractChannelHandlerContext.invokeExceptionCaught(AbstractChannelHandlerContext.java:325) [grpc-netty-shaded-1.58.0.jar:1.58.0]
	at io.grpc.netty.shaded.io.netty.channel.DefaultChannelPipeline.fireExceptionCaught(DefaultChannelPipeline.java:907) [grpc-netty-shaded-1.58.0.jar:1.58.0]
	at io.grpc.netty.shaded.io.netty.channel.nio.AbstractNioByteChannel$NioByteUnsafe.handleReadException(AbstractNioByteChannel.java:125) [grpc-netty-shaded-1.58.0.jar:1.58.0]
	at io.grpc.netty.shaded.io.netty.channel.nio.AbstractNioByteChannel$NioByteUnsafe.read(AbstractNioByteChannel.java:177) [grpc-netty-shaded-1.58.0.jar:1.58.0]
	at io.grpc.netty.shaded.io.netty.channel.nio.NioEventLoop.processSelectedKey(NioEventLoop.java:788) [grpc-netty-shaded-1.58.0.jar:1.58.0]
	at io.grpc.netty.shaded.io.netty.channel.nio.NioEventLoop.processSelectedKeysOptimized(NioEventLoop.java:724) [grpc-netty-shaded-1.58.0.jar:1.58.0]
	at io.grpc.netty.shaded.io.netty.channel.nio.NioEventLoop.processSelectedKeys(NioEventLoop.java:650) [grpc-netty-shaded-1.58.0.jar:1.58.0]
	at io.grpc.netty.shaded.io.netty.channel.nio.NioEventLoop.run(NioEventLoop.java:562) [grpc-netty-shaded-1.58.0.jar:1.58.0]
	at io.grpc.netty.shaded.io.netty.util.concurrent.SingleThreadEventExecutor$4.run(SingleThreadEventExecutor.java:997) [grpc-netty-shaded-1.58.0.jar:1.58.0]
	at io.grpc.netty.shaded.io.netty.util.internal.ThreadExecutorMap$2.run(ThreadExecutorMap.java:74) [grpc-netty-shaded-1.58.0.jar:1.58.0]
	at io.grpc.netty.shaded.io.netty.util.concurrent.FastThreadLocalRunnable.run(FastThreadLocalRunnable.java:30) [grpc-netty-shaded-1.58.0.jar:1.58.0]
	at java.base/java.lang.Thread.run(Thread.java:842) [?:?]
03 May 2025 04:08:57,634 [grpc-nio-worker-ELG-1-2] DEBUG io.grpc.netty.shaded.io.netty.handler.codec.http2.Http2ConnectionHandler 946 processGoAwayWriteResult - [id: 0x4bb93655, L:/127.0.0.1:63758 ! R:localhost/127.0.0.1:55556] Sending GOAWAY failed: lastStreamId '2147483647', errorCode '2', debugData 'Connection reset'. Forcing shutdown of the connection.
java.io.IOException: Connection reset by peer
	at java.base/sun.nio.ch.SocketDispatcher.writev0(Native Method) ~[?:?]
	at java.base/sun.nio.ch.SocketDispatcher.writev(SocketDispatcher.java:58) ~[?:?]
	at java.base/sun.nio.ch.IOUtil.write(IOUtil.java:217) ~[?:?]
	at java.base/sun.nio.ch.IOUtil.write(IOUtil.java:153) ~[?:?]
	at java.base/sun.nio.ch.SocketChannelImpl.write(SocketChannelImpl.java:563) ~[?:?]
	at io.grpc.netty.shaded.io.netty.channel.socket.nio.NioSocketChannel.doWrite(NioSocketChannel.java:430) ~[grpc-netty-shaded-1.58.0.jar:1.58.0]
	at io.grpc.netty.shaded.io.netty.channel.AbstractChannel$AbstractUnsafe.flush0(AbstractChannel.java:931) [grpc-netty-shaded-1.58.0.jar:1.58.0]
	at io.grpc.netty.shaded.io.netty.channel.nio.AbstractNioChannel$AbstractNioUnsafe.flush0(AbstractNioChannel.java:354) [grpc-netty-shaded-1.58.0.jar:1.58.0]
	at io.grpc.netty.shaded.io.netty.channel.AbstractChannel$AbstractUnsafe.flush(AbstractChannel.java:895) [grpc-netty-shaded-1.58.0.jar:1.58.0]
	at io.grpc.netty.shaded.io.netty.channel.DefaultChannelPipeline$HeadContext.flush(DefaultChannelPipeline.java:1372) [grpc-netty-shaded-1.58.0.jar:1.58.0]
	at io.grpc.netty.shaded.io.netty.channel.AbstractChannelHandlerContext.invokeFlush0(AbstractChannelHandlerContext.java:921) [grpc-netty-shaded-1.58.0.jar:1.58.0]
	at io.grpc.netty.shaded.io.netty.channel.AbstractChannelHandlerContext.invokeFlush(AbstractChannelHandlerContext.java:907) [grpc-netty-shaded-1.58.0.jar:1.58.0]
	at io.grpc.netty.shaded.io.netty.channel.AbstractChannelHandlerContext.flush(AbstractChannelHandlerContext.java:893) [grpc-netty-shaded-1.58.0.jar:1.58.0]
	at io.grpc.netty.shaded.io.netty.handler.codec.http2.Http2ConnectionHandler.onError(Http2ConnectionHandler.java:656) [grpc-netty-shaded-1.58.0.jar:1.58.0]
	at io.grpc.netty.shaded.io.grpc.netty.AbstractNettyHandler.exceptionCaught(AbstractNettyHandler.java:99) [grpc-netty-shaded-1.58.0.jar:1.58.0]
	at io.grpc.netty.shaded.io.netty.channel.AbstractChannelHandlerContext.invokeExceptionCaught(AbstractChannelHandlerContext.java:346) [grpc-netty-shaded-1.58.0.jar:1.58.0]
	at io.grpc.netty.shaded.io.netty.channel.AbstractChannelHandlerContext.invokeExceptionCaught(AbstractChannelHandlerContext.java:325) [grpc-netty-shaded-1.58.0.jar:1.58.0]
	at io.grpc.netty.shaded.io.netty.channel.AbstractChannelHandlerContext.fireExceptionCaught(AbstractChannelHandlerContext.java:317) [grpc-netty-shaded-1.58.0.jar:1.58.0]
	at io.grpc.netty.shaded.io.netty.channel.DefaultChannelPipeline$HeadContext.exceptionCaught(DefaultChannelPipeline.java:1377) [grpc-netty-shaded-1.58.0.jar:1.58.0]
	at io.grpc.netty.shaded.io.netty.channel.AbstractChannelHandlerContext.invokeExceptionCaught(AbstractChannelHandlerContext.java:346) [grpc-netty-shaded-1.58.0.jar:1.58.0]
	at io.grpc.netty.shaded.io.netty.channel.AbstractChannelHandlerContext.invokeExceptionCaught(AbstractChannelHandlerContext.java:325) [grpc-netty-shaded-1.58.0.jar:1.58.0]
	at io.grpc.netty.shaded.io.netty.channel.DefaultChannelPipeline.fireExceptionCaught(DefaultChannelPipeline.java:907) [grpc-netty-shaded-1.58.0.jar:1.58.0]
	at io.grpc.netty.shaded.io.netty.channel.nio.AbstractNioByteChannel$NioByteUnsafe.handleReadException(AbstractNioByteChannel.java:125) [grpc-netty-shaded-1.58.0.jar:1.58.0]
	at io.grpc.netty.shaded.io.netty.channel.nio.AbstractNioByteChannel$NioByteUnsafe.read(AbstractNioByteChannel.java:177) [grpc-netty-shaded-1.58.0.jar:1.58.0]
	at io.grpc.netty.shaded.io.netty.channel.nio.NioEventLoop.processSelectedKey(NioEventLoop.java:788) [grpc-netty-shaded-1.58.0.jar:1.58.0]
	at io.grpc.netty.shaded.io.netty.channel.nio.NioEventLoop.processSelectedKeysOptimized(NioEventLoop.java:724) [grpc-netty-shaded-1.58.0.jar:1.58.0]
	at io.grpc.netty.shaded.io.netty.channel.nio.NioEventLoop.processSelectedKeys(NioEventLoop.java:650) [grpc-netty-shaded-1.58.0.jar:1.58.0]
	at io.grpc.netty.shaded.io.netty.channel.nio.NioEventLoop.run(NioEventLoop.java:562) [grpc-netty-shaded-1.58.0.jar:1.58.0]
	at io.grpc.netty.shaded.io.netty.util.concurrent.SingleThreadEventExecutor$4.run(SingleThreadEventExecutor.java:997) [grpc-netty-shaded-1.58.0.jar:1.58.0]
	at io.grpc.netty.shaded.io.netty.util.internal.ThreadExecutorMap$2.run(ThreadExecutorMap.java:74) [grpc-netty-shaded-1.58.0.jar:1.58.0]
	at io.grpc.netty.shaded.io.netty.util.concurrent.FastThreadLocalRunnable.run(FastThreadLocalRunnable.java:30) [grpc-netty-shaded-1.58.0.jar:1.58.0]
	at java.base/java.lang.Thread.run(Thread.java:842) [?:?]
03 May 2025 04:08:57,637 [grpc-default-executor-2] ERROR ro.mpp2024.grpcProxy$1 249 onError - Error in notification subscription: UNAVAILABLE: io exception
io.grpc.StatusRuntimeException: UNAVAILABLE: io exception
	at io.grpc.Status.asRuntimeException(Status.java:537) ~[grpc-api-1.58.0.jar:1.58.0]
	at io.grpc.stub.ClientCalls$StreamObserverToCallListenerAdapter.onClose(ClientCalls.java:481) [grpc-stub-1.58.0.jar:1.58.0]
	at io.grpc.internal.ClientCallImpl.closeObserver(ClientCallImpl.java:567) [grpc-core-1.58.0.jar:1.58.0]
	at io.grpc.internal.ClientCallImpl.access$300(ClientCallImpl.java:71) [grpc-core-1.58.0.jar:1.58.0]
	at io.grpc.internal.ClientCallImpl$ClientStreamListenerImpl$1StreamClosed.runInternal(ClientCallImpl.java:735) [grpc-core-1.58.0.jar:1.58.0]
	at io.grpc.internal.ClientCallImpl$ClientStreamListenerImpl$1StreamClosed.runInContext(ClientCallImpl.java:716) [grpc-core-1.58.0.jar:1.58.0]
	at io.grpc.internal.ContextRunnable.run(ContextRunnable.java:37) [grpc-core-1.58.0.jar:1.58.0]
	at io.grpc.internal.SerializingExecutor.run(SerializingExecutor.java:133) [grpc-core-1.58.0.jar:1.58.0]
	at java.base/java.util.concurrent.ThreadPoolExecutor.runWorker(ThreadPoolExecutor.java:1136) [?:?]
	at java.base/java.util.concurrent.ThreadPoolExecutor$Worker.run(ThreadPoolExecutor.java:635) [?:?]
	at java.base/java.lang.Thread.run(Thread.java:842) [?:?]
Caused by: java.net.SocketException: Connection reset
	at java.base/sun.nio.ch.SocketChannelImpl.throwConnectionReset(SocketChannelImpl.java:394) ~[?:?]
	at java.base/sun.nio.ch.SocketChannelImpl.read(SocketChannelImpl.java:426) ~[?:?]
	at io.grpc.netty.shaded.io.netty.buffer.PooledByteBuf.setBytes(PooledByteBuf.java:256) ~[grpc-netty-shaded-1.58.0.jar:1.58.0]
	at io.grpc.netty.shaded.io.netty.buffer.AbstractByteBuf.writeBytes(AbstractByteBuf.java:1132) ~[grpc-netty-shaded-1.58.0.jar:1.58.0]
	at io.grpc.netty.shaded.io.netty.channel.socket.nio.NioSocketChannel.doReadBytes(NioSocketChannel.java:357) ~[grpc-netty-shaded-1.58.0.jar:1.58.0]
	at io.grpc.netty.shaded.io.netty.channel.nio.AbstractNioByteChannel$NioByteUnsafe.read(AbstractNioByteChannel.java:151) ~[grpc-netty-shaded-1.58.0.jar:1.58.0]
	at io.grpc.netty.shaded.io.netty.channel.nio.NioEventLoop.processSelectedKey(NioEventLoop.java:788) ~[grpc-netty-shaded-1.58.0.jar:1.58.0]
	at io.grpc.netty.shaded.io.netty.channel.nio.NioEventLoop.processSelectedKeysOptimized(NioEventLoop.java:724) ~[grpc-netty-shaded-1.58.0.jar:1.58.0]
	at io.grpc.netty.shaded.io.netty.channel.nio.NioEventLoop.processSelectedKeys(NioEventLoop.java:650) ~[grpc-netty-shaded-1.58.0.jar:1.58.0]
	at io.grpc.netty.shaded.io.netty.channel.nio.NioEventLoop.run(NioEventLoop.java:562) ~[grpc-netty-shaded-1.58.0.jar:1.58.0]
	at io.grpc.netty.shaded.io.netty.util.concurrent.SingleThreadEventExecutor$4.run(SingleThreadEventExecutor.java:997) ~[grpc-netty-shaded-1.58.0.jar:1.58.0]
	at io.grpc.netty.shaded.io.netty.util.internal.ThreadExecutorMap$2.run(ThreadExecutorMap.java:74) ~[grpc-netty-shaded-1.58.0.jar:1.58.0]
	at io.grpc.netty.shaded.io.netty.util.concurrent.FastThreadLocalRunnable.run(FastThreadLocalRunnable.java:30) ~[grpc-netty-shaded-1.58.0.jar:1.58.0]
	... 1 more
03 May 2025 04:08:57,637 [grpc-default-executor-1] ERROR ro.mpp2024.grpcProxy$1 249 onError - Error in notification subscription: UNAVAILABLE: io exception
io.grpc.StatusRuntimeException: UNAVAILABLE: io exception
	at io.grpc.Status.asRuntimeException(Status.java:537) ~[grpc-api-1.58.0.jar:1.58.0]
	at io.grpc.stub.ClientCalls$StreamObserverToCallListenerAdapter.onClose(ClientCalls.java:481) [grpc-stub-1.58.0.jar:1.58.0]
	at io.grpc.internal.ClientCallImpl.closeObserver(ClientCallImpl.java:567) [grpc-core-1.58.0.jar:1.58.0]
	at io.grpc.internal.ClientCallImpl.access$300(ClientCallImpl.java:71) [grpc-core-1.58.0.jar:1.58.0]
	at io.grpc.internal.ClientCallImpl$ClientStreamListenerImpl$1StreamClosed.runInternal(ClientCallImpl.java:735) [grpc-core-1.58.0.jar:1.58.0]
	at io.grpc.internal.ClientCallImpl$ClientStreamListenerImpl$1StreamClosed.runInContext(ClientCallImpl.java:716) [grpc-core-1.58.0.jar:1.58.0]
	at io.grpc.internal.ContextRunnable.run(ContextRunnable.java:37) [grpc-core-1.58.0.jar:1.58.0]
	at io.grpc.internal.SerializingExecutor.run(SerializingExecutor.java:133) [grpc-core-1.58.0.jar:1.58.0]
	at java.base/java.util.concurrent.ThreadPoolExecutor.runWorker(ThreadPoolExecutor.java:1136) [?:?]
	at java.base/java.util.concurrent.ThreadPoolExecutor$Worker.run(ThreadPoolExecutor.java:635) [?:?]
	at java.base/java.lang.Thread.run(Thread.java:842) [?:?]
Caused by: java.net.SocketException: Connection reset
	at java.base/sun.nio.ch.SocketChannelImpl.throwConnectionReset(SocketChannelImpl.java:394) ~[?:?]
	at java.base/sun.nio.ch.SocketChannelImpl.read(SocketChannelImpl.java:426) ~[?:?]
	at io.grpc.netty.shaded.io.netty.buffer.PooledByteBuf.setBytes(PooledByteBuf.java:256) ~[grpc-netty-shaded-1.58.0.jar:1.58.0]
	at io.grpc.netty.shaded.io.netty.buffer.AbstractByteBuf.writeBytes(AbstractByteBuf.java:1132) ~[grpc-netty-shaded-1.58.0.jar:1.58.0]
	at io.grpc.netty.shaded.io.netty.channel.socket.nio.NioSocketChannel.doReadBytes(NioSocketChannel.java:357) ~[grpc-netty-shaded-1.58.0.jar:1.58.0]
	at io.grpc.netty.shaded.io.netty.channel.nio.AbstractNioByteChannel$NioByteUnsafe.read(AbstractNioByteChannel.java:151) ~[grpc-netty-shaded-1.58.0.jar:1.58.0]
	at io.grpc.netty.shaded.io.netty.channel.nio.NioEventLoop.processSelectedKey(NioEventLoop.java:788) ~[grpc-netty-shaded-1.58.0.jar:1.58.0]
	at io.grpc.netty.shaded.io.netty.channel.nio.NioEventLoop.processSelectedKeysOptimized(NioEventLoop.java:724) ~[grpc-netty-shaded-1.58.0.jar:1.58.0]
	at io.grpc.netty.shaded.io.netty.channel.nio.NioEventLoop.processSelectedKeys(NioEventLoop.java:650) ~[grpc-netty-shaded-1.58.0.jar:1.58.0]
	at io.grpc.netty.shaded.io.netty.channel.nio.NioEventLoop.run(NioEventLoop.java:562) ~[grpc-netty-shaded-1.58.0.jar:1.58.0]
	at io.grpc.netty.shaded.io.netty.util.concurrent.SingleThreadEventExecutor$4.run(SingleThreadEventExecutor.java:997) ~[grpc-netty-shaded-1.58.0.jar:1.58.0]
	at io.grpc.netty.shaded.io.netty.util.internal.ThreadExecutorMap$2.run(ThreadExecutorMap.java:74) ~[grpc-netty-shaded-1.58.0.jar:1.58.0]
	at io.grpc.netty.shaded.io.netty.util.concurrent.FastThreadLocalRunnable.run(FastThreadLocalRunnable.java:30) ~[grpc-netty-shaded-1.58.0.jar:1.58.0]
	... 1 more
03 May 2025 04:11:07,819 [JavaFX Application Thread] DEBUG ro.mpp2024.StartJsonClient 29 start - Starting client application
03 May 2025 04:11:07,823 [JavaFX Application Thread] INFO  ro.mpp2024.StartJsonClient 33 start - Client properties set {server.host=localhost, server.port=55556}
03 May 2025 04:11:07,823 [JavaFX Application Thread] INFO  ro.mpp2024.StartJsonClient 50 start - Connecting to server localhost on port 55556
03 May 2025 04:11:07,852 [JavaFX Application Thread] DEBUG io.grpc.netty.shaded.io.netty.util.internal.logging.InternalLoggerFactory 76 useLog4J2LoggerFactory - Using Log4J2 as the default logging framework
03 May 2025 04:11:07,854 [JavaFX Application Thread] DEBUG io.grpc.netty.shaded.io.netty.util.internal.PlatformDependent0 497 explicitNoUnsafeCause0 - -Dio.netty.noUnsafe: false
03 May 2025 04:11:07,854 [JavaFX Application Thread] DEBUG io.grpc.netty.shaded.io.netty.util.internal.PlatformDependent0 1001 javaVersion0 - Java version: 17
03 May 2025 04:11:07,856 [JavaFX Application Thread] DEBUG io.grpc.netty.shaded.io.netty.util.internal.PlatformDependent0 137 <clinit> - sun.misc.Unsafe.theUnsafe: available
03 May 2025 04:11:07,856 [JavaFX Application Thread] DEBUG io.grpc.netty.shaded.io.netty.util.internal.PlatformDependent0 161 <clinit> - sun.misc.Unsafe.copyMemory: available
03 May 2025 04:11:07,857 [JavaFX Application Thread] DEBUG io.grpc.netty.shaded.io.netty.util.internal.PlatformDependent0 193 <clinit> - sun.misc.Unsafe.storeFence: available
03 May 2025 04:11:07,857 [JavaFX Application Thread] DEBUG io.grpc.netty.shaded.io.netty.util.internal.PlatformDependent0 236 <clinit> - java.nio.Buffer.address: available
03 May 2025 04:11:07,858 [JavaFX Application Thread] DEBUG io.grpc.netty.shaded.io.netty.util.internal.PlatformDependent0 318 <clinit> - direct buffer constructor: unavailable
java.lang.UnsupportedOperationException: Reflective setAccessible(true) disabled
	at io.grpc.netty.shaded.io.netty.util.internal.ReflectionUtil.trySetAccessible(ReflectionUtil.java:31) ~[grpc-netty-shaded-1.58.0.jar:1.58.0]
	at io.grpc.netty.shaded.io.netty.util.internal.PlatformDependent0$5.run(PlatformDependent0.java:289) ~[grpc-netty-shaded-1.58.0.jar:1.58.0]
	at java.base/java.security.AccessController.doPrivileged(AccessController.java:318) ~[?:?]
	at io.grpc.netty.shaded.io.netty.util.internal.PlatformDependent0.<clinit>(PlatformDependent0.java:282) ~[grpc-netty-shaded-1.58.0.jar:1.58.0]
	at io.grpc.netty.shaded.io.netty.util.internal.PlatformDependent.isAndroid(PlatformDependent.java:333) ~[grpc-netty-shaded-1.58.0.jar:1.58.0]
	at io.grpc.netty.shaded.io.netty.util.internal.PlatformDependent.<clinit>(PlatformDependent.java:88) ~[grpc-netty-shaded-1.58.0.jar:1.58.0]
	at io.grpc.netty.shaded.io.netty.util.AsciiString.<init>(AsciiString.java:225) ~[grpc-netty-shaded-1.58.0.jar:1.58.0]
	at io.grpc.netty.shaded.io.netty.util.AsciiString.<init>(AsciiString.java:212) ~[grpc-netty-shaded-1.58.0.jar:1.58.0]
	at io.grpc.netty.shaded.io.netty.util.AsciiString.cached(AsciiString.java:1403) ~[grpc-netty-shaded-1.58.0.jar:1.58.0]
	at io.grpc.netty.shaded.io.netty.util.AsciiString.<clinit>(AsciiString.java:48) ~[grpc-netty-shaded-1.58.0.jar:1.58.0]
	at io.grpc.netty.shaded.io.grpc.netty.Utils.<clinit>(Utils.java:78) ~[grpc-netty-shaded-1.58.0.jar:1.58.0]
	at io.grpc.netty.shaded.io.grpc.netty.UdsNettyChannelProvider.isAvailable(UdsNettyChannelProvider.java:34) ~[grpc-netty-shaded-1.58.0.jar:1.58.0]
	at io.grpc.ManagedChannelRegistry$ManagedChannelPriorityAccessor.isAvailable(ManagedChannelRegistry.java:211) ~[grpc-api-1.58.0.jar:1.58.0]
	at io.grpc.ManagedChannelRegistry$ManagedChannelPriorityAccessor.isAvailable(ManagedChannelRegistry.java:207) ~[grpc-api-1.58.0.jar:1.58.0]
	at io.grpc.ServiceProviders.loadAll(ServiceProviders.java:68) ~[grpc-api-1.58.0.jar:1.58.0]
	at io.grpc.ManagedChannelRegistry.getDefaultRegistry(ManagedChannelRegistry.java:101) ~[grpc-api-1.58.0.jar:1.58.0]
	at io.grpc.ManagedChannelProvider.provider(ManagedChannelProvider.java:43) ~[grpc-api-1.58.0.jar:1.58.0]
	at io.grpc.ManagedChannelBuilder.forAddress(ManagedChannelBuilder.java:44) ~[grpc-api-1.58.0.jar:1.58.0]
	at ro.mpp2024.grpcProxy.<init>(grpcProxy.java:37) ~[grpcClient-1.0-SNAPSHOT.jar:?]
	at ro.mpp2024.StartJsonClient.start(StartJsonClient.java:53) ~[main/:?]
	at javafx.graphics/com.sun.javafx.application.LauncherImpl.lambda$launchApplication1$9(LauncherImpl.java:839) ~[javafx-graphics-21-win.jar:?]
	at javafx.graphics/com.sun.javafx.application.PlatformImpl.lambda$runAndWait$12(PlatformImpl.java:483) ~[javafx-graphics-21-win.jar:?]
	at javafx.graphics/com.sun.javafx.application.PlatformImpl.lambda$runLater$10(PlatformImpl.java:456) ~[javafx-graphics-21-win.jar:?]
	at java.base/java.security.AccessController.doPrivileged(AccessController.java:399) ~[?:?]
	at javafx.graphics/com.sun.javafx.application.PlatformImpl.lambda$runLater$11(PlatformImpl.java:455) ~[javafx-graphics-21-win.jar:?]
	at javafx.graphics/com.sun.glass.ui.InvokeLaterDispatcher$Future.run(InvokeLaterDispatcher.java:95) ~[javafx-graphics-21-win.jar:?]
	at javafx.graphics/com.sun.glass.ui.win.WinApplication._runLoop(Native Method) ~[javafx-graphics-21-win.jar:?]
	at javafx.graphics/com.sun.glass.ui.win.WinApplication.lambda$runLoop$3(WinApplication.java:185) ~[javafx-graphics-21-win.jar:?]
	at java.base/java.lang.Thread.run(Thread.java:842) [?:?]
03 May 2025 04:11:07,867 [JavaFX Application Thread] DEBUG io.grpc.netty.shaded.io.netty.util.internal.PlatformDependent0 386 <clinit> - java.nio.Bits.unaligned: available, true
03 May 2025 04:11:07,868 [JavaFX Application Thread] DEBUG io.grpc.netty.shaded.io.netty.util.internal.PlatformDependent0 450 <clinit> - jdk.internal.misc.Unsafe.allocateUninitializedArray(int): unavailable
java.lang.IllegalAccessException: class io.grpc.netty.shaded.io.netty.util.internal.PlatformDependent0$7 cannot access class jdk.internal.misc.Unsafe (in module java.base) because module java.base does not export jdk.internal.misc to unnamed module @42b76417
	at java.base/jdk.internal.reflect.Reflection.newIllegalAccessException(Reflection.java:392) ~[?:?]
	at java.base/java.lang.reflect.AccessibleObject.checkAccess(AccessibleObject.java:674) ~[?:?]
	at java.base/java.lang.reflect.Method.invoke(Method.java:560) ~[?:?]
	at io.grpc.netty.shaded.io.netty.util.internal.PlatformDependent0$7.run(PlatformDependent0.java:411) ~[grpc-netty-shaded-1.58.0.jar:1.58.0]
	at java.base/java.security.AccessController.doPrivileged(AccessController.java:318) ~[?:?]
	at io.grpc.netty.shaded.io.netty.util.internal.PlatformDependent0.<clinit>(PlatformDependent0.java:402) ~[grpc-netty-shaded-1.58.0.jar:1.58.0]
	at io.grpc.netty.shaded.io.netty.util.internal.PlatformDependent.isAndroid(PlatformDependent.java:333) ~[grpc-netty-shaded-1.58.0.jar:1.58.0]
	at io.grpc.netty.shaded.io.netty.util.internal.PlatformDependent.<clinit>(PlatformDependent.java:88) ~[grpc-netty-shaded-1.58.0.jar:1.58.0]
	at io.grpc.netty.shaded.io.netty.util.AsciiString.<init>(AsciiString.java:225) ~[grpc-netty-shaded-1.58.0.jar:1.58.0]
	at io.grpc.netty.shaded.io.netty.util.AsciiString.<init>(AsciiString.java:212) ~[grpc-netty-shaded-1.58.0.jar:1.58.0]
	at io.grpc.netty.shaded.io.netty.util.AsciiString.cached(AsciiString.java:1403) ~[grpc-netty-shaded-1.58.0.jar:1.58.0]
	at io.grpc.netty.shaded.io.netty.util.AsciiString.<clinit>(AsciiString.java:48) ~[grpc-netty-shaded-1.58.0.jar:1.58.0]
	at io.grpc.netty.shaded.io.grpc.netty.Utils.<clinit>(Utils.java:78) ~[grpc-netty-shaded-1.58.0.jar:1.58.0]
	at io.grpc.netty.shaded.io.grpc.netty.UdsNettyChannelProvider.isAvailable(UdsNettyChannelProvider.java:34) ~[grpc-netty-shaded-1.58.0.jar:1.58.0]
	at io.grpc.ManagedChannelRegistry$ManagedChannelPriorityAccessor.isAvailable(ManagedChannelRegistry.java:211) ~[grpc-api-1.58.0.jar:1.58.0]
	at io.grpc.ManagedChannelRegistry$ManagedChannelPriorityAccessor.isAvailable(ManagedChannelRegistry.java:207) ~[grpc-api-1.58.0.jar:1.58.0]
	at io.grpc.ServiceProviders.loadAll(ServiceProviders.java:68) ~[grpc-api-1.58.0.jar:1.58.0]
	at io.grpc.ManagedChannelRegistry.getDefaultRegistry(ManagedChannelRegistry.java:101) ~[grpc-api-1.58.0.jar:1.58.0]
	at io.grpc.ManagedChannelProvider.provider(ManagedChannelProvider.java:43) ~[grpc-api-1.58.0.jar:1.58.0]
	at io.grpc.ManagedChannelBuilder.forAddress(ManagedChannelBuilder.java:44) ~[grpc-api-1.58.0.jar:1.58.0]
	at ro.mpp2024.grpcProxy.<init>(grpcProxy.java:37) ~[grpcClient-1.0-SNAPSHOT.jar:?]
	at ro.mpp2024.StartJsonClient.start(StartJsonClient.java:53) ~[main/:?]
	at javafx.graphics/com.sun.javafx.application.LauncherImpl.lambda$launchApplication1$9(LauncherImpl.java:839) ~[javafx-graphics-21-win.jar:?]
	at javafx.graphics/com.sun.javafx.application.PlatformImpl.lambda$runAndWait$12(PlatformImpl.java:483) ~[javafx-graphics-21-win.jar:?]
	at javafx.graphics/com.sun.javafx.application.PlatformImpl.lambda$runLater$10(PlatformImpl.java:456) ~[javafx-graphics-21-win.jar:?]
	at java.base/java.security.AccessController.doPrivileged(AccessController.java:399) ~[?:?]
	at javafx.graphics/com.sun.javafx.application.PlatformImpl.lambda$runLater$11(PlatformImpl.java:455) ~[javafx-graphics-21-win.jar:?]
	at javafx.graphics/com.sun.glass.ui.InvokeLaterDispatcher$Future.run(InvokeLaterDispatcher.java:95) ~[javafx-graphics-21-win.jar:?]
	at javafx.graphics/com.sun.glass.ui.win.WinApplication._runLoop(Native Method) ~[javafx-graphics-21-win.jar:?]
	at javafx.graphics/com.sun.glass.ui.win.WinApplication.lambda$runLoop$3(WinApplication.java:185) ~[javafx-graphics-21-win.jar:?]
	at java.base/java.lang.Thread.run(Thread.java:842) [?:?]
03 May 2025 04:11:07,870 [JavaFX Application Thread] DEBUG io.grpc.netty.shaded.io.netty.util.internal.PlatformDependent0 483 <clinit> - java.nio.DirectByteBuffer.<init>(long, {int,long}): unavailable
03 May 2025 04:11:07,870 [JavaFX Application Thread] DEBUG io.grpc.netty.shaded.io.netty.util.internal.PlatformDependent 1159 unsafeUnavailabilityCause0 - sun.misc.Unsafe: available
03 May 2025 04:11:07,871 [JavaFX Application Thread] DEBUG io.grpc.netty.shaded.io.netty.util.internal.PlatformDependent 1270 estimateMaxDirectMemory - maxDirectMemory: 3720347648 bytes (maybe)
03 May 2025 04:11:07,872 [JavaFX Application Thread] DEBUG io.grpc.netty.shaded.io.netty.util.internal.PlatformDependent 1289 tmpdir0 - -Dio.netty.tmpdir: C:\Users\redis\AppData\Local\Temp (java.io.tmpdir)
03 May 2025 04:11:07,872 [JavaFX Application Thread] DEBUG io.grpc.netty.shaded.io.netty.util.internal.PlatformDependent 1368 bitMode0 - -Dio.netty.bitMode: 64 (sun.arch.data.model)
03 May 2025 04:11:07,872 [JavaFX Application Thread] DEBUG io.grpc.netty.shaded.io.netty.util.internal.PlatformDependent 1119 isWindows0 - Platform: Windows
03 May 2025 04:11:07,873 [JavaFX Application Thread] DEBUG io.grpc.netty.shaded.io.netty.util.internal.PlatformDependent 178 <clinit> - -Dio.netty.maxDirectMemory: -1 bytes
03 May 2025 04:11:07,873 [JavaFX Application Thread] DEBUG io.grpc.netty.shaded.io.netty.util.internal.PlatformDependent 185 <clinit> - -Dio.netty.uninitializedArrayAllocationThreshold: -1
03 May 2025 04:11:07,874 [JavaFX Application Thread] DEBUG io.grpc.netty.shaded.io.netty.util.internal.CleanerJava9 71 <clinit> - java.nio.ByteBuffer.cleaner(): available
03 May 2025 04:11:07,874 [JavaFX Application Thread] DEBUG io.grpc.netty.shaded.io.netty.util.internal.PlatformDependent 205 <clinit> - -Dio.netty.noPreferDirect: false
03 May 2025 04:11:08,021 [JavaFX Application Thread] DEBUG io.grpc.netty.shaded.io.netty.channel.MultithreadEventLoopGroup 44 <clinit> - -Dio.netty.eventLoopThreads: 24
03 May 2025 04:11:08,030 [JavaFX Application Thread] DEBUG io.grpc.netty.shaded.io.netty.util.concurrent.GlobalEventExecutor 53 <clinit> - -Dio.netty.globalEventExecutor.quietPeriodSeconds: 1
03 May 2025 04:11:08,037 [JavaFX Application Thread] DEBUG io.grpc.netty.shaded.io.netty.util.internal.InternalThreadLocalMap 100 <clinit> - -Dio.netty.threadLocalMap.stringBuilder.initialSize: 1024
03 May 2025 04:11:08,037 [JavaFX Application Thread] DEBUG io.grpc.netty.shaded.io.netty.util.internal.InternalThreadLocalMap 101 <clinit> - -Dio.netty.threadLocalMap.stringBuilder.maxSize: 4096
03 May 2025 04:11:08,042 [JavaFX Application Thread] DEBUG io.grpc.netty.shaded.io.netty.channel.nio.NioEventLoop 110 <clinit> - -Dio.netty.noKeySetOptimization: false
03 May 2025 04:11:08,042 [JavaFX Application Thread] DEBUG io.grpc.netty.shaded.io.netty.channel.nio.NioEventLoop 111 <clinit> - -Dio.netty.selectorAutoRebuildThreshold: 512
03 May 2025 04:11:08,049 [JavaFX Application Thread] DEBUG io.grpc.netty.shaded.io.netty.util.internal.PlatformDependent$Mpsc 1010 <clinit> - org.jctools-core.MpscChunkedArrayQueue: available
03 May 2025 04:11:08,055 [JavaFX Application Thread] TRACE io.grpc.netty.shaded.io.netty.channel.nio.NioEventLoop 264 openSelector - instrumented a special java.util.Set into: sun.nio.ch.WEPollSelectorImpl@1f43de3f
03 May 2025 04:11:08,058 [JavaFX Application Thread] TRACE io.grpc.netty.shaded.io.netty.channel.nio.NioEventLoop 264 openSelector - instrumented a special java.util.Set into: sun.nio.ch.WEPollSelectorImpl@1fce3397
03 May 2025 04:11:08,059 [JavaFX Application Thread] TRACE io.grpc.netty.shaded.io.netty.channel.nio.NioEventLoop 264 openSelector - instrumented a special java.util.Set into: sun.nio.ch.WEPollSelectorImpl@4b306300
03 May 2025 04:11:08,061 [JavaFX Application Thread] TRACE io.grpc.netty.shaded.io.netty.channel.nio.NioEventLoop 264 openSelector - instrumented a special java.util.Set into: sun.nio.ch.WEPollSelectorImpl@466ec9d3
03 May 2025 04:11:08,062 [JavaFX Application Thread] TRACE io.grpc.netty.shaded.io.netty.channel.nio.NioEventLoop 264 openSelector - instrumented a special java.util.Set into: sun.nio.ch.WEPollSelectorImpl@569d8a08
03 May 2025 04:11:08,064 [JavaFX Application Thread] TRACE io.grpc.netty.shaded.io.netty.channel.nio.NioEventLoop 264 openSelector - instrumented a special java.util.Set into: sun.nio.ch.WEPollSelectorImpl@38a159c7
03 May 2025 04:11:08,065 [JavaFX Application Thread] TRACE io.grpc.netty.shaded.io.netty.channel.nio.NioEventLoop 264 openSelector - instrumented a special java.util.Set into: sun.nio.ch.WEPollSelectorImpl@70c115b0
03 May 2025 04:11:08,067 [JavaFX Application Thread] TRACE io.grpc.netty.shaded.io.netty.channel.nio.NioEventLoop 264 openSelector - instrumented a special java.util.Set into: sun.nio.ch.WEPollSelectorImpl@40d16a2a
03 May 2025 04:11:08,069 [JavaFX Application Thread] TRACE io.grpc.netty.shaded.io.netty.channel.nio.NioEventLoop 264 openSelector - instrumented a special java.util.Set into: sun.nio.ch.WEPollSelectorImpl@7aa665f2
03 May 2025 04:11:08,070 [JavaFX Application Thread] TRACE io.grpc.netty.shaded.io.netty.channel.nio.NioEventLoop 264 openSelector - instrumented a special java.util.Set into: sun.nio.ch.WEPollSelectorImpl@48fb7400
03 May 2025 04:11:08,072 [JavaFX Application Thread] TRACE io.grpc.netty.shaded.io.netty.channel.nio.NioEventLoop 264 openSelector - instrumented a special java.util.Set into: sun.nio.ch.WEPollSelectorImpl@30ef943a
03 May 2025 04:11:08,073 [JavaFX Application Thread] TRACE io.grpc.netty.shaded.io.netty.channel.nio.NioEventLoop 264 openSelector - instrumented a special java.util.Set into: sun.nio.ch.WEPollSelectorImpl@7ba43837
03 May 2025 04:11:08,118 [JavaFX Application Thread] DEBUG ro.mpp2024.grpcProxy 43 <init> - GRPCServerProxy initialized for localhost:55556
03 May 2025 04:11:42,343 [JavaFX Application Thread] INFO  ro.mpp2024.grpcProxy 48 login - Login attempt for username: supermario
03 May 2025 04:11:42,421 [grpc-default-executor-0] DEBUG io.grpc.netty.shaded.io.netty.util.ResourceLeakDetector 129 <clinit> - -Dio.grpc.netty.shaded.io.netty.leakDetection.level: simple
03 May 2025 04:11:42,422 [grpc-default-executor-0] DEBUG io.grpc.netty.shaded.io.netty.util.ResourceLeakDetector 130 <clinit> - -Dio.grpc.netty.shaded.io.netty.leakDetection.targetRecords: 4
03 May 2025 04:11:42,426 [grpc-default-executor-0] DEBUG io.grpc.netty.shaded.io.netty.buffer.AbstractByteBuf 63 <clinit> - -Dio.grpc.netty.shaded.io.netty.buffer.checkAccessible: true
03 May 2025 04:11:42,426 [grpc-default-executor-0] DEBUG io.grpc.netty.shaded.io.netty.buffer.AbstractByteBuf 64 <clinit> - -Dio.grpc.netty.shaded.io.netty.buffer.checkBounds: true
03 May 2025 04:11:42,427 [grpc-default-executor-0] DEBUG io.grpc.netty.shaded.io.netty.util.ResourceLeakDetectorFactory$DefaultResourceLeakDetectorFactory 196 newResourceLeakDetector - Loaded default ResourceLeakDetector: io.grpc.netty.shaded.io.netty.util.ResourceLeakDetector@50b1ce15
03 May 2025 04:11:42,469 [grpc-default-executor-0] DEBUG io.grpc.netty.shaded.io.netty.buffer.PooledByteBufAllocator 157 <clinit> - -Dio.netty.allocator.numHeapArenas: 24
03 May 2025 04:11:42,470 [grpc-default-executor-0] DEBUG io.grpc.netty.shaded.io.netty.buffer.PooledByteBufAllocator 158 <clinit> - -Dio.netty.allocator.numDirectArenas: 24
03 May 2025 04:11:42,470 [grpc-default-executor-0] DEBUG io.grpc.netty.shaded.io.netty.buffer.PooledByteBufAllocator 160 <clinit> - -Dio.netty.allocator.pageSize: 8192
03 May 2025 04:11:42,470 [grpc-default-executor-0] DEBUG io.grpc.netty.shaded.io.netty.buffer.PooledByteBufAllocator 165 <clinit> - -Dio.netty.allocator.maxOrder: 9
03 May 2025 04:11:42,470 [grpc-default-executor-0] DEBUG io.grpc.netty.shaded.io.netty.buffer.PooledByteBufAllocator 169 <clinit> - -Dio.netty.allocator.chunkSize: 4194304
03 May 2025 04:11:42,470 [grpc-default-executor-0] DEBUG io.grpc.netty.shaded.io.netty.buffer.PooledByteBufAllocator 170 <clinit> - -Dio.netty.allocator.smallCacheSize: 256
03 May 2025 04:11:42,470 [grpc-default-executor-0] DEBUG io.grpc.netty.shaded.io.netty.buffer.PooledByteBufAllocator 171 <clinit> - -Dio.netty.allocator.normalCacheSize: 64
03 May 2025 04:11:42,470 [grpc-default-executor-0] DEBUG io.grpc.netty.shaded.io.netty.buffer.PooledByteBufAllocator 172 <clinit> - -Dio.netty.allocator.maxCachedBufferCapacity: 32768
03 May 2025 04:11:42,470 [grpc-default-executor-0] DEBUG io.grpc.netty.shaded.io.netty.buffer.PooledByteBufAllocator 173 <clinit> - -Dio.netty.allocator.cacheTrimInterval: 8192
03 May 2025 04:11:42,470 [grpc-default-executor-0] DEBUG io.grpc.netty.shaded.io.netty.buffer.PooledByteBufAllocator 174 <clinit> - -Dio.netty.allocator.cacheTrimIntervalMillis: 0
03 May 2025 04:11:42,471 [grpc-default-executor-0] DEBUG io.grpc.netty.shaded.io.netty.buffer.PooledByteBufAllocator 175 <clinit> - -Dio.netty.allocator.useCacheForAllThreads: false
03 May 2025 04:11:42,471 [grpc-default-executor-0] DEBUG io.grpc.netty.shaded.io.netty.buffer.PooledByteBufAllocator 176 <clinit> - -Dio.netty.allocator.maxCachedByteBuffersPerChunk: 1023
03 May 2025 04:11:42,490 [grpc-default-executor-0] DEBUG io.grpc.netty.shaded.io.netty.channel.DefaultChannelId 79 <clinit> - -Dio.netty.processId: 22992 (auto-detected)
03 May 2025 04:11:42,492 [grpc-default-executor-0] DEBUG io.grpc.netty.shaded.io.netty.util.NetUtil 148 <clinit> - -Djava.net.preferIPv4Stack: false
03 May 2025 04:11:42,493 [grpc-default-executor-0] DEBUG io.grpc.netty.shaded.io.netty.util.NetUtil 149 <clinit> - -Djava.net.preferIPv6Addresses: false
03 May 2025 04:11:42,506 [grpc-default-executor-0] DEBUG io.grpc.netty.shaded.io.netty.util.NetUtilInitializations 145 determineLoopback - Loopback interface: lo (Software Loopback Interface 1, 127.0.0.1)
03 May 2025 04:11:42,507 [grpc-default-executor-0] DEBUG io.grpc.netty.shaded.io.netty.util.NetUtil$SoMaxConnAction 206 run - Failed to get SOMAXCONN from sysctl and file \proc\sys\net\core\somaxconn. Default: 200
03 May 2025 04:11:42,528 [grpc-default-executor-0] DEBUG io.grpc.netty.shaded.io.netty.channel.DefaultChannelId 101 <clinit> - -Dio.netty.machineId: bc:f4:d4:ff:fe:12:1b:45 (auto-detected)
03 May 2025 04:11:42,549 [grpc-default-executor-0] DEBUG io.grpc.netty.shaded.io.netty.buffer.ByteBufUtil 88 <clinit> - -Dio.netty.allocator.type: pooled
03 May 2025 04:11:42,549 [grpc-default-executor-0] DEBUG io.grpc.netty.shaded.io.netty.buffer.ByteBufUtil 97 <clinit> - -Dio.netty.threadLocalDirectBufferSize: 0
03 May 2025 04:11:42,549 [grpc-default-executor-0] DEBUG io.grpc.netty.shaded.io.netty.buffer.ByteBufUtil 100 <clinit> - -Dio.netty.maxThreadLocalCharBufferSize: 16384
03 May 2025 04:11:42,558 [grpc-default-executor-0] DEBUG io.grpc.netty.shaded.io.netty.util.Recycler 96 <clinit> - -Dio.netty.recycler.maxCapacityPerThread: 4096
03 May 2025 04:11:42,558 [grpc-default-executor-0] DEBUG io.grpc.netty.shaded.io.netty.util.Recycler 97 <clinit> - -Dio.netty.recycler.ratio: 8
03 May 2025 04:11:42,558 [grpc-default-executor-0] DEBUG io.grpc.netty.shaded.io.netty.util.Recycler 98 <clinit> - -Dio.netty.recycler.chunkSize: 32
03 May 2025 04:11:42,559 [grpc-default-executor-0] DEBUG io.grpc.netty.shaded.io.netty.util.Recycler 99 <clinit> - -Dio.netty.recycler.blocking: false
03 May 2025 04:11:42,559 [grpc-default-executor-0] DEBUG io.grpc.netty.shaded.io.netty.util.Recycler 100 <clinit> - -Dio.netty.recycler.batchFastThreadLocalOnly: true
03 May 2025 04:11:42,574 [grpc-nio-worker-ELG-1-2] DEBUG io.grpc.netty.shaded.io.netty.util.internal.logging.Log4J2Logger 114 log - [id: 0x7fa13da4, L:/127.0.0.1:63810 - R:localhost/127.0.0.1:55556] OUTBOUND SETTINGS: ack=false settings={=0, =0, =1048576, =8192}
03 May 2025 04:11:42,583 [grpc-nio-worker-ELG-1-2] DEBUG io.grpc.netty.shaded.io.netty.util.internal.logging.Log4J2Logger 114 log - [id: 0x7fa13da4, L:/127.0.0.1:63810 - R:localhost/127.0.0.1:55556] OUTBOUND WINDOW_UPDATE: streamId=0 windowSizeIncrement=983041
03 May 2025 04:11:42,592 [grpc-nio-worker-ELG-1-2] DEBUG io.grpc.netty.shaded.io.netty.util.internal.logging.Log4J2Logger 114 log - [id: 0x7fa13da4, L:/127.0.0.1:63810 - R:localhost/127.0.0.1:55556] INBOUND SETTINGS: ack=false settings={︃=1, =4194303, =4194303, =8192}
03 May 2025 04:11:42,593 [grpc-nio-worker-ELG-1-2] DEBUG io.grpc.netty.shaded.io.netty.util.internal.logging.Log4J2Logger 109 log - [id: 0x7fa13da4, L:/127.0.0.1:63810 - R:localhost/127.0.0.1:55556] OUTBOUND SETTINGS: ack=true
03 May 2025 04:11:42,608 [grpc-nio-worker-ELG-1-2] DEBUG io.grpc.netty.shaded.io.netty.util.internal.logging.Log4J2Logger 114 log - [id: 0x7fa13da4, L:/127.0.0.1:63810 - R:localhost/127.0.0.1:55556] INBOUND WINDOW_UPDATE: streamId=0 windowSizeIncrement=4128768
03 May 2025 04:11:42,609 [grpc-nio-worker-ELG-1-2] DEBUG io.grpc.netty.shaded.io.netty.util.internal.logging.Log4J2Logger 109 log - [id: 0x7fa13da4, L:/127.0.0.1:63810 - R:localhost/127.0.0.1:55556] INBOUND SETTINGS: ack=true
03 May 2025 04:11:42,623 [grpc-nio-worker-ELG-1-2] DEBUG io.grpc.netty.shaded.io.netty.util.internal.logging.Log4J2Logger 114 log - [id: 0x7fa13da4, L:/127.0.0.1:63810 - R:localhost/127.0.0.1:55556] OUTBOUND HEADERS: streamId=3 headers=GrpcHttp2OutboundHeaders[:authority: localhost:55556, :path: /triatlon.TriatlonService/Login, :method: POST, :scheme: http, content-type: application/grpc, te: trailers, user-agent: grpc-java-netty/1.58.0, grpc-accept-encoding: gzip] streamDependency=0 weight=16 exclusive=false padding=0 endStream=false
03 May 2025 04:11:42,634 [grpc-nio-worker-ELG-1-2] DEBUG io.grpc.netty.shaded.io.netty.util.internal.logging.Log4J2Logger 114 log - [id: 0x7fa13da4, L:/127.0.0.1:63810 - R:localhost/127.0.0.1:55556] OUTBOUND DATA: streamId=3 padding=0 endStream=true length=35 bytes=000000001e0a0a73757065726d6172696f12104d54497a4e4445794d7a524259673d3d
03 May 2025 04:11:42,640 [grpc-nio-worker-ELG-1-2] DEBUG io.grpc.netty.shaded.io.netty.util.internal.logging.Log4J2Logger 114 log - [id: 0x7fa13da4, L:/127.0.0.1:63810 - R:localhost/127.0.0.1:55556] INBOUND PING: ack=false bytes=0
03 May 2025 04:11:42,640 [grpc-nio-worker-ELG-1-2] DEBUG io.grpc.netty.shaded.io.netty.util.internal.logging.Log4J2Logger 114 log - [id: 0x7fa13da4, L:/127.0.0.1:63810 - R:localhost/127.0.0.1:55556] OUTBOUND PING: ack=true bytes=0
03 May 2025 04:11:42,644 [grpc-nio-worker-ELG-1-2] DEBUG io.grpc.netty.shaded.io.netty.util.internal.logging.Log4J2Logger 114 log - [id: 0x7fa13da4, L:/127.0.0.1:63810 - R:localhost/127.0.0.1:55556] INBOUND HEADERS: streamId=3 headers=GrpcHttp2ResponseHeaders[:status: 200, content-type: application/grpc, grpc-accept-encoding: identity, deflate, gzip] padding=0 endStream=false
03 May 2025 04:11:42,648 [grpc-nio-worker-ELG-1-2] DEBUG io.grpc.netty.shaded.io.netty.util.internal.logging.Log4J2Logger 114 log - [id: 0x7fa13da4, L:/127.0.0.1:63810 - R:localhost/127.0.0.1:55556] INBOUND WINDOW_UPDATE: streamId=3 windowSizeIncrement=40
03 May 2025 04:11:42,649 [grpc-nio-worker-ELG-1-2] DEBUG io.grpc.netty.shaded.io.netty.util.internal.logging.Log4J2Logger 114 log - [id: 0x7fa13da4, L:/127.0.0.1:63810 - R:localhost/127.0.0.1:55556] INBOUND DATA: streamId=3 padding=0 endStream=false length=58 bytes=000000003508011a310804120b4d6172696f204c756967691a0a73757065726d6172696f22104d54497a4e4445794d7a524259673d3d2a026930
03 May 2025 04:11:42,649 [grpc-nio-worker-ELG-1-2] DEBUG io.grpc.netty.shaded.io.netty.util.internal.logging.Log4J2Logger 114 log - [id: 0x7fa13da4, L:/127.0.0.1:63810 - R:localhost/127.0.0.1:55556] OUTBOUND PING: ack=false bytes=1234
03 May 2025 04:11:42,653 [grpc-nio-worker-ELG-1-2] DEBUG io.grpc.netty.shaded.io.netty.util.internal.logging.Log4J2Logger 114 log - [id: 0x7fa13da4, L:/127.0.0.1:63810 - R:localhost/127.0.0.1:55556] INBOUND HEADERS: streamId=3 headers=GrpcHttp2ResponseHeaders[grpc-status: 0] padding=0 endStream=true
03 May 2025 04:11:42,656 [grpc-nio-worker-ELG-1-2] DEBUG io.grpc.netty.shaded.io.netty.util.internal.logging.Log4J2Logger 114 log - [id: 0x7fa13da4, L:/127.0.0.1:63810 - R:localhost/127.0.0.1:55556] INBOUND WINDOW_UPDATE: streamId=0 windowSizeIncrement=40
03 May 2025 04:11:42,658 [grpc-nio-worker-ELG-1-2] DEBUG io.grpc.netty.shaded.io.netty.util.internal.logging.Log4J2Logger 114 log - [id: 0x7fa13da4, L:/127.0.0.1:63810 - R:localhost/127.0.0.1:55556] INBOUND PING: ack=true bytes=1234
03 May 2025 04:11:42,668 [JavaFX Application Thread] INFO  ro.mpp2024.grpcProxy 224 startNotificationSubscription - Starting notification subscription for arbitruId: 4
03 May 2025 04:11:42,675 [grpc-nio-worker-ELG-1-2] DEBUG io.grpc.netty.shaded.io.netty.util.internal.logging.Log4J2Logger 114 log - [id: 0x7fa13da4, L:/127.0.0.1:63810 - R:localhost/127.0.0.1:55556] OUTBOUND HEADERS: streamId=5 headers=GrpcHttp2OutboundHeaders[:authority: localhost:55556, :path: /triatlon.TriatlonService/SubscribeToNotifications, :method: POST, :scheme: http, content-type: application/grpc, te: trailers, user-agent: grpc-java-netty/1.58.0, grpc-accept-encoding: gzip] streamDependency=0 weight=16 exclusive=false padding=0 endStream=false
03 May 2025 04:11:42,677 [grpc-nio-worker-ELG-1-2] DEBUG io.grpc.netty.shaded.io.netty.util.internal.logging.Log4J2Logger 114 log - [id: 0x7fa13da4, L:/127.0.0.1:63810 - R:localhost/127.0.0.1:55556] OUTBOUND DATA: streamId=5 padding=0 endStream=true length=7 bytes=00000000020804
03 May 2025 04:11:42,694 [JavaFX Application Thread] INFO  ro.mpp2024.grpcProxy 172 getParticipantiAlfabetic - Getting all rezultate
03 May 2025 04:11:42,701 [grpc-nio-worker-ELG-1-2] DEBUG io.grpc.netty.shaded.io.netty.util.internal.logging.Log4J2Logger 114 log - [id: 0x7fa13da4, L:/127.0.0.1:63810 - R:localhost/127.0.0.1:55556] OUTBOUND HEADERS: streamId=7 headers=GrpcHttp2OutboundHeaders[:authority: localhost:55556, :path: /triatlon.TriatlonService/GetAllRezultate, :method: POST, :scheme: http, content-type: application/grpc, te: trailers, user-agent: grpc-java-netty/1.58.0, grpc-accept-encoding: gzip] streamDependency=0 weight=16 exclusive=false padding=0 endStream=false
03 May 2025 04:11:42,702 [grpc-nio-worker-ELG-1-2] DEBUG io.grpc.netty.shaded.io.netty.util.internal.logging.Log4J2Logger 114 log - [id: 0x7fa13da4, L:/127.0.0.1:63810 - R:localhost/127.0.0.1:55556] OUTBOUND DATA: streamId=7 padding=0 endStream=true length=5 bytes=0000000000
03 May 2025 04:11:42,722 [grpc-nio-worker-ELG-1-2] DEBUG io.grpc.netty.shaded.io.netty.util.internal.logging.Log4J2Logger 114 log - [id: 0x7fa13da4, L:/127.0.0.1:63810 - R:localhost/127.0.0.1:55556] INBOUND HEADERS: streamId=7 headers=GrpcHttp2ResponseHeaders[:status: 200, content-type: application/grpc, grpc-accept-encoding: identity, deflate, gzip] padding=0 endStream=false
03 May 2025 04:11:42,723 [grpc-nio-worker-ELG-1-2] DEBUG io.grpc.netty.shaded.io.netty.util.internal.logging.Log4J2Logger 114 log - [id: 0x7fa13da4, L:/127.0.0.1:63810 - R:localhost/127.0.0.1:55556] INBOUND WINDOW_UPDATE: streamId=7 windowSizeIncrement=10
03 May 2025 04:11:42,724 [grpc-nio-worker-ELG-1-2] DEBUG io.grpc.netty.shaded.io.netty.util.internal.logging.Log4J2Logger 114 log - [id: 0x7fa13da4, L:/127.0.0.1:63810 - R:localhost/127.0.0.1:55556] INBOUND DATA: streamId=7 padding=0 endStream=false length=994 bytes=00000003dd08011a1808291206416e647265691a06566173696c6520d40f28e8021a150812120542617262751a054972696e61201b2884071a1b0813120a436f...
03 May 2025 04:11:42,725 [grpc-nio-worker-ELG-1-2] DEBUG io.grpc.netty.shaded.io.netty.util.internal.logging.Log4J2Logger 114 log - [id: 0x7fa13da4, L:/127.0.0.1:63810 - R:localhost/127.0.0.1:55556] INBOUND HEADERS: streamId=7 headers=GrpcHttp2ResponseHeaders[grpc-status: 0] padding=0 endStream=true
03 May 2025 04:11:42,725 [grpc-nio-worker-ELG-1-2] DEBUG io.grpc.netty.shaded.io.netty.util.internal.logging.Log4J2Logger 114 log - [id: 0x7fa13da4, L:/127.0.0.1:63810 - R:localhost/127.0.0.1:55556] INBOUND WINDOW_UPDATE: streamId=0 windowSizeIncrement=12
03 May 2025 04:11:42,729 [JavaFX Application Thread] INFO  ro.mpp2024.grpcProxy 141 getParticipantiPuncteDesc - Getting rezultate for proba: i0
03 May 2025 04:11:42,731 [grpc-nio-worker-ELG-1-2] DEBUG io.grpc.netty.shaded.io.netty.util.internal.logging.Log4J2Logger 114 log - [id: 0x7fa13da4, L:/127.0.0.1:63810 - R:localhost/127.0.0.1:55556] OUTBOUND HEADERS: streamId=9 headers=GrpcHttp2OutboundHeaders[:authority: localhost:55556, :path: /triatlon.TriatlonService/GetRezultateByProba, :method: POST, :scheme: http, content-type: application/grpc, te: trailers, user-agent: grpc-java-netty/1.58.0, grpc-accept-encoding: gzip] streamDependency=0 weight=16 exclusive=false padding=0 endStream=false
03 May 2025 04:11:42,732 [grpc-nio-worker-ELG-1-2] DEBUG io.grpc.netty.shaded.io.netty.util.internal.logging.Log4J2Logger 114 log - [id: 0x7fa13da4, L:/127.0.0.1:63810 - R:localhost/127.0.0.1:55556] OUTBOUND DATA: streamId=9 padding=0 endStream=true length=9 bytes=00000000040a026930
03 May 2025 04:11:42,744 [grpc-nio-worker-ELG-1-2] DEBUG io.grpc.netty.shaded.io.netty.util.internal.logging.Log4J2Logger 114 log - [id: 0x7fa13da4, L:/127.0.0.1:63810 - R:localhost/127.0.0.1:55556] INBOUND HEADERS: streamId=9 headers=GrpcHttp2ResponseHeaders[:status: 200, content-type: application/grpc, grpc-accept-encoding: identity, deflate, gzip] padding=0 endStream=false
03 May 2025 04:11:42,745 [grpc-nio-worker-ELG-1-2] DEBUG io.grpc.netty.shaded.io.netty.util.internal.logging.Log4J2Logger 114 log - [id: 0x7fa13da4, L:/127.0.0.1:63810 - R:localhost/127.0.0.1:55556] INBOUND WINDOW_UPDATE: streamId=9 windowSizeIncrement=14
03 May 2025 04:11:42,745 [grpc-nio-worker-ELG-1-2] DEBUG io.grpc.netty.shaded.io.netty.util.internal.logging.Log4J2Logger 114 log - [id: 0x7fa13da4, L:/127.0.0.1:63810 - R:localhost/127.0.0.1:55556] INBOUND DATA: streamId=9 padding=0 endStream=false length=356 bytes=000000015f08011a14081a12054a69616e751a044f616e6120222886031a1b0813120a436f6e7374616e74696e1a064d6172697573201e28ca021a1508241204...
03 May 2025 04:11:42,745 [grpc-nio-worker-ELG-1-2] DEBUG io.grpc.netty.shaded.io.netty.util.internal.logging.Log4J2Logger 114 log - [id: 0x7fa13da4, L:/127.0.0.1:63810 - R:localhost/127.0.0.1:55556] INBOUND HEADERS: streamId=9 headers=GrpcHttp2ResponseHeaders[grpc-status: 0] padding=0 endStream=true
03 May 2025 04:11:42,746 [grpc-nio-worker-ELG-1-2] DEBUG io.grpc.netty.shaded.io.netty.util.internal.logging.Log4J2Logger 114 log - [id: 0x7fa13da4, L:/127.0.0.1:63810 - R:localhost/127.0.0.1:55556] INBOUND WINDOW_UPDATE: streamId=0 windowSizeIncrement=9
03 May 2025 04:11:42,748 [grpc-nio-worker-ELG-1-2] DEBUG io.grpc.netty.shaded.io.netty.util.internal.logging.Log4J2Logger 114 log - [id: 0x7fa13da4, L:/127.0.0.1:63810 - R:localhost/127.0.0.1:55556] INBOUND PING: ack=false bytes=1
03 May 2025 04:11:42,748 [grpc-nio-worker-ELG-1-2] DEBUG io.grpc.netty.shaded.io.netty.util.internal.logging.Log4J2Logger 114 log - [id: 0x7fa13da4, L:/127.0.0.1:63810 - R:localhost/127.0.0.1:55556] OUTBOUND PING: ack=true bytes=1
03 May 2025 04:11:42,750 [JavaFX Application Thread] INFO  ro.mpp2024.grpcProxy 111 getParticipanti - Getting participants
03 May 2025 04:11:42,753 [grpc-nio-worker-ELG-1-2] DEBUG io.grpc.netty.shaded.io.netty.util.internal.logging.Log4J2Logger 114 log - [id: 0x7fa13da4, L:/127.0.0.1:63810 - R:localhost/127.0.0.1:55556] OUTBOUND HEADERS: streamId=11 headers=GrpcHttp2OutboundHeaders[:authority: localhost:55556, :path: /triatlon.TriatlonService/GetParticipants, :method: POST, :scheme: http, content-type: application/grpc, te: trailers, user-agent: grpc-java-netty/1.58.0, grpc-accept-encoding: gzip] streamDependency=0 weight=16 exclusive=false padding=0 endStream=false
03 May 2025 04:11:42,753 [grpc-nio-worker-ELG-1-2] DEBUG io.grpc.netty.shaded.io.netty.util.internal.logging.Log4J2Logger 114 log - [id: 0x7fa13da4, L:/127.0.0.1:63810 - R:localhost/127.0.0.1:55556] OUTBOUND DATA: streamId=11 padding=0 endStream=true length=5 bytes=0000000000
03 May 2025 04:11:42,758 [grpc-nio-worker-ELG-1-2] DEBUG io.grpc.netty.shaded.io.netty.util.internal.logging.Log4J2Logger 114 log - [id: 0x7fa13da4, L:/127.0.0.1:63810 - R:localhost/127.0.0.1:55556] INBOUND HEADERS: streamId=11 headers=GrpcHttp2ResponseHeaders[:status: 200, content-type: application/grpc, grpc-accept-encoding: identity, deflate, gzip] padding=0 endStream=false
03 May 2025 04:11:42,758 [grpc-nio-worker-ELG-1-2] DEBUG io.grpc.netty.shaded.io.netty.util.internal.logging.Log4J2Logger 114 log - [id: 0x7fa13da4, L:/127.0.0.1:63810 - R:localhost/127.0.0.1:55556] INBOUND WINDOW_UPDATE: streamId=11 windowSizeIncrement=10
03 May 2025 04:11:42,759 [grpc-nio-worker-ELG-1-2] DEBUG io.grpc.netty.shaded.io.netty.util.internal.logging.Log4J2Logger 114 log - [id: 0x7fa13da4, L:/127.0.0.1:63810 - R:localhost/127.0.0.1:55556] INBOUND DATA: streamId=11 padding=0 endStream=false length=900 bytes=000000037f08011a1208011207506f70657363751a03496f6e20191a1408021207496f6e657363751a054d61726961201e1a170803120947656f726765736375...
03 May 2025 04:11:42,760 [grpc-nio-worker-ELG-1-2] DEBUG io.grpc.netty.shaded.io.netty.util.internal.logging.Log4J2Logger 114 log - [id: 0x7fa13da4, L:/127.0.0.1:63810 - R:localhost/127.0.0.1:55556] INBOUND HEADERS: streamId=11 headers=GrpcHttp2ResponseHeaders[grpc-status: 0] padding=0 endStream=true
03 May 2025 04:11:42,760 [grpc-nio-worker-ELG-1-2] DEBUG io.grpc.netty.shaded.io.netty.util.internal.logging.Log4J2Logger 114 log - [id: 0x7fa13da4, L:/127.0.0.1:63810 - R:localhost/127.0.0.1:55556] INBOUND WINDOW_UPDATE: streamId=0 windowSizeIncrement=5
03 May 2025 04:11:43,003 [grpc-nio-worker-ELG-1-2] DEBUG io.grpc.netty.shaded.io.netty.util.internal.logging.Log4J2Logger 114 log - [id: 0x7fa13da4, L:/127.0.0.1:63810 - R:localhost/127.0.0.1:55556] INBOUND PING: ack=false bytes=2
03 May 2025 04:11:43,004 [grpc-nio-worker-ELG-1-2] DEBUG io.grpc.netty.shaded.io.netty.util.internal.logging.Log4J2Logger 114 log - [id: 0x7fa13da4, L:/127.0.0.1:63810 - R:localhost/127.0.0.1:55556] OUTBOUND PING: ack=true bytes=2
03 May 2025 04:11:54,623 [JavaFX Application Thread] INFO  ro.mpp2024.grpcProxy 200 addRezultat - Adding rezultat for participant: Dumitrescu Elena, points: 300
03 May 2025 04:11:54,627 [grpc-nio-worker-ELG-1-2] DEBUG io.grpc.netty.shaded.io.netty.util.internal.logging.Log4J2Logger 114 log - [id: 0x7fa13da4, L:/127.0.0.1:63810 - R:localhost/127.0.0.1:55556] OUTBOUND HEADERS: streamId=13 headers=GrpcHttp2OutboundHeaders[:authority: localhost:55556, :path: /triatlon.TriatlonService/AddRezultat, :method: POST, :scheme: http, content-type: application/grpc, te: trailers, user-agent: grpc-java-netty/1.58.0, grpc-accept-encoding: gzip] streamDependency=0 weight=16 exclusive=false padding=0 endStream=false
03 May 2025 04:11:54,627 [grpc-nio-worker-ELG-1-2] DEBUG io.grpc.netty.shaded.io.netty.util.internal.logging.Log4J2Logger 114 log - [id: 0x7fa13da4, L:/127.0.0.1:63810 - R:localhost/127.0.0.1:55556] OUTBOUND DATA: streamId=13 padding=0 endStream=true length=33 bytes=000000001c0804120a44756d697472657363751a05456c656e612202693028ac02
03 May 2025 04:11:54,629 [grpc-nio-worker-ELG-1-2] DEBUG io.grpc.netty.shaded.io.netty.util.internal.logging.Log4J2Logger 114 log - [id: 0x7fa13da4, L:/127.0.0.1:63810 - R:localhost/127.0.0.1:55556] INBOUND PING: ack=false bytes=3
03 May 2025 04:11:54,629 [grpc-nio-worker-ELG-1-2] DEBUG io.grpc.netty.shaded.io.netty.util.internal.logging.Log4J2Logger 114 log - [id: 0x7fa13da4, L:/127.0.0.1:63810 - R:localhost/127.0.0.1:55556] OUTBOUND PING: ack=true bytes=3
03 May 2025 04:11:54,647 [grpc-nio-worker-ELG-1-2] DEBUG io.grpc.netty.shaded.io.netty.util.internal.logging.Log4J2Logger 114 log - [id: 0x7fa13da4, L:/127.0.0.1:63810 - R:localhost/127.0.0.1:55556] INBOUND HEADERS: streamId=5 headers=GrpcHttp2ResponseHeaders[:status: 200, content-type: application/grpc, grpc-accept-encoding: identity, deflate, gzip] padding=0 endStream=false
03 May 2025 04:11:54,648 [grpc-nio-worker-ELG-1-2] DEBUG io.grpc.netty.shaded.io.netty.util.internal.logging.Log4J2Logger 114 log - [id: 0x7fa13da4, L:/127.0.0.1:63810 - R:localhost/127.0.0.1:55556] INBOUND WINDOW_UPDATE: streamId=5 windowSizeIncrement=12
03 May 2025 04:11:54,648 [grpc-nio-worker-ELG-1-2] DEBUG io.grpc.netty.shaded.io.netty.util.internal.logging.Log4J2Logger 114 log - [id: 0x7fa13da4, L:/127.0.0.1:63810 - R:localhost/127.0.0.1:55556] INBOUND DATA: streamId=5 padding=0 endStream=false length=35 bytes=000000001e121c0a02693010041a0a44756d697472657363752205456c656e6128ac02
03 May 2025 04:11:54,648 [grpc-nio-worker-ELG-1-2] DEBUG io.grpc.netty.shaded.io.netty.util.internal.logging.Log4J2Logger 114 log - [id: 0x7fa13da4, L:/127.0.0.1:63810 - R:localhost/127.0.0.1:55556] INBOUND WINDOW_UPDATE: streamId=0 windowSizeIncrement=33
03 May 2025 04:11:54,649 [grpc-nio-worker-ELG-1-2] DEBUG io.grpc.netty.shaded.io.netty.util.internal.logging.Log4J2Logger 114 log - [id: 0x7fa13da4, L:/127.0.0.1:63810 - R:localhost/127.0.0.1:55556] INBOUND HEADERS: streamId=13 headers=GrpcHttp2ResponseHeaders[:status: 200, content-type: application/grpc, grpc-accept-encoding: identity, deflate, gzip] padding=0 endStream=false
03 May 2025 04:11:54,649 [grpc-nio-worker-ELG-1-2] DEBUG io.grpc.netty.shaded.io.netty.util.internal.logging.Log4J2Logger 114 log - [id: 0x7fa13da4, L:/127.0.0.1:63810 - R:localhost/127.0.0.1:55556] INBOUND WINDOW_UPDATE: streamId=13 windowSizeIncrement=38
03 May 2025 04:11:54,649 [grpc-nio-worker-ELG-1-2] DEBUG io.grpc.netty.shaded.io.netty.util.internal.logging.Log4J2Logger 114 log - [id: 0x7fa13da4, L:/127.0.0.1:63810 - R:localhost/127.0.0.1:55556] INBOUND DATA: streamId=13 padding=0 endStream=false length=7 bytes=00000000020801
03 May 2025 04:11:54,650 [grpc-nio-worker-ELG-1-2] DEBUG io.grpc.netty.shaded.io.netty.util.internal.logging.Log4J2Logger 114 log - [id: 0x7fa13da4, L:/127.0.0.1:63810 - R:localhost/127.0.0.1:55556] INBOUND HEADERS: streamId=13 headers=GrpcHttp2ResponseHeaders[grpc-status: 0] padding=0 endStream=true
03 May 2025 04:11:54,650 [grpc-nio-worker-ELG-1-2] DEBUG io.grpc.netty.shaded.io.netty.util.internal.logging.Log4J2Logger 114 log - [id: 0x7fa13da4, L:/127.0.0.1:63810 - R:localhost/127.0.0.1:55556] INBOUND WINDOW_UPDATE: streamId=0 windowSizeIncrement=5
03 May 2025 04:11:54,652 [grpc-default-executor-1] INFO  ro.mpp2024.grpcProxy 273 processNotification - Received rezultat added notification for participant: Dumitrescu Elena
03 May 2025 04:12:17,072 [JavaFX Application Thread] INFO  ro.mpp2024.grpcProxy 85 logout - Logout for arbitru: 4
03 May 2025 04:12:17,073 [JavaFX Application Thread] INFO  ro.mpp2024.grpcProxy 262 stopNotificationSubscription - Stopping notification subscription
03 May 2025 04:12:17,075 [grpc-nio-worker-ELG-1-2] DEBUG io.grpc.netty.shaded.io.netty.util.internal.logging.Log4J2Logger 114 log - [id: 0x7fa13da4, L:/127.0.0.1:63810 - R:localhost/127.0.0.1:55556] OUTBOUND HEADERS: streamId=15 headers=GrpcHttp2OutboundHeaders[:authority: localhost:55556, :path: /triatlon.TriatlonService/Logout, :method: POST, :scheme: http, content-type: application/grpc, te: trailers, user-agent: grpc-java-netty/1.58.0, grpc-accept-encoding: gzip] streamDependency=0 weight=16 exclusive=false padding=0 endStream=false
03 May 2025 04:12:17,075 [grpc-nio-worker-ELG-1-2] DEBUG io.grpc.netty.shaded.io.netty.util.internal.logging.Log4J2Logger 114 log - [id: 0x7fa13da4, L:/127.0.0.1:63810 - R:localhost/127.0.0.1:55556] OUTBOUND DATA: streamId=15 padding=0 endStream=true length=7 bytes=00000000020804
03 May 2025 04:12:17,076 [grpc-nio-worker-ELG-1-2] DEBUG io.grpc.netty.shaded.io.netty.util.internal.logging.Log4J2Logger 114 log - [id: 0x7fa13da4, L:/127.0.0.1:63810 - R:localhost/127.0.0.1:55556] INBOUND PING: ack=false bytes=4
03 May 2025 04:12:17,076 [grpc-nio-worker-ELG-1-2] DEBUG io.grpc.netty.shaded.io.netty.util.internal.logging.Log4J2Logger 114 log - [id: 0x7fa13da4, L:/127.0.0.1:63810 - R:localhost/127.0.0.1:55556] OUTBOUND PING: ack=true bytes=4
03 May 2025 04:12:17,077 [grpc-nio-worker-ELG-1-2] DEBUG io.grpc.netty.shaded.io.netty.util.internal.logging.Log4J2Logger 114 log - [id: 0x7fa13da4, L:/127.0.0.1:63810 - R:localhost/127.0.0.1:55556] INBOUND HEADERS: streamId=15 headers=GrpcHttp2ResponseHeaders[:status: 200, content-type: application/grpc, grpc-accept-encoding: identity, deflate, gzip] padding=0 endStream=false
03 May 2025 04:12:17,078 [grpc-nio-worker-ELG-1-2] DEBUG io.grpc.netty.shaded.io.netty.util.internal.logging.Log4J2Logger 114 log - [id: 0x7fa13da4, L:/127.0.0.1:63810 - R:localhost/127.0.0.1:55556] INBOUND WINDOW_UPDATE: streamId=15 windowSizeIncrement=12
03 May 2025 04:12:17,078 [grpc-nio-worker-ELG-1-2] DEBUG io.grpc.netty.shaded.io.netty.util.internal.logging.Log4J2Logger 114 log - [id: 0x7fa13da4, L:/127.0.0.1:63810 - R:localhost/127.0.0.1:55556] INBOUND DATA: streamId=15 padding=0 endStream=false length=7 bytes=00000000020801
03 May 2025 04:12:17,078 [grpc-nio-worker-ELG-1-2] DEBUG io.grpc.netty.shaded.io.netty.util.internal.logging.Log4J2Logger 114 log - [id: 0x7fa13da4, L:/127.0.0.1:63810 - R:localhost/127.0.0.1:55556] INBOUND HEADERS: streamId=15 headers=GrpcHttp2ResponseHeaders[grpc-status: 0] padding=0 endStream=true
03 May 2025 04:12:17,078 [grpc-nio-worker-ELG-1-2] DEBUG io.grpc.netty.shaded.io.netty.util.internal.logging.Log4J2Logger 114 log - [id: 0x7fa13da4, L:/127.0.0.1:63810 - R:localhost/127.0.0.1:55556] INBOUND WINDOW_UPDATE: streamId=0 windowSizeIncrement=7
