16 Mar 2025 17:27:10,507 INFO  ro.mpp2024.repository.ArbitruRepository 25 <init> - Initializing IArbitruRepository with properties: {} 
16 Mar 2025 17:27:10,511 INFO  ro.mpp2024.repository.ProbaRepository 25 <init> - Initializing ProbaRepository with properties: {} 
16 Mar 2025 17:27:10,513 TRACE ro.mpp2024.repository.ProbaRepository 82 save - Enter save
16 Mar 2025 17:27:10,513 TRACE ro.mpp2024.utils.JdbcUtils 48 getConnection - Enter
16 Mar 2025 17:27:10,513 TRACE ro.mpp2024.utils.JdbcUtils 25 getNewConnection - Enter
16 Mar 2025 17:27:10,514 INFO  ro.mpp2024.utils.JdbcUtils 30 getNewConnection - trying to connect to database ... jdbc:sqlite:src/main/resources/triatlon.db
16 Mar 2025 17:27:10,514 INFO  ro.mpp2024.utils.JdbcUtils 31 getNewConnection - user: null
16 Mar 2025 17:27:10,514 INFO  ro.mpp2024.utils.JdbcUtils 32 getNewConnection - pass: null
16 Mar 2025 17:27:10,615 TRACE ro.mpp2024.utils.JdbcUtils 57 getConnection - Exit with(org.sqlite.jdbc4.JDBC4Connection@366647c2)
16 Mar 2025 17:27:10,617 TRACE ro.mpp2024.repository.ProbaRepository 111 getArbitru - Enter getArbitru
16 Mar 2025 17:27:10,617 TRACE ro.mpp2024.utils.JdbcUtils 48 getConnection - Enter
16 Mar 2025 17:27:10,617 TRACE ro.mpp2024.utils.JdbcUtils 57 getConnection - Exit with(org.sqlite.jdbc4.JDBC4Connection@366647c2)
16 Mar 2025 17:27:10,621 TRACE ro.mpp2024.repository.ProbaRepository 127 getArbitru - Exit with(Arbitru{nume='nume', username='username', password='password', id_proba=c8})
16 Mar 2025 17:27:10,626 INFO  ro.mpp2024.repository.ParticipantRepository 25 <init> - Initializing ParticipantRepository with properties: {} 
16 Mar 2025 17:27:10,627 INFO  ro.mpp2024.repository.RezultatRepository 26 <init> - Initializing RezultatRepository with properties: {} 
16 Mar 2025 17:27:10,628 TRACE ro.mpp2024.repository.RezultatRepository 115 save - Enter save
16 Mar 2025 17:27:10,628 TRACE ro.mpp2024.utils.JdbcUtils 48 getConnection - Enter
16 Mar 2025 17:27:10,628 TRACE ro.mpp2024.utils.JdbcUtils 57 getConnection - Exit with(org.sqlite.jdbc4.JDBC4Connection@366647c2)
16 Mar 2025 17:27:10,631 TRACE ro.mpp2024.repository.RezultatRepository 126 save - Exit
17 Mar 2025 03:17:06,060 INFO  ro.mpp2024.repository.ArbitruRepository 25 <init> - Initializing IArbitruRepository with properties: {} 
17 Mar 2025 03:17:06,064 INFO  ro.mpp2024.repository.ProbaRepository 25 <init> - Initializing ProbaRepository with properties: {} 
17 Mar 2025 03:17:06,066 TRACE ro.mpp2024.repository.ProbaRepository 83 save - Enter save
17 Mar 2025 03:17:06,066 TRACE ro.mpp2024.utils.JdbcUtils 48 getConnection - Enter
17 Mar 2025 03:17:06,066 TRACE ro.mpp2024.utils.JdbcUtils 25 getNewConnection - Enter
17 Mar 2025 03:17:06,066 INFO  ro.mpp2024.utils.JdbcUtils 30 getNewConnection - trying to connect to database ... jdbc:sqlite:src/main/resources/triatlon.db
17 Mar 2025 03:17:06,067 INFO  ro.mpp2024.utils.JdbcUtils 31 getNewConnection - user: null
17 Mar 2025 03:17:06,067 INFO  ro.mpp2024.utils.JdbcUtils 32 getNewConnection - pass: null
17 Mar 2025 03:17:06,180 TRACE ro.mpp2024.utils.JdbcUtils 57 getConnection - Exit with(org.sqlite.jdbc4.JDBC4Connection@366647c2)
17 Mar 2025 03:17:06,182 TRACE ro.mpp2024.repository.ProbaRepository 112 getArbitru - Enter getArbitru
17 Mar 2025 03:17:06,182 TRACE ro.mpp2024.utils.JdbcUtils 48 getConnection - Enter
17 Mar 2025 03:17:06,182 TRACE ro.mpp2024.utils.JdbcUtils 57 getConnection - Exit with(org.sqlite.jdbc4.JDBC4Connection@366647c2)
17 Mar 2025 03:17:06,186 TRACE ro.mpp2024.repository.ProbaRepository 128 getArbitru - Exit with(Arbitru{nume='nume', username='username', password='password', id_proba=c8})
17 Mar 2025 03:17:06,188 ERROR ro.mpp2024.repository.ProbaRepository 93 save - org.sqlite.SQLiteException: [SQLITE_CONSTRAINT_PRIMARYKEY]  A PRIMARY KEY constraint failed (UNIQUE constraint failed: Proba.id)
17 Mar 2025 03:17:06,190 INFO  ro.mpp2024.repository.ParticipantRepository 25 <init> - Initializing ParticipantRepository with properties: {} 
17 Mar 2025 03:17:06,191 INFO  ro.mpp2024.repository.RezultatRepository 26 <init> - Initializing RezultatRepository with properties: {} 
17 Mar 2025 03:17:06,192 TRACE ro.mpp2024.repository.RezultatRepository 115 save - Enter save
17 Mar 2025 03:17:06,192 TRACE ro.mpp2024.utils.JdbcUtils 48 getConnection - Enter
17 Mar 2025 03:17:06,192 TRACE ro.mpp2024.utils.JdbcUtils 57 getConnection - Exit with(org.sqlite.jdbc4.JDBC4Connection@366647c2)
17 Mar 2025 03:17:06,203 TRACE ro.mpp2024.repository.RezultatRepository 126 save - Exit
17 Mar 2025 03:17:36,353 INFO  ro.mpp2024.repository.ArbitruRepository 25 <init> - Initializing IArbitruRepository with properties: {} 
17 Mar 2025 03:17:36,363 INFO  ro.mpp2024.repository.ProbaRepository 25 <init> - Initializing ProbaRepository with properties: {} 
17 Mar 2025 03:17:36,365 TRACE ro.mpp2024.repository.ProbaRepository 83 save - Enter save
17 Mar 2025 03:17:36,365 TRACE ro.mpp2024.utils.JdbcUtils 48 getConnection - Enter
17 Mar 2025 03:17:36,365 TRACE ro.mpp2024.utils.JdbcUtils 25 getNewConnection - Enter
17 Mar 2025 03:17:36,366 INFO  ro.mpp2024.utils.JdbcUtils 30 getNewConnection - trying to connect to database ... jdbc:sqlite:src/main/resources/triatlon.db
17 Mar 2025 03:17:36,366 INFO  ro.mpp2024.utils.JdbcUtils 31 getNewConnection - user: null
17 Mar 2025 03:17:36,367 INFO  ro.mpp2024.utils.JdbcUtils 32 getNewConnection - pass: null
17 Mar 2025 03:17:36,517 TRACE ro.mpp2024.utils.JdbcUtils 57 getConnection - Exit with(org.sqlite.jdbc4.JDBC4Connection@366647c2)
17 Mar 2025 03:17:36,519 TRACE ro.mpp2024.repository.ProbaRepository 112 getArbitru - Enter getArbitru
17 Mar 2025 03:17:36,520 TRACE ro.mpp2024.utils.JdbcUtils 48 getConnection - Enter
17 Mar 2025 03:17:36,520 TRACE ro.mpp2024.utils.JdbcUtils 57 getConnection - Exit with(org.sqlite.jdbc4.JDBC4Connection@366647c2)
17 Mar 2025 03:17:36,524 TRACE ro.mpp2024.repository.ProbaRepository 128 getArbitru - Exit with(Arbitru{nume='nume', username='username', password='password', id_proba=c8})
17 Mar 2025 03:17:36,527 ERROR ro.mpp2024.repository.ProbaRepository 93 save - org.sqlite.SQLiteException: [SQLITE_CONSTRAINT_PRIMARYKEY]  A PRIMARY KEY constraint failed (UNIQUE constraint failed: Proba.id)
17 Mar 2025 03:17:36,529 INFO  ro.mpp2024.repository.ParticipantRepository 25 <init> - Initializing ParticipantRepository with properties: {} 
17 Mar 2025 03:17:36,530 INFO  ro.mpp2024.repository.RezultatRepository 26 <init> - Initializing RezultatRepository with properties: {} 
17 Mar 2025 03:17:36,530 TRACE ro.mpp2024.repository.RezultatRepository 115 save - Enter save
17 Mar 2025 03:17:36,530 TRACE ro.mpp2024.utils.JdbcUtils 48 getConnection - Enter
17 Mar 2025 03:17:36,531 TRACE ro.mpp2024.utils.JdbcUtils 57 getConnection - Exit with(org.sqlite.jdbc4.JDBC4Connection@366647c2)
17 Mar 2025 03:17:36,544 TRACE ro.mpp2024.repository.RezultatRepository 126 save - Exit
17 Mar 2025 03:18:23,656 INFO  ro.mpp2024.repository.ArbitruRepository 25 <init> - Initializing IArbitruRepository with properties: {} 
17 Mar 2025 03:18:23,660 INFO  ro.mpp2024.repository.ProbaRepository 25 <init> - Initializing ProbaRepository with properties: {} 
17 Mar 2025 03:18:23,661 INFO  ro.mpp2024.repository.ParticipantRepository 25 <init> - Initializing ParticipantRepository with properties: {} 
17 Mar 2025 03:18:23,662 INFO  ro.mpp2024.repository.RezultatRepository 26 <init> - Initializing RezultatRepository with properties: {} 
17 Mar 2025 03:18:44,674 INFO  ro.mpp2024.repository.ArbitruRepository 25 <init> - Initializing IArbitruRepository with properties: {} 
17 Mar 2025 03:18:44,678 INFO  ro.mpp2024.repository.ProbaRepository 25 <init> - Initializing ProbaRepository with properties: {} 
17 Mar 2025 03:18:44,679 TRACE ro.mpp2024.repository.ProbaRepository 43 findAll - Enter findAll
17 Mar 2025 03:18:44,680 TRACE ro.mpp2024.utils.JdbcUtils 48 getConnection - Enter
17 Mar 2025 03:18:44,680 TRACE ro.mpp2024.utils.JdbcUtils 25 getNewConnection - Enter
17 Mar 2025 03:18:44,680 INFO  ro.mpp2024.utils.JdbcUtils 30 getNewConnection - trying to connect to database ... jdbc:sqlite:src/main/resources/triatlon.db
17 Mar 2025 03:18:44,681 INFO  ro.mpp2024.utils.JdbcUtils 31 getNewConnection - user: null
17 Mar 2025 03:18:44,681 INFO  ro.mpp2024.utils.JdbcUtils 32 getNewConnection - pass: null
17 Mar 2025 03:18:44,787 TRACE ro.mpp2024.utils.JdbcUtils 57 getConnection - Exit with(org.sqlite.jdbc4.JDBC4Connection@5fa07e12)
17 Mar 2025 03:18:44,789 TRACE ro.mpp2024.repository.ProbaRepository 31 createEntityFromResultSet - Enter createEntityFromResultSet
17 Mar 2025 03:18:44,793 TRACE ro.mpp2024.repository.ProbaRepository 37 createEntityFromResultSet - Exit with(Proba{nume='Cursa 100 de m', arbitru=1, categorie=alergat})
17 Mar 2025 03:18:44,793 TRACE ro.mpp2024.repository.ProbaRepository 31 createEntityFromResultSet - Enter createEntityFromResultSet
17 Mar 2025 03:18:44,793 TRACE ro.mpp2024.repository.ProbaRepository 37 createEntityFromResultSet - Exit with(Proba{nume='Pedalat 200 de m', arbitru=1, categorie=ciclism})
17 Mar 2025 03:18:44,793 TRACE ro.mpp2024.repository.ProbaRepository 31 createEntityFromResultSet - Enter createEntityFromResultSet
17 Mar 2025 03:18:44,793 TRACE ro.mpp2024.repository.ProbaRepository 37 createEntityFromResultSet - Exit with(Proba{nume='Inot 50 de m', arbitru=1, categorie=inot})
17 Mar 2025 03:18:44,794 TRACE ro.mpp2024.repository.ProbaRepository 31 createEntityFromResultSet - Enter createEntityFromResultSet
17 Mar 2025 03:18:44,794 TRACE ro.mpp2024.repository.ProbaRepository 37 createEntityFromResultSet - Exit with(Proba{nume='Cursa 200 de m', arbitru=2, categorie=alergat})
17 Mar 2025 03:18:44,794 TRACE ro.mpp2024.repository.ProbaRepository 31 createEntityFromResultSet - Enter createEntityFromResultSet
17 Mar 2025 03:18:44,794 TRACE ro.mpp2024.repository.ProbaRepository 37 createEntityFromResultSet - Exit with(Proba{nume='Pedalat 400 de m', arbitru=2, categorie=ciclism})
17 Mar 2025 03:18:44,794 TRACE ro.mpp2024.repository.ProbaRepository 31 createEntityFromResultSet - Enter createEntityFromResultSet
17 Mar 2025 03:18:44,794 TRACE ro.mpp2024.repository.ProbaRepository 37 createEntityFromResultSet - Exit with(Proba{nume='Inot 100 de m', arbitru=2, categorie=inot})
17 Mar 2025 03:18:44,795 TRACE ro.mpp2024.repository.ProbaRepository 31 createEntityFromResultSet - Enter createEntityFromResultSet
17 Mar 2025 03:18:44,795 TRACE ro.mpp2024.repository.ProbaRepository 37 createEntityFromResultSet - Exit with(Proba{nume='Cursa 300 de m', arbitru=3, categorie=alergat})
17 Mar 2025 03:18:44,795 TRACE ro.mpp2024.repository.ProbaRepository 31 createEntityFromResultSet - Enter createEntityFromResultSet
17 Mar 2025 03:18:44,795 TRACE ro.mpp2024.repository.ProbaRepository 37 createEntityFromResultSet - Exit with(Proba{nume='Pedalat 600 de m', arbitru=3, categorie=ciclism})
17 Mar 2025 03:18:44,795 TRACE ro.mpp2024.repository.ProbaRepository 31 createEntityFromResultSet - Enter createEntityFromResultSet
17 Mar 2025 03:18:44,795 TRACE ro.mpp2024.repository.ProbaRepository 37 createEntityFromResultSet - Exit with(Proba{nume='Inot 150 de m', arbitru=3, categorie=inot})
17 Mar 2025 03:18:44,795 TRACE ro.mpp2024.repository.ProbaRepository 31 createEntityFromResultSet - Enter createEntityFromResultSet
17 Mar 2025 03:18:44,795 TRACE ro.mpp2024.repository.ProbaRepository 37 createEntityFromResultSet - Exit with(Proba{nume='Cursa 400 de m', arbitru=4, categorie=alergat})
17 Mar 2025 03:18:44,796 TRACE ro.mpp2024.repository.ProbaRepository 31 createEntityFromResultSet - Enter createEntityFromResultSet
17 Mar 2025 03:18:44,796 TRACE ro.mpp2024.repository.ProbaRepository 37 createEntityFromResultSet - Exit with(Proba{nume='Pedalat 800 de m', arbitru=4, categorie=ciclism})
17 Mar 2025 03:18:44,796 TRACE ro.mpp2024.repository.ProbaRepository 31 createEntityFromResultSet - Enter createEntityFromResultSet
17 Mar 2025 03:18:44,796 TRACE ro.mpp2024.repository.ProbaRepository 37 createEntityFromResultSet - Exit with(Proba{nume='Inot 200 de m', arbitru=4, categorie=inot})
17 Mar 2025 03:18:44,796 TRACE ro.mpp2024.repository.ProbaRepository 31 createEntityFromResultSet - Enter createEntityFromResultSet
17 Mar 2025 03:18:44,797 TRACE ro.mpp2024.repository.ProbaRepository 37 createEntityFromResultSet - Exit with(Proba{nume='Cursa 500 de m', arbitru=5, categorie=alergat})
17 Mar 2025 03:18:44,797 TRACE ro.mpp2024.repository.ProbaRepository 31 createEntityFromResultSet - Enter createEntityFromResultSet
17 Mar 2025 03:18:44,797 TRACE ro.mpp2024.repository.ProbaRepository 37 createEntityFromResultSet - Exit with(Proba{nume='Pedalat 1000 de m', arbitru=5, categorie=ciclism})
17 Mar 2025 03:18:44,797 TRACE ro.mpp2024.repository.ProbaRepository 31 createEntityFromResultSet - Enter createEntityFromResultSet
17 Mar 2025 03:18:44,797 TRACE ro.mpp2024.repository.ProbaRepository 37 createEntityFromResultSet - Exit with(Proba{nume='Inot 250 de m', arbitru=5, categorie=inot})
17 Mar 2025 03:18:44,797 TRACE ro.mpp2024.repository.ProbaRepository 31 createEntityFromResultSet - Enter createEntityFromResultSet
17 Mar 2025 03:18:44,797 TRACE ro.mpp2024.repository.ProbaRepository 37 createEntityFromResultSet - Exit with(Proba{nume='Cursa 600 de m', arbitru=6, categorie=alergat})
17 Mar 2025 03:18:44,797 TRACE ro.mpp2024.repository.ProbaRepository 31 createEntityFromResultSet - Enter createEntityFromResultSet
17 Mar 2025 03:18:44,798 TRACE ro.mpp2024.repository.ProbaRepository 37 createEntityFromResultSet - Exit with(Proba{nume='Pedalat 1200 de m', arbitru=6, categorie=ciclism})
17 Mar 2025 03:18:44,798 TRACE ro.mpp2024.repository.ProbaRepository 31 createEntityFromResultSet - Enter createEntityFromResultSet
17 Mar 2025 03:18:44,798 TRACE ro.mpp2024.repository.ProbaRepository 37 createEntityFromResultSet - Exit with(Proba{nume='Inot 300 de m', arbitru=6, categorie=inot})
17 Mar 2025 03:18:44,798 TRACE ro.mpp2024.repository.ProbaRepository 31 createEntityFromResultSet - Enter createEntityFromResultSet
17 Mar 2025 03:18:44,798 TRACE ro.mpp2024.repository.ProbaRepository 37 createEntityFromResultSet - Exit with(Proba{nume='nume', arbitru=19, categorie=ciclism})
17 Mar 2025 03:18:44,798 TRACE ro.mpp2024.repository.ProbaRepository 57 findAll - Exit with([Proba{nume='Cursa 100 de m', arbitru=1, categorie=alergat}, Proba{nume='Pedalat 200 de m', arbitru=1, categorie=ciclism}, Proba{nume='Inot 50 de m', arbitru=1, categorie=inot}, Proba{nume='Cursa 200 de m', arbitru=2, categorie=alergat}, Proba{nume='Pedalat 400 de m', arbitru=2, categorie=ciclism}, Proba{nume='Inot 100 de m', arbitru=2, categorie=inot}, Proba{nume='Cursa 300 de m', arbitru=3, categorie=alergat}, Proba{nume='Pedalat 600 de m', arbitru=3, categorie=ciclism}, Proba{nume='Inot 150 de m', arbitru=3, categorie=inot}, Proba{nume='Cursa 400 de m', arbitru=4, categorie=alergat}, Proba{nume='Pedalat 800 de m', arbitru=4, categorie=ciclism}, Proba{nume='Inot 200 de m', arbitru=4, categorie=inot}, Proba{nume='Cursa 500 de m', arbitru=5, categorie=alergat}, Proba{nume='Pedalat 1000 de m', arbitru=5, categorie=ciclism}, Proba{nume='Inot 250 de m', arbitru=5, categorie=inot}, Proba{nume='Cursa 600 de m', arbitru=6, categorie=alergat}, Proba{nume='Pedalat 1200 de m', arbitru=6, categorie=ciclism}, Proba{nume='Inot 300 de m', arbitru=6, categorie=inot}, Proba{nume='nume', arbitru=19, categorie=ciclism}])
17 Mar 2025 03:18:44,800 INFO  ro.mpp2024.repository.ParticipantRepository 25 <init> - Initializing ParticipantRepository with properties: {} 
17 Mar 2025 03:18:44,802 INFO  ro.mpp2024.repository.RezultatRepository 26 <init> - Initializing RezultatRepository with properties: {} 
17 Mar 2025 04:06:30,704 INFO  ro.mpp2024.repository.ArbitruRepository 25 <init> - Initializing IArbitruRepository with properties: {} 
17 Mar 2025 04:06:30,714 INFO  ro.mpp2024.repository.ProbaRepository 25 <init> - Initializing ProbaRepository with properties: {} 
17 Mar 2025 04:06:30,716 INFO  ro.mpp2024.repository.ParticipantRepository 25 <init> - Initializing ParticipantRepository with properties: {} 
17 Mar 2025 04:06:30,717 INFO  ro.mpp2024.repository.RezultatRepository 26 <init> - Initializing RezultatRepository with properties: {} 
17 Mar 2025 04:06:30,719 TRACE ro.mpp2024.repository.RezultatRepository 75 findAll - Enter
17 Mar 2025 04:06:30,719 TRACE ro.mpp2024.utils.JdbcUtils 48 getConnection - Enter
17 Mar 2025 04:06:30,719 TRACE ro.mpp2024.utils.JdbcUtils 25 getNewConnection - Enter
17 Mar 2025 04:06:30,720 INFO  ro.mpp2024.utils.JdbcUtils 30 getNewConnection - trying to connect to database ... jdbc:sqlite:src/main/resources/triatlon.db
17 Mar 2025 04:06:30,720 INFO  ro.mpp2024.utils.JdbcUtils 31 getNewConnection - user: null
17 Mar 2025 04:06:30,720 INFO  ro.mpp2024.utils.JdbcUtils 32 getNewConnection - pass: null
17 Mar 2025 04:06:30,824 TRACE ro.mpp2024.utils.JdbcUtils 57 getConnection - Exit with(org.sqlite.jdbc4.JDBC4Connection@55b53d44)
17 Mar 2025 04:06:30,826 TRACE ro.mpp2024.repository.RezultatRepository 32 createEntityFromResultSet - Enter createEntityFromResultSet
17 Mar 2025 04:06:30,826 TRACE ro.mpp2024.utils.JdbcUtils 48 getConnection - Enter
17 Mar 2025 04:06:30,826 TRACE ro.mpp2024.utils.JdbcUtils 57 getConnection - Exit with(org.sqlite.jdbc4.JDBC4Connection@55b53d44)
17 Mar 2025 04:06:30,831 TRACE ro.mpp2024.repository.RezultatRepository 68 createEntityFromResultSet - Exit with(Rezultat{participant=null, proba=Proba{nume='nume', arbitru=0, categorie=ciclism}, numar_puncte=100})
17 Mar 2025 04:06:30,831 TRACE ro.mpp2024.repository.RezultatRepository 32 createEntityFromResultSet - Enter createEntityFromResultSet
17 Mar 2025 04:06:30,831 TRACE ro.mpp2024.utils.JdbcUtils 48 getConnection - Enter
17 Mar 2025 04:06:30,831 TRACE ro.mpp2024.utils.JdbcUtils 57 getConnection - Exit with(org.sqlite.jdbc4.JDBC4Connection@55b53d44)
17 Mar 2025 04:06:30,834 TRACE ro.mpp2024.repository.RezultatRepository 68 createEntityFromResultSet - Exit with(Rezultat{participant=Participant{nume='Popescu', prenume='Ion', varsta=25}, proba=Proba{nume='Pedalat 200 de m', arbitru=0, categorie=ciclism}, numar_puncte=10})
17 Mar 2025 04:06:30,834 TRACE ro.mpp2024.repository.RezultatRepository 32 createEntityFromResultSet - Enter createEntityFromResultSet
17 Mar 2025 04:06:30,834 TRACE ro.mpp2024.utils.JdbcUtils 48 getConnection - Enter
17 Mar 2025 04:06:30,834 TRACE ro.mpp2024.utils.JdbcUtils 57 getConnection - Exit with(org.sqlite.jdbc4.JDBC4Connection@55b53d44)
17 Mar 2025 04:06:30,835 TRACE ro.mpp2024.repository.RezultatRepository 68 createEntityFromResultSet - Exit with(Rezultat{participant=Participant{nume='Stan', prenume='Ioana', varsta=27}, proba=Proba{nume='Pedalat 200 de m', arbitru=0, categorie=ciclism}, numar_puncte=152})
17 Mar 2025 04:06:30,835 TRACE ro.mpp2024.repository.RezultatRepository 32 createEntityFromResultSet - Enter createEntityFromResultSet
17 Mar 2025 04:06:30,835 TRACE ro.mpp2024.utils.JdbcUtils 48 getConnection - Enter
17 Mar 2025 04:06:30,835 TRACE ro.mpp2024.utils.JdbcUtils 57 getConnection - Exit with(org.sqlite.jdbc4.JDBC4Connection@55b53d44)
17 Mar 2025 04:06:30,835 TRACE ro.mpp2024.repository.RezultatRepository 68 createEntityFromResultSet - Exit with(Rezultat{participant=Participant{nume='Popa', prenume='Mihai', varsta=35}, proba=Proba{nume='Pedalat 400 de m', arbitru=0, categorie=ciclism}, numar_puncte=98})
17 Mar 2025 04:06:30,836 TRACE ro.mpp2024.repository.RezultatRepository 32 createEntityFromResultSet - Enter createEntityFromResultSet
17 Mar 2025 04:06:30,836 TRACE ro.mpp2024.utils.JdbcUtils 48 getConnection - Enter
17 Mar 2025 04:06:30,836 TRACE ro.mpp2024.utils.JdbcUtils 57 getConnection - Exit with(org.sqlite.jdbc4.JDBC4Connection@55b53d44)
17 Mar 2025 04:06:30,836 TRACE ro.mpp2024.repository.RezultatRepository 68 createEntityFromResultSet - Exit with(Rezultat{participant=Participant{nume='Vasilescu', prenume='Florin', varsta=23}, proba=Proba{nume='Pedalat 600 de m', arbitru=0, categorie=ciclism}, numar_puncte=174})
17 Mar 2025 04:06:30,836 TRACE ro.mpp2024.repository.RezultatRepository 32 createEntityFromResultSet - Enter createEntityFromResultSet
17 Mar 2025 04:06:30,836 TRACE ro.mpp2024.utils.JdbcUtils 48 getConnection - Enter
17 Mar 2025 04:06:30,836 TRACE ro.mpp2024.utils.JdbcUtils 57 getConnection - Exit with(org.sqlite.jdbc4.JDBC4Connection@55b53d44)
17 Mar 2025 04:06:30,838 TRACE ro.mpp2024.repository.RezultatRepository 68 createEntityFromResultSet - Exit with(Rezultat{participant=Participant{nume='Radu', prenume='Cristian', varsta=24}, proba=Proba{nume='Pedalat 800 de m', arbitru=0, categorie=ciclism}, numar_puncte=120})
17 Mar 2025 04:06:30,838 TRACE ro.mpp2024.repository.RezultatRepository 32 createEntityFromResultSet - Enter createEntityFromResultSet
17 Mar 2025 04:06:30,838 TRACE ro.mpp2024.utils.JdbcUtils 48 getConnection - Enter
17 Mar 2025 04:06:30,838 TRACE ro.mpp2024.utils.JdbcUtils 57 getConnection - Exit with(org.sqlite.jdbc4.JDBC4Connection@55b53d44)
17 Mar 2025 04:06:30,838 TRACE ro.mpp2024.repository.RezultatRepository 68 createEntityFromResultSet - Exit with(Rezultat{participant=Participant{nume='Grigore', prenume='Stefan', varsta=24}, proba=Proba{nume='Pedalat 1000 de m', arbitru=0, categorie=ciclism}, numar_puncte=145})
17 Mar 2025 04:06:30,838 TRACE ro.mpp2024.repository.RezultatRepository 32 createEntityFromResultSet - Enter createEntityFromResultSet
17 Mar 2025 04:06:30,839 TRACE ro.mpp2024.utils.JdbcUtils 48 getConnection - Enter
17 Mar 2025 04:06:30,839 TRACE ro.mpp2024.utils.JdbcUtils 57 getConnection - Exit with(org.sqlite.jdbc4.JDBC4Connection@55b53d44)
17 Mar 2025 04:06:30,839 TRACE ro.mpp2024.repository.RezultatRepository 68 createEntityFromResultSet - Exit with(Rezultat{participant=Participant{nume='Nistor', prenume='Carmen', varsta=33}, proba=Proba{nume='Pedalat 1200 de m', arbitru=0, categorie=ciclism}, numar_puncte=189})
17 Mar 2025 04:06:30,839 TRACE ro.mpp2024.repository.RezultatRepository 32 createEntityFromResultSet - Enter createEntityFromResultSet
17 Mar 2025 04:06:30,839 TRACE ro.mpp2024.utils.JdbcUtils 48 getConnection - Enter
17 Mar 2025 04:06:30,839 TRACE ro.mpp2024.utils.JdbcUtils 57 getConnection - Exit with(org.sqlite.jdbc4.JDBC4Connection@55b53d44)
17 Mar 2025 04:06:30,840 TRACE ro.mpp2024.repository.RezultatRepository 68 createEntityFromResultSet - Exit with(Rezultat{participant=Participant{nume='Marin', prenume='Ana', varsta=29}, proba=Proba{nume='Inot 50 de m', arbitru=0, categorie=inot}, numar_puncte=134})
17 Mar 2025 04:06:30,840 TRACE ro.mpp2024.repository.RezultatRepository 32 createEntityFromResultSet - Enter createEntityFromResultSet
17 Mar 2025 04:06:30,840 TRACE ro.mpp2024.utils.JdbcUtils 48 getConnection - Enter
17 Mar 2025 04:06:30,840 TRACE ro.mpp2024.utils.JdbcUtils 57 getConnection - Exit with(org.sqlite.jdbc4.JDBC4Connection@55b53d44)
17 Mar 2025 04:06:30,840 TRACE ro.mpp2024.repository.RezultatRepository 68 createEntityFromResultSet - Exit with(Rezultat{participant=Participant{nume='Constantin', prenume='Marius', varsta=30}, proba=Proba{nume='Inot 100 de m', arbitru=0, categorie=inot}, numar_puncte=178})
17 Mar 2025 04:06:30,841 TRACE ro.mpp2024.repository.RezultatRepository 32 createEntityFromResultSet - Enter createEntityFromResultSet
17 Mar 2025 04:06:30,841 TRACE ro.mpp2024.utils.JdbcUtils 48 getConnection - Enter
17 Mar 2025 04:06:30,841 TRACE ro.mpp2024.utils.JdbcUtils 57 getConnection - Exit with(org.sqlite.jdbc4.JDBC4Connection@55b53d44)
17 Mar 2025 04:06:30,841 TRACE ro.mpp2024.repository.RezultatRepository 68 createEntityFromResultSet - Exit with(Rezultat{participant=Participant{nume='Ionescu', prenume='Maria', varsta=30}, proba=Proba{nume='Inot 150 de m', arbitru=0, categorie=inot}, numar_puncte=156})
17 Mar 2025 04:06:30,841 TRACE ro.mpp2024.repository.RezultatRepository 32 createEntityFromResultSet - Enter createEntityFromResultSet
17 Mar 2025 04:06:30,841 TRACE ro.mpp2024.utils.JdbcUtils 48 getConnection - Enter
17 Mar 2025 04:06:30,841 TRACE ro.mpp2024.utils.JdbcUtils 57 getConnection - Exit with(org.sqlite.jdbc4.JDBC4Connection@55b53d44)
17 Mar 2025 04:06:30,842 TRACE ro.mpp2024.repository.RezultatRepository 68 createEntityFromResultSet - Exit with(Rezultat{participant=Participant{nume='Rusu', prenume='Andreea', varsta=29}, proba=Proba{nume='Inot 200 de m', arbitru=0, categorie=inot}, numar_puncte=121})
17 Mar 2025 04:06:30,842 TRACE ro.mpp2024.repository.RezultatRepository 32 createEntityFromResultSet - Enter createEntityFromResultSet
17 Mar 2025 04:06:30,842 TRACE ro.mpp2024.utils.JdbcUtils 48 getConnection - Enter
17 Mar 2025 04:06:30,842 TRACE ro.mpp2024.utils.JdbcUtils 57 getConnection - Exit with(org.sqlite.jdbc4.JDBC4Connection@55b53d44)
17 Mar 2025 04:06:30,842 TRACE ro.mpp2024.repository.RezultatRepository 68 createEntityFromResultSet - Exit with(Rezultat{participant=Participant{nume='Kovacs', prenume='Cristina', varsta=21}, proba=Proba{nume='Inot 250 de m', arbitru=0, categorie=inot}, numar_puncte=199})
17 Mar 2025 04:06:30,842 TRACE ro.mpp2024.repository.RezultatRepository 32 createEntityFromResultSet - Enter createEntityFromResultSet
17 Mar 2025 04:06:30,842 TRACE ro.mpp2024.utils.JdbcUtils 48 getConnection - Enter
17 Mar 2025 04:06:30,843 TRACE ro.mpp2024.utils.JdbcUtils 57 getConnection - Exit with(org.sqlite.jdbc4.JDBC4Connection@55b53d44)
17 Mar 2025 04:06:30,843 TRACE ro.mpp2024.repository.RezultatRepository 68 createEntityFromResultSet - Exit with(Rezultat{participant=Participant{nume='Munteanu', prenume='Sorin', varsta=21}, proba=Proba{nume='Inot 300 de m', arbitru=0, categorie=inot}, numar_puncte=144})
17 Mar 2025 04:06:30,843 TRACE ro.mpp2024.repository.RezultatRepository 32 createEntityFromResultSet - Enter createEntityFromResultSet
17 Mar 2025 04:06:30,843 TRACE ro.mpp2024.utils.JdbcUtils 48 getConnection - Enter
17 Mar 2025 04:06:30,843 TRACE ro.mpp2024.utils.JdbcUtils 57 getConnection - Exit with(org.sqlite.jdbc4.JDBC4Connection@55b53d44)
17 Mar 2025 04:06:30,843 TRACE ro.mpp2024.repository.RezultatRepository 68 createEntityFromResultSet - Exit with(Rezultat{participant=Participant{nume='Iliescu', prenume='Daniela', varsta=32}, proba=Proba{nume='Cursa 100 de m', arbitru=0, categorie=alergat}, numar_puncte=185})
17 Mar 2025 04:06:30,843 TRACE ro.mpp2024.repository.RezultatRepository 32 createEntityFromResultSet - Enter createEntityFromResultSet
17 Mar 2025 04:06:30,844 TRACE ro.mpp2024.utils.JdbcUtils 48 getConnection - Enter
17 Mar 2025 04:06:30,844 TRACE ro.mpp2024.utils.JdbcUtils 57 getConnection - Exit with(org.sqlite.jdbc4.JDBC4Connection@55b53d44)
17 Mar 2025 04:06:30,844 TRACE ro.mpp2024.repository.RezultatRepository 68 createEntityFromResultSet - Exit with(Rezultat{participant=Participant{nume='Georgescu', prenume='Andrei', varsta=22}, proba=Proba{nume='Cursa 200 de m', arbitru=0, categorie=alergat}, numar_puncte=102})
17 Mar 2025 04:06:30,844 TRACE ro.mpp2024.repository.RezultatRepository 32 createEntityFromResultSet - Enter createEntityFromResultSet
17 Mar 2025 04:06:30,844 TRACE ro.mpp2024.utils.JdbcUtils 48 getConnection - Enter
17 Mar 2025 04:06:30,844 TRACE ro.mpp2024.utils.JdbcUtils 57 getConnection - Exit with(org.sqlite.jdbc4.JDBC4Connection@55b53d44)
17 Mar 2025 04:06:30,845 TRACE ro.mpp2024.repository.RezultatRepository 68 createEntityFromResultSet - Exit with(Rezultat{participant=Participant{nume='Oprea', prenume='Bogdan', varsta=27}, proba=Proba{nume='Cursa 300 de m', arbitru=0, categorie=alergat}, numar_puncte=172})
17 Mar 2025 04:06:30,845 TRACE ro.mpp2024.repository.RezultatRepository 32 createEntityFromResultSet - Enter createEntityFromResultSet
17 Mar 2025 04:06:30,845 TRACE ro.mpp2024.utils.JdbcUtils 48 getConnection - Enter
17 Mar 2025 04:06:30,845 TRACE ro.mpp2024.utils.JdbcUtils 57 getConnection - Exit with(org.sqlite.jdbc4.JDBC4Connection@55b53d44)
17 Mar 2025 04:06:30,845 TRACE ro.mpp2024.repository.RezultatRepository 68 createEntityFromResultSet - Exit with(Rezultat{participant=Participant{nume='Stan', prenume='Ioana', varsta=27}, proba=Proba{nume='Cursa 400 de m', arbitru=0, categorie=alergat}, numar_puncte=137})
17 Mar 2025 04:06:30,845 TRACE ro.mpp2024.repository.RezultatRepository 32 createEntityFromResultSet - Enter createEntityFromResultSet
17 Mar 2025 04:06:30,845 TRACE ro.mpp2024.utils.JdbcUtils 48 getConnection - Enter
17 Mar 2025 04:06:30,845 TRACE ro.mpp2024.utils.JdbcUtils 57 getConnection - Exit with(org.sqlite.jdbc4.JDBC4Connection@55b53d44)
17 Mar 2025 04:06:30,846 TRACE ro.mpp2024.repository.RezultatRepository 68 createEntityFromResultSet - Exit with(Rezultat{participant=Participant{nume='Iacob', prenume='Radu', varsta=23}, proba=Proba{nume='Cursa 500 de m', arbitru=0, categorie=alergat}, numar_puncte=195})
17 Mar 2025 04:06:30,846 TRACE ro.mpp2024.repository.RezultatRepository 32 createEntityFromResultSet - Enter createEntityFromResultSet
17 Mar 2025 04:06:30,846 TRACE ro.mpp2024.utils.JdbcUtils 48 getConnection - Enter
17 Mar 2025 04:06:30,846 TRACE ro.mpp2024.utils.JdbcUtils 57 getConnection - Exit with(org.sqlite.jdbc4.JDBC4Connection@55b53d44)
17 Mar 2025 04:06:30,846 TRACE ro.mpp2024.repository.RezultatRepository 68 createEntityFromResultSet - Exit with(Rezultat{participant=Participant{nume='Manole', prenume='Simona', varsta=25}, proba=Proba{nume='Cursa 600 de m', arbitru=0, categorie=alergat}, numar_puncte=117})
17 Mar 2025 04:06:30,846 TRACE ro.mpp2024.repository.RezultatRepository 32 createEntityFromResultSet - Enter createEntityFromResultSet
17 Mar 2025 04:06:30,846 TRACE ro.mpp2024.utils.JdbcUtils 48 getConnection - Enter
17 Mar 2025 04:06:30,846 TRACE ro.mpp2024.utils.JdbcUtils 57 getConnection - Exit with(org.sqlite.jdbc4.JDBC4Connection@55b53d44)
17 Mar 2025 04:06:30,847 TRACE ro.mpp2024.repository.RezultatRepository 68 createEntityFromResultSet - Exit with(Rezultat{participant=Participant{nume='Tudor', prenume='Alexandru', varsta=31}, proba=Proba{nume='Pedalat 200 de m', arbitru=0, categorie=ciclism}, numar_puncte=150})
17 Mar 2025 04:06:30,847 TRACE ro.mpp2024.repository.RezultatRepository 32 createEntityFromResultSet - Enter createEntityFromResultSet
17 Mar 2025 04:06:30,847 TRACE ro.mpp2024.utils.JdbcUtils 48 getConnection - Enter
17 Mar 2025 04:06:30,847 TRACE ro.mpp2024.utils.JdbcUtils 57 getConnection - Exit with(org.sqlite.jdbc4.JDBC4Connection@55b53d44)
17 Mar 2025 04:06:30,847 TRACE ro.mpp2024.repository.RezultatRepository 68 createEntityFromResultSet - Exit with(Rezultat{participant=Participant{nume='Barbu', prenume='Irina', varsta=27}, proba=Proba{nume='Pedalat 600 de m', arbitru=0, categorie=ciclism}, numar_puncte=180})
17 Mar 2025 04:06:30,847 TRACE ro.mpp2024.repository.RezultatRepository 32 createEntityFromResultSet - Enter createEntityFromResultSet
17 Mar 2025 04:06:30,847 TRACE ro.mpp2024.utils.JdbcUtils 48 getConnection - Enter
17 Mar 2025 04:06:30,847 TRACE ro.mpp2024.utils.JdbcUtils 57 getConnection - Exit with(org.sqlite.jdbc4.JDBC4Connection@55b53d44)
17 Mar 2025 04:06:30,848 TRACE ro.mpp2024.repository.RezultatRepository 68 createEntityFromResultSet - Exit with(Rezultat{participant=Participant{nume='Filip', prenume='Bianca', varsta=31}, proba=Proba{nume='Pedalat 1000 de m', arbitru=0, categorie=ciclism}, numar_puncte=140})
17 Mar 2025 04:06:30,848 TRACE ro.mpp2024.repository.RezultatRepository 32 createEntityFromResultSet - Enter createEntityFromResultSet
17 Mar 2025 04:06:30,848 TRACE ro.mpp2024.utils.JdbcUtils 48 getConnection - Enter
17 Mar 2025 04:06:30,848 TRACE ro.mpp2024.utils.JdbcUtils 57 getConnection - Exit with(org.sqlite.jdbc4.JDBC4Connection@55b53d44)
17 Mar 2025 04:06:30,848 TRACE ro.mpp2024.repository.RezultatRepository 68 createEntityFromResultSet - Exit with(Rezultat{participant=Participant{nume='Dobre', prenume='Adriana', varsta=34}, proba=Proba{nume='Inot 50 de m', arbitru=0, categorie=inot}, numar_puncte=165})
17 Mar 2025 04:06:30,848 TRACE ro.mpp2024.repository.RezultatRepository 32 createEntityFromResultSet - Enter createEntityFromResultSet
17 Mar 2025 04:06:30,848 TRACE ro.mpp2024.utils.JdbcUtils 48 getConnection - Enter
17 Mar 2025 04:06:30,849 TRACE ro.mpp2024.utils.JdbcUtils 57 getConnection - Exit with(org.sqlite.jdbc4.JDBC4Connection@55b53d44)
17 Mar 2025 04:06:30,849 TRACE ro.mpp2024.repository.RezultatRepository 68 createEntityFromResultSet - Exit with(Rezultat{participant=Participant{nume='Toma', prenume='Gabriela', varsta=31}, proba=Proba{nume='Inot 150 de m', arbitru=0, categorie=inot}, numar_puncte=132})
17 Mar 2025 04:06:30,849 TRACE ro.mpp2024.repository.RezultatRepository 32 createEntityFromResultSet - Enter createEntityFromResultSet
17 Mar 2025 04:06:30,849 TRACE ro.mpp2024.utils.JdbcUtils 48 getConnection - Enter
17 Mar 2025 04:06:30,849 TRACE ro.mpp2024.utils.JdbcUtils 57 getConnection - Exit with(org.sqlite.jdbc4.JDBC4Connection@55b53d44)
17 Mar 2025 04:06:30,849 TRACE ro.mpp2024.repository.RezultatRepository 68 createEntityFromResultSet - Exit with(Rezultat{participant=Participant{nume='Petrescu', prenume='Gabriel', varsta=26}, proba=Proba{nume='Inot 250 de m', arbitru=0, categorie=inot}, numar_puncte=188})
17 Mar 2025 04:06:30,849 TRACE ro.mpp2024.repository.RezultatRepository 32 createEntityFromResultSet - Enter createEntityFromResultSet
17 Mar 2025 04:06:30,850 TRACE ro.mpp2024.utils.JdbcUtils 48 getConnection - Enter
17 Mar 2025 04:06:30,850 TRACE ro.mpp2024.utils.JdbcUtils 57 getConnection - Exit with(org.sqlite.jdbc4.JDBC4Connection@55b53d44)
17 Mar 2025 04:06:30,850 TRACE ro.mpp2024.repository.RezultatRepository 68 createEntityFromResultSet - Exit with(Rezultat{participant=Participant{nume='Lupu', prenume='George', varsta=33}, proba=Proba{nume='Cursa 100 de m', arbitru=0, categorie=alergat}, numar_puncte=199})
17 Mar 2025 04:06:30,850 TRACE ro.mpp2024.repository.RezultatRepository 32 createEntityFromResultSet - Enter createEntityFromResultSet
17 Mar 2025 04:06:30,850 TRACE ro.mpp2024.utils.JdbcUtils 48 getConnection - Enter
17 Mar 2025 04:06:30,850 TRACE ro.mpp2024.utils.JdbcUtils 57 getConnection - Exit with(org.sqlite.jdbc4.JDBC4Connection@55b53d44)
17 Mar 2025 04:06:30,850 TRACE ro.mpp2024.repository.RezultatRepository 68 createEntityFromResultSet - Exit with(Rezultat{participant=Participant{nume='Enache', prenume='Laura', varsta=29}, proba=Proba{nume='Cursa 300 de m', arbitru=0, categorie=alergat}, numar_puncte=175})
17 Mar 2025 04:06:30,850 TRACE ro.mpp2024.repository.RezultatRepository 32 createEntityFromResultSet - Enter createEntityFromResultSet
17 Mar 2025 04:06:30,851 TRACE ro.mpp2024.utils.JdbcUtils 48 getConnection - Enter
17 Mar 2025 04:06:30,851 TRACE ro.mpp2024.utils.JdbcUtils 57 getConnection - Exit with(org.sqlite.jdbc4.JDBC4Connection@55b53d44)
17 Mar 2025 04:06:30,851 TRACE ro.mpp2024.repository.RezultatRepository 68 createEntityFromResultSet - Exit with(Rezultat{participant=Participant{nume='Dumitrescu', prenume='Elena', varsta=28}, proba=Proba{nume='Cursa 500 de m', arbitru=0, categorie=alergat}, numar_puncte=143})
17 Mar 2025 04:06:30,851 TRACE ro.mpp2024.repository.RezultatRepository 32 createEntityFromResultSet - Enter createEntityFromResultSet
17 Mar 2025 04:06:30,851 TRACE ro.mpp2024.utils.JdbcUtils 48 getConnection - Enter
17 Mar 2025 04:06:30,851 TRACE ro.mpp2024.utils.JdbcUtils 57 getConnection - Exit with(org.sqlite.jdbc4.JDBC4Connection@55b53d44)
17 Mar 2025 04:06:30,852 TRACE ro.mpp2024.repository.RezultatRepository 68 createEntityFromResultSet - Exit with(Rezultat{participant=Participant{nume='Pavel', prenume='Monica', varsta=30}, proba=Proba{nume='Pedalat 400 de m', arbitru=0, categorie=ciclism}, numar_puncte=111})
17 Mar 2025 04:06:30,852 TRACE ro.mpp2024.repository.RezultatRepository 32 createEntityFromResultSet - Enter createEntityFromResultSet
17 Mar 2025 04:06:30,852 TRACE ro.mpp2024.utils.JdbcUtils 48 getConnection - Enter
17 Mar 2025 04:06:30,852 TRACE ro.mpp2024.utils.JdbcUtils 57 getConnection - Exit with(org.sqlite.jdbc4.JDBC4Connection@55b53d44)
17 Mar 2025 04:06:30,852 TRACE ro.mpp2024.repository.RezultatRepository 68 createEntityFromResultSet - Exit with(Rezultat{participant=Participant{nume='Nedelcu', prenume='Alexandra', varsta=28}, proba=Proba{nume='Pedalat 800 de m', arbitru=0, categorie=ciclism}, numar_puncte=169})
17 Mar 2025 04:06:30,853 TRACE ro.mpp2024.repository.RezultatRepository 32 createEntityFromResultSet - Enter createEntityFromResultSet
17 Mar 2025 04:06:30,853 TRACE ro.mpp2024.utils.JdbcUtils 48 getConnection - Enter
17 Mar 2025 04:06:30,853 TRACE ro.mpp2024.utils.JdbcUtils 57 getConnection - Exit with(org.sqlite.jdbc4.JDBC4Connection@55b53d44)
17 Mar 2025 04:06:30,853 TRACE ro.mpp2024.repository.RezultatRepository 68 createEntityFromResultSet - Exit with(Rezultat{participant=Participant{nume='Gheorghe', prenume='Vlad', varsta=28}, proba=Proba{nume='Pedalat 1200 de m', arbitru=0, categorie=ciclism}, numar_puncte=200})
17 Mar 2025 04:06:30,853 TRACE ro.mpp2024.repository.RezultatRepository 32 createEntityFromResultSet - Enter createEntityFromResultSet
17 Mar 2025 04:06:30,854 TRACE ro.mpp2024.utils.JdbcUtils 48 getConnection - Enter
17 Mar 2025 04:06:30,854 TRACE ro.mpp2024.utils.JdbcUtils 57 getConnection - Exit with(org.sqlite.jdbc4.JDBC4Connection@55b53d44)
17 Mar 2025 04:06:30,854 TRACE ro.mpp2024.repository.RezultatRepository 68 createEntityFromResultSet - Exit with(Rezultat{participant=Participant{nume='Dragomir', prenume='Adrian', varsta=26}, proba=Proba{nume='Inot 100 de m', arbitru=0, categorie=inot}, numar_puncte=130})
17 Mar 2025 04:06:30,854 TRACE ro.mpp2024.repository.RezultatRepository 32 createEntityFromResultSet - Enter createEntityFromResultSet
17 Mar 2025 04:06:30,854 TRACE ro.mpp2024.utils.JdbcUtils 48 getConnection - Enter
17 Mar 2025 04:06:30,854 TRACE ro.mpp2024.utils.JdbcUtils 57 getConnection - Exit with(org.sqlite.jdbc4.JDBC4Connection@55b53d44)
17 Mar 2025 04:06:30,855 TRACE ro.mpp2024.repository.RezultatRepository 68 createEntityFromResultSet - Exit with(Rezultat{participant=Participant{nume='Lazar', prenume='Roxana', varsta=25}, proba=Proba{nume='Inot 200 de m', arbitru=0, categorie=inot}, numar_puncte=185})
17 Mar 2025 04:06:30,855 TRACE ro.mpp2024.repository.RezultatRepository 32 createEntityFromResultSet - Enter createEntityFromResultSet
17 Mar 2025 04:06:30,855 TRACE ro.mpp2024.utils.JdbcUtils 48 getConnection - Enter
17 Mar 2025 04:06:30,855 TRACE ro.mpp2024.utils.JdbcUtils 57 getConnection - Exit with(org.sqlite.jdbc4.JDBC4Connection@55b53d44)
17 Mar 2025 04:06:30,855 TRACE ro.mpp2024.repository.RezultatRepository 68 createEntityFromResultSet - Exit with(Rezultat{participant=Participant{nume='Jianu', prenume='Oana', varsta=34}, proba=Proba{nume='Inot 300 de m', arbitru=0, categorie=inot}, numar_puncte=142})
17 Mar 2025 04:06:30,855 TRACE ro.mpp2024.repository.RezultatRepository 32 createEntityFromResultSet - Enter createEntityFromResultSet
17 Mar 2025 04:06:30,855 TRACE ro.mpp2024.utils.JdbcUtils 48 getConnection - Enter
17 Mar 2025 04:06:30,855 TRACE ro.mpp2024.utils.JdbcUtils 57 getConnection - Exit with(org.sqlite.jdbc4.JDBC4Connection@55b53d44)
17 Mar 2025 04:06:30,856 TRACE ro.mpp2024.repository.RezultatRepository 68 createEntityFromResultSet - Exit with(Rezultat{participant=Participant{nume='Hagi', prenume='Diana', varsta=32}, proba=Proba{nume='Cursa 200 de m', arbitru=0, categorie=alergat}, numar_puncte=193})
17 Mar 2025 04:06:30,856 TRACE ro.mpp2024.repository.RezultatRepository 32 createEntityFromResultSet - Enter createEntityFromResultSet
17 Mar 2025 04:06:30,856 TRACE ro.mpp2024.utils.JdbcUtils 48 getConnection - Enter
17 Mar 2025 04:06:30,856 TRACE ro.mpp2024.utils.JdbcUtils 57 getConnection - Exit with(org.sqlite.jdbc4.JDBC4Connection@55b53d44)
17 Mar 2025 04:06:30,856 TRACE ro.mpp2024.repository.RezultatRepository 68 createEntityFromResultSet - Exit with(Rezultat{participant=Participant{nume='Ursu', prenume='Mihail', varsta=24}, proba=Proba{nume='Cursa 400 de m', arbitru=0, categorie=alergat}, numar_puncte=155})
17 Mar 2025 04:06:30,856 TRACE ro.mpp2024.repository.RezultatRepository 32 createEntityFromResultSet - Enter createEntityFromResultSet
17 Mar 2025 04:06:30,856 TRACE ro.mpp2024.utils.JdbcUtils 48 getConnection - Enter
17 Mar 2025 04:06:30,857 TRACE ro.mpp2024.utils.JdbcUtils 57 getConnection - Exit with(org.sqlite.jdbc4.JDBC4Connection@55b53d44)
17 Mar 2025 04:06:30,857 TRACE ro.mpp2024.repository.RezultatRepository 68 createEntityFromResultSet - Exit with(Rezultat{participant=Participant{nume='Vlad', prenume='Anca', varsta=32}, proba=Proba{nume='Cursa 600 de m', arbitru=0, categorie=alergat}, numar_puncte=128})
17 Mar 2025 04:06:30,857 TRACE ro.mpp2024.repository.RezultatRepository 32 createEntityFromResultSet - Enter createEntityFromResultSet
17 Mar 2025 04:06:30,857 TRACE ro.mpp2024.utils.JdbcUtils 48 getConnection - Enter
17 Mar 2025 04:06:30,857 TRACE ro.mpp2024.utils.JdbcUtils 57 getConnection - Exit with(org.sqlite.jdbc4.JDBC4Connection@55b53d44)
17 Mar 2025 04:06:30,857 TRACE ro.mpp2024.repository.RezultatRepository 68 createEntityFromResultSet - Exit with(Rezultat{participant=Participant{nume='Zamfir', prenume='Lucian', varsta=23}, proba=Proba{nume='Pedalat 200 de m', arbitru=0, categorie=ciclism}, numar_puncte=177})
17 Mar 2025 04:06:30,857 TRACE ro.mpp2024.repository.RezultatRepository 32 createEntityFromResultSet - Enter createEntityFromResultSet
17 Mar 2025 04:06:30,857 TRACE ro.mpp2024.utils.JdbcUtils 48 getConnection - Enter
17 Mar 2025 04:06:30,857 TRACE ro.mpp2024.utils.JdbcUtils 57 getConnection - Exit with(org.sqlite.jdbc4.JDBC4Connection@55b53d44)
17 Mar 2025 04:06:30,858 TRACE ro.mpp2024.repository.RezultatRepository 68 createEntityFromResultSet - Exit with(Rezultat{participant=Participant{nume='Sandu', prenume='Victor', varsta=26}, proba=Proba{nume='Pedalat 600 de m', arbitru=0, categorie=ciclism}, numar_puncte=115})
17 Mar 2025 04:06:30,858 TRACE ro.mpp2024.repository.RezultatRepository 32 createEntityFromResultSet - Enter createEntityFromResultSet
17 Mar 2025 04:06:30,858 TRACE ro.mpp2024.utils.JdbcUtils 48 getConnection - Enter
17 Mar 2025 04:06:30,858 TRACE ro.mpp2024.utils.JdbcUtils 57 getConnection - Exit with(org.sqlite.jdbc4.JDBC4Connection@55b53d44)
17 Mar 2025 04:06:30,858 TRACE ro.mpp2024.repository.RezultatRepository 68 createEntityFromResultSet - Exit with(Rezultat{participant=Participant{nume='Voicu', prenume='Raluca', varsta=34}, proba=Proba{nume='Pedalat 1000 de m', arbitru=0, categorie=ciclism}, numar_puncte=190})
17 Mar 2025 04:06:30,858 TRACE ro.mpp2024.repository.RezultatRepository 32 createEntityFromResultSet - Enter createEntityFromResultSet
17 Mar 2025 04:06:30,858 TRACE ro.mpp2024.utils.JdbcUtils 48 getConnection - Enter
17 Mar 2025 04:06:30,858 TRACE ro.mpp2024.utils.JdbcUtils 57 getConnection - Exit with(org.sqlite.jdbc4.JDBC4Connection@55b53d44)
17 Mar 2025 04:06:30,859 TRACE ro.mpp2024.repository.RezultatRepository 68 createEntityFromResultSet - Exit with(Rezultat{participant=Participant{nume='Popescu', prenume='Ion', varsta=25}, proba=Proba{nume='Inot 50 de m', arbitru=0, categorie=inot}, numar_puncte=148})
17 Mar 2025 04:06:30,859 TRACE ro.mpp2024.repository.RezultatRepository 32 createEntityFromResultSet - Enter createEntityFromResultSet
17 Mar 2025 04:06:30,859 TRACE ro.mpp2024.utils.JdbcUtils 48 getConnection - Enter
17 Mar 2025 04:06:30,859 TRACE ro.mpp2024.utils.JdbcUtils 57 getConnection - Exit with(org.sqlite.jdbc4.JDBC4Connection@55b53d44)
17 Mar 2025 04:06:30,859 TRACE ro.mpp2024.repository.RezultatRepository 68 createEntityFromResultSet - Exit with(Rezultat{participant=Participant{nume='Radu', prenume='Cristian', varsta=24}, proba=Proba{nume='Inot 150 de m', arbitru=0, categorie=inot}, numar_puncte=136})
17 Mar 2025 04:06:30,859 TRACE ro.mpp2024.repository.RezultatRepository 32 createEntityFromResultSet - Enter createEntityFromResultSet
17 Mar 2025 04:06:30,859 TRACE ro.mpp2024.utils.JdbcUtils 48 getConnection - Enter
17 Mar 2025 04:06:30,859 TRACE ro.mpp2024.utils.JdbcUtils 57 getConnection - Exit with(org.sqlite.jdbc4.JDBC4Connection@55b53d44)
17 Mar 2025 04:06:30,859 TRACE ro.mpp2024.repository.RezultatRepository 68 createEntityFromResultSet - Exit with(Rezultat{participant=Participant{nume='Popa', prenume='Mihai', varsta=35}, proba=Proba{nume='Inot 250 de m', arbitru=0, categorie=inot}, numar_puncte=184})
17 Mar 2025 04:06:30,860 TRACE ro.mpp2024.repository.RezultatRepository 32 createEntityFromResultSet - Enter createEntityFromResultSet
17 Mar 2025 04:06:30,860 TRACE ro.mpp2024.utils.JdbcUtils 48 getConnection - Enter
17 Mar 2025 04:06:30,860 TRACE ro.mpp2024.utils.JdbcUtils 57 getConnection - Exit with(org.sqlite.jdbc4.JDBC4Connection@55b53d44)
17 Mar 2025 04:06:30,860 TRACE ro.mpp2024.repository.RezultatRepository 68 createEntityFromResultSet - Exit with(Rezultat{participant=Participant{nume='Vasilescu', prenume='Florin', varsta=23}, proba=Proba{nume='Cursa 100 de m', arbitru=0, categorie=alergat}, numar_puncte=198})
17 Mar 2025 04:06:30,860 TRACE ro.mpp2024.repository.RezultatRepository 32 createEntityFromResultSet - Enter createEntityFromResultSet
17 Mar 2025 04:06:30,860 TRACE ro.mpp2024.utils.JdbcUtils 48 getConnection - Enter
17 Mar 2025 04:06:30,860 TRACE ro.mpp2024.utils.JdbcUtils 57 getConnection - Exit with(org.sqlite.jdbc4.JDBC4Connection@55b53d44)
17 Mar 2025 04:06:30,860 TRACE ro.mpp2024.repository.RezultatRepository 68 createEntityFromResultSet - Exit with(Rezultat{participant=Participant{nume='Iliescu', prenume='Daniela', varsta=32}, proba=Proba{nume='Cursa 300 de m', arbitru=0, categorie=alergat}, numar_puncte=125})
17 Mar 2025 04:06:30,860 TRACE ro.mpp2024.repository.RezultatRepository 32 createEntityFromResultSet - Enter createEntityFromResultSet
17 Mar 2025 04:06:30,861 TRACE ro.mpp2024.utils.JdbcUtils 48 getConnection - Enter
17 Mar 2025 04:06:30,861 TRACE ro.mpp2024.utils.JdbcUtils 57 getConnection - Exit with(org.sqlite.jdbc4.JDBC4Connection@55b53d44)
17 Mar 2025 04:06:30,861 TRACE ro.mpp2024.repository.RezultatRepository 68 createEntityFromResultSet - Exit with(Rezultat{participant=Participant{nume='Oprea', prenume='Bogdan', varsta=27}, proba=Proba{nume='Cursa 500 de m', arbitru=0, categorie=alergat}, numar_puncte=110})
17 Mar 2025 04:06:30,861 TRACE ro.mpp2024.repository.RezultatRepository 32 createEntityFromResultSet - Enter createEntityFromResultSet
17 Mar 2025 04:06:30,861 TRACE ro.mpp2024.utils.JdbcUtils 48 getConnection - Enter
17 Mar 2025 04:06:30,861 TRACE ro.mpp2024.utils.JdbcUtils 57 getConnection - Exit with(org.sqlite.jdbc4.JDBC4Connection@55b53d44)
17 Mar 2025 04:06:30,861 TRACE ro.mpp2024.repository.RezultatRepository 68 createEntityFromResultSet - Exit with(Rezultat{participant=Participant{nume='Filip', prenume='Bianca', varsta=31}, proba=Proba{nume='Pedalat 400 de m', arbitru=0, categorie=ciclism}, numar_puncte=167})
17 Mar 2025 04:06:30,861 TRACE ro.mpp2024.repository.RezultatRepository 32 createEntityFromResultSet - Enter createEntityFromResultSet
17 Mar 2025 04:06:30,861 TRACE ro.mpp2024.utils.JdbcUtils 48 getConnection - Enter
17 Mar 2025 04:06:30,862 TRACE ro.mpp2024.utils.JdbcUtils 57 getConnection - Exit with(org.sqlite.jdbc4.JDBC4Connection@55b53d44)
17 Mar 2025 04:06:30,862 TRACE ro.mpp2024.repository.RezultatRepository 68 createEntityFromResultSet - Exit with(Rezultat{participant=Participant{nume='Tudor', prenume='Alexandru', varsta=31}, proba=Proba{nume='Pedalat 800 de m', arbitru=0, categorie=ciclism}, numar_puncte=138})
17 Mar 2025 04:06:30,862 TRACE ro.mpp2024.repository.RezultatRepository 32 createEntityFromResultSet - Enter createEntityFromResultSet
17 Mar 2025 04:06:30,862 TRACE ro.mpp2024.utils.JdbcUtils 48 getConnection - Enter
17 Mar 2025 04:06:30,862 TRACE ro.mpp2024.utils.JdbcUtils 57 getConnection - Exit with(org.sqlite.jdbc4.JDBC4Connection@55b53d44)
17 Mar 2025 04:06:30,862 TRACE ro.mpp2024.repository.RezultatRepository 68 createEntityFromResultSet - Exit with(Rezultat{participant=Participant{nume='Munteanu', prenume='Sorin', varsta=21}, proba=Proba{nume='Pedalat 1200 de m', arbitru=0, categorie=ciclism}, numar_puncte=157})
17 Mar 2025 04:06:30,862 TRACE ro.mpp2024.repository.RezultatRepository 32 createEntityFromResultSet - Enter createEntityFromResultSet
17 Mar 2025 04:06:30,862 TRACE ro.mpp2024.utils.JdbcUtils 48 getConnection - Enter
17 Mar 2025 04:06:30,863 TRACE ro.mpp2024.utils.JdbcUtils 57 getConnection - Exit with(org.sqlite.jdbc4.JDBC4Connection@55b53d44)
17 Mar 2025 04:06:30,863 TRACE ro.mpp2024.repository.RezultatRepository 68 createEntityFromResultSet - Exit with(Rezultat{participant=Participant{nume='Rusu', prenume='Andreea', varsta=29}, proba=Proba{nume='Inot 100 de m', arbitru=0, categorie=inot}, numar_puncte=192})
17 Mar 2025 04:06:30,863 TRACE ro.mpp2024.repository.RezultatRepository 32 createEntityFromResultSet - Enter createEntityFromResultSet
17 Mar 2025 04:06:30,863 TRACE ro.mpp2024.utils.JdbcUtils 48 getConnection - Enter
17 Mar 2025 04:06:30,863 TRACE ro.mpp2024.utils.JdbcUtils 57 getConnection - Exit with(org.sqlite.jdbc4.JDBC4Connection@55b53d44)
17 Mar 2025 04:06:30,863 TRACE ro.mpp2024.repository.RezultatRepository 68 createEntityFromResultSet - Exit with(Rezultat{participant=Participant{nume='nume', prenume='prenume', varsta=20}, proba=Proba{nume='nume', arbitru=0, categorie=ciclism}, numar_puncte=100})
17 Mar 2025 04:06:30,863 TRACE ro.mpp2024.repository.RezultatRepository 32 createEntityFromResultSet - Enter createEntityFromResultSet
17 Mar 2025 04:06:30,863 TRACE ro.mpp2024.utils.JdbcUtils 48 getConnection - Enter
17 Mar 2025 04:06:30,864 TRACE ro.mpp2024.utils.JdbcUtils 57 getConnection - Exit with(org.sqlite.jdbc4.JDBC4Connection@55b53d44)
17 Mar 2025 04:06:30,864 TRACE ro.mpp2024.repository.RezultatRepository 68 createEntityFromResultSet - Exit with(Rezultat{participant=Participant{nume='nume', prenume='prenume', varsta=20}, proba=Proba{nume='nume', arbitru=0, categorie=ciclism}, numar_puncte=100})
17 Mar 2025 04:06:30,864 TRACE ro.mpp2024.repository.RezultatRepository 32 createEntityFromResultSet - Enter createEntityFromResultSet
17 Mar 2025 04:06:30,864 TRACE ro.mpp2024.utils.JdbcUtils 48 getConnection - Enter
17 Mar 2025 04:06:30,864 TRACE ro.mpp2024.utils.JdbcUtils 57 getConnection - Exit with(org.sqlite.jdbc4.JDBC4Connection@55b53d44)
17 Mar 2025 04:06:30,864 TRACE ro.mpp2024.repository.RezultatRepository 68 createEntityFromResultSet - Exit with(Rezultat{participant=Participant{nume='nume', prenume='prenume', varsta=20}, proba=Proba{nume='nume', arbitru=0, categorie=ciclism}, numar_puncte=100})
17 Mar 2025 04:06:30,865 TRACE ro.mpp2024.repository.RezultatRepository 89 findAll - Exit with([Rezultat{participant=null, proba=Proba{nume='nume', arbitru=0, categorie=ciclism}, numar_puncte=100}, Rezultat{participant=Participant{nume='Popescu', prenume='Ion', varsta=25}, proba=Proba{nume='Pedalat 200 de m', arbitru=0, categorie=ciclism}, numar_puncte=10}, Rezultat{participant=Participant{nume='Stan', prenume='Ioana', varsta=27}, proba=Proba{nume='Pedalat 200 de m', arbitru=0, categorie=ciclism}, numar_puncte=152}, Rezultat{participant=Participant{nume='Popa', prenume='Mihai', varsta=35}, proba=Proba{nume='Pedalat 400 de m', arbitru=0, categorie=ciclism}, numar_puncte=98}, Rezultat{participant=Participant{nume='Vasilescu', prenume='Florin', varsta=23}, proba=Proba{nume='Pedalat 600 de m', arbitru=0, categorie=ciclism}, numar_puncte=174}, Rezultat{participant=Participant{nume='Radu', prenume='Cristian', varsta=24}, proba=Proba{nume='Pedalat 800 de m', arbitru=0, categorie=ciclism}, numar_puncte=120}, Rezultat{participant=Participant{nume='Grigore', prenume='Stefan', varsta=24}, proba=Proba{nume='Pedalat 1000 de m', arbitru=0, categorie=ciclism}, numar_puncte=145}, Rezultat{participant=Participant{nume='Nistor', prenume='Carmen', varsta=33}, proba=Proba{nume='Pedalat 1200 de m', arbitru=0, categorie=ciclism}, numar_puncte=189}, Rezultat{participant=Participant{nume='Marin', prenume='Ana', varsta=29}, proba=Proba{nume='Inot 50 de m', arbitru=0, categorie=inot}, numar_puncte=134}, Rezultat{participant=Participant{nume='Constantin', prenume='Marius', varsta=30}, proba=Proba{nume='Inot 100 de m', arbitru=0, categorie=inot}, numar_puncte=178}, Rezultat{participant=Participant{nume='Ionescu', prenume='Maria', varsta=30}, proba=Proba{nume='Inot 150 de m', arbitru=0, categorie=inot}, numar_puncte=156}, Rezultat{participant=Participant{nume='Rusu', prenume='Andreea', varsta=29}, proba=Proba{nume='Inot 200 de m', arbitru=0, categorie=inot}, numar_puncte=121}, Rezultat{participant=Participant{nume='Kovacs', prenume='Cristina', varsta=21}, proba=Proba{nume='Inot 250 de m', arbitru=0, categorie=inot}, numar_puncte=199}, Rezultat{participant=Participant{nume='Munteanu', prenume='Sorin', varsta=21}, proba=Proba{nume='Inot 300 de m', arbitru=0, categorie=inot}, numar_puncte=144}, Rezultat{participant=Participant{nume='Iliescu', prenume='Daniela', varsta=32}, proba=Proba{nume='Cursa 100 de m', arbitru=0, categorie=alergat}, numar_puncte=185}, Rezultat{participant=Participant{nume='Georgescu', prenume='Andrei', varsta=22}, proba=Proba{nume='Cursa 200 de m', arbitru=0, categorie=alergat}, numar_puncte=102}, Rezultat{participant=Participant{nume='Oprea', prenume='Bogdan', varsta=27}, proba=Proba{nume='Cursa 300 de m', arbitru=0, categorie=alergat}, numar_puncte=172}, Rezultat{participant=Participant{nume='Stan', prenume='Ioana', varsta=27}, proba=Proba{nume='Cursa 400 de m', arbitru=0, categorie=alergat}, numar_puncte=137}, Rezultat{participant=Participant{nume='Iacob', prenume='Radu', varsta=23}, proba=Proba{nume='Cursa 500 de m', arbitru=0, categorie=alergat}, numar_puncte=195}, Rezultat{participant=Participant{nume='Manole', prenume='Simona', varsta=25}, proba=Proba{nume='Cursa 600 de m', arbitru=0, categorie=alergat}, numar_puncte=117}, Rezultat{participant=Participant{nume='Tudor', prenume='Alexandru', varsta=31}, proba=Proba{nume='Pedalat 200 de m', arbitru=0, categorie=ciclism}, numar_puncte=150}, Rezultat{participant=Participant{nume='Barbu', prenume='Irina', varsta=27}, proba=Proba{nume='Pedalat 600 de m', arbitru=0, categorie=ciclism}, numar_puncte=180}, Rezultat{participant=Participant{nume='Filip', prenume='Bianca', varsta=31}, proba=Proba{nume='Pedalat 1000 de m', arbitru=0, categorie=ciclism}, numar_puncte=140}, Rezultat{participant=Participant{nume='Dobre', prenume='Adriana', varsta=34}, proba=Proba{nume='Inot 50 de m', arbitru=0, categorie=inot}, numar_puncte=165}, Rezultat{participant=Participant{nume='Toma', prenume='Gabriela', varsta=31}, proba=Proba{nume='Inot 150 de m', arbitru=0, categorie=inot}, numar_puncte=132}, Rezultat{participant=Participant{nume='Petrescu', prenume='Gabriel', varsta=26}, proba=Proba{nume='Inot 250 de m', arbitru=0, categorie=inot}, numar_puncte=188}, Rezultat{participant=Participant{nume='Lupu', prenume='George', varsta=33}, proba=Proba{nume='Cursa 100 de m', arbitru=0, categorie=alergat}, numar_puncte=199}, Rezultat{participant=Participant{nume='Enache', prenume='Laura', varsta=29}, proba=Proba{nume='Cursa 300 de m', arbitru=0, categorie=alergat}, numar_puncte=175}, Rezultat{participant=Participant{nume='Dumitrescu', prenume='Elena', varsta=28}, proba=Proba{nume='Cursa 500 de m', arbitru=0, categorie=alergat}, numar_puncte=143}, Rezultat{participant=Participant{nume='Pavel', prenume='Monica', varsta=30}, proba=Proba{nume='Pedalat 400 de m', arbitru=0, categorie=ciclism}, numar_puncte=111}, Rezultat{participant=Participant{nume='Nedelcu', prenume='Alexandra', varsta=28}, proba=Proba{nume='Pedalat 800 de m', arbitru=0, categorie=ciclism}, numar_puncte=169}, Rezultat{participant=Participant{nume='Gheorghe', prenume='Vlad', varsta=28}, proba=Proba{nume='Pedalat 1200 de m', arbitru=0, categorie=ciclism}, numar_puncte=200}, Rezultat{participant=Participant{nume='Dragomir', prenume='Adrian', varsta=26}, proba=Proba{nume='Inot 100 de m', arbitru=0, categorie=inot}, numar_puncte=130}, Rezultat{participant=Participant{nume='Lazar', prenume='Roxana', varsta=25}, proba=Proba{nume='Inot 200 de m', arbitru=0, categorie=inot}, numar_puncte=185}, Rezultat{participant=Participant{nume='Jianu', prenume='Oana', varsta=34}, proba=Proba{nume='Inot 300 de m', arbitru=0, categorie=inot}, numar_puncte=142}, Rezultat{participant=Participant{nume='Hagi', prenume='Diana', varsta=32}, proba=Proba{nume='Cursa 200 de m', arbitru=0, categorie=alergat}, numar_puncte=193}, Rezultat{participant=Participant{nume='Ursu', prenume='Mihail', varsta=24}, proba=Proba{nume='Cursa 400 de m', arbitru=0, categorie=alergat}, numar_puncte=155}, Rezultat{participant=Participant{nume='Vlad', prenume='Anca', varsta=32}, proba=Proba{nume='Cursa 600 de m', arbitru=0, categorie=alergat}, numar_puncte=128}, Rezultat{participant=Participant{nume='Zamfir', prenume='Lucian', varsta=23}, proba=Proba{nume='Pedalat 200 de m', arbitru=0, categorie=ciclism}, numar_puncte=177}, Rezultat{participant=Participant{nume='Sandu', prenume='Victor', varsta=26}, proba=Proba{nume='Pedalat 600 de m', arbitru=0, categorie=ciclism}, numar_puncte=115}, Rezultat{participant=Participant{nume='Voicu', prenume='Raluca', varsta=34}, proba=Proba{nume='Pedalat 1000 de m', arbitru=0, categorie=ciclism}, numar_puncte=190}, Rezultat{participant=Participant{nume='Popescu', prenume='Ion', varsta=25}, proba=Proba{nume='Inot 50 de m', arbitru=0, categorie=inot}, numar_puncte=148}, Rezultat{participant=Participant{nume='Radu', prenume='Cristian', varsta=24}, proba=Proba{nume='Inot 150 de m', arbitru=0, categorie=inot}, numar_puncte=136}, Rezultat{participant=Participant{nume='Popa', prenume='Mihai', varsta=35}, proba=Proba{nume='Inot 250 de m', arbitru=0, categorie=inot}, numar_puncte=184}, Rezultat{participant=Participant{nume='Vasilescu', prenume='Florin', varsta=23}, proba=Proba{nume='Cursa 100 de m', arbitru=0, categorie=alergat}, numar_puncte=198}, Rezultat{participant=Participant{nume='Iliescu', prenume='Daniela', varsta=32}, proba=Proba{nume='Cursa 300 de m', arbitru=0, categorie=alergat}, numar_puncte=125}, Rezultat{participant=Participant{nume='Oprea', prenume='Bogdan', varsta=27}, proba=Proba{nume='Cursa 500 de m', arbitru=0, categorie=alergat}, numar_puncte=110}, Rezultat{participant=Participant{nume='Filip', prenume='Bianca', varsta=31}, proba=Proba{nume='Pedalat 400 de m', arbitru=0, categorie=ciclism}, numar_puncte=167}, Rezultat{participant=Participant{nume='Tudor', prenume='Alexandru', varsta=31}, proba=Proba{nume='Pedalat 800 de m', arbitru=0, categorie=ciclism}, numar_puncte=138}, Rezultat{participant=Participant{nume='Munteanu', prenume='Sorin', varsta=21}, proba=Proba{nume='Pedalat 1200 de m', arbitru=0, categorie=ciclism}, numar_puncte=157}, Rezultat{participant=Participant{nume='Rusu', prenume='Andreea', varsta=29}, proba=Proba{nume='Inot 100 de m', arbitru=0, categorie=inot}, numar_puncte=192}, Rezultat{participant=Participant{nume='nume', prenume='prenume', varsta=20}, proba=Proba{nume='nume', arbitru=0, categorie=ciclism}, numar_puncte=100}, Rezultat{participant=Participant{nume='nume', prenume='prenume', varsta=20}, proba=Proba{nume='nume', arbitru=0, categorie=ciclism}, numar_puncte=100}, Rezultat{participant=Participant{nume='nume', prenume='prenume', varsta=20}, proba=Proba{nume='nume', arbitru=0, categorie=ciclism}, numar_puncte=100}])
17 Mar 2025 04:07:08,755 INFO  ro.mpp2024.repository.ArbitruRepository 25 <init> - Initializing IArbitruRepository with properties: {} 
17 Mar 2025 04:07:08,759 INFO  ro.mpp2024.repository.ProbaRepository 25 <init> - Initializing ProbaRepository with properties: {} 
17 Mar 2025 04:07:08,761 INFO  ro.mpp2024.repository.ParticipantRepository 25 <init> - Initializing ParticipantRepository with properties: {} 
17 Mar 2025 04:07:08,762 INFO  ro.mpp2024.repository.RezultatRepository 26 <init> - Initializing RezultatRepository with properties: {} 
17 Mar 2025 04:07:08,763 TRACE ro.mpp2024.repository.RezultatRepository 75 findAll - Enter
17 Mar 2025 04:07:08,763 TRACE ro.mpp2024.utils.JdbcUtils 48 getConnection - Enter
17 Mar 2025 04:07:08,764 TRACE ro.mpp2024.utils.JdbcUtils 25 getNewConnection - Enter
17 Mar 2025 04:07:08,764 INFO  ro.mpp2024.utils.JdbcUtils 30 getNewConnection - trying to connect to database ... jdbc:sqlite:src/main/resources/triatlon.db
17 Mar 2025 04:07:08,764 INFO  ro.mpp2024.utils.JdbcUtils 31 getNewConnection - user: null
17 Mar 2025 04:07:08,765 INFO  ro.mpp2024.utils.JdbcUtils 32 getNewConnection - pass: null
17 Mar 2025 04:07:08,864 TRACE ro.mpp2024.utils.JdbcUtils 57 getConnection - Exit with(org.sqlite.jdbc4.JDBC4Connection@55b53d44)
17 Mar 2025 04:07:08,867 TRACE ro.mpp2024.repository.RezultatRepository 32 createEntityFromResultSet - Enter createEntityFromResultSet
17 Mar 2025 04:07:08,867 TRACE ro.mpp2024.utils.JdbcUtils 48 getConnection - Enter
17 Mar 2025 04:07:08,867 TRACE ro.mpp2024.utils.JdbcUtils 57 getConnection - Exit with(org.sqlite.jdbc4.JDBC4Connection@55b53d44)
17 Mar 2025 04:07:08,873 TRACE ro.mpp2024.repository.RezultatRepository 68 createEntityFromResultSet - Exit with(Rezultat{participant=Participant{nume='Popescu', prenume='Ion', varsta=25}, proba=Proba{nume='Pedalat 200 de m', arbitru=0, categorie=ciclism}, numar_puncte=10})
17 Mar 2025 04:07:08,874 TRACE ro.mpp2024.repository.RezultatRepository 32 createEntityFromResultSet - Enter createEntityFromResultSet
17 Mar 2025 04:07:08,874 TRACE ro.mpp2024.utils.JdbcUtils 48 getConnection - Enter
17 Mar 2025 04:07:08,874 TRACE ro.mpp2024.utils.JdbcUtils 57 getConnection - Exit with(org.sqlite.jdbc4.JDBC4Connection@55b53d44)
17 Mar 2025 04:07:08,875 TRACE ro.mpp2024.repository.RezultatRepository 68 createEntityFromResultSet - Exit with(Rezultat{participant=Participant{nume='Stan', prenume='Ioana', varsta=27}, proba=Proba{nume='Pedalat 200 de m', arbitru=0, categorie=ciclism}, numar_puncte=152})
17 Mar 2025 04:07:08,875 TRACE ro.mpp2024.repository.RezultatRepository 32 createEntityFromResultSet - Enter createEntityFromResultSet
17 Mar 2025 04:07:08,875 TRACE ro.mpp2024.utils.JdbcUtils 48 getConnection - Enter
17 Mar 2025 04:07:08,875 TRACE ro.mpp2024.utils.JdbcUtils 57 getConnection - Exit with(org.sqlite.jdbc4.JDBC4Connection@55b53d44)
17 Mar 2025 04:07:08,875 TRACE ro.mpp2024.repository.RezultatRepository 68 createEntityFromResultSet - Exit with(Rezultat{participant=Participant{nume='Popa', prenume='Mihai', varsta=35}, proba=Proba{nume='Pedalat 400 de m', arbitru=0, categorie=ciclism}, numar_puncte=98})
17 Mar 2025 04:07:08,875 TRACE ro.mpp2024.repository.RezultatRepository 32 createEntityFromResultSet - Enter createEntityFromResultSet
17 Mar 2025 04:07:08,876 TRACE ro.mpp2024.utils.JdbcUtils 48 getConnection - Enter
17 Mar 2025 04:07:08,876 TRACE ro.mpp2024.utils.JdbcUtils 57 getConnection - Exit with(org.sqlite.jdbc4.JDBC4Connection@55b53d44)
17 Mar 2025 04:07:08,876 TRACE ro.mpp2024.repository.RezultatRepository 68 createEntityFromResultSet - Exit with(Rezultat{participant=Participant{nume='Vasilescu', prenume='Florin', varsta=23}, proba=Proba{nume='Pedalat 600 de m', arbitru=0, categorie=ciclism}, numar_puncte=174})
17 Mar 2025 04:07:08,876 TRACE ro.mpp2024.repository.RezultatRepository 32 createEntityFromResultSet - Enter createEntityFromResultSet
17 Mar 2025 04:07:08,876 TRACE ro.mpp2024.utils.JdbcUtils 48 getConnection - Enter
17 Mar 2025 04:07:08,876 TRACE ro.mpp2024.utils.JdbcUtils 57 getConnection - Exit with(org.sqlite.jdbc4.JDBC4Connection@55b53d44)
17 Mar 2025 04:07:08,877 TRACE ro.mpp2024.repository.RezultatRepository 68 createEntityFromResultSet - Exit with(Rezultat{participant=Participant{nume='Radu', prenume='Cristian', varsta=24}, proba=Proba{nume='Pedalat 800 de m', arbitru=0, categorie=ciclism}, numar_puncte=120})
17 Mar 2025 04:07:08,877 TRACE ro.mpp2024.repository.RezultatRepository 32 createEntityFromResultSet - Enter createEntityFromResultSet
17 Mar 2025 04:07:08,877 TRACE ro.mpp2024.utils.JdbcUtils 48 getConnection - Enter
17 Mar 2025 04:07:08,877 TRACE ro.mpp2024.utils.JdbcUtils 57 getConnection - Exit with(org.sqlite.jdbc4.JDBC4Connection@55b53d44)
17 Mar 2025 04:07:08,877 TRACE ro.mpp2024.repository.RezultatRepository 68 createEntityFromResultSet - Exit with(Rezultat{participant=Participant{nume='Grigore', prenume='Stefan', varsta=24}, proba=Proba{nume='Pedalat 1000 de m', arbitru=0, categorie=ciclism}, numar_puncte=145})
17 Mar 2025 04:07:08,877 TRACE ro.mpp2024.repository.RezultatRepository 32 createEntityFromResultSet - Enter createEntityFromResultSet
17 Mar 2025 04:07:08,878 TRACE ro.mpp2024.utils.JdbcUtils 48 getConnection - Enter
17 Mar 2025 04:07:08,878 TRACE ro.mpp2024.utils.JdbcUtils 57 getConnection - Exit with(org.sqlite.jdbc4.JDBC4Connection@55b53d44)
17 Mar 2025 04:07:08,878 TRACE ro.mpp2024.repository.RezultatRepository 68 createEntityFromResultSet - Exit with(Rezultat{participant=Participant{nume='Nistor', prenume='Carmen', varsta=33}, proba=Proba{nume='Pedalat 1200 de m', arbitru=0, categorie=ciclism}, numar_puncte=189})
17 Mar 2025 04:07:08,878 TRACE ro.mpp2024.repository.RezultatRepository 32 createEntityFromResultSet - Enter createEntityFromResultSet
17 Mar 2025 04:07:08,879 TRACE ro.mpp2024.utils.JdbcUtils 48 getConnection - Enter
17 Mar 2025 04:07:08,879 TRACE ro.mpp2024.utils.JdbcUtils 57 getConnection - Exit with(org.sqlite.jdbc4.JDBC4Connection@55b53d44)
17 Mar 2025 04:07:08,879 TRACE ro.mpp2024.repository.RezultatRepository 68 createEntityFromResultSet - Exit with(Rezultat{participant=Participant{nume='Marin', prenume='Ana', varsta=29}, proba=Proba{nume='Inot 50 de m', arbitru=0, categorie=inot}, numar_puncte=134})
17 Mar 2025 04:07:08,879 TRACE ro.mpp2024.repository.RezultatRepository 32 createEntityFromResultSet - Enter createEntityFromResultSet
17 Mar 2025 04:07:08,879 TRACE ro.mpp2024.utils.JdbcUtils 48 getConnection - Enter
17 Mar 2025 04:07:08,880 TRACE ro.mpp2024.utils.JdbcUtils 57 getConnection - Exit with(org.sqlite.jdbc4.JDBC4Connection@55b53d44)
17 Mar 2025 04:07:08,880 TRACE ro.mpp2024.repository.RezultatRepository 68 createEntityFromResultSet - Exit with(Rezultat{participant=Participant{nume='Constantin', prenume='Marius', varsta=30}, proba=Proba{nume='Inot 100 de m', arbitru=0, categorie=inot}, numar_puncte=178})
17 Mar 2025 04:07:08,880 TRACE ro.mpp2024.repository.RezultatRepository 32 createEntityFromResultSet - Enter createEntityFromResultSet
17 Mar 2025 04:07:08,880 TRACE ro.mpp2024.utils.JdbcUtils 48 getConnection - Enter
17 Mar 2025 04:07:08,880 TRACE ro.mpp2024.utils.JdbcUtils 57 getConnection - Exit with(org.sqlite.jdbc4.JDBC4Connection@55b53d44)
17 Mar 2025 04:07:08,880 TRACE ro.mpp2024.repository.RezultatRepository 68 createEntityFromResultSet - Exit with(Rezultat{participant=Participant{nume='Ionescu', prenume='Maria', varsta=30}, proba=Proba{nume='Inot 150 de m', arbitru=0, categorie=inot}, numar_puncte=156})
17 Mar 2025 04:07:08,881 TRACE ro.mpp2024.repository.RezultatRepository 32 createEntityFromResultSet - Enter createEntityFromResultSet
17 Mar 2025 04:07:08,881 TRACE ro.mpp2024.utils.JdbcUtils 48 getConnection - Enter
17 Mar 2025 04:07:08,881 TRACE ro.mpp2024.utils.JdbcUtils 57 getConnection - Exit with(org.sqlite.jdbc4.JDBC4Connection@55b53d44)
17 Mar 2025 04:07:08,881 TRACE ro.mpp2024.repository.RezultatRepository 68 createEntityFromResultSet - Exit with(Rezultat{participant=Participant{nume='Rusu', prenume='Andreea', varsta=29}, proba=Proba{nume='Inot 200 de m', arbitru=0, categorie=inot}, numar_puncte=121})
17 Mar 2025 04:07:08,881 TRACE ro.mpp2024.repository.RezultatRepository 32 createEntityFromResultSet - Enter createEntityFromResultSet
17 Mar 2025 04:07:08,881 TRACE ro.mpp2024.utils.JdbcUtils 48 getConnection - Enter
17 Mar 2025 04:07:08,881 TRACE ro.mpp2024.utils.JdbcUtils 57 getConnection - Exit with(org.sqlite.jdbc4.JDBC4Connection@55b53d44)
17 Mar 2025 04:07:08,882 TRACE ro.mpp2024.repository.RezultatRepository 68 createEntityFromResultSet - Exit with(Rezultat{participant=Participant{nume='Kovacs', prenume='Cristina', varsta=21}, proba=Proba{nume='Inot 250 de m', arbitru=0, categorie=inot}, numar_puncte=199})
17 Mar 2025 04:07:08,882 TRACE ro.mpp2024.repository.RezultatRepository 32 createEntityFromResultSet - Enter createEntityFromResultSet
17 Mar 2025 04:07:08,882 TRACE ro.mpp2024.utils.JdbcUtils 48 getConnection - Enter
17 Mar 2025 04:07:08,882 TRACE ro.mpp2024.utils.JdbcUtils 57 getConnection - Exit with(org.sqlite.jdbc4.JDBC4Connection@55b53d44)
17 Mar 2025 04:07:08,882 TRACE ro.mpp2024.repository.RezultatRepository 68 createEntityFromResultSet - Exit with(Rezultat{participant=Participant{nume='Munteanu', prenume='Sorin', varsta=21}, proba=Proba{nume='Inot 300 de m', arbitru=0, categorie=inot}, numar_puncte=144})
17 Mar 2025 04:07:08,882 TRACE ro.mpp2024.repository.RezultatRepository 32 createEntityFromResultSet - Enter createEntityFromResultSet
17 Mar 2025 04:07:08,883 TRACE ro.mpp2024.utils.JdbcUtils 48 getConnection - Enter
17 Mar 2025 04:07:08,883 TRACE ro.mpp2024.utils.JdbcUtils 57 getConnection - Exit with(org.sqlite.jdbc4.JDBC4Connection@55b53d44)
17 Mar 2025 04:07:08,883 TRACE ro.mpp2024.repository.RezultatRepository 68 createEntityFromResultSet - Exit with(Rezultat{participant=Participant{nume='Iliescu', prenume='Daniela', varsta=32}, proba=Proba{nume='Cursa 100 de m', arbitru=0, categorie=alergat}, numar_puncte=185})
17 Mar 2025 04:07:08,883 TRACE ro.mpp2024.repository.RezultatRepository 32 createEntityFromResultSet - Enter createEntityFromResultSet
17 Mar 2025 04:07:08,883 TRACE ro.mpp2024.utils.JdbcUtils 48 getConnection - Enter
17 Mar 2025 04:07:08,883 TRACE ro.mpp2024.utils.JdbcUtils 57 getConnection - Exit with(org.sqlite.jdbc4.JDBC4Connection@55b53d44)
17 Mar 2025 04:07:08,884 TRACE ro.mpp2024.repository.RezultatRepository 68 createEntityFromResultSet - Exit with(Rezultat{participant=Participant{nume='Georgescu', prenume='Andrei', varsta=22}, proba=Proba{nume='Cursa 200 de m', arbitru=0, categorie=alergat}, numar_puncte=102})
17 Mar 2025 04:07:08,884 TRACE ro.mpp2024.repository.RezultatRepository 32 createEntityFromResultSet - Enter createEntityFromResultSet
17 Mar 2025 04:07:08,884 TRACE ro.mpp2024.utils.JdbcUtils 48 getConnection - Enter
17 Mar 2025 04:07:08,884 TRACE ro.mpp2024.utils.JdbcUtils 57 getConnection - Exit with(org.sqlite.jdbc4.JDBC4Connection@55b53d44)
17 Mar 2025 04:07:08,884 TRACE ro.mpp2024.repository.RezultatRepository 68 createEntityFromResultSet - Exit with(Rezultat{participant=Participant{nume='Oprea', prenume='Bogdan', varsta=27}, proba=Proba{nume='Cursa 300 de m', arbitru=0, categorie=alergat}, numar_puncte=172})
17 Mar 2025 04:07:08,884 TRACE ro.mpp2024.repository.RezultatRepository 32 createEntityFromResultSet - Enter createEntityFromResultSet
17 Mar 2025 04:07:08,885 TRACE ro.mpp2024.utils.JdbcUtils 48 getConnection - Enter
17 Mar 2025 04:07:08,885 TRACE ro.mpp2024.utils.JdbcUtils 57 getConnection - Exit with(org.sqlite.jdbc4.JDBC4Connection@55b53d44)
17 Mar 2025 04:07:08,885 TRACE ro.mpp2024.repository.RezultatRepository 68 createEntityFromResultSet - Exit with(Rezultat{participant=Participant{nume='Stan', prenume='Ioana', varsta=27}, proba=Proba{nume='Cursa 400 de m', arbitru=0, categorie=alergat}, numar_puncte=137})
17 Mar 2025 04:07:08,885 TRACE ro.mpp2024.repository.RezultatRepository 32 createEntityFromResultSet - Enter createEntityFromResultSet
17 Mar 2025 04:07:08,885 TRACE ro.mpp2024.utils.JdbcUtils 48 getConnection - Enter
17 Mar 2025 04:07:08,885 TRACE ro.mpp2024.utils.JdbcUtils 57 getConnection - Exit with(org.sqlite.jdbc4.JDBC4Connection@55b53d44)
17 Mar 2025 04:07:08,886 TRACE ro.mpp2024.repository.RezultatRepository 68 createEntityFromResultSet - Exit with(Rezultat{participant=Participant{nume='Iacob', prenume='Radu', varsta=23}, proba=Proba{nume='Cursa 500 de m', arbitru=0, categorie=alergat}, numar_puncte=195})
17 Mar 2025 04:07:08,886 TRACE ro.mpp2024.repository.RezultatRepository 32 createEntityFromResultSet - Enter createEntityFromResultSet
17 Mar 2025 04:07:08,886 TRACE ro.mpp2024.utils.JdbcUtils 48 getConnection - Enter
17 Mar 2025 04:07:08,886 TRACE ro.mpp2024.utils.JdbcUtils 57 getConnection - Exit with(org.sqlite.jdbc4.JDBC4Connection@55b53d44)
17 Mar 2025 04:07:08,886 TRACE ro.mpp2024.repository.RezultatRepository 68 createEntityFromResultSet - Exit with(Rezultat{participant=Participant{nume='Manole', prenume='Simona', varsta=25}, proba=Proba{nume='Cursa 600 de m', arbitru=0, categorie=alergat}, numar_puncte=117})
17 Mar 2025 04:07:08,886 TRACE ro.mpp2024.repository.RezultatRepository 32 createEntityFromResultSet - Enter createEntityFromResultSet
17 Mar 2025 04:07:08,887 TRACE ro.mpp2024.utils.JdbcUtils 48 getConnection - Enter
17 Mar 2025 04:07:08,887 TRACE ro.mpp2024.utils.JdbcUtils 57 getConnection - Exit with(org.sqlite.jdbc4.JDBC4Connection@55b53d44)
17 Mar 2025 04:07:08,887 TRACE ro.mpp2024.repository.RezultatRepository 68 createEntityFromResultSet - Exit with(Rezultat{participant=Participant{nume='Tudor', prenume='Alexandru', varsta=31}, proba=Proba{nume='Pedalat 200 de m', arbitru=0, categorie=ciclism}, numar_puncte=150})
17 Mar 2025 04:07:08,887 TRACE ro.mpp2024.repository.RezultatRepository 32 createEntityFromResultSet - Enter createEntityFromResultSet
17 Mar 2025 04:07:08,887 TRACE ro.mpp2024.utils.JdbcUtils 48 getConnection - Enter
17 Mar 2025 04:07:08,887 TRACE ro.mpp2024.utils.JdbcUtils 57 getConnection - Exit with(org.sqlite.jdbc4.JDBC4Connection@55b53d44)
17 Mar 2025 04:07:08,887 TRACE ro.mpp2024.repository.RezultatRepository 68 createEntityFromResultSet - Exit with(Rezultat{participant=Participant{nume='Barbu', prenume='Irina', varsta=27}, proba=Proba{nume='Pedalat 600 de m', arbitru=0, categorie=ciclism}, numar_puncte=180})
17 Mar 2025 04:07:08,888 TRACE ro.mpp2024.repository.RezultatRepository 32 createEntityFromResultSet - Enter createEntityFromResultSet
17 Mar 2025 04:07:08,888 TRACE ro.mpp2024.utils.JdbcUtils 48 getConnection - Enter
17 Mar 2025 04:07:08,888 TRACE ro.mpp2024.utils.JdbcUtils 57 getConnection - Exit with(org.sqlite.jdbc4.JDBC4Connection@55b53d44)
17 Mar 2025 04:07:08,888 TRACE ro.mpp2024.repository.RezultatRepository 68 createEntityFromResultSet - Exit with(Rezultat{participant=Participant{nume='Filip', prenume='Bianca', varsta=31}, proba=Proba{nume='Pedalat 1000 de m', arbitru=0, categorie=ciclism}, numar_puncte=140})
17 Mar 2025 04:07:08,888 TRACE ro.mpp2024.repository.RezultatRepository 32 createEntityFromResultSet - Enter createEntityFromResultSet
17 Mar 2025 04:07:08,888 TRACE ro.mpp2024.utils.JdbcUtils 48 getConnection - Enter
17 Mar 2025 04:07:08,888 TRACE ro.mpp2024.utils.JdbcUtils 57 getConnection - Exit with(org.sqlite.jdbc4.JDBC4Connection@55b53d44)
17 Mar 2025 04:07:08,889 TRACE ro.mpp2024.repository.RezultatRepository 68 createEntityFromResultSet - Exit with(Rezultat{participant=Participant{nume='Dobre', prenume='Adriana', varsta=34}, proba=Proba{nume='Inot 50 de m', arbitru=0, categorie=inot}, numar_puncte=165})
17 Mar 2025 04:07:08,889 TRACE ro.mpp2024.repository.RezultatRepository 32 createEntityFromResultSet - Enter createEntityFromResultSet
17 Mar 2025 04:07:08,889 TRACE ro.mpp2024.utils.JdbcUtils 48 getConnection - Enter
17 Mar 2025 04:07:08,889 TRACE ro.mpp2024.utils.JdbcUtils 57 getConnection - Exit with(org.sqlite.jdbc4.JDBC4Connection@55b53d44)
17 Mar 2025 04:07:08,889 TRACE ro.mpp2024.repository.RezultatRepository 68 createEntityFromResultSet - Exit with(Rezultat{participant=Participant{nume='Toma', prenume='Gabriela', varsta=31}, proba=Proba{nume='Inot 150 de m', arbitru=0, categorie=inot}, numar_puncte=132})
17 Mar 2025 04:07:08,889 TRACE ro.mpp2024.repository.RezultatRepository 32 createEntityFromResultSet - Enter createEntityFromResultSet
17 Mar 2025 04:07:08,889 TRACE ro.mpp2024.utils.JdbcUtils 48 getConnection - Enter
17 Mar 2025 04:07:08,889 TRACE ro.mpp2024.utils.JdbcUtils 57 getConnection - Exit with(org.sqlite.jdbc4.JDBC4Connection@55b53d44)
17 Mar 2025 04:07:08,890 TRACE ro.mpp2024.repository.RezultatRepository 68 createEntityFromResultSet - Exit with(Rezultat{participant=Participant{nume='Petrescu', prenume='Gabriel', varsta=26}, proba=Proba{nume='Inot 250 de m', arbitru=0, categorie=inot}, numar_puncte=188})
17 Mar 2025 04:07:08,890 TRACE ro.mpp2024.repository.RezultatRepository 32 createEntityFromResultSet - Enter createEntityFromResultSet
17 Mar 2025 04:07:08,890 TRACE ro.mpp2024.utils.JdbcUtils 48 getConnection - Enter
17 Mar 2025 04:07:08,890 TRACE ro.mpp2024.utils.JdbcUtils 57 getConnection - Exit with(org.sqlite.jdbc4.JDBC4Connection@55b53d44)
17 Mar 2025 04:07:08,890 TRACE ro.mpp2024.repository.RezultatRepository 68 createEntityFromResultSet - Exit with(Rezultat{participant=Participant{nume='Lupu', prenume='George', varsta=33}, proba=Proba{nume='Cursa 100 de m', arbitru=0, categorie=alergat}, numar_puncte=199})
17 Mar 2025 04:07:08,890 TRACE ro.mpp2024.repository.RezultatRepository 32 createEntityFromResultSet - Enter createEntityFromResultSet
17 Mar 2025 04:07:08,890 TRACE ro.mpp2024.utils.JdbcUtils 48 getConnection - Enter
17 Mar 2025 04:07:08,890 TRACE ro.mpp2024.utils.JdbcUtils 57 getConnection - Exit with(org.sqlite.jdbc4.JDBC4Connection@55b53d44)
17 Mar 2025 04:07:08,891 TRACE ro.mpp2024.repository.RezultatRepository 68 createEntityFromResultSet - Exit with(Rezultat{participant=Participant{nume='Enache', prenume='Laura', varsta=29}, proba=Proba{nume='Cursa 300 de m', arbitru=0, categorie=alergat}, numar_puncte=175})
17 Mar 2025 04:07:08,891 TRACE ro.mpp2024.repository.RezultatRepository 32 createEntityFromResultSet - Enter createEntityFromResultSet
17 Mar 2025 04:07:08,891 TRACE ro.mpp2024.utils.JdbcUtils 48 getConnection - Enter
17 Mar 2025 04:07:08,891 TRACE ro.mpp2024.utils.JdbcUtils 57 getConnection - Exit with(org.sqlite.jdbc4.JDBC4Connection@55b53d44)
17 Mar 2025 04:07:08,891 TRACE ro.mpp2024.repository.RezultatRepository 68 createEntityFromResultSet - Exit with(Rezultat{participant=Participant{nume='Dumitrescu', prenume='Elena', varsta=28}, proba=Proba{nume='Cursa 500 de m', arbitru=0, categorie=alergat}, numar_puncte=143})
17 Mar 2025 04:07:08,891 TRACE ro.mpp2024.repository.RezultatRepository 32 createEntityFromResultSet - Enter createEntityFromResultSet
17 Mar 2025 04:07:08,891 TRACE ro.mpp2024.utils.JdbcUtils 48 getConnection - Enter
17 Mar 2025 04:07:08,891 TRACE ro.mpp2024.utils.JdbcUtils 57 getConnection - Exit with(org.sqlite.jdbc4.JDBC4Connection@55b53d44)
17 Mar 2025 04:07:08,892 TRACE ro.mpp2024.repository.RezultatRepository 68 createEntityFromResultSet - Exit with(Rezultat{participant=Participant{nume='Pavel', prenume='Monica', varsta=30}, proba=Proba{nume='Pedalat 400 de m', arbitru=0, categorie=ciclism}, numar_puncte=111})
17 Mar 2025 04:07:08,892 TRACE ro.mpp2024.repository.RezultatRepository 32 createEntityFromResultSet - Enter createEntityFromResultSet
17 Mar 2025 04:07:08,892 TRACE ro.mpp2024.utils.JdbcUtils 48 getConnection - Enter
17 Mar 2025 04:07:08,892 TRACE ro.mpp2024.utils.JdbcUtils 57 getConnection - Exit with(org.sqlite.jdbc4.JDBC4Connection@55b53d44)
17 Mar 2025 04:07:08,892 TRACE ro.mpp2024.repository.RezultatRepository 68 createEntityFromResultSet - Exit with(Rezultat{participant=Participant{nume='Nedelcu', prenume='Alexandra', varsta=28}, proba=Proba{nume='Pedalat 800 de m', arbitru=0, categorie=ciclism}, numar_puncte=169})
17 Mar 2025 04:07:08,892 TRACE ro.mpp2024.repository.RezultatRepository 32 createEntityFromResultSet - Enter createEntityFromResultSet
17 Mar 2025 04:07:08,892 TRACE ro.mpp2024.utils.JdbcUtils 48 getConnection - Enter
17 Mar 2025 04:07:08,893 TRACE ro.mpp2024.utils.JdbcUtils 57 getConnection - Exit with(org.sqlite.jdbc4.JDBC4Connection@55b53d44)
17 Mar 2025 04:07:08,893 TRACE ro.mpp2024.repository.RezultatRepository 68 createEntityFromResultSet - Exit with(Rezultat{participant=Participant{nume='Gheorghe', prenume='Vlad', varsta=28}, proba=Proba{nume='Pedalat 1200 de m', arbitru=0, categorie=ciclism}, numar_puncte=200})
17 Mar 2025 04:07:08,893 TRACE ro.mpp2024.repository.RezultatRepository 32 createEntityFromResultSet - Enter createEntityFromResultSet
17 Mar 2025 04:07:08,893 TRACE ro.mpp2024.utils.JdbcUtils 48 getConnection - Enter
17 Mar 2025 04:07:08,893 TRACE ro.mpp2024.utils.JdbcUtils 57 getConnection - Exit with(org.sqlite.jdbc4.JDBC4Connection@55b53d44)
17 Mar 2025 04:07:08,893 TRACE ro.mpp2024.repository.RezultatRepository 68 createEntityFromResultSet - Exit with(Rezultat{participant=Participant{nume='Dragomir', prenume='Adrian', varsta=26}, proba=Proba{nume='Inot 100 de m', arbitru=0, categorie=inot}, numar_puncte=130})
17 Mar 2025 04:07:08,893 TRACE ro.mpp2024.repository.RezultatRepository 32 createEntityFromResultSet - Enter createEntityFromResultSet
17 Mar 2025 04:07:08,893 TRACE ro.mpp2024.utils.JdbcUtils 48 getConnection - Enter
17 Mar 2025 04:07:08,893 TRACE ro.mpp2024.utils.JdbcUtils 57 getConnection - Exit with(org.sqlite.jdbc4.JDBC4Connection@55b53d44)
17 Mar 2025 04:07:08,894 TRACE ro.mpp2024.repository.RezultatRepository 68 createEntityFromResultSet - Exit with(Rezultat{participant=Participant{nume='Lazar', prenume='Roxana', varsta=25}, proba=Proba{nume='Inot 200 de m', arbitru=0, categorie=inot}, numar_puncte=185})
17 Mar 2025 04:07:08,894 TRACE ro.mpp2024.repository.RezultatRepository 32 createEntityFromResultSet - Enter createEntityFromResultSet
17 Mar 2025 04:07:08,894 TRACE ro.mpp2024.utils.JdbcUtils 48 getConnection - Enter
17 Mar 2025 04:07:08,894 TRACE ro.mpp2024.utils.JdbcUtils 57 getConnection - Exit with(org.sqlite.jdbc4.JDBC4Connection@55b53d44)
17 Mar 2025 04:07:08,895 TRACE ro.mpp2024.repository.RezultatRepository 68 createEntityFromResultSet - Exit with(Rezultat{participant=Participant{nume='Jianu', prenume='Oana', varsta=34}, proba=Proba{nume='Inot 300 de m', arbitru=0, categorie=inot}, numar_puncte=142})
17 Mar 2025 04:07:08,895 TRACE ro.mpp2024.repository.RezultatRepository 32 createEntityFromResultSet - Enter createEntityFromResultSet
17 Mar 2025 04:07:08,895 TRACE ro.mpp2024.utils.JdbcUtils 48 getConnection - Enter
17 Mar 2025 04:07:08,895 TRACE ro.mpp2024.utils.JdbcUtils 57 getConnection - Exit with(org.sqlite.jdbc4.JDBC4Connection@55b53d44)
17 Mar 2025 04:07:08,895 TRACE ro.mpp2024.repository.RezultatRepository 68 createEntityFromResultSet - Exit with(Rezultat{participant=Participant{nume='Hagi', prenume='Diana', varsta=32}, proba=Proba{nume='Cursa 200 de m', arbitru=0, categorie=alergat}, numar_puncte=193})
17 Mar 2025 04:07:08,895 TRACE ro.mpp2024.repository.RezultatRepository 32 createEntityFromResultSet - Enter createEntityFromResultSet
17 Mar 2025 04:07:08,896 TRACE ro.mpp2024.utils.JdbcUtils 48 getConnection - Enter
17 Mar 2025 04:07:08,896 TRACE ro.mpp2024.utils.JdbcUtils 57 getConnection - Exit with(org.sqlite.jdbc4.JDBC4Connection@55b53d44)
17 Mar 2025 04:07:08,896 TRACE ro.mpp2024.repository.RezultatRepository 68 createEntityFromResultSet - Exit with(Rezultat{participant=Participant{nume='Ursu', prenume='Mihail', varsta=24}, proba=Proba{nume='Cursa 400 de m', arbitru=0, categorie=alergat}, numar_puncte=155})
17 Mar 2025 04:07:08,896 TRACE ro.mpp2024.repository.RezultatRepository 32 createEntityFromResultSet - Enter createEntityFromResultSet
17 Mar 2025 04:07:08,896 TRACE ro.mpp2024.utils.JdbcUtils 48 getConnection - Enter
17 Mar 2025 04:07:08,896 TRACE ro.mpp2024.utils.JdbcUtils 57 getConnection - Exit with(org.sqlite.jdbc4.JDBC4Connection@55b53d44)
17 Mar 2025 04:07:08,897 TRACE ro.mpp2024.repository.RezultatRepository 68 createEntityFromResultSet - Exit with(Rezultat{participant=Participant{nume='Vlad', prenume='Anca', varsta=32}, proba=Proba{nume='Cursa 600 de m', arbitru=0, categorie=alergat}, numar_puncte=128})
17 Mar 2025 04:07:08,897 TRACE ro.mpp2024.repository.RezultatRepository 32 createEntityFromResultSet - Enter createEntityFromResultSet
17 Mar 2025 04:07:08,897 TRACE ro.mpp2024.utils.JdbcUtils 48 getConnection - Enter
17 Mar 2025 04:07:08,897 TRACE ro.mpp2024.utils.JdbcUtils 57 getConnection - Exit with(org.sqlite.jdbc4.JDBC4Connection@55b53d44)
17 Mar 2025 04:07:08,897 TRACE ro.mpp2024.repository.RezultatRepository 68 createEntityFromResultSet - Exit with(Rezultat{participant=Participant{nume='Zamfir', prenume='Lucian', varsta=23}, proba=Proba{nume='Pedalat 200 de m', arbitru=0, categorie=ciclism}, numar_puncte=177})
17 Mar 2025 04:07:08,897 TRACE ro.mpp2024.repository.RezultatRepository 32 createEntityFromResultSet - Enter createEntityFromResultSet
17 Mar 2025 04:07:08,897 TRACE ro.mpp2024.utils.JdbcUtils 48 getConnection - Enter
17 Mar 2025 04:07:08,898 TRACE ro.mpp2024.utils.JdbcUtils 57 getConnection - Exit with(org.sqlite.jdbc4.JDBC4Connection@55b53d44)
17 Mar 2025 04:07:08,898 TRACE ro.mpp2024.repository.RezultatRepository 68 createEntityFromResultSet - Exit with(Rezultat{participant=Participant{nume='Sandu', prenume='Victor', varsta=26}, proba=Proba{nume='Pedalat 600 de m', arbitru=0, categorie=ciclism}, numar_puncte=115})
17 Mar 2025 04:07:08,898 TRACE ro.mpp2024.repository.RezultatRepository 32 createEntityFromResultSet - Enter createEntityFromResultSet
17 Mar 2025 04:07:08,898 TRACE ro.mpp2024.utils.JdbcUtils 48 getConnection - Enter
17 Mar 2025 04:07:08,898 TRACE ro.mpp2024.utils.JdbcUtils 57 getConnection - Exit with(org.sqlite.jdbc4.JDBC4Connection@55b53d44)
17 Mar 2025 04:07:08,898 TRACE ro.mpp2024.repository.RezultatRepository 68 createEntityFromResultSet - Exit with(Rezultat{participant=Participant{nume='Voicu', prenume='Raluca', varsta=34}, proba=Proba{nume='Pedalat 1000 de m', arbitru=0, categorie=ciclism}, numar_puncte=190})
17 Mar 2025 04:07:08,898 TRACE ro.mpp2024.repository.RezultatRepository 32 createEntityFromResultSet - Enter createEntityFromResultSet
17 Mar 2025 04:07:08,899 TRACE ro.mpp2024.utils.JdbcUtils 48 getConnection - Enter
17 Mar 2025 04:07:08,899 TRACE ro.mpp2024.utils.JdbcUtils 57 getConnection - Exit with(org.sqlite.jdbc4.JDBC4Connection@55b53d44)
17 Mar 2025 04:07:08,899 TRACE ro.mpp2024.repository.RezultatRepository 68 createEntityFromResultSet - Exit with(Rezultat{participant=Participant{nume='Popescu', prenume='Ion', varsta=25}, proba=Proba{nume='Inot 50 de m', arbitru=0, categorie=inot}, numar_puncte=148})
17 Mar 2025 04:07:08,899 TRACE ro.mpp2024.repository.RezultatRepository 32 createEntityFromResultSet - Enter createEntityFromResultSet
17 Mar 2025 04:07:08,899 TRACE ro.mpp2024.utils.JdbcUtils 48 getConnection - Enter
17 Mar 2025 04:07:08,899 TRACE ro.mpp2024.utils.JdbcUtils 57 getConnection - Exit with(org.sqlite.jdbc4.JDBC4Connection@55b53d44)
17 Mar 2025 04:07:08,899 TRACE ro.mpp2024.repository.RezultatRepository 68 createEntityFromResultSet - Exit with(Rezultat{participant=Participant{nume='Radu', prenume='Cristian', varsta=24}, proba=Proba{nume='Inot 150 de m', arbitru=0, categorie=inot}, numar_puncte=136})
17 Mar 2025 04:07:08,899 TRACE ro.mpp2024.repository.RezultatRepository 32 createEntityFromResultSet - Enter createEntityFromResultSet
17 Mar 2025 04:07:08,900 TRACE ro.mpp2024.utils.JdbcUtils 48 getConnection - Enter
17 Mar 2025 04:07:08,900 TRACE ro.mpp2024.utils.JdbcUtils 57 getConnection - Exit with(org.sqlite.jdbc4.JDBC4Connection@55b53d44)
17 Mar 2025 04:07:08,900 TRACE ro.mpp2024.repository.RezultatRepository 68 createEntityFromResultSet - Exit with(Rezultat{participant=Participant{nume='Popa', prenume='Mihai', varsta=35}, proba=Proba{nume='Inot 250 de m', arbitru=0, categorie=inot}, numar_puncte=184})
17 Mar 2025 04:07:08,900 TRACE ro.mpp2024.repository.RezultatRepository 32 createEntityFromResultSet - Enter createEntityFromResultSet
17 Mar 2025 04:07:08,900 TRACE ro.mpp2024.utils.JdbcUtils 48 getConnection - Enter
17 Mar 2025 04:07:08,900 TRACE ro.mpp2024.utils.JdbcUtils 57 getConnection - Exit with(org.sqlite.jdbc4.JDBC4Connection@55b53d44)
17 Mar 2025 04:07:08,900 TRACE ro.mpp2024.repository.RezultatRepository 68 createEntityFromResultSet - Exit with(Rezultat{participant=Participant{nume='Vasilescu', prenume='Florin', varsta=23}, proba=Proba{nume='Cursa 100 de m', arbitru=0, categorie=alergat}, numar_puncte=198})
17 Mar 2025 04:07:08,901 TRACE ro.mpp2024.repository.RezultatRepository 32 createEntityFromResultSet - Enter createEntityFromResultSet
17 Mar 2025 04:07:08,901 TRACE ro.mpp2024.utils.JdbcUtils 48 getConnection - Enter
17 Mar 2025 04:07:08,901 TRACE ro.mpp2024.utils.JdbcUtils 57 getConnection - Exit with(org.sqlite.jdbc4.JDBC4Connection@55b53d44)
17 Mar 2025 04:07:08,901 TRACE ro.mpp2024.repository.RezultatRepository 68 createEntityFromResultSet - Exit with(Rezultat{participant=Participant{nume='Iliescu', prenume='Daniela', varsta=32}, proba=Proba{nume='Cursa 300 de m', arbitru=0, categorie=alergat}, numar_puncte=125})
17 Mar 2025 04:07:08,901 TRACE ro.mpp2024.repository.RezultatRepository 32 createEntityFromResultSet - Enter createEntityFromResultSet
17 Mar 2025 04:07:08,901 TRACE ro.mpp2024.utils.JdbcUtils 48 getConnection - Enter
17 Mar 2025 04:07:08,901 TRACE ro.mpp2024.utils.JdbcUtils 57 getConnection - Exit with(org.sqlite.jdbc4.JDBC4Connection@55b53d44)
17 Mar 2025 04:07:08,902 TRACE ro.mpp2024.repository.RezultatRepository 68 createEntityFromResultSet - Exit with(Rezultat{participant=Participant{nume='Oprea', prenume='Bogdan', varsta=27}, proba=Proba{nume='Cursa 500 de m', arbitru=0, categorie=alergat}, numar_puncte=110})
17 Mar 2025 04:07:08,902 TRACE ro.mpp2024.repository.RezultatRepository 32 createEntityFromResultSet - Enter createEntityFromResultSet
17 Mar 2025 04:07:08,902 TRACE ro.mpp2024.utils.JdbcUtils 48 getConnection - Enter
17 Mar 2025 04:07:08,902 TRACE ro.mpp2024.utils.JdbcUtils 57 getConnection - Exit with(org.sqlite.jdbc4.JDBC4Connection@55b53d44)
17 Mar 2025 04:07:08,902 TRACE ro.mpp2024.repository.RezultatRepository 68 createEntityFromResultSet - Exit with(Rezultat{participant=Participant{nume='Filip', prenume='Bianca', varsta=31}, proba=Proba{nume='Pedalat 400 de m', arbitru=0, categorie=ciclism}, numar_puncte=167})
17 Mar 2025 04:07:08,902 TRACE ro.mpp2024.repository.RezultatRepository 32 createEntityFromResultSet - Enter createEntityFromResultSet
17 Mar 2025 04:07:08,902 TRACE ro.mpp2024.utils.JdbcUtils 48 getConnection - Enter
17 Mar 2025 04:07:08,903 TRACE ro.mpp2024.utils.JdbcUtils 57 getConnection - Exit with(org.sqlite.jdbc4.JDBC4Connection@55b53d44)
17 Mar 2025 04:07:08,903 TRACE ro.mpp2024.repository.RezultatRepository 68 createEntityFromResultSet - Exit with(Rezultat{participant=Participant{nume='Tudor', prenume='Alexandru', varsta=31}, proba=Proba{nume='Pedalat 800 de m', arbitru=0, categorie=ciclism}, numar_puncte=138})
17 Mar 2025 04:07:08,903 TRACE ro.mpp2024.repository.RezultatRepository 32 createEntityFromResultSet - Enter createEntityFromResultSet
17 Mar 2025 04:07:08,903 TRACE ro.mpp2024.utils.JdbcUtils 48 getConnection - Enter
17 Mar 2025 04:07:08,903 TRACE ro.mpp2024.utils.JdbcUtils 57 getConnection - Exit with(org.sqlite.jdbc4.JDBC4Connection@55b53d44)
17 Mar 2025 04:07:08,904 TRACE ro.mpp2024.repository.RezultatRepository 68 createEntityFromResultSet - Exit with(Rezultat{participant=Participant{nume='Munteanu', prenume='Sorin', varsta=21}, proba=Proba{nume='Pedalat 1200 de m', arbitru=0, categorie=ciclism}, numar_puncte=157})
17 Mar 2025 04:07:08,904 TRACE ro.mpp2024.repository.RezultatRepository 32 createEntityFromResultSet - Enter createEntityFromResultSet
17 Mar 2025 04:07:08,904 TRACE ro.mpp2024.utils.JdbcUtils 48 getConnection - Enter
17 Mar 2025 04:07:08,904 TRACE ro.mpp2024.utils.JdbcUtils 57 getConnection - Exit with(org.sqlite.jdbc4.JDBC4Connection@55b53d44)
17 Mar 2025 04:07:08,904 TRACE ro.mpp2024.repository.RezultatRepository 68 createEntityFromResultSet - Exit with(Rezultat{participant=Participant{nume='Rusu', prenume='Andreea', varsta=29}, proba=Proba{nume='Inot 100 de m', arbitru=0, categorie=inot}, numar_puncte=192})
17 Mar 2025 04:07:08,904 TRACE ro.mpp2024.repository.RezultatRepository 32 createEntityFromResultSet - Enter createEntityFromResultSet
17 Mar 2025 04:07:08,904 TRACE ro.mpp2024.utils.JdbcUtils 48 getConnection - Enter
17 Mar 2025 04:07:08,904 TRACE ro.mpp2024.utils.JdbcUtils 57 getConnection - Exit with(org.sqlite.jdbc4.JDBC4Connection@55b53d44)
17 Mar 2025 04:07:08,905 TRACE ro.mpp2024.repository.RezultatRepository 68 createEntityFromResultSet - Exit with(Rezultat{participant=Participant{nume='nume', prenume='prenume', varsta=20}, proba=Proba{nume='nume', arbitru=0, categorie=ciclism}, numar_puncte=100})
17 Mar 2025 04:07:08,905 TRACE ro.mpp2024.repository.RezultatRepository 32 createEntityFromResultSet - Enter createEntityFromResultSet
17 Mar 2025 04:07:08,905 TRACE ro.mpp2024.utils.JdbcUtils 48 getConnection - Enter
17 Mar 2025 04:07:08,905 TRACE ro.mpp2024.utils.JdbcUtils 57 getConnection - Exit with(org.sqlite.jdbc4.JDBC4Connection@55b53d44)
17 Mar 2025 04:07:08,905 TRACE ro.mpp2024.repository.RezultatRepository 68 createEntityFromResultSet - Exit with(Rezultat{participant=Participant{nume='nume', prenume='prenume', varsta=20}, proba=Proba{nume='nume', arbitru=0, categorie=ciclism}, numar_puncte=100})
17 Mar 2025 04:07:08,905 TRACE ro.mpp2024.repository.RezultatRepository 32 createEntityFromResultSet - Enter createEntityFromResultSet
17 Mar 2025 04:07:08,905 TRACE ro.mpp2024.utils.JdbcUtils 48 getConnection - Enter
17 Mar 2025 04:07:08,905 TRACE ro.mpp2024.utils.JdbcUtils 57 getConnection - Exit with(org.sqlite.jdbc4.JDBC4Connection@55b53d44)
17 Mar 2025 04:07:08,906 TRACE ro.mpp2024.repository.RezultatRepository 68 createEntityFromResultSet - Exit with(Rezultat{participant=Participant{nume='nume', prenume='prenume', varsta=20}, proba=Proba{nume='nume', arbitru=0, categorie=ciclism}, numar_puncte=100})
17 Mar 2025 04:07:08,906 TRACE ro.mpp2024.repository.RezultatRepository 89 findAll - Exit with([Rezultat{participant=Participant{nume='Popescu', prenume='Ion', varsta=25}, proba=Proba{nume='Pedalat 200 de m', arbitru=0, categorie=ciclism}, numar_puncte=10}, Rezultat{participant=Participant{nume='Stan', prenume='Ioana', varsta=27}, proba=Proba{nume='Pedalat 200 de m', arbitru=0, categorie=ciclism}, numar_puncte=152}, Rezultat{participant=Participant{nume='Popa', prenume='Mihai', varsta=35}, proba=Proba{nume='Pedalat 400 de m', arbitru=0, categorie=ciclism}, numar_puncte=98}, Rezultat{participant=Participant{nume='Vasilescu', prenume='Florin', varsta=23}, proba=Proba{nume='Pedalat 600 de m', arbitru=0, categorie=ciclism}, numar_puncte=174}, Rezultat{participant=Participant{nume='Radu', prenume='Cristian', varsta=24}, proba=Proba{nume='Pedalat 800 de m', arbitru=0, categorie=ciclism}, numar_puncte=120}, Rezultat{participant=Participant{nume='Grigore', prenume='Stefan', varsta=24}, proba=Proba{nume='Pedalat 1000 de m', arbitru=0, categorie=ciclism}, numar_puncte=145}, Rezultat{participant=Participant{nume='Nistor', prenume='Carmen', varsta=33}, proba=Proba{nume='Pedalat 1200 de m', arbitru=0, categorie=ciclism}, numar_puncte=189}, Rezultat{participant=Participant{nume='Marin', prenume='Ana', varsta=29}, proba=Proba{nume='Inot 50 de m', arbitru=0, categorie=inot}, numar_puncte=134}, Rezultat{participant=Participant{nume='Constantin', prenume='Marius', varsta=30}, proba=Proba{nume='Inot 100 de m', arbitru=0, categorie=inot}, numar_puncte=178}, Rezultat{participant=Participant{nume='Ionescu', prenume='Maria', varsta=30}, proba=Proba{nume='Inot 150 de m', arbitru=0, categorie=inot}, numar_puncte=156}, Rezultat{participant=Participant{nume='Rusu', prenume='Andreea', varsta=29}, proba=Proba{nume='Inot 200 de m', arbitru=0, categorie=inot}, numar_puncte=121}, Rezultat{participant=Participant{nume='Kovacs', prenume='Cristina', varsta=21}, proba=Proba{nume='Inot 250 de m', arbitru=0, categorie=inot}, numar_puncte=199}, Rezultat{participant=Participant{nume='Munteanu', prenume='Sorin', varsta=21}, proba=Proba{nume='Inot 300 de m', arbitru=0, categorie=inot}, numar_puncte=144}, Rezultat{participant=Participant{nume='Iliescu', prenume='Daniela', varsta=32}, proba=Proba{nume='Cursa 100 de m', arbitru=0, categorie=alergat}, numar_puncte=185}, Rezultat{participant=Participant{nume='Georgescu', prenume='Andrei', varsta=22}, proba=Proba{nume='Cursa 200 de m', arbitru=0, categorie=alergat}, numar_puncte=102}, Rezultat{participant=Participant{nume='Oprea', prenume='Bogdan', varsta=27}, proba=Proba{nume='Cursa 300 de m', arbitru=0, categorie=alergat}, numar_puncte=172}, Rezultat{participant=Participant{nume='Stan', prenume='Ioana', varsta=27}, proba=Proba{nume='Cursa 400 de m', arbitru=0, categorie=alergat}, numar_puncte=137}, Rezultat{participant=Participant{nume='Iacob', prenume='Radu', varsta=23}, proba=Proba{nume='Cursa 500 de m', arbitru=0, categorie=alergat}, numar_puncte=195}, Rezultat{participant=Participant{nume='Manole', prenume='Simona', varsta=25}, proba=Proba{nume='Cursa 600 de m', arbitru=0, categorie=alergat}, numar_puncte=117}, Rezultat{participant=Participant{nume='Tudor', prenume='Alexandru', varsta=31}, proba=Proba{nume='Pedalat 200 de m', arbitru=0, categorie=ciclism}, numar_puncte=150}, Rezultat{participant=Participant{nume='Barbu', prenume='Irina', varsta=27}, proba=Proba{nume='Pedalat 600 de m', arbitru=0, categorie=ciclism}, numar_puncte=180}, Rezultat{participant=Participant{nume='Filip', prenume='Bianca', varsta=31}, proba=Proba{nume='Pedalat 1000 de m', arbitru=0, categorie=ciclism}, numar_puncte=140}, Rezultat{participant=Participant{nume='Dobre', prenume='Adriana', varsta=34}, proba=Proba{nume='Inot 50 de m', arbitru=0, categorie=inot}, numar_puncte=165}, Rezultat{participant=Participant{nume='Toma', prenume='Gabriela', varsta=31}, proba=Proba{nume='Inot 150 de m', arbitru=0, categorie=inot}, numar_puncte=132}, Rezultat{participant=Participant{nume='Petrescu', prenume='Gabriel', varsta=26}, proba=Proba{nume='Inot 250 de m', arbitru=0, categorie=inot}, numar_puncte=188}, Rezultat{participant=Participant{nume='Lupu', prenume='George', varsta=33}, proba=Proba{nume='Cursa 100 de m', arbitru=0, categorie=alergat}, numar_puncte=199}, Rezultat{participant=Participant{nume='Enache', prenume='Laura', varsta=29}, proba=Proba{nume='Cursa 300 de m', arbitru=0, categorie=alergat}, numar_puncte=175}, Rezultat{participant=Participant{nume='Dumitrescu', prenume='Elena', varsta=28}, proba=Proba{nume='Cursa 500 de m', arbitru=0, categorie=alergat}, numar_puncte=143}, Rezultat{participant=Participant{nume='Pavel', prenume='Monica', varsta=30}, proba=Proba{nume='Pedalat 400 de m', arbitru=0, categorie=ciclism}, numar_puncte=111}, Rezultat{participant=Participant{nume='Nedelcu', prenume='Alexandra', varsta=28}, proba=Proba{nume='Pedalat 800 de m', arbitru=0, categorie=ciclism}, numar_puncte=169}, Rezultat{participant=Participant{nume='Gheorghe', prenume='Vlad', varsta=28}, proba=Proba{nume='Pedalat 1200 de m', arbitru=0, categorie=ciclism}, numar_puncte=200}, Rezultat{participant=Participant{nume='Dragomir', prenume='Adrian', varsta=26}, proba=Proba{nume='Inot 100 de m', arbitru=0, categorie=inot}, numar_puncte=130}, Rezultat{participant=Participant{nume='Lazar', prenume='Roxana', varsta=25}, proba=Proba{nume='Inot 200 de m', arbitru=0, categorie=inot}, numar_puncte=185}, Rezultat{participant=Participant{nume='Jianu', prenume='Oana', varsta=34}, proba=Proba{nume='Inot 300 de m', arbitru=0, categorie=inot}, numar_puncte=142}, Rezultat{participant=Participant{nume='Hagi', prenume='Diana', varsta=32}, proba=Proba{nume='Cursa 200 de m', arbitru=0, categorie=alergat}, numar_puncte=193}, Rezultat{participant=Participant{nume='Ursu', prenume='Mihail', varsta=24}, proba=Proba{nume='Cursa 400 de m', arbitru=0, categorie=alergat}, numar_puncte=155}, Rezultat{participant=Participant{nume='Vlad', prenume='Anca', varsta=32}, proba=Proba{nume='Cursa 600 de m', arbitru=0, categorie=alergat}, numar_puncte=128}, Rezultat{participant=Participant{nume='Zamfir', prenume='Lucian', varsta=23}, proba=Proba{nume='Pedalat 200 de m', arbitru=0, categorie=ciclism}, numar_puncte=177}, Rezultat{participant=Participant{nume='Sandu', prenume='Victor', varsta=26}, proba=Proba{nume='Pedalat 600 de m', arbitru=0, categorie=ciclism}, numar_puncte=115}, Rezultat{participant=Participant{nume='Voicu', prenume='Raluca', varsta=34}, proba=Proba{nume='Pedalat 1000 de m', arbitru=0, categorie=ciclism}, numar_puncte=190}, Rezultat{participant=Participant{nume='Popescu', prenume='Ion', varsta=25}, proba=Proba{nume='Inot 50 de m', arbitru=0, categorie=inot}, numar_puncte=148}, Rezultat{participant=Participant{nume='Radu', prenume='Cristian', varsta=24}, proba=Proba{nume='Inot 150 de m', arbitru=0, categorie=inot}, numar_puncte=136}, Rezultat{participant=Participant{nume='Popa', prenume='Mihai', varsta=35}, proba=Proba{nume='Inot 250 de m', arbitru=0, categorie=inot}, numar_puncte=184}, Rezultat{participant=Participant{nume='Vasilescu', prenume='Florin', varsta=23}, proba=Proba{nume='Cursa 100 de m', arbitru=0, categorie=alergat}, numar_puncte=198}, Rezultat{participant=Participant{nume='Iliescu', prenume='Daniela', varsta=32}, proba=Proba{nume='Cursa 300 de m', arbitru=0, categorie=alergat}, numar_puncte=125}, Rezultat{participant=Participant{nume='Oprea', prenume='Bogdan', varsta=27}, proba=Proba{nume='Cursa 500 de m', arbitru=0, categorie=alergat}, numar_puncte=110}, Rezultat{participant=Participant{nume='Filip', prenume='Bianca', varsta=31}, proba=Proba{nume='Pedalat 400 de m', arbitru=0, categorie=ciclism}, numar_puncte=167}, Rezultat{participant=Participant{nume='Tudor', prenume='Alexandru', varsta=31}, proba=Proba{nume='Pedalat 800 de m', arbitru=0, categorie=ciclism}, numar_puncte=138}, Rezultat{participant=Participant{nume='Munteanu', prenume='Sorin', varsta=21}, proba=Proba{nume='Pedalat 1200 de m', arbitru=0, categorie=ciclism}, numar_puncte=157}, Rezultat{participant=Participant{nume='Rusu', prenume='Andreea', varsta=29}, proba=Proba{nume='Inot 100 de m', arbitru=0, categorie=inot}, numar_puncte=192}, Rezultat{participant=Participant{nume='nume', prenume='prenume', varsta=20}, proba=Proba{nume='nume', arbitru=0, categorie=ciclism}, numar_puncte=100}, Rezultat{participant=Participant{nume='nume', prenume='prenume', varsta=20}, proba=Proba{nume='nume', arbitru=0, categorie=ciclism}, numar_puncte=100}, Rezultat{participant=Participant{nume='nume', prenume='prenume', varsta=20}, proba=Proba{nume='nume', arbitru=0, categorie=ciclism}, numar_puncte=100}])
17 Mar 2025 04:08:41,838 INFO  ro.mpp2024.repository.ArbitruRepository 25 <init> - Initializing IArbitruRepository with properties: {} 
17 Mar 2025 04:08:41,842 INFO  ro.mpp2024.repository.ProbaRepository 25 <init> - Initializing ProbaRepository with properties: {} 
17 Mar 2025 04:08:41,843 INFO  ro.mpp2024.repository.ParticipantRepository 25 <init> - Initializing ParticipantRepository with properties: {} 
17 Mar 2025 04:08:41,845 INFO  ro.mpp2024.repository.RezultatRepository 26 <init> - Initializing RezultatRepository with properties: {} 
17 Mar 2025 04:08:41,846 TRACE ro.mpp2024.repository.RezultatRepository 75 findAll - Enter
17 Mar 2025 04:08:41,846 TRACE ro.mpp2024.utils.JdbcUtils 48 getConnection - Enter
17 Mar 2025 04:08:41,846 TRACE ro.mpp2024.utils.JdbcUtils 25 getNewConnection - Enter
17 Mar 2025 04:08:41,847 INFO  ro.mpp2024.utils.JdbcUtils 30 getNewConnection - trying to connect to database ... jdbc:sqlite:src/main/resources/triatlon.db
17 Mar 2025 04:08:41,847 INFO  ro.mpp2024.utils.JdbcUtils 31 getNewConnection - user: null
17 Mar 2025 04:08:41,847 INFO  ro.mpp2024.utils.JdbcUtils 32 getNewConnection - pass: null
17 Mar 2025 04:08:41,946 TRACE ro.mpp2024.utils.JdbcUtils 57 getConnection - Exit with(org.sqlite.jdbc4.JDBC4Connection@29647f75)
17 Mar 2025 04:08:41,949 TRACE ro.mpp2024.repository.RezultatRepository 32 createEntityFromResultSet - Enter createEntityFromResultSet
17 Mar 2025 04:08:41,949 TRACE ro.mpp2024.utils.JdbcUtils 48 getConnection - Enter
17 Mar 2025 04:08:41,949 TRACE ro.mpp2024.utils.JdbcUtils 57 getConnection - Exit with(org.sqlite.jdbc4.JDBC4Connection@29647f75)
17 Mar 2025 04:08:41,956 TRACE ro.mpp2024.repository.RezultatRepository 68 createEntityFromResultSet - Exit with(Rezultat{participant=Participant{nume='Popescu', prenume='Ion', varsta=25}, proba=Proba{nume='Pedalat 200 de m', arbitru=0, categorie=ciclism}, numar_puncte=10})
17 Mar 2025 04:08:41,956 TRACE ro.mpp2024.repository.RezultatRepository 32 createEntityFromResultSet - Enter createEntityFromResultSet
17 Mar 2025 04:08:41,956 TRACE ro.mpp2024.utils.JdbcUtils 48 getConnection - Enter
17 Mar 2025 04:08:41,956 TRACE ro.mpp2024.utils.JdbcUtils 57 getConnection - Exit with(org.sqlite.jdbc4.JDBC4Connection@29647f75)
17 Mar 2025 04:08:41,957 TRACE ro.mpp2024.repository.RezultatRepository 68 createEntityFromResultSet - Exit with(Rezultat{participant=Participant{nume='Stan', prenume='Ioana', varsta=27}, proba=Proba{nume='Pedalat 200 de m', arbitru=0, categorie=ciclism}, numar_puncte=152})
17 Mar 2025 04:08:41,957 TRACE ro.mpp2024.repository.RezultatRepository 32 createEntityFromResultSet - Enter createEntityFromResultSet
17 Mar 2025 04:08:41,957 TRACE ro.mpp2024.utils.JdbcUtils 48 getConnection - Enter
17 Mar 2025 04:08:41,958 TRACE ro.mpp2024.utils.JdbcUtils 57 getConnection - Exit with(org.sqlite.jdbc4.JDBC4Connection@29647f75)
17 Mar 2025 04:08:41,958 TRACE ro.mpp2024.repository.RezultatRepository 68 createEntityFromResultSet - Exit with(Rezultat{participant=Participant{nume='Popa', prenume='Mihai', varsta=35}, proba=Proba{nume='Pedalat 400 de m', arbitru=0, categorie=ciclism}, numar_puncte=98})
17 Mar 2025 04:08:41,958 TRACE ro.mpp2024.repository.RezultatRepository 32 createEntityFromResultSet - Enter createEntityFromResultSet
17 Mar 2025 04:08:41,959 TRACE ro.mpp2024.utils.JdbcUtils 48 getConnection - Enter
17 Mar 2025 04:08:41,959 TRACE ro.mpp2024.utils.JdbcUtils 57 getConnection - Exit with(org.sqlite.jdbc4.JDBC4Connection@29647f75)
17 Mar 2025 04:08:41,959 TRACE ro.mpp2024.repository.RezultatRepository 68 createEntityFromResultSet - Exit with(Rezultat{participant=Participant{nume='Vasilescu', prenume='Florin', varsta=23}, proba=Proba{nume='Pedalat 600 de m', arbitru=0, categorie=ciclism}, numar_puncte=174})
17 Mar 2025 04:08:41,959 TRACE ro.mpp2024.repository.RezultatRepository 32 createEntityFromResultSet - Enter createEntityFromResultSet
17 Mar 2025 04:08:41,959 TRACE ro.mpp2024.utils.JdbcUtils 48 getConnection - Enter
17 Mar 2025 04:08:41,959 TRACE ro.mpp2024.utils.JdbcUtils 57 getConnection - Exit with(org.sqlite.jdbc4.JDBC4Connection@29647f75)
17 Mar 2025 04:08:41,960 TRACE ro.mpp2024.repository.RezultatRepository 68 createEntityFromResultSet - Exit with(Rezultat{participant=Participant{nume='Radu', prenume='Cristian', varsta=24}, proba=Proba{nume='Pedalat 800 de m', arbitru=0, categorie=ciclism}, numar_puncte=120})
17 Mar 2025 04:08:41,960 TRACE ro.mpp2024.repository.RezultatRepository 32 createEntityFromResultSet - Enter createEntityFromResultSet
17 Mar 2025 04:08:41,960 TRACE ro.mpp2024.utils.JdbcUtils 48 getConnection - Enter
17 Mar 2025 04:08:41,960 TRACE ro.mpp2024.utils.JdbcUtils 57 getConnection - Exit with(org.sqlite.jdbc4.JDBC4Connection@29647f75)
17 Mar 2025 04:08:41,961 TRACE ro.mpp2024.repository.RezultatRepository 68 createEntityFromResultSet - Exit with(Rezultat{participant=Participant{nume='Grigore', prenume='Stefan', varsta=24}, proba=Proba{nume='Pedalat 1000 de m', arbitru=0, categorie=ciclism}, numar_puncte=145})
17 Mar 2025 04:08:41,961 TRACE ro.mpp2024.repository.RezultatRepository 32 createEntityFromResultSet - Enter createEntityFromResultSet
17 Mar 2025 04:08:41,961 TRACE ro.mpp2024.utils.JdbcUtils 48 getConnection - Enter
17 Mar 2025 04:08:41,961 TRACE ro.mpp2024.utils.JdbcUtils 57 getConnection - Exit with(org.sqlite.jdbc4.JDBC4Connection@29647f75)
17 Mar 2025 04:08:41,961 TRACE ro.mpp2024.repository.RezultatRepository 68 createEntityFromResultSet - Exit with(Rezultat{participant=Participant{nume='Nistor', prenume='Carmen', varsta=33}, proba=Proba{nume='Pedalat 1200 de m', arbitru=0, categorie=ciclism}, numar_puncte=189})
17 Mar 2025 04:08:41,961 TRACE ro.mpp2024.repository.RezultatRepository 32 createEntityFromResultSet - Enter createEntityFromResultSet
17 Mar 2025 04:08:41,962 TRACE ro.mpp2024.utils.JdbcUtils 48 getConnection - Enter
17 Mar 2025 04:08:41,962 TRACE ro.mpp2024.utils.JdbcUtils 57 getConnection - Exit with(org.sqlite.jdbc4.JDBC4Connection@29647f75)
17 Mar 2025 04:08:41,962 TRACE ro.mpp2024.repository.RezultatRepository 68 createEntityFromResultSet - Exit with(Rezultat{participant=Participant{nume='Marin', prenume='Ana', varsta=29}, proba=Proba{nume='Inot 50 de m', arbitru=0, categorie=inot}, numar_puncte=134})
17 Mar 2025 04:08:41,962 TRACE ro.mpp2024.repository.RezultatRepository 32 createEntityFromResultSet - Enter createEntityFromResultSet
17 Mar 2025 04:08:41,962 TRACE ro.mpp2024.utils.JdbcUtils 48 getConnection - Enter
17 Mar 2025 04:08:41,963 TRACE ro.mpp2024.utils.JdbcUtils 57 getConnection - Exit with(org.sqlite.jdbc4.JDBC4Connection@29647f75)
17 Mar 2025 04:08:41,963 TRACE ro.mpp2024.repository.RezultatRepository 68 createEntityFromResultSet - Exit with(Rezultat{participant=Participant{nume='Constantin', prenume='Marius', varsta=30}, proba=Proba{nume='Inot 100 de m', arbitru=0, categorie=inot}, numar_puncte=178})
17 Mar 2025 04:08:41,963 TRACE ro.mpp2024.repository.RezultatRepository 32 createEntityFromResultSet - Enter createEntityFromResultSet
17 Mar 2025 04:08:41,963 TRACE ro.mpp2024.utils.JdbcUtils 48 getConnection - Enter
17 Mar 2025 04:08:41,963 TRACE ro.mpp2024.utils.JdbcUtils 57 getConnection - Exit with(org.sqlite.jdbc4.JDBC4Connection@29647f75)
17 Mar 2025 04:08:41,964 TRACE ro.mpp2024.repository.RezultatRepository 68 createEntityFromResultSet - Exit with(Rezultat{participant=Participant{nume='Ionescu', prenume='Maria', varsta=30}, proba=Proba{nume='Inot 150 de m', arbitru=0, categorie=inot}, numar_puncte=156})
17 Mar 2025 04:08:41,964 TRACE ro.mpp2024.repository.RezultatRepository 32 createEntityFromResultSet - Enter createEntityFromResultSet
17 Mar 2025 04:08:41,964 TRACE ro.mpp2024.utils.JdbcUtils 48 getConnection - Enter
17 Mar 2025 04:08:41,964 TRACE ro.mpp2024.utils.JdbcUtils 57 getConnection - Exit with(org.sqlite.jdbc4.JDBC4Connection@29647f75)
17 Mar 2025 04:08:41,964 TRACE ro.mpp2024.repository.RezultatRepository 68 createEntityFromResultSet - Exit with(Rezultat{participant=Participant{nume='Rusu', prenume='Andreea', varsta=29}, proba=Proba{nume='Inot 200 de m', arbitru=0, categorie=inot}, numar_puncte=121})
17 Mar 2025 04:08:41,964 TRACE ro.mpp2024.repository.RezultatRepository 32 createEntityFromResultSet - Enter createEntityFromResultSet
17 Mar 2025 04:08:41,965 TRACE ro.mpp2024.utils.JdbcUtils 48 getConnection - Enter
17 Mar 2025 04:08:41,965 TRACE ro.mpp2024.utils.JdbcUtils 57 getConnection - Exit with(org.sqlite.jdbc4.JDBC4Connection@29647f75)
17 Mar 2025 04:08:41,965 TRACE ro.mpp2024.repository.RezultatRepository 68 createEntityFromResultSet - Exit with(Rezultat{participant=Participant{nume='Kovacs', prenume='Cristina', varsta=21}, proba=Proba{nume='Inot 250 de m', arbitru=0, categorie=inot}, numar_puncte=199})
17 Mar 2025 04:08:41,965 TRACE ro.mpp2024.repository.RezultatRepository 32 createEntityFromResultSet - Enter createEntityFromResultSet
17 Mar 2025 04:08:41,965 TRACE ro.mpp2024.utils.JdbcUtils 48 getConnection - Enter
17 Mar 2025 04:08:41,965 TRACE ro.mpp2024.utils.JdbcUtils 57 getConnection - Exit with(org.sqlite.jdbc4.JDBC4Connection@29647f75)
17 Mar 2025 04:08:41,965 TRACE ro.mpp2024.repository.RezultatRepository 68 createEntityFromResultSet - Exit with(Rezultat{participant=Participant{nume='Munteanu', prenume='Sorin', varsta=21}, proba=Proba{nume='Inot 300 de m', arbitru=0, categorie=inot}, numar_puncte=144})
17 Mar 2025 04:08:41,966 TRACE ro.mpp2024.repository.RezultatRepository 32 createEntityFromResultSet - Enter createEntityFromResultSet
17 Mar 2025 04:08:41,966 TRACE ro.mpp2024.utils.JdbcUtils 48 getConnection - Enter
17 Mar 2025 04:08:41,966 TRACE ro.mpp2024.utils.JdbcUtils 57 getConnection - Exit with(org.sqlite.jdbc4.JDBC4Connection@29647f75)
17 Mar 2025 04:08:41,966 TRACE ro.mpp2024.repository.RezultatRepository 68 createEntityFromResultSet - Exit with(Rezultat{participant=Participant{nume='Iliescu', prenume='Daniela', varsta=32}, proba=Proba{nume='Cursa 100 de m', arbitru=0, categorie=alergat}, numar_puncte=185})
17 Mar 2025 04:08:41,966 TRACE ro.mpp2024.repository.RezultatRepository 32 createEntityFromResultSet - Enter createEntityFromResultSet
17 Mar 2025 04:08:41,966 TRACE ro.mpp2024.utils.JdbcUtils 48 getConnection - Enter
17 Mar 2025 04:08:41,967 TRACE ro.mpp2024.utils.JdbcUtils 57 getConnection - Exit with(org.sqlite.jdbc4.JDBC4Connection@29647f75)
17 Mar 2025 04:08:41,967 TRACE ro.mpp2024.repository.RezultatRepository 68 createEntityFromResultSet - Exit with(Rezultat{participant=Participant{nume='Georgescu', prenume='Andrei', varsta=22}, proba=Proba{nume='Cursa 200 de m', arbitru=0, categorie=alergat}, numar_puncte=102})
17 Mar 2025 04:08:41,967 TRACE ro.mpp2024.repository.RezultatRepository 32 createEntityFromResultSet - Enter createEntityFromResultSet
17 Mar 2025 04:08:41,967 TRACE ro.mpp2024.utils.JdbcUtils 48 getConnection - Enter
17 Mar 2025 04:08:41,967 TRACE ro.mpp2024.utils.JdbcUtils 57 getConnection - Exit with(org.sqlite.jdbc4.JDBC4Connection@29647f75)
17 Mar 2025 04:08:41,967 TRACE ro.mpp2024.repository.RezultatRepository 68 createEntityFromResultSet - Exit with(Rezultat{participant=Participant{nume='Oprea', prenume='Bogdan', varsta=27}, proba=Proba{nume='Cursa 300 de m', arbitru=0, categorie=alergat}, numar_puncte=172})
17 Mar 2025 04:08:41,968 TRACE ro.mpp2024.repository.RezultatRepository 32 createEntityFromResultSet - Enter createEntityFromResultSet
17 Mar 2025 04:08:41,968 TRACE ro.mpp2024.utils.JdbcUtils 48 getConnection - Enter
17 Mar 2025 04:08:41,968 TRACE ro.mpp2024.utils.JdbcUtils 57 getConnection - Exit with(org.sqlite.jdbc4.JDBC4Connection@29647f75)
17 Mar 2025 04:08:41,968 TRACE ro.mpp2024.repository.RezultatRepository 68 createEntityFromResultSet - Exit with(Rezultat{participant=Participant{nume='Stan', prenume='Ioana', varsta=27}, proba=Proba{nume='Cursa 400 de m', arbitru=0, categorie=alergat}, numar_puncte=137})
17 Mar 2025 04:08:41,968 TRACE ro.mpp2024.repository.RezultatRepository 32 createEntityFromResultSet - Enter createEntityFromResultSet
17 Mar 2025 04:08:41,968 TRACE ro.mpp2024.utils.JdbcUtils 48 getConnection - Enter
17 Mar 2025 04:08:41,969 TRACE ro.mpp2024.utils.JdbcUtils 57 getConnection - Exit with(org.sqlite.jdbc4.JDBC4Connection@29647f75)
17 Mar 2025 04:08:41,969 TRACE ro.mpp2024.repository.RezultatRepository 68 createEntityFromResultSet - Exit with(Rezultat{participant=Participant{nume='Iacob', prenume='Radu', varsta=23}, proba=Proba{nume='Cursa 500 de m', arbitru=0, categorie=alergat}, numar_puncte=195})
17 Mar 2025 04:08:41,969 TRACE ro.mpp2024.repository.RezultatRepository 32 createEntityFromResultSet - Enter createEntityFromResultSet
17 Mar 2025 04:08:41,969 TRACE ro.mpp2024.utils.JdbcUtils 48 getConnection - Enter
17 Mar 2025 04:08:41,969 TRACE ro.mpp2024.utils.JdbcUtils 57 getConnection - Exit with(org.sqlite.jdbc4.JDBC4Connection@29647f75)
17 Mar 2025 04:08:41,970 TRACE ro.mpp2024.repository.RezultatRepository 68 createEntityFromResultSet - Exit with(Rezultat{participant=Participant{nume='Manole', prenume='Simona', varsta=25}, proba=Proba{nume='Cursa 600 de m', arbitru=0, categorie=alergat}, numar_puncte=117})
17 Mar 2025 04:08:41,970 TRACE ro.mpp2024.repository.RezultatRepository 32 createEntityFromResultSet - Enter createEntityFromResultSet
17 Mar 2025 04:08:41,970 TRACE ro.mpp2024.utils.JdbcUtils 48 getConnection - Enter
17 Mar 2025 04:08:41,970 TRACE ro.mpp2024.utils.JdbcUtils 57 getConnection - Exit with(org.sqlite.jdbc4.JDBC4Connection@29647f75)
17 Mar 2025 04:08:41,970 TRACE ro.mpp2024.repository.RezultatRepository 68 createEntityFromResultSet - Exit with(Rezultat{participant=Participant{nume='Tudor', prenume='Alexandru', varsta=31}, proba=Proba{nume='Pedalat 200 de m', arbitru=0, categorie=ciclism}, numar_puncte=150})
17 Mar 2025 04:08:41,971 TRACE ro.mpp2024.repository.RezultatRepository 32 createEntityFromResultSet - Enter createEntityFromResultSet
17 Mar 2025 04:08:41,971 TRACE ro.mpp2024.utils.JdbcUtils 48 getConnection - Enter
17 Mar 2025 04:08:41,971 TRACE ro.mpp2024.utils.JdbcUtils 57 getConnection - Exit with(org.sqlite.jdbc4.JDBC4Connection@29647f75)
17 Mar 2025 04:08:41,971 TRACE ro.mpp2024.repository.RezultatRepository 68 createEntityFromResultSet - Exit with(Rezultat{participant=Participant{nume='Barbu', prenume='Irina', varsta=27}, proba=Proba{nume='Pedalat 600 de m', arbitru=0, categorie=ciclism}, numar_puncte=180})
17 Mar 2025 04:08:41,971 TRACE ro.mpp2024.repository.RezultatRepository 32 createEntityFromResultSet - Enter createEntityFromResultSet
17 Mar 2025 04:08:41,972 TRACE ro.mpp2024.utils.JdbcUtils 48 getConnection - Enter
17 Mar 2025 04:08:41,972 TRACE ro.mpp2024.utils.JdbcUtils 57 getConnection - Exit with(org.sqlite.jdbc4.JDBC4Connection@29647f75)
17 Mar 2025 04:08:41,972 TRACE ro.mpp2024.repository.RezultatRepository 68 createEntityFromResultSet - Exit with(Rezultat{participant=Participant{nume='Filip', prenume='Bianca', varsta=31}, proba=Proba{nume='Pedalat 1000 de m', arbitru=0, categorie=ciclism}, numar_puncte=140})
17 Mar 2025 04:08:41,972 TRACE ro.mpp2024.repository.RezultatRepository 32 createEntityFromResultSet - Enter createEntityFromResultSet
17 Mar 2025 04:08:41,972 TRACE ro.mpp2024.utils.JdbcUtils 48 getConnection - Enter
17 Mar 2025 04:08:41,972 TRACE ro.mpp2024.utils.JdbcUtils 57 getConnection - Exit with(org.sqlite.jdbc4.JDBC4Connection@29647f75)
17 Mar 2025 04:08:41,973 TRACE ro.mpp2024.repository.RezultatRepository 68 createEntityFromResultSet - Exit with(Rezultat{participant=Participant{nume='Dobre', prenume='Adriana', varsta=34}, proba=Proba{nume='Inot 50 de m', arbitru=0, categorie=inot}, numar_puncte=165})
17 Mar 2025 04:08:41,973 TRACE ro.mpp2024.repository.RezultatRepository 32 createEntityFromResultSet - Enter createEntityFromResultSet
17 Mar 2025 04:08:41,973 TRACE ro.mpp2024.utils.JdbcUtils 48 getConnection - Enter
17 Mar 2025 04:08:41,973 TRACE ro.mpp2024.utils.JdbcUtils 57 getConnection - Exit with(org.sqlite.jdbc4.JDBC4Connection@29647f75)
17 Mar 2025 04:08:41,974 TRACE ro.mpp2024.repository.RezultatRepository 68 createEntityFromResultSet - Exit with(Rezultat{participant=Participant{nume='Toma', prenume='Gabriela', varsta=31}, proba=Proba{nume='Inot 150 de m', arbitru=0, categorie=inot}, numar_puncte=132})
17 Mar 2025 04:08:41,974 TRACE ro.mpp2024.repository.RezultatRepository 32 createEntityFromResultSet - Enter createEntityFromResultSet
17 Mar 2025 04:08:41,974 TRACE ro.mpp2024.utils.JdbcUtils 48 getConnection - Enter
17 Mar 2025 04:08:41,974 TRACE ro.mpp2024.utils.JdbcUtils 57 getConnection - Exit with(org.sqlite.jdbc4.JDBC4Connection@29647f75)
17 Mar 2025 04:08:41,974 TRACE ro.mpp2024.repository.RezultatRepository 68 createEntityFromResultSet - Exit with(Rezultat{participant=Participant{nume='Petrescu', prenume='Gabriel', varsta=26}, proba=Proba{nume='Inot 250 de m', arbitru=0, categorie=inot}, numar_puncte=188})
17 Mar 2025 04:08:41,974 TRACE ro.mpp2024.repository.RezultatRepository 32 createEntityFromResultSet - Enter createEntityFromResultSet
17 Mar 2025 04:08:41,975 TRACE ro.mpp2024.utils.JdbcUtils 48 getConnection - Enter
17 Mar 2025 04:08:41,975 TRACE ro.mpp2024.utils.JdbcUtils 57 getConnection - Exit with(org.sqlite.jdbc4.JDBC4Connection@29647f75)
17 Mar 2025 04:08:41,975 TRACE ro.mpp2024.repository.RezultatRepository 68 createEntityFromResultSet - Exit with(Rezultat{participant=Participant{nume='Lupu', prenume='George', varsta=33}, proba=Proba{nume='Cursa 100 de m', arbitru=0, categorie=alergat}, numar_puncte=199})
17 Mar 2025 04:08:41,975 TRACE ro.mpp2024.repository.RezultatRepository 32 createEntityFromResultSet - Enter createEntityFromResultSet
17 Mar 2025 04:08:41,975 TRACE ro.mpp2024.utils.JdbcUtils 48 getConnection - Enter
17 Mar 2025 04:08:41,975 TRACE ro.mpp2024.utils.JdbcUtils 57 getConnection - Exit with(org.sqlite.jdbc4.JDBC4Connection@29647f75)
17 Mar 2025 04:08:41,975 TRACE ro.mpp2024.repository.RezultatRepository 68 createEntityFromResultSet - Exit with(Rezultat{participant=Participant{nume='Enache', prenume='Laura', varsta=29}, proba=Proba{nume='Cursa 300 de m', arbitru=0, categorie=alergat}, numar_puncte=175})
17 Mar 2025 04:08:41,976 TRACE ro.mpp2024.repository.RezultatRepository 32 createEntityFromResultSet - Enter createEntityFromResultSet
17 Mar 2025 04:08:41,976 TRACE ro.mpp2024.utils.JdbcUtils 48 getConnection - Enter
17 Mar 2025 04:08:41,976 TRACE ro.mpp2024.utils.JdbcUtils 57 getConnection - Exit with(org.sqlite.jdbc4.JDBC4Connection@29647f75)
17 Mar 2025 04:08:41,976 TRACE ro.mpp2024.repository.RezultatRepository 68 createEntityFromResultSet - Exit with(Rezultat{participant=Participant{nume='Dumitrescu', prenume='Elena', varsta=28}, proba=Proba{nume='Cursa 500 de m', arbitru=0, categorie=alergat}, numar_puncte=143})
17 Mar 2025 04:08:41,976 TRACE ro.mpp2024.repository.RezultatRepository 32 createEntityFromResultSet - Enter createEntityFromResultSet
17 Mar 2025 04:08:41,976 TRACE ro.mpp2024.utils.JdbcUtils 48 getConnection - Enter
17 Mar 2025 04:08:41,976 TRACE ro.mpp2024.utils.JdbcUtils 57 getConnection - Exit with(org.sqlite.jdbc4.JDBC4Connection@29647f75)
17 Mar 2025 04:08:41,976 TRACE ro.mpp2024.repository.RezultatRepository 68 createEntityFromResultSet - Exit with(Rezultat{participant=Participant{nume='Pavel', prenume='Monica', varsta=30}, proba=Proba{nume='Pedalat 400 de m', arbitru=0, categorie=ciclism}, numar_puncte=111})
17 Mar 2025 04:08:41,977 TRACE ro.mpp2024.repository.RezultatRepository 32 createEntityFromResultSet - Enter createEntityFromResultSet
17 Mar 2025 04:08:41,977 TRACE ro.mpp2024.utils.JdbcUtils 48 getConnection - Enter
17 Mar 2025 04:08:41,977 TRACE ro.mpp2024.utils.JdbcUtils 57 getConnection - Exit with(org.sqlite.jdbc4.JDBC4Connection@29647f75)
17 Mar 2025 04:08:41,977 TRACE ro.mpp2024.repository.RezultatRepository 68 createEntityFromResultSet - Exit with(Rezultat{participant=Participant{nume='Nedelcu', prenume='Alexandra', varsta=28}, proba=Proba{nume='Pedalat 800 de m', arbitru=0, categorie=ciclism}, numar_puncte=169})
17 Mar 2025 04:08:41,977 TRACE ro.mpp2024.repository.RezultatRepository 32 createEntityFromResultSet - Enter createEntityFromResultSet
17 Mar 2025 04:08:41,977 TRACE ro.mpp2024.utils.JdbcUtils 48 getConnection - Enter
17 Mar 2025 04:08:41,977 TRACE ro.mpp2024.utils.JdbcUtils 57 getConnection - Exit with(org.sqlite.jdbc4.JDBC4Connection@29647f75)
17 Mar 2025 04:08:41,978 TRACE ro.mpp2024.repository.RezultatRepository 68 createEntityFromResultSet - Exit with(Rezultat{participant=Participant{nume='Gheorghe', prenume='Vlad', varsta=28}, proba=Proba{nume='Pedalat 1200 de m', arbitru=0, categorie=ciclism}, numar_puncte=200})
17 Mar 2025 04:08:41,978 TRACE ro.mpp2024.repository.RezultatRepository 32 createEntityFromResultSet - Enter createEntityFromResultSet
17 Mar 2025 04:08:41,978 TRACE ro.mpp2024.utils.JdbcUtils 48 getConnection - Enter
17 Mar 2025 04:08:41,978 TRACE ro.mpp2024.utils.JdbcUtils 57 getConnection - Exit with(org.sqlite.jdbc4.JDBC4Connection@29647f75)
17 Mar 2025 04:08:41,978 TRACE ro.mpp2024.repository.RezultatRepository 68 createEntityFromResultSet - Exit with(Rezultat{participant=Participant{nume='Dragomir', prenume='Adrian', varsta=26}, proba=Proba{nume='Inot 100 de m', arbitru=0, categorie=inot}, numar_puncte=130})
17 Mar 2025 04:08:41,978 TRACE ro.mpp2024.repository.RezultatRepository 32 createEntityFromResultSet - Enter createEntityFromResultSet
17 Mar 2025 04:08:41,978 TRACE ro.mpp2024.utils.JdbcUtils 48 getConnection - Enter
17 Mar 2025 04:08:41,979 TRACE ro.mpp2024.utils.JdbcUtils 57 getConnection - Exit with(org.sqlite.jdbc4.JDBC4Connection@29647f75)
17 Mar 2025 04:08:41,979 TRACE ro.mpp2024.repository.RezultatRepository 68 createEntityFromResultSet - Exit with(Rezultat{participant=Participant{nume='Lazar', prenume='Roxana', varsta=25}, proba=Proba{nume='Inot 200 de m', arbitru=0, categorie=inot}, numar_puncte=185})
17 Mar 2025 04:08:41,979 TRACE ro.mpp2024.repository.RezultatRepository 32 createEntityFromResultSet - Enter createEntityFromResultSet
17 Mar 2025 04:08:41,979 TRACE ro.mpp2024.utils.JdbcUtils 48 getConnection - Enter
17 Mar 2025 04:08:41,979 TRACE ro.mpp2024.utils.JdbcUtils 57 getConnection - Exit with(org.sqlite.jdbc4.JDBC4Connection@29647f75)
17 Mar 2025 04:08:41,979 TRACE ro.mpp2024.repository.RezultatRepository 68 createEntityFromResultSet - Exit with(Rezultat{participant=Participant{nume='Jianu', prenume='Oana', varsta=34}, proba=Proba{nume='Inot 300 de m', arbitru=0, categorie=inot}, numar_puncte=142})
17 Mar 2025 04:08:41,979 TRACE ro.mpp2024.repository.RezultatRepository 32 createEntityFromResultSet - Enter createEntityFromResultSet
17 Mar 2025 04:08:41,979 TRACE ro.mpp2024.utils.JdbcUtils 48 getConnection - Enter
17 Mar 2025 04:08:41,979 TRACE ro.mpp2024.utils.JdbcUtils 57 getConnection - Exit with(org.sqlite.jdbc4.JDBC4Connection@29647f75)
17 Mar 2025 04:08:41,980 TRACE ro.mpp2024.repository.RezultatRepository 68 createEntityFromResultSet - Exit with(Rezultat{participant=Participant{nume='Hagi', prenume='Diana', varsta=32}, proba=Proba{nume='Cursa 200 de m', arbitru=0, categorie=alergat}, numar_puncte=193})
17 Mar 2025 04:08:41,980 TRACE ro.mpp2024.repository.RezultatRepository 32 createEntityFromResultSet - Enter createEntityFromResultSet
17 Mar 2025 04:08:41,980 TRACE ro.mpp2024.utils.JdbcUtils 48 getConnection - Enter
17 Mar 2025 04:08:41,980 TRACE ro.mpp2024.utils.JdbcUtils 57 getConnection - Exit with(org.sqlite.jdbc4.JDBC4Connection@29647f75)
17 Mar 2025 04:08:41,980 TRACE ro.mpp2024.repository.RezultatRepository 68 createEntityFromResultSet - Exit with(Rezultat{participant=Participant{nume='Ursu', prenume='Mihail', varsta=24}, proba=Proba{nume='Cursa 400 de m', arbitru=0, categorie=alergat}, numar_puncte=155})
17 Mar 2025 04:08:41,980 TRACE ro.mpp2024.repository.RezultatRepository 32 createEntityFromResultSet - Enter createEntityFromResultSet
17 Mar 2025 04:08:41,980 TRACE ro.mpp2024.utils.JdbcUtils 48 getConnection - Enter
17 Mar 2025 04:08:41,980 TRACE ro.mpp2024.utils.JdbcUtils 57 getConnection - Exit with(org.sqlite.jdbc4.JDBC4Connection@29647f75)
17 Mar 2025 04:08:41,981 TRACE ro.mpp2024.repository.RezultatRepository 68 createEntityFromResultSet - Exit with(Rezultat{participant=Participant{nume='Vlad', prenume='Anca', varsta=32}, proba=Proba{nume='Cursa 600 de m', arbitru=0, categorie=alergat}, numar_puncte=128})
17 Mar 2025 04:08:41,981 TRACE ro.mpp2024.repository.RezultatRepository 32 createEntityFromResultSet - Enter createEntityFromResultSet
17 Mar 2025 04:08:41,981 TRACE ro.mpp2024.utils.JdbcUtils 48 getConnection - Enter
17 Mar 2025 04:08:41,981 TRACE ro.mpp2024.utils.JdbcUtils 57 getConnection - Exit with(org.sqlite.jdbc4.JDBC4Connection@29647f75)
17 Mar 2025 04:08:41,981 TRACE ro.mpp2024.repository.RezultatRepository 68 createEntityFromResultSet - Exit with(Rezultat{participant=Participant{nume='Zamfir', prenume='Lucian', varsta=23}, proba=Proba{nume='Pedalat 200 de m', arbitru=0, categorie=ciclism}, numar_puncte=177})
17 Mar 2025 04:08:41,981 TRACE ro.mpp2024.repository.RezultatRepository 32 createEntityFromResultSet - Enter createEntityFromResultSet
17 Mar 2025 04:08:41,981 TRACE ro.mpp2024.utils.JdbcUtils 48 getConnection - Enter
17 Mar 2025 04:08:41,982 TRACE ro.mpp2024.utils.JdbcUtils 57 getConnection - Exit with(org.sqlite.jdbc4.JDBC4Connection@29647f75)
17 Mar 2025 04:08:41,982 TRACE ro.mpp2024.repository.RezultatRepository 68 createEntityFromResultSet - Exit with(Rezultat{participant=Participant{nume='Sandu', prenume='Victor', varsta=26}, proba=Proba{nume='Pedalat 600 de m', arbitru=0, categorie=ciclism}, numar_puncte=115})
17 Mar 2025 04:08:41,982 TRACE ro.mpp2024.repository.RezultatRepository 32 createEntityFromResultSet - Enter createEntityFromResultSet
17 Mar 2025 04:08:41,982 TRACE ro.mpp2024.utils.JdbcUtils 48 getConnection - Enter
17 Mar 2025 04:08:41,982 TRACE ro.mpp2024.utils.JdbcUtils 57 getConnection - Exit with(org.sqlite.jdbc4.JDBC4Connection@29647f75)
17 Mar 2025 04:08:41,982 TRACE ro.mpp2024.repository.RezultatRepository 68 createEntityFromResultSet - Exit with(Rezultat{participant=Participant{nume='Voicu', prenume='Raluca', varsta=34}, proba=Proba{nume='Pedalat 1000 de m', arbitru=0, categorie=ciclism}, numar_puncte=190})
17 Mar 2025 04:08:41,982 TRACE ro.mpp2024.repository.RezultatRepository 32 createEntityFromResultSet - Enter createEntityFromResultSet
17 Mar 2025 04:08:41,982 TRACE ro.mpp2024.utils.JdbcUtils 48 getConnection - Enter
17 Mar 2025 04:08:41,983 TRACE ro.mpp2024.utils.JdbcUtils 57 getConnection - Exit with(org.sqlite.jdbc4.JDBC4Connection@29647f75)
17 Mar 2025 04:08:41,983 TRACE ro.mpp2024.repository.RezultatRepository 68 createEntityFromResultSet - Exit with(Rezultat{participant=Participant{nume='Popescu', prenume='Ion', varsta=25}, proba=Proba{nume='Inot 50 de m', arbitru=0, categorie=inot}, numar_puncte=148})
17 Mar 2025 04:08:41,983 TRACE ro.mpp2024.repository.RezultatRepository 32 createEntityFromResultSet - Enter createEntityFromResultSet
17 Mar 2025 04:08:41,983 TRACE ro.mpp2024.utils.JdbcUtils 48 getConnection - Enter
17 Mar 2025 04:08:41,983 TRACE ro.mpp2024.utils.JdbcUtils 57 getConnection - Exit with(org.sqlite.jdbc4.JDBC4Connection@29647f75)
17 Mar 2025 04:08:41,984 TRACE ro.mpp2024.repository.RezultatRepository 68 createEntityFromResultSet - Exit with(Rezultat{participant=Participant{nume='Radu', prenume='Cristian', varsta=24}, proba=Proba{nume='Inot 150 de m', arbitru=0, categorie=inot}, numar_puncte=136})
17 Mar 2025 04:08:41,984 TRACE ro.mpp2024.repository.RezultatRepository 32 createEntityFromResultSet - Enter createEntityFromResultSet
17 Mar 2025 04:08:41,984 TRACE ro.mpp2024.utils.JdbcUtils 48 getConnection - Enter
17 Mar 2025 04:08:41,984 TRACE ro.mpp2024.utils.JdbcUtils 57 getConnection - Exit with(org.sqlite.jdbc4.JDBC4Connection@29647f75)
17 Mar 2025 04:08:41,985 TRACE ro.mpp2024.repository.RezultatRepository 68 createEntityFromResultSet - Exit with(Rezultat{participant=Participant{nume='Popa', prenume='Mihai', varsta=35}, proba=Proba{nume='Inot 250 de m', arbitru=0, categorie=inot}, numar_puncte=184})
17 Mar 2025 04:08:41,985 TRACE ro.mpp2024.repository.RezultatRepository 32 createEntityFromResultSet - Enter createEntityFromResultSet
17 Mar 2025 04:08:41,985 TRACE ro.mpp2024.utils.JdbcUtils 48 getConnection - Enter
17 Mar 2025 04:08:41,985 TRACE ro.mpp2024.utils.JdbcUtils 57 getConnection - Exit with(org.sqlite.jdbc4.JDBC4Connection@29647f75)
17 Mar 2025 04:08:41,985 TRACE ro.mpp2024.repository.RezultatRepository 68 createEntityFromResultSet - Exit with(Rezultat{participant=Participant{nume='Vasilescu', prenume='Florin', varsta=23}, proba=Proba{nume='Cursa 100 de m', arbitru=0, categorie=alergat}, numar_puncte=198})
17 Mar 2025 04:08:41,985 TRACE ro.mpp2024.repository.RezultatRepository 32 createEntityFromResultSet - Enter createEntityFromResultSet
17 Mar 2025 04:08:41,986 TRACE ro.mpp2024.utils.JdbcUtils 48 getConnection - Enter
17 Mar 2025 04:08:41,986 TRACE ro.mpp2024.utils.JdbcUtils 57 getConnection - Exit with(org.sqlite.jdbc4.JDBC4Connection@29647f75)
17 Mar 2025 04:08:41,986 TRACE ro.mpp2024.repository.RezultatRepository 68 createEntityFromResultSet - Exit with(Rezultat{participant=Participant{nume='Iliescu', prenume='Daniela', varsta=32}, proba=Proba{nume='Cursa 300 de m', arbitru=0, categorie=alergat}, numar_puncte=125})
17 Mar 2025 04:08:41,986 TRACE ro.mpp2024.repository.RezultatRepository 32 createEntityFromResultSet - Enter createEntityFromResultSet
17 Mar 2025 04:08:41,986 TRACE ro.mpp2024.utils.JdbcUtils 48 getConnection - Enter
17 Mar 2025 04:08:41,986 TRACE ro.mpp2024.utils.JdbcUtils 57 getConnection - Exit with(org.sqlite.jdbc4.JDBC4Connection@29647f75)
17 Mar 2025 04:08:41,986 TRACE ro.mpp2024.repository.RezultatRepository 68 createEntityFromResultSet - Exit with(Rezultat{participant=Participant{nume='Oprea', prenume='Bogdan', varsta=27}, proba=Proba{nume='Cursa 500 de m', arbitru=0, categorie=alergat}, numar_puncte=110})
17 Mar 2025 04:08:41,986 TRACE ro.mpp2024.repository.RezultatRepository 32 createEntityFromResultSet - Enter createEntityFromResultSet
17 Mar 2025 04:08:41,986 TRACE ro.mpp2024.utils.JdbcUtils 48 getConnection - Enter
17 Mar 2025 04:08:41,987 TRACE ro.mpp2024.utils.JdbcUtils 57 getConnection - Exit with(org.sqlite.jdbc4.JDBC4Connection@29647f75)
17 Mar 2025 04:08:41,987 TRACE ro.mpp2024.repository.RezultatRepository 68 createEntityFromResultSet - Exit with(Rezultat{participant=Participant{nume='Filip', prenume='Bianca', varsta=31}, proba=Proba{nume='Pedalat 400 de m', arbitru=0, categorie=ciclism}, numar_puncte=167})
17 Mar 2025 04:08:41,987 TRACE ro.mpp2024.repository.RezultatRepository 32 createEntityFromResultSet - Enter createEntityFromResultSet
17 Mar 2025 04:08:41,987 TRACE ro.mpp2024.utils.JdbcUtils 48 getConnection - Enter
17 Mar 2025 04:08:41,987 TRACE ro.mpp2024.utils.JdbcUtils 57 getConnection - Exit with(org.sqlite.jdbc4.JDBC4Connection@29647f75)
17 Mar 2025 04:08:41,987 TRACE ro.mpp2024.repository.RezultatRepository 68 createEntityFromResultSet - Exit with(Rezultat{participant=Participant{nume='Tudor', prenume='Alexandru', varsta=31}, proba=Proba{nume='Pedalat 800 de m', arbitru=0, categorie=ciclism}, numar_puncte=138})
17 Mar 2025 04:08:41,987 TRACE ro.mpp2024.repository.RezultatRepository 32 createEntityFromResultSet - Enter createEntityFromResultSet
17 Mar 2025 04:08:41,987 TRACE ro.mpp2024.utils.JdbcUtils 48 getConnection - Enter
17 Mar 2025 04:08:41,987 TRACE ro.mpp2024.utils.JdbcUtils 57 getConnection - Exit with(org.sqlite.jdbc4.JDBC4Connection@29647f75)
17 Mar 2025 04:08:41,988 TRACE ro.mpp2024.repository.RezultatRepository 68 createEntityFromResultSet - Exit with(Rezultat{participant=Participant{nume='Munteanu', prenume='Sorin', varsta=21}, proba=Proba{nume='Pedalat 1200 de m', arbitru=0, categorie=ciclism}, numar_puncte=157})
17 Mar 2025 04:08:41,988 TRACE ro.mpp2024.repository.RezultatRepository 32 createEntityFromResultSet - Enter createEntityFromResultSet
17 Mar 2025 04:08:41,988 TRACE ro.mpp2024.utils.JdbcUtils 48 getConnection - Enter
17 Mar 2025 04:08:41,988 TRACE ro.mpp2024.utils.JdbcUtils 57 getConnection - Exit with(org.sqlite.jdbc4.JDBC4Connection@29647f75)
17 Mar 2025 04:08:41,988 TRACE ro.mpp2024.repository.RezultatRepository 68 createEntityFromResultSet - Exit with(Rezultat{participant=Participant{nume='Rusu', prenume='Andreea', varsta=29}, proba=Proba{nume='Inot 100 de m', arbitru=0, categorie=inot}, numar_puncte=192})
17 Mar 2025 04:08:41,988 TRACE ro.mpp2024.repository.RezultatRepository 32 createEntityFromResultSet - Enter createEntityFromResultSet
17 Mar 2025 04:08:41,988 TRACE ro.mpp2024.utils.JdbcUtils 48 getConnection - Enter
17 Mar 2025 04:08:41,988 TRACE ro.mpp2024.utils.JdbcUtils 57 getConnection - Exit with(org.sqlite.jdbc4.JDBC4Connection@29647f75)
17 Mar 2025 04:08:41,989 TRACE ro.mpp2024.repository.RezultatRepository 68 createEntityFromResultSet - Exit with(Rezultat{participant=Participant{nume='nume', prenume='prenume', varsta=20}, proba=Proba{nume='nume', arbitru=0, categorie=ciclism}, numar_puncte=100})
17 Mar 2025 04:08:41,989 TRACE ro.mpp2024.repository.RezultatRepository 32 createEntityFromResultSet - Enter createEntityFromResultSet
17 Mar 2025 04:08:41,989 TRACE ro.mpp2024.utils.JdbcUtils 48 getConnection - Enter
17 Mar 2025 04:08:41,989 TRACE ro.mpp2024.utils.JdbcUtils 57 getConnection - Exit with(org.sqlite.jdbc4.JDBC4Connection@29647f75)
17 Mar 2025 04:08:41,989 TRACE ro.mpp2024.repository.RezultatRepository 68 createEntityFromResultSet - Exit with(Rezultat{participant=Participant{nume='nume', prenume='prenume', varsta=20}, proba=Proba{nume='nume', arbitru=0, categorie=ciclism}, numar_puncte=100})
17 Mar 2025 04:08:41,989 TRACE ro.mpp2024.repository.RezultatRepository 32 createEntityFromResultSet - Enter createEntityFromResultSet
17 Mar 2025 04:08:41,989 TRACE ro.mpp2024.utils.JdbcUtils 48 getConnection - Enter
17 Mar 2025 04:08:41,989 TRACE ro.mpp2024.utils.JdbcUtils 57 getConnection - Exit with(org.sqlite.jdbc4.JDBC4Connection@29647f75)
17 Mar 2025 04:08:41,990 TRACE ro.mpp2024.repository.RezultatRepository 68 createEntityFromResultSet - Exit with(Rezultat{participant=Participant{nume='nume', prenume='prenume', varsta=20}, proba=Proba{nume='nume', arbitru=0, categorie=ciclism}, numar_puncte=100})
17 Mar 2025 04:08:41,991 TRACE ro.mpp2024.repository.RezultatRepository 89 findAll - Exit with([Rezultat{participant=Participant{nume='Popescu', prenume='Ion', varsta=25}, proba=Proba{nume='Pedalat 200 de m', arbitru=0, categorie=ciclism}, numar_puncte=10}, Rezultat{participant=Participant{nume='Stan', prenume='Ioana', varsta=27}, proba=Proba{nume='Pedalat 200 de m', arbitru=0, categorie=ciclism}, numar_puncte=152}, Rezultat{participant=Participant{nume='Popa', prenume='Mihai', varsta=35}, proba=Proba{nume='Pedalat 400 de m', arbitru=0, categorie=ciclism}, numar_puncte=98}, Rezultat{participant=Participant{nume='Vasilescu', prenume='Florin', varsta=23}, proba=Proba{nume='Pedalat 600 de m', arbitru=0, categorie=ciclism}, numar_puncte=174}, Rezultat{participant=Participant{nume='Radu', prenume='Cristian', varsta=24}, proba=Proba{nume='Pedalat 800 de m', arbitru=0, categorie=ciclism}, numar_puncte=120}, Rezultat{participant=Participant{nume='Grigore', prenume='Stefan', varsta=24}, proba=Proba{nume='Pedalat 1000 de m', arbitru=0, categorie=ciclism}, numar_puncte=145}, Rezultat{participant=Participant{nume='Nistor', prenume='Carmen', varsta=33}, proba=Proba{nume='Pedalat 1200 de m', arbitru=0, categorie=ciclism}, numar_puncte=189}, Rezultat{participant=Participant{nume='Marin', prenume='Ana', varsta=29}, proba=Proba{nume='Inot 50 de m', arbitru=0, categorie=inot}, numar_puncte=134}, Rezultat{participant=Participant{nume='Constantin', prenume='Marius', varsta=30}, proba=Proba{nume='Inot 100 de m', arbitru=0, categorie=inot}, numar_puncte=178}, Rezultat{participant=Participant{nume='Ionescu', prenume='Maria', varsta=30}, proba=Proba{nume='Inot 150 de m', arbitru=0, categorie=inot}, numar_puncte=156}, Rezultat{participant=Participant{nume='Rusu', prenume='Andreea', varsta=29}, proba=Proba{nume='Inot 200 de m', arbitru=0, categorie=inot}, numar_puncte=121}, Rezultat{participant=Participant{nume='Kovacs', prenume='Cristina', varsta=21}, proba=Proba{nume='Inot 250 de m', arbitru=0, categorie=inot}, numar_puncte=199}, Rezultat{participant=Participant{nume='Munteanu', prenume='Sorin', varsta=21}, proba=Proba{nume='Inot 300 de m', arbitru=0, categorie=inot}, numar_puncte=144}, Rezultat{participant=Participant{nume='Iliescu', prenume='Daniela', varsta=32}, proba=Proba{nume='Cursa 100 de m', arbitru=0, categorie=alergat}, numar_puncte=185}, Rezultat{participant=Participant{nume='Georgescu', prenume='Andrei', varsta=22}, proba=Proba{nume='Cursa 200 de m', arbitru=0, categorie=alergat}, numar_puncte=102}, Rezultat{participant=Participant{nume='Oprea', prenume='Bogdan', varsta=27}, proba=Proba{nume='Cursa 300 de m', arbitru=0, categorie=alergat}, numar_puncte=172}, Rezultat{participant=Participant{nume='Stan', prenume='Ioana', varsta=27}, proba=Proba{nume='Cursa 400 de m', arbitru=0, categorie=alergat}, numar_puncte=137}, Rezultat{participant=Participant{nume='Iacob', prenume='Radu', varsta=23}, proba=Proba{nume='Cursa 500 de m', arbitru=0, categorie=alergat}, numar_puncte=195}, Rezultat{participant=Participant{nume='Manole', prenume='Simona', varsta=25}, proba=Proba{nume='Cursa 600 de m', arbitru=0, categorie=alergat}, numar_puncte=117}, Rezultat{participant=Participant{nume='Tudor', prenume='Alexandru', varsta=31}, proba=Proba{nume='Pedalat 200 de m', arbitru=0, categorie=ciclism}, numar_puncte=150}, Rezultat{participant=Participant{nume='Barbu', prenume='Irina', varsta=27}, proba=Proba{nume='Pedalat 600 de m', arbitru=0, categorie=ciclism}, numar_puncte=180}, Rezultat{participant=Participant{nume='Filip', prenume='Bianca', varsta=31}, proba=Proba{nume='Pedalat 1000 de m', arbitru=0, categorie=ciclism}, numar_puncte=140}, Rezultat{participant=Participant{nume='Dobre', prenume='Adriana', varsta=34}, proba=Proba{nume='Inot 50 de m', arbitru=0, categorie=inot}, numar_puncte=165}, Rezultat{participant=Participant{nume='Toma', prenume='Gabriela', varsta=31}, proba=Proba{nume='Inot 150 de m', arbitru=0, categorie=inot}, numar_puncte=132}, Rezultat{participant=Participant{nume='Petrescu', prenume='Gabriel', varsta=26}, proba=Proba{nume='Inot 250 de m', arbitru=0, categorie=inot}, numar_puncte=188}, Rezultat{participant=Participant{nume='Lupu', prenume='George', varsta=33}, proba=Proba{nume='Cursa 100 de m', arbitru=0, categorie=alergat}, numar_puncte=199}, Rezultat{participant=Participant{nume='Enache', prenume='Laura', varsta=29}, proba=Proba{nume='Cursa 300 de m', arbitru=0, categorie=alergat}, numar_puncte=175}, Rezultat{participant=Participant{nume='Dumitrescu', prenume='Elena', varsta=28}, proba=Proba{nume='Cursa 500 de m', arbitru=0, categorie=alergat}, numar_puncte=143}, Rezultat{participant=Participant{nume='Pavel', prenume='Monica', varsta=30}, proba=Proba{nume='Pedalat 400 de m', arbitru=0, categorie=ciclism}, numar_puncte=111}, Rezultat{participant=Participant{nume='Nedelcu', prenume='Alexandra', varsta=28}, proba=Proba{nume='Pedalat 800 de m', arbitru=0, categorie=ciclism}, numar_puncte=169}, Rezultat{participant=Participant{nume='Gheorghe', prenume='Vlad', varsta=28}, proba=Proba{nume='Pedalat 1200 de m', arbitru=0, categorie=ciclism}, numar_puncte=200}, Rezultat{participant=Participant{nume='Dragomir', prenume='Adrian', varsta=26}, proba=Proba{nume='Inot 100 de m', arbitru=0, categorie=inot}, numar_puncte=130}, Rezultat{participant=Participant{nume='Lazar', prenume='Roxana', varsta=25}, proba=Proba{nume='Inot 200 de m', arbitru=0, categorie=inot}, numar_puncte=185}, Rezultat{participant=Participant{nume='Jianu', prenume='Oana', varsta=34}, proba=Proba{nume='Inot 300 de m', arbitru=0, categorie=inot}, numar_puncte=142}, Rezultat{participant=Participant{nume='Hagi', prenume='Diana', varsta=32}, proba=Proba{nume='Cursa 200 de m', arbitru=0, categorie=alergat}, numar_puncte=193}, Rezultat{participant=Participant{nume='Ursu', prenume='Mihail', varsta=24}, proba=Proba{nume='Cursa 400 de m', arbitru=0, categorie=alergat}, numar_puncte=155}, Rezultat{participant=Participant{nume='Vlad', prenume='Anca', varsta=32}, proba=Proba{nume='Cursa 600 de m', arbitru=0, categorie=alergat}, numar_puncte=128}, Rezultat{participant=Participant{nume='Zamfir', prenume='Lucian', varsta=23}, proba=Proba{nume='Pedalat 200 de m', arbitru=0, categorie=ciclism}, numar_puncte=177}, Rezultat{participant=Participant{nume='Sandu', prenume='Victor', varsta=26}, proba=Proba{nume='Pedalat 600 de m', arbitru=0, categorie=ciclism}, numar_puncte=115}, Rezultat{participant=Participant{nume='Voicu', prenume='Raluca', varsta=34}, proba=Proba{nume='Pedalat 1000 de m', arbitru=0, categorie=ciclism}, numar_puncte=190}, Rezultat{participant=Participant{nume='Popescu', prenume='Ion', varsta=25}, proba=Proba{nume='Inot 50 de m', arbitru=0, categorie=inot}, numar_puncte=148}, Rezultat{participant=Participant{nume='Radu', prenume='Cristian', varsta=24}, proba=Proba{nume='Inot 150 de m', arbitru=0, categorie=inot}, numar_puncte=136}, Rezultat{participant=Participant{nume='Popa', prenume='Mihai', varsta=35}, proba=Proba{nume='Inot 250 de m', arbitru=0, categorie=inot}, numar_puncte=184}, Rezultat{participant=Participant{nume='Vasilescu', prenume='Florin', varsta=23}, proba=Proba{nume='Cursa 100 de m', arbitru=0, categorie=alergat}, numar_puncte=198}, Rezultat{participant=Participant{nume='Iliescu', prenume='Daniela', varsta=32}, proba=Proba{nume='Cursa 300 de m', arbitru=0, categorie=alergat}, numar_puncte=125}, Rezultat{participant=Participant{nume='Oprea', prenume='Bogdan', varsta=27}, proba=Proba{nume='Cursa 500 de m', arbitru=0, categorie=alergat}, numar_puncte=110}, Rezultat{participant=Participant{nume='Filip', prenume='Bianca', varsta=31}, proba=Proba{nume='Pedalat 400 de m', arbitru=0, categorie=ciclism}, numar_puncte=167}, Rezultat{participant=Participant{nume='Tudor', prenume='Alexandru', varsta=31}, proba=Proba{nume='Pedalat 800 de m', arbitru=0, categorie=ciclism}, numar_puncte=138}, Rezultat{participant=Participant{nume='Munteanu', prenume='Sorin', varsta=21}, proba=Proba{nume='Pedalat 1200 de m', arbitru=0, categorie=ciclism}, numar_puncte=157}, Rezultat{participant=Participant{nume='Rusu', prenume='Andreea', varsta=29}, proba=Proba{nume='Inot 100 de m', arbitru=0, categorie=inot}, numar_puncte=192}, Rezultat{participant=Participant{nume='nume', prenume='prenume', varsta=20}, proba=Proba{nume='nume', arbitru=0, categorie=ciclism}, numar_puncte=100}, Rezultat{participant=Participant{nume='nume', prenume='prenume', varsta=20}, proba=Proba{nume='nume', arbitru=0, categorie=ciclism}, numar_puncte=100}, Rezultat{participant=Participant{nume='nume', prenume='prenume', varsta=20}, proba=Proba{nume='nume', arbitru=0, categorie=ciclism}, numar_puncte=100}])
17 Mar 2025 04:11:46,017 INFO  ro.mpp2024.repository.ArbitruRepository 25 <init> - Initializing IArbitruRepository with properties: {} 
17 Mar 2025 04:11:46,021 INFO  ro.mpp2024.repository.ProbaRepository 25 <init> - Initializing ProbaRepository with properties: {} 
17 Mar 2025 04:11:46,023 INFO  ro.mpp2024.repository.ParticipantRepository 25 <init> - Initializing ParticipantRepository with properties: {} 
17 Mar 2025 04:11:46,026 INFO  ro.mpp2024.repository.RezultatRepository 26 <init> - Initializing RezultatRepository with properties: {} 
17 Mar 2025 04:11:46,027 TRACE ro.mpp2024.repository.RezultatRepository 75 findAll - Enter
17 Mar 2025 04:11:46,028 TRACE ro.mpp2024.utils.JdbcUtils 48 getConnection - Enter
17 Mar 2025 04:11:46,028 TRACE ro.mpp2024.utils.JdbcUtils 25 getNewConnection - Enter
17 Mar 2025 04:11:46,029 INFO  ro.mpp2024.utils.JdbcUtils 30 getNewConnection - trying to connect to database ... jdbc:sqlite:src/main/resources/triatlon.db
17 Mar 2025 04:11:46,029 INFO  ro.mpp2024.utils.JdbcUtils 31 getNewConnection - user: null
17 Mar 2025 04:11:46,029 INFO  ro.mpp2024.utils.JdbcUtils 32 getNewConnection - pass: null
17 Mar 2025 04:11:46,134 TRACE ro.mpp2024.utils.JdbcUtils 57 getConnection - Exit with(org.sqlite.jdbc4.JDBC4Connection@55b53d44)
17 Mar 2025 04:11:46,136 TRACE ro.mpp2024.repository.RezultatRepository 32 createEntityFromResultSet - Enter createEntityFromResultSet
17 Mar 2025 04:11:46,137 TRACE ro.mpp2024.utils.JdbcUtils 48 getConnection - Enter
17 Mar 2025 04:11:46,137 TRACE ro.mpp2024.utils.JdbcUtils 57 getConnection - Exit with(org.sqlite.jdbc4.JDBC4Connection@55b53d44)
17 Mar 2025 04:11:46,143 TRACE ro.mpp2024.repository.RezultatRepository 68 createEntityFromResultSet - Exit with(Rezultat{participant=Participant{nume='Popescu', prenume='Ion', varsta=25}, proba=Proba{nume='Pedalat 200 de m', arbitru=0, categorie=ciclism}, numar_puncte=10})
17 Mar 2025 04:11:46,143 TRACE ro.mpp2024.repository.RezultatRepository 32 createEntityFromResultSet - Enter createEntityFromResultSet
17 Mar 2025 04:11:46,143 TRACE ro.mpp2024.utils.JdbcUtils 48 getConnection - Enter
17 Mar 2025 04:11:46,144 TRACE ro.mpp2024.utils.JdbcUtils 57 getConnection - Exit with(org.sqlite.jdbc4.JDBC4Connection@55b53d44)
17 Mar 2025 04:11:46,144 TRACE ro.mpp2024.repository.RezultatRepository 68 createEntityFromResultSet - Exit with(Rezultat{participant=Participant{nume='Stan', prenume='Ioana', varsta=27}, proba=Proba{nume='Pedalat 200 de m', arbitru=0, categorie=ciclism}, numar_puncte=152})
17 Mar 2025 04:11:46,144 TRACE ro.mpp2024.repository.RezultatRepository 32 createEntityFromResultSet - Enter createEntityFromResultSet
17 Mar 2025 04:11:46,144 TRACE ro.mpp2024.utils.JdbcUtils 48 getConnection - Enter
17 Mar 2025 04:11:46,144 TRACE ro.mpp2024.utils.JdbcUtils 57 getConnection - Exit with(org.sqlite.jdbc4.JDBC4Connection@55b53d44)
17 Mar 2025 04:11:46,145 TRACE ro.mpp2024.repository.RezultatRepository 68 createEntityFromResultSet - Exit with(Rezultat{participant=Participant{nume='Popa', prenume='Mihai', varsta=35}, proba=Proba{nume='Pedalat 400 de m', arbitru=0, categorie=ciclism}, numar_puncte=98})
17 Mar 2025 04:11:46,145 TRACE ro.mpp2024.repository.RezultatRepository 32 createEntityFromResultSet - Enter createEntityFromResultSet
17 Mar 2025 04:11:46,145 TRACE ro.mpp2024.utils.JdbcUtils 48 getConnection - Enter
17 Mar 2025 04:11:46,145 TRACE ro.mpp2024.utils.JdbcUtils 57 getConnection - Exit with(org.sqlite.jdbc4.JDBC4Connection@55b53d44)
17 Mar 2025 04:11:46,145 TRACE ro.mpp2024.repository.RezultatRepository 68 createEntityFromResultSet - Exit with(Rezultat{participant=Participant{nume='Vasilescu', prenume='Florin', varsta=23}, proba=Proba{nume='Pedalat 600 de m', arbitru=0, categorie=ciclism}, numar_puncte=174})
17 Mar 2025 04:11:46,145 TRACE ro.mpp2024.repository.RezultatRepository 32 createEntityFromResultSet - Enter createEntityFromResultSet
17 Mar 2025 04:11:46,146 TRACE ro.mpp2024.utils.JdbcUtils 48 getConnection - Enter
17 Mar 2025 04:11:46,146 TRACE ro.mpp2024.utils.JdbcUtils 57 getConnection - Exit with(org.sqlite.jdbc4.JDBC4Connection@55b53d44)
17 Mar 2025 04:11:46,146 TRACE ro.mpp2024.repository.RezultatRepository 68 createEntityFromResultSet - Exit with(Rezultat{participant=Participant{nume='Radu', prenume='Cristian', varsta=24}, proba=Proba{nume='Pedalat 800 de m', arbitru=0, categorie=ciclism}, numar_puncte=120})
17 Mar 2025 04:11:46,146 TRACE ro.mpp2024.repository.RezultatRepository 32 createEntityFromResultSet - Enter createEntityFromResultSet
17 Mar 2025 04:11:46,147 TRACE ro.mpp2024.utils.JdbcUtils 48 getConnection - Enter
17 Mar 2025 04:11:46,147 TRACE ro.mpp2024.utils.JdbcUtils 57 getConnection - Exit with(org.sqlite.jdbc4.JDBC4Connection@55b53d44)
17 Mar 2025 04:11:46,147 TRACE ro.mpp2024.repository.RezultatRepository 68 createEntityFromResultSet - Exit with(Rezultat{participant=Participant{nume='Grigore', prenume='Stefan', varsta=24}, proba=Proba{nume='Pedalat 1000 de m', arbitru=0, categorie=ciclism}, numar_puncte=145})
17 Mar 2025 04:11:46,147 TRACE ro.mpp2024.repository.RezultatRepository 32 createEntityFromResultSet - Enter createEntityFromResultSet
17 Mar 2025 04:11:46,147 TRACE ro.mpp2024.utils.JdbcUtils 48 getConnection - Enter
17 Mar 2025 04:11:46,148 TRACE ro.mpp2024.utils.JdbcUtils 57 getConnection - Exit with(org.sqlite.jdbc4.JDBC4Connection@55b53d44)
17 Mar 2025 04:11:46,148 TRACE ro.mpp2024.repository.RezultatRepository 68 createEntityFromResultSet - Exit with(Rezultat{participant=Participant{nume='Nistor', prenume='Carmen', varsta=33}, proba=Proba{nume='Pedalat 1200 de m', arbitru=0, categorie=ciclism}, numar_puncte=189})
17 Mar 2025 04:11:46,148 TRACE ro.mpp2024.repository.RezultatRepository 32 createEntityFromResultSet - Enter createEntityFromResultSet
17 Mar 2025 04:11:46,148 TRACE ro.mpp2024.utils.JdbcUtils 48 getConnection - Enter
17 Mar 2025 04:11:46,148 TRACE ro.mpp2024.utils.JdbcUtils 57 getConnection - Exit with(org.sqlite.jdbc4.JDBC4Connection@55b53d44)
17 Mar 2025 04:11:46,148 TRACE ro.mpp2024.repository.RezultatRepository 68 createEntityFromResultSet - Exit with(Rezultat{participant=Participant{nume='Marin', prenume='Ana', varsta=29}, proba=Proba{nume='Inot 50 de m', arbitru=0, categorie=inot}, numar_puncte=134})
17 Mar 2025 04:11:46,149 TRACE ro.mpp2024.repository.RezultatRepository 32 createEntityFromResultSet - Enter createEntityFromResultSet
17 Mar 2025 04:11:46,149 TRACE ro.mpp2024.utils.JdbcUtils 48 getConnection - Enter
17 Mar 2025 04:11:46,149 TRACE ro.mpp2024.utils.JdbcUtils 57 getConnection - Exit with(org.sqlite.jdbc4.JDBC4Connection@55b53d44)
17 Mar 2025 04:11:46,149 TRACE ro.mpp2024.repository.RezultatRepository 68 createEntityFromResultSet - Exit with(Rezultat{participant=Participant{nume='Constantin', prenume='Marius', varsta=30}, proba=Proba{nume='Inot 100 de m', arbitru=0, categorie=inot}, numar_puncte=178})
17 Mar 2025 04:11:46,149 TRACE ro.mpp2024.repository.RezultatRepository 32 createEntityFromResultSet - Enter createEntityFromResultSet
17 Mar 2025 04:11:46,150 TRACE ro.mpp2024.utils.JdbcUtils 48 getConnection - Enter
17 Mar 2025 04:11:46,150 TRACE ro.mpp2024.utils.JdbcUtils 57 getConnection - Exit with(org.sqlite.jdbc4.JDBC4Connection@55b53d44)
17 Mar 2025 04:11:46,150 TRACE ro.mpp2024.repository.RezultatRepository 68 createEntityFromResultSet - Exit with(Rezultat{participant=Participant{nume='Ionescu', prenume='Maria', varsta=30}, proba=Proba{nume='Inot 150 de m', arbitru=0, categorie=inot}, numar_puncte=156})
17 Mar 2025 04:11:46,150 TRACE ro.mpp2024.repository.RezultatRepository 32 createEntityFromResultSet - Enter createEntityFromResultSet
17 Mar 2025 04:11:46,150 TRACE ro.mpp2024.utils.JdbcUtils 48 getConnection - Enter
17 Mar 2025 04:11:46,150 TRACE ro.mpp2024.utils.JdbcUtils 57 getConnection - Exit with(org.sqlite.jdbc4.JDBC4Connection@55b53d44)
17 Mar 2025 04:11:46,150 TRACE ro.mpp2024.repository.RezultatRepository 68 createEntityFromResultSet - Exit with(Rezultat{participant=Participant{nume='Rusu', prenume='Andreea', varsta=29}, proba=Proba{nume='Inot 200 de m', arbitru=0, categorie=inot}, numar_puncte=121})
17 Mar 2025 04:11:46,151 TRACE ro.mpp2024.repository.RezultatRepository 32 createEntityFromResultSet - Enter createEntityFromResultSet
17 Mar 2025 04:11:46,151 TRACE ro.mpp2024.utils.JdbcUtils 48 getConnection - Enter
17 Mar 2025 04:11:46,151 TRACE ro.mpp2024.utils.JdbcUtils 57 getConnection - Exit with(org.sqlite.jdbc4.JDBC4Connection@55b53d44)
17 Mar 2025 04:11:46,151 TRACE ro.mpp2024.repository.RezultatRepository 68 createEntityFromResultSet - Exit with(Rezultat{participant=Participant{nume='Kovacs', prenume='Cristina', varsta=21}, proba=Proba{nume='Inot 250 de m', arbitru=0, categorie=inot}, numar_puncte=199})
17 Mar 2025 04:11:46,151 TRACE ro.mpp2024.repository.RezultatRepository 32 createEntityFromResultSet - Enter createEntityFromResultSet
17 Mar 2025 04:11:46,151 TRACE ro.mpp2024.utils.JdbcUtils 48 getConnection - Enter
17 Mar 2025 04:11:46,151 TRACE ro.mpp2024.utils.JdbcUtils 57 getConnection - Exit with(org.sqlite.jdbc4.JDBC4Connection@55b53d44)
17 Mar 2025 04:11:46,152 TRACE ro.mpp2024.repository.RezultatRepository 68 createEntityFromResultSet - Exit with(Rezultat{participant=Participant{nume='Munteanu', prenume='Sorin', varsta=21}, proba=Proba{nume='Inot 300 de m', arbitru=0, categorie=inot}, numar_puncte=144})
17 Mar 2025 04:11:46,152 TRACE ro.mpp2024.repository.RezultatRepository 32 createEntityFromResultSet - Enter createEntityFromResultSet
17 Mar 2025 04:11:46,152 TRACE ro.mpp2024.utils.JdbcUtils 48 getConnection - Enter
17 Mar 2025 04:11:46,152 TRACE ro.mpp2024.utils.JdbcUtils 57 getConnection - Exit with(org.sqlite.jdbc4.JDBC4Connection@55b53d44)
17 Mar 2025 04:11:46,152 TRACE ro.mpp2024.repository.RezultatRepository 68 createEntityFromResultSet - Exit with(Rezultat{participant=Participant{nume='Iliescu', prenume='Daniela', varsta=32}, proba=Proba{nume='Cursa 100 de m', arbitru=0, categorie=alergat}, numar_puncte=185})
17 Mar 2025 04:11:46,152 TRACE ro.mpp2024.repository.RezultatRepository 32 createEntityFromResultSet - Enter createEntityFromResultSet
17 Mar 2025 04:11:46,152 TRACE ro.mpp2024.utils.JdbcUtils 48 getConnection - Enter
17 Mar 2025 04:11:46,153 TRACE ro.mpp2024.utils.JdbcUtils 57 getConnection - Exit with(org.sqlite.jdbc4.JDBC4Connection@55b53d44)
17 Mar 2025 04:11:46,153 TRACE ro.mpp2024.repository.RezultatRepository 68 createEntityFromResultSet - Exit with(Rezultat{participant=Participant{nume='Georgescu', prenume='Andrei', varsta=22}, proba=Proba{nume='Cursa 200 de m', arbitru=0, categorie=alergat}, numar_puncte=102})
17 Mar 2025 04:11:46,153 TRACE ro.mpp2024.repository.RezultatRepository 32 createEntityFromResultSet - Enter createEntityFromResultSet
17 Mar 2025 04:11:46,153 TRACE ro.mpp2024.utils.JdbcUtils 48 getConnection - Enter
17 Mar 2025 04:11:46,153 TRACE ro.mpp2024.utils.JdbcUtils 57 getConnection - Exit with(org.sqlite.jdbc4.JDBC4Connection@55b53d44)
17 Mar 2025 04:11:46,153 TRACE ro.mpp2024.repository.RezultatRepository 68 createEntityFromResultSet - Exit with(Rezultat{participant=Participant{nume='Oprea', prenume='Bogdan', varsta=27}, proba=Proba{nume='Cursa 300 de m', arbitru=0, categorie=alergat}, numar_puncte=172})
17 Mar 2025 04:11:46,153 TRACE ro.mpp2024.repository.RezultatRepository 32 createEntityFromResultSet - Enter createEntityFromResultSet
17 Mar 2025 04:11:46,154 TRACE ro.mpp2024.utils.JdbcUtils 48 getConnection - Enter
17 Mar 2025 04:11:46,154 TRACE ro.mpp2024.utils.JdbcUtils 57 getConnection - Exit with(org.sqlite.jdbc4.JDBC4Connection@55b53d44)
17 Mar 2025 04:11:46,154 TRACE ro.mpp2024.repository.RezultatRepository 68 createEntityFromResultSet - Exit with(Rezultat{participant=Participant{nume='Stan', prenume='Ioana', varsta=27}, proba=Proba{nume='Cursa 400 de m', arbitru=0, categorie=alergat}, numar_puncte=137})
17 Mar 2025 04:11:46,154 TRACE ro.mpp2024.repository.RezultatRepository 32 createEntityFromResultSet - Enter createEntityFromResultSet
17 Mar 2025 04:11:46,154 TRACE ro.mpp2024.utils.JdbcUtils 48 getConnection - Enter
17 Mar 2025 04:11:46,154 TRACE ro.mpp2024.utils.JdbcUtils 57 getConnection - Exit with(org.sqlite.jdbc4.JDBC4Connection@55b53d44)
17 Mar 2025 04:11:46,155 TRACE ro.mpp2024.repository.RezultatRepository 68 createEntityFromResultSet - Exit with(Rezultat{participant=Participant{nume='Iacob', prenume='Radu', varsta=23}, proba=Proba{nume='Cursa 500 de m', arbitru=0, categorie=alergat}, numar_puncte=195})
17 Mar 2025 04:11:46,155 TRACE ro.mpp2024.repository.RezultatRepository 32 createEntityFromResultSet - Enter createEntityFromResultSet
17 Mar 2025 04:11:46,155 TRACE ro.mpp2024.utils.JdbcUtils 48 getConnection - Enter
17 Mar 2025 04:11:46,155 TRACE ro.mpp2024.utils.JdbcUtils 57 getConnection - Exit with(org.sqlite.jdbc4.JDBC4Connection@55b53d44)
17 Mar 2025 04:11:46,155 TRACE ro.mpp2024.repository.RezultatRepository 68 createEntityFromResultSet - Exit with(Rezultat{participant=Participant{nume='Manole', prenume='Simona', varsta=25}, proba=Proba{nume='Cursa 600 de m', arbitru=0, categorie=alergat}, numar_puncte=117})
17 Mar 2025 04:11:46,155 TRACE ro.mpp2024.repository.RezultatRepository 32 createEntityFromResultSet - Enter createEntityFromResultSet
17 Mar 2025 04:11:46,155 TRACE ro.mpp2024.utils.JdbcUtils 48 getConnection - Enter
17 Mar 2025 04:11:46,155 TRACE ro.mpp2024.utils.JdbcUtils 57 getConnection - Exit with(org.sqlite.jdbc4.JDBC4Connection@55b53d44)
17 Mar 2025 04:11:46,156 TRACE ro.mpp2024.repository.RezultatRepository 68 createEntityFromResultSet - Exit with(Rezultat{participant=Participant{nume='Tudor', prenume='Alexandru', varsta=31}, proba=Proba{nume='Pedalat 200 de m', arbitru=0, categorie=ciclism}, numar_puncte=150})
17 Mar 2025 04:11:46,156 TRACE ro.mpp2024.repository.RezultatRepository 32 createEntityFromResultSet - Enter createEntityFromResultSet
17 Mar 2025 04:11:46,156 TRACE ro.mpp2024.utils.JdbcUtils 48 getConnection - Enter
17 Mar 2025 04:11:46,156 TRACE ro.mpp2024.utils.JdbcUtils 57 getConnection - Exit with(org.sqlite.jdbc4.JDBC4Connection@55b53d44)
17 Mar 2025 04:11:46,156 TRACE ro.mpp2024.repository.RezultatRepository 68 createEntityFromResultSet - Exit with(Rezultat{participant=Participant{nume='Barbu', prenume='Irina', varsta=27}, proba=Proba{nume='Pedalat 600 de m', arbitru=0, categorie=ciclism}, numar_puncte=180})
17 Mar 2025 04:11:46,156 TRACE ro.mpp2024.repository.RezultatRepository 32 createEntityFromResultSet - Enter createEntityFromResultSet
17 Mar 2025 04:11:46,156 TRACE ro.mpp2024.utils.JdbcUtils 48 getConnection - Enter
17 Mar 2025 04:11:46,157 TRACE ro.mpp2024.utils.JdbcUtils 57 getConnection - Exit with(org.sqlite.jdbc4.JDBC4Connection@55b53d44)
17 Mar 2025 04:11:46,157 TRACE ro.mpp2024.repository.RezultatRepository 68 createEntityFromResultSet - Exit with(Rezultat{participant=Participant{nume='Filip', prenume='Bianca', varsta=31}, proba=Proba{nume='Pedalat 1000 de m', arbitru=0, categorie=ciclism}, numar_puncte=140})
17 Mar 2025 04:11:46,157 TRACE ro.mpp2024.repository.RezultatRepository 32 createEntityFromResultSet - Enter createEntityFromResultSet
17 Mar 2025 04:11:46,157 TRACE ro.mpp2024.utils.JdbcUtils 48 getConnection - Enter
17 Mar 2025 04:11:46,157 TRACE ro.mpp2024.utils.JdbcUtils 57 getConnection - Exit with(org.sqlite.jdbc4.JDBC4Connection@55b53d44)
17 Mar 2025 04:11:46,157 TRACE ro.mpp2024.repository.RezultatRepository 68 createEntityFromResultSet - Exit with(Rezultat{participant=Participant{nume='Dobre', prenume='Adriana', varsta=34}, proba=Proba{nume='Inot 50 de m', arbitru=0, categorie=inot}, numar_puncte=165})
17 Mar 2025 04:11:46,157 TRACE ro.mpp2024.repository.RezultatRepository 32 createEntityFromResultSet - Enter createEntityFromResultSet
17 Mar 2025 04:11:46,158 TRACE ro.mpp2024.utils.JdbcUtils 48 getConnection - Enter
17 Mar 2025 04:11:46,158 TRACE ro.mpp2024.utils.JdbcUtils 57 getConnection - Exit with(org.sqlite.jdbc4.JDBC4Connection@55b53d44)
17 Mar 2025 04:11:46,158 TRACE ro.mpp2024.repository.RezultatRepository 68 createEntityFromResultSet - Exit with(Rezultat{participant=Participant{nume='Toma', prenume='Gabriela', varsta=31}, proba=Proba{nume='Inot 150 de m', arbitru=0, categorie=inot}, numar_puncte=132})
17 Mar 2025 04:11:46,158 TRACE ro.mpp2024.repository.RezultatRepository 32 createEntityFromResultSet - Enter createEntityFromResultSet
17 Mar 2025 04:11:46,158 TRACE ro.mpp2024.utils.JdbcUtils 48 getConnection - Enter
17 Mar 2025 04:11:46,158 TRACE ro.mpp2024.utils.JdbcUtils 57 getConnection - Exit with(org.sqlite.jdbc4.JDBC4Connection@55b53d44)
17 Mar 2025 04:11:46,158 TRACE ro.mpp2024.repository.RezultatRepository 68 createEntityFromResultSet - Exit with(Rezultat{participant=Participant{nume='Petrescu', prenume='Gabriel', varsta=26}, proba=Proba{nume='Inot 250 de m', arbitru=0, categorie=inot}, numar_puncte=188})
17 Mar 2025 04:11:46,158 TRACE ro.mpp2024.repository.RezultatRepository 32 createEntityFromResultSet - Enter createEntityFromResultSet
17 Mar 2025 04:11:46,158 TRACE ro.mpp2024.utils.JdbcUtils 48 getConnection - Enter
17 Mar 2025 04:11:46,159 TRACE ro.mpp2024.utils.JdbcUtils 57 getConnection - Exit with(org.sqlite.jdbc4.JDBC4Connection@55b53d44)
17 Mar 2025 04:11:46,159 TRACE ro.mpp2024.repository.RezultatRepository 68 createEntityFromResultSet - Exit with(Rezultat{participant=Participant{nume='Lupu', prenume='George', varsta=33}, proba=Proba{nume='Cursa 100 de m', arbitru=0, categorie=alergat}, numar_puncte=199})
17 Mar 2025 04:11:46,159 TRACE ro.mpp2024.repository.RezultatRepository 32 createEntityFromResultSet - Enter createEntityFromResultSet
17 Mar 2025 04:11:46,159 TRACE ro.mpp2024.utils.JdbcUtils 48 getConnection - Enter
17 Mar 2025 04:11:46,159 TRACE ro.mpp2024.utils.JdbcUtils 57 getConnection - Exit with(org.sqlite.jdbc4.JDBC4Connection@55b53d44)
17 Mar 2025 04:11:46,159 TRACE ro.mpp2024.repository.RezultatRepository 68 createEntityFromResultSet - Exit with(Rezultat{participant=Participant{nume='Enache', prenume='Laura', varsta=29}, proba=Proba{nume='Cursa 300 de m', arbitru=0, categorie=alergat}, numar_puncte=175})
17 Mar 2025 04:11:46,159 TRACE ro.mpp2024.repository.RezultatRepository 32 createEntityFromResultSet - Enter createEntityFromResultSet
17 Mar 2025 04:11:46,160 TRACE ro.mpp2024.utils.JdbcUtils 48 getConnection - Enter
17 Mar 2025 04:11:46,160 TRACE ro.mpp2024.utils.JdbcUtils 57 getConnection - Exit with(org.sqlite.jdbc4.JDBC4Connection@55b53d44)
17 Mar 2025 04:11:46,160 TRACE ro.mpp2024.repository.RezultatRepository 68 createEntityFromResultSet - Exit with(Rezultat{participant=Participant{nume='Dumitrescu', prenume='Elena', varsta=28}, proba=Proba{nume='Cursa 500 de m', arbitru=0, categorie=alergat}, numar_puncte=143})
17 Mar 2025 04:11:46,160 TRACE ro.mpp2024.repository.RezultatRepository 32 createEntityFromResultSet - Enter createEntityFromResultSet
17 Mar 2025 04:11:46,160 TRACE ro.mpp2024.utils.JdbcUtils 48 getConnection - Enter
17 Mar 2025 04:11:46,160 TRACE ro.mpp2024.utils.JdbcUtils 57 getConnection - Exit with(org.sqlite.jdbc4.JDBC4Connection@55b53d44)
17 Mar 2025 04:11:46,160 TRACE ro.mpp2024.repository.RezultatRepository 68 createEntityFromResultSet - Exit with(Rezultat{participant=Participant{nume='Pavel', prenume='Monica', varsta=30}, proba=Proba{nume='Pedalat 400 de m', arbitru=0, categorie=ciclism}, numar_puncte=111})
17 Mar 2025 04:11:46,160 TRACE ro.mpp2024.repository.RezultatRepository 32 createEntityFromResultSet - Enter createEntityFromResultSet
17 Mar 2025 04:11:46,161 TRACE ro.mpp2024.utils.JdbcUtils 48 getConnection - Enter
17 Mar 2025 04:11:46,161 TRACE ro.mpp2024.utils.JdbcUtils 57 getConnection - Exit with(org.sqlite.jdbc4.JDBC4Connection@55b53d44)
17 Mar 2025 04:11:46,161 TRACE ro.mpp2024.repository.RezultatRepository 68 createEntityFromResultSet - Exit with(Rezultat{participant=Participant{nume='Nedelcu', prenume='Alexandra', varsta=28}, proba=Proba{nume='Pedalat 800 de m', arbitru=0, categorie=ciclism}, numar_puncte=169})
17 Mar 2025 04:11:46,161 TRACE ro.mpp2024.repository.RezultatRepository 32 createEntityFromResultSet - Enter createEntityFromResultSet
17 Mar 2025 04:11:46,161 TRACE ro.mpp2024.utils.JdbcUtils 48 getConnection - Enter
17 Mar 2025 04:11:46,161 TRACE ro.mpp2024.utils.JdbcUtils 57 getConnection - Exit with(org.sqlite.jdbc4.JDBC4Connection@55b53d44)
17 Mar 2025 04:11:46,162 TRACE ro.mpp2024.repository.RezultatRepository 68 createEntityFromResultSet - Exit with(Rezultat{participant=Participant{nume='Gheorghe', prenume='Vlad', varsta=28}, proba=Proba{nume='Pedalat 1200 de m', arbitru=0, categorie=ciclism}, numar_puncte=200})
17 Mar 2025 04:11:46,162 TRACE ro.mpp2024.repository.RezultatRepository 32 createEntityFromResultSet - Enter createEntityFromResultSet
17 Mar 2025 04:11:46,162 TRACE ro.mpp2024.utils.JdbcUtils 48 getConnection - Enter
17 Mar 2025 04:11:46,162 TRACE ro.mpp2024.utils.JdbcUtils 57 getConnection - Exit with(org.sqlite.jdbc4.JDBC4Connection@55b53d44)
17 Mar 2025 04:11:46,162 TRACE ro.mpp2024.repository.RezultatRepository 68 createEntityFromResultSet - Exit with(Rezultat{participant=Participant{nume='Dragomir', prenume='Adrian', varsta=26}, proba=Proba{nume='Inot 100 de m', arbitru=0, categorie=inot}, numar_puncte=130})
17 Mar 2025 04:11:46,162 TRACE ro.mpp2024.repository.RezultatRepository 32 createEntityFromResultSet - Enter createEntityFromResultSet
17 Mar 2025 04:11:46,162 TRACE ro.mpp2024.utils.JdbcUtils 48 getConnection - Enter
17 Mar 2025 04:11:46,163 TRACE ro.mpp2024.utils.JdbcUtils 57 getConnection - Exit with(org.sqlite.jdbc4.JDBC4Connection@55b53d44)
17 Mar 2025 04:11:46,163 TRACE ro.mpp2024.repository.RezultatRepository 68 createEntityFromResultSet - Exit with(Rezultat{participant=Participant{nume='Lazar', prenume='Roxana', varsta=25}, proba=Proba{nume='Inot 200 de m', arbitru=0, categorie=inot}, numar_puncte=185})
17 Mar 2025 04:11:46,163 TRACE ro.mpp2024.repository.RezultatRepository 32 createEntityFromResultSet - Enter createEntityFromResultSet
17 Mar 2025 04:11:46,163 TRACE ro.mpp2024.utils.JdbcUtils 48 getConnection - Enter
17 Mar 2025 04:11:46,163 TRACE ro.mpp2024.utils.JdbcUtils 57 getConnection - Exit with(org.sqlite.jdbc4.JDBC4Connection@55b53d44)
17 Mar 2025 04:11:46,163 TRACE ro.mpp2024.repository.RezultatRepository 68 createEntityFromResultSet - Exit with(Rezultat{participant=Participant{nume='Jianu', prenume='Oana', varsta=34}, proba=Proba{nume='Inot 300 de m', arbitru=0, categorie=inot}, numar_puncte=142})
17 Mar 2025 04:11:46,163 TRACE ro.mpp2024.repository.RezultatRepository 32 createEntityFromResultSet - Enter createEntityFromResultSet
17 Mar 2025 04:11:46,164 TRACE ro.mpp2024.utils.JdbcUtils 48 getConnection - Enter
17 Mar 2025 04:11:46,164 TRACE ro.mpp2024.utils.JdbcUtils 57 getConnection - Exit with(org.sqlite.jdbc4.JDBC4Connection@55b53d44)
17 Mar 2025 04:11:46,164 TRACE ro.mpp2024.repository.RezultatRepository 68 createEntityFromResultSet - Exit with(Rezultat{participant=Participant{nume='Hagi', prenume='Diana', varsta=32}, proba=Proba{nume='Cursa 200 de m', arbitru=0, categorie=alergat}, numar_puncte=193})
17 Mar 2025 04:11:46,164 TRACE ro.mpp2024.repository.RezultatRepository 32 createEntityFromResultSet - Enter createEntityFromResultSet
17 Mar 2025 04:11:46,164 TRACE ro.mpp2024.utils.JdbcUtils 48 getConnection - Enter
17 Mar 2025 04:11:46,164 TRACE ro.mpp2024.utils.JdbcUtils 57 getConnection - Exit with(org.sqlite.jdbc4.JDBC4Connection@55b53d44)
17 Mar 2025 04:11:46,164 TRACE ro.mpp2024.repository.RezultatRepository 68 createEntityFromResultSet - Exit with(Rezultat{participant=Participant{nume='Ursu', prenume='Mihail', varsta=24}, proba=Proba{nume='Cursa 400 de m', arbitru=0, categorie=alergat}, numar_puncte=155})
17 Mar 2025 04:11:46,164 TRACE ro.mpp2024.repository.RezultatRepository 32 createEntityFromResultSet - Enter createEntityFromResultSet
17 Mar 2025 04:11:46,165 TRACE ro.mpp2024.utils.JdbcUtils 48 getConnection - Enter
17 Mar 2025 04:11:46,165 TRACE ro.mpp2024.utils.JdbcUtils 57 getConnection - Exit with(org.sqlite.jdbc4.JDBC4Connection@55b53d44)
17 Mar 2025 04:11:46,165 TRACE ro.mpp2024.repository.RezultatRepository 68 createEntityFromResultSet - Exit with(Rezultat{participant=Participant{nume='Vlad', prenume='Anca', varsta=32}, proba=Proba{nume='Cursa 600 de m', arbitru=0, categorie=alergat}, numar_puncte=128})
17 Mar 2025 04:11:46,165 TRACE ro.mpp2024.repository.RezultatRepository 32 createEntityFromResultSet - Enter createEntityFromResultSet
17 Mar 2025 04:11:46,165 TRACE ro.mpp2024.utils.JdbcUtils 48 getConnection - Enter
17 Mar 2025 04:11:46,165 TRACE ro.mpp2024.utils.JdbcUtils 57 getConnection - Exit with(org.sqlite.jdbc4.JDBC4Connection@55b53d44)
17 Mar 2025 04:11:46,165 TRACE ro.mpp2024.repository.RezultatRepository 68 createEntityFromResultSet - Exit with(Rezultat{participant=Participant{nume='Zamfir', prenume='Lucian', varsta=23}, proba=Proba{nume='Pedalat 200 de m', arbitru=0, categorie=ciclism}, numar_puncte=177})
17 Mar 2025 04:11:46,165 TRACE ro.mpp2024.repository.RezultatRepository 32 createEntityFromResultSet - Enter createEntityFromResultSet
17 Mar 2025 04:11:46,166 TRACE ro.mpp2024.utils.JdbcUtils 48 getConnection - Enter
17 Mar 2025 04:11:46,166 TRACE ro.mpp2024.utils.JdbcUtils 57 getConnection - Exit with(org.sqlite.jdbc4.JDBC4Connection@55b53d44)
17 Mar 2025 04:11:46,166 TRACE ro.mpp2024.repository.RezultatRepository 68 createEntityFromResultSet - Exit with(Rezultat{participant=Participant{nume='Sandu', prenume='Victor', varsta=26}, proba=Proba{nume='Pedalat 600 de m', arbitru=0, categorie=ciclism}, numar_puncte=115})
17 Mar 2025 04:11:46,166 TRACE ro.mpp2024.repository.RezultatRepository 32 createEntityFromResultSet - Enter createEntityFromResultSet
17 Mar 2025 04:11:46,166 TRACE ro.mpp2024.utils.JdbcUtils 48 getConnection - Enter
17 Mar 2025 04:11:46,166 TRACE ro.mpp2024.utils.JdbcUtils 57 getConnection - Exit with(org.sqlite.jdbc4.JDBC4Connection@55b53d44)
17 Mar 2025 04:11:46,166 TRACE ro.mpp2024.repository.RezultatRepository 68 createEntityFromResultSet - Exit with(Rezultat{participant=Participant{nume='Voicu', prenume='Raluca', varsta=34}, proba=Proba{nume='Pedalat 1000 de m', arbitru=0, categorie=ciclism}, numar_puncte=190})
17 Mar 2025 04:11:46,166 TRACE ro.mpp2024.repository.RezultatRepository 32 createEntityFromResultSet - Enter createEntityFromResultSet
17 Mar 2025 04:11:46,166 TRACE ro.mpp2024.utils.JdbcUtils 48 getConnection - Enter
17 Mar 2025 04:11:46,167 TRACE ro.mpp2024.utils.JdbcUtils 57 getConnection - Exit with(org.sqlite.jdbc4.JDBC4Connection@55b53d44)
17 Mar 2025 04:11:46,167 TRACE ro.mpp2024.repository.RezultatRepository 68 createEntityFromResultSet - Exit with(Rezultat{participant=Participant{nume='Popescu', prenume='Ion', varsta=25}, proba=Proba{nume='Inot 50 de m', arbitru=0, categorie=inot}, numar_puncte=148})
17 Mar 2025 04:11:46,167 TRACE ro.mpp2024.repository.RezultatRepository 32 createEntityFromResultSet - Enter createEntityFromResultSet
17 Mar 2025 04:11:46,167 TRACE ro.mpp2024.utils.JdbcUtils 48 getConnection - Enter
17 Mar 2025 04:11:46,167 TRACE ro.mpp2024.utils.JdbcUtils 57 getConnection - Exit with(org.sqlite.jdbc4.JDBC4Connection@55b53d44)
17 Mar 2025 04:11:46,167 TRACE ro.mpp2024.repository.RezultatRepository 68 createEntityFromResultSet - Exit with(Rezultat{participant=Participant{nume='Radu', prenume='Cristian', varsta=24}, proba=Proba{nume='Inot 150 de m', arbitru=0, categorie=inot}, numar_puncte=136})
17 Mar 2025 04:11:46,167 TRACE ro.mpp2024.repository.RezultatRepository 32 createEntityFromResultSet - Enter createEntityFromResultSet
17 Mar 2025 04:11:46,168 TRACE ro.mpp2024.utils.JdbcUtils 48 getConnection - Enter
17 Mar 2025 04:11:46,168 TRACE ro.mpp2024.utils.JdbcUtils 57 getConnection - Exit with(org.sqlite.jdbc4.JDBC4Connection@55b53d44)
17 Mar 2025 04:11:46,168 TRACE ro.mpp2024.repository.RezultatRepository 68 createEntityFromResultSet - Exit with(Rezultat{participant=Participant{nume='Popa', prenume='Mihai', varsta=35}, proba=Proba{nume='Inot 250 de m', arbitru=0, categorie=inot}, numar_puncte=184})
17 Mar 2025 04:11:46,168 TRACE ro.mpp2024.repository.RezultatRepository 32 createEntityFromResultSet - Enter createEntityFromResultSet
17 Mar 2025 04:11:46,168 TRACE ro.mpp2024.utils.JdbcUtils 48 getConnection - Enter
17 Mar 2025 04:11:46,168 TRACE ro.mpp2024.utils.JdbcUtils 57 getConnection - Exit with(org.sqlite.jdbc4.JDBC4Connection@55b53d44)
17 Mar 2025 04:11:46,168 TRACE ro.mpp2024.repository.RezultatRepository 68 createEntityFromResultSet - Exit with(Rezultat{participant=Participant{nume='Vasilescu', prenume='Florin', varsta=23}, proba=Proba{nume='Cursa 100 de m', arbitru=0, categorie=alergat}, numar_puncte=198})
17 Mar 2025 04:11:46,168 TRACE ro.mpp2024.repository.RezultatRepository 32 createEntityFromResultSet - Enter createEntityFromResultSet
17 Mar 2025 04:11:46,169 TRACE ro.mpp2024.utils.JdbcUtils 48 getConnection - Enter
17 Mar 2025 04:11:46,169 TRACE ro.mpp2024.utils.JdbcUtils 57 getConnection - Exit with(org.sqlite.jdbc4.JDBC4Connection@55b53d44)
17 Mar 2025 04:11:46,169 TRACE ro.mpp2024.repository.RezultatRepository 68 createEntityFromResultSet - Exit with(Rezultat{participant=Participant{nume='Iliescu', prenume='Daniela', varsta=32}, proba=Proba{nume='Cursa 300 de m', arbitru=0, categorie=alergat}, numar_puncte=125})
17 Mar 2025 04:11:46,169 TRACE ro.mpp2024.repository.RezultatRepository 32 createEntityFromResultSet - Enter createEntityFromResultSet
17 Mar 2025 04:11:46,169 TRACE ro.mpp2024.utils.JdbcUtils 48 getConnection - Enter
17 Mar 2025 04:11:46,169 TRACE ro.mpp2024.utils.JdbcUtils 57 getConnection - Exit with(org.sqlite.jdbc4.JDBC4Connection@55b53d44)
17 Mar 2025 04:11:46,169 TRACE ro.mpp2024.repository.RezultatRepository 68 createEntityFromResultSet - Exit with(Rezultat{participant=Participant{nume='Oprea', prenume='Bogdan', varsta=27}, proba=Proba{nume='Cursa 500 de m', arbitru=0, categorie=alergat}, numar_puncte=110})
17 Mar 2025 04:11:46,169 TRACE ro.mpp2024.repository.RezultatRepository 32 createEntityFromResultSet - Enter createEntityFromResultSet
17 Mar 2025 04:11:46,169 TRACE ro.mpp2024.utils.JdbcUtils 48 getConnection - Enter
17 Mar 2025 04:11:46,170 TRACE ro.mpp2024.utils.JdbcUtils 57 getConnection - Exit with(org.sqlite.jdbc4.JDBC4Connection@55b53d44)
17 Mar 2025 04:11:46,170 TRACE ro.mpp2024.repository.RezultatRepository 68 createEntityFromResultSet - Exit with(Rezultat{participant=Participant{nume='Filip', prenume='Bianca', varsta=31}, proba=Proba{nume='Pedalat 400 de m', arbitru=0, categorie=ciclism}, numar_puncte=167})
17 Mar 2025 04:11:46,170 TRACE ro.mpp2024.repository.RezultatRepository 32 createEntityFromResultSet - Enter createEntityFromResultSet
17 Mar 2025 04:11:46,170 TRACE ro.mpp2024.utils.JdbcUtils 48 getConnection - Enter
17 Mar 2025 04:11:46,170 TRACE ro.mpp2024.utils.JdbcUtils 57 getConnection - Exit with(org.sqlite.jdbc4.JDBC4Connection@55b53d44)
17 Mar 2025 04:11:46,170 TRACE ro.mpp2024.repository.RezultatRepository 68 createEntityFromResultSet - Exit with(Rezultat{participant=Participant{nume='Tudor', prenume='Alexandru', varsta=31}, proba=Proba{nume='Pedalat 800 de m', arbitru=0, categorie=ciclism}, numar_puncte=138})
17 Mar 2025 04:11:46,170 TRACE ro.mpp2024.repository.RezultatRepository 32 createEntityFromResultSet - Enter createEntityFromResultSet
17 Mar 2025 04:11:46,170 TRACE ro.mpp2024.utils.JdbcUtils 48 getConnection - Enter
17 Mar 2025 04:11:46,170 TRACE ro.mpp2024.utils.JdbcUtils 57 getConnection - Exit with(org.sqlite.jdbc4.JDBC4Connection@55b53d44)
17 Mar 2025 04:11:46,171 TRACE ro.mpp2024.repository.RezultatRepository 68 createEntityFromResultSet - Exit with(Rezultat{participant=Participant{nume='Munteanu', prenume='Sorin', varsta=21}, proba=Proba{nume='Pedalat 1200 de m', arbitru=0, categorie=ciclism}, numar_puncte=157})
17 Mar 2025 04:11:46,171 TRACE ro.mpp2024.repository.RezultatRepository 32 createEntityFromResultSet - Enter createEntityFromResultSet
17 Mar 2025 04:11:46,171 TRACE ro.mpp2024.utils.JdbcUtils 48 getConnection - Enter
17 Mar 2025 04:11:46,171 TRACE ro.mpp2024.utils.JdbcUtils 57 getConnection - Exit with(org.sqlite.jdbc4.JDBC4Connection@55b53d44)
17 Mar 2025 04:11:46,171 TRACE ro.mpp2024.repository.RezultatRepository 68 createEntityFromResultSet - Exit with(Rezultat{participant=Participant{nume='Rusu', prenume='Andreea', varsta=29}, proba=Proba{nume='Inot 100 de m', arbitru=0, categorie=inot}, numar_puncte=192})
17 Mar 2025 04:11:46,171 TRACE ro.mpp2024.repository.RezultatRepository 32 createEntityFromResultSet - Enter createEntityFromResultSet
17 Mar 2025 04:11:46,171 TRACE ro.mpp2024.utils.JdbcUtils 48 getConnection - Enter
17 Mar 2025 04:11:46,171 TRACE ro.mpp2024.utils.JdbcUtils 57 getConnection - Exit with(org.sqlite.jdbc4.JDBC4Connection@55b53d44)
17 Mar 2025 04:11:46,172 TRACE ro.mpp2024.repository.RezultatRepository 68 createEntityFromResultSet - Exit with(Rezultat{participant=Participant{nume='nume', prenume='prenume', varsta=20}, proba=Proba{nume='nume', arbitru=0, categorie=ciclism}, numar_puncte=100})
17 Mar 2025 04:11:46,172 TRACE ro.mpp2024.repository.RezultatRepository 32 createEntityFromResultSet - Enter createEntityFromResultSet
17 Mar 2025 04:11:46,172 TRACE ro.mpp2024.utils.JdbcUtils 48 getConnection - Enter
17 Mar 2025 04:11:46,172 TRACE ro.mpp2024.utils.JdbcUtils 57 getConnection - Exit with(org.sqlite.jdbc4.JDBC4Connection@55b53d44)
17 Mar 2025 04:11:46,172 TRACE ro.mpp2024.repository.RezultatRepository 68 createEntityFromResultSet - Exit with(Rezultat{participant=Participant{nume='nume', prenume='prenume', varsta=20}, proba=Proba{nume='nume', arbitru=0, categorie=ciclism}, numar_puncte=100})
17 Mar 2025 04:11:46,172 TRACE ro.mpp2024.repository.RezultatRepository 32 createEntityFromResultSet - Enter createEntityFromResultSet
17 Mar 2025 04:11:46,172 TRACE ro.mpp2024.utils.JdbcUtils 48 getConnection - Enter
17 Mar 2025 04:11:46,172 TRACE ro.mpp2024.utils.JdbcUtils 57 getConnection - Exit with(org.sqlite.jdbc4.JDBC4Connection@55b53d44)
17 Mar 2025 04:11:46,172 TRACE ro.mpp2024.repository.RezultatRepository 68 createEntityFromResultSet - Exit with(Rezultat{participant=Participant{nume='nume', prenume='prenume', varsta=20}, proba=Proba{nume='nume', arbitru=0, categorie=ciclism}, numar_puncte=100})
17 Mar 2025 04:11:46,173 TRACE ro.mpp2024.repository.RezultatRepository 89 findAll - Exit with([Rezultat{participant=Participant{nume='Popescu', prenume='Ion', varsta=25}, proba=Proba{nume='Pedalat 200 de m', arbitru=0, categorie=ciclism}, numar_puncte=10}, Rezultat{participant=Participant{nume='Stan', prenume='Ioana', varsta=27}, proba=Proba{nume='Pedalat 200 de m', arbitru=0, categorie=ciclism}, numar_puncte=152}, Rezultat{participant=Participant{nume='Popa', prenume='Mihai', varsta=35}, proba=Proba{nume='Pedalat 400 de m', arbitru=0, categorie=ciclism}, numar_puncte=98}, Rezultat{participant=Participant{nume='Vasilescu', prenume='Florin', varsta=23}, proba=Proba{nume='Pedalat 600 de m', arbitru=0, categorie=ciclism}, numar_puncte=174}, Rezultat{participant=Participant{nume='Radu', prenume='Cristian', varsta=24}, proba=Proba{nume='Pedalat 800 de m', arbitru=0, categorie=ciclism}, numar_puncte=120}, Rezultat{participant=Participant{nume='Grigore', prenume='Stefan', varsta=24}, proba=Proba{nume='Pedalat 1000 de m', arbitru=0, categorie=ciclism}, numar_puncte=145}, Rezultat{participant=Participant{nume='Nistor', prenume='Carmen', varsta=33}, proba=Proba{nume='Pedalat 1200 de m', arbitru=0, categorie=ciclism}, numar_puncte=189}, Rezultat{participant=Participant{nume='Marin', prenume='Ana', varsta=29}, proba=Proba{nume='Inot 50 de m', arbitru=0, categorie=inot}, numar_puncte=134}, Rezultat{participant=Participant{nume='Constantin', prenume='Marius', varsta=30}, proba=Proba{nume='Inot 100 de m', arbitru=0, categorie=inot}, numar_puncte=178}, Rezultat{participant=Participant{nume='Ionescu', prenume='Maria', varsta=30}, proba=Proba{nume='Inot 150 de m', arbitru=0, categorie=inot}, numar_puncte=156}, Rezultat{participant=Participant{nume='Rusu', prenume='Andreea', varsta=29}, proba=Proba{nume='Inot 200 de m', arbitru=0, categorie=inot}, numar_puncte=121}, Rezultat{participant=Participant{nume='Kovacs', prenume='Cristina', varsta=21}, proba=Proba{nume='Inot 250 de m', arbitru=0, categorie=inot}, numar_puncte=199}, Rezultat{participant=Participant{nume='Munteanu', prenume='Sorin', varsta=21}, proba=Proba{nume='Inot 300 de m', arbitru=0, categorie=inot}, numar_puncte=144}, Rezultat{participant=Participant{nume='Iliescu', prenume='Daniela', varsta=32}, proba=Proba{nume='Cursa 100 de m', arbitru=0, categorie=alergat}, numar_puncte=185}, Rezultat{participant=Participant{nume='Georgescu', prenume='Andrei', varsta=22}, proba=Proba{nume='Cursa 200 de m', arbitru=0, categorie=alergat}, numar_puncte=102}, Rezultat{participant=Participant{nume='Oprea', prenume='Bogdan', varsta=27}, proba=Proba{nume='Cursa 300 de m', arbitru=0, categorie=alergat}, numar_puncte=172}, Rezultat{participant=Participant{nume='Stan', prenume='Ioana', varsta=27}, proba=Proba{nume='Cursa 400 de m', arbitru=0, categorie=alergat}, numar_puncte=137}, Rezultat{participant=Participant{nume='Iacob', prenume='Radu', varsta=23}, proba=Proba{nume='Cursa 500 de m', arbitru=0, categorie=alergat}, numar_puncte=195}, Rezultat{participant=Participant{nume='Manole', prenume='Simona', varsta=25}, proba=Proba{nume='Cursa 600 de m', arbitru=0, categorie=alergat}, numar_puncte=117}, Rezultat{participant=Participant{nume='Tudor', prenume='Alexandru', varsta=31}, proba=Proba{nume='Pedalat 200 de m', arbitru=0, categorie=ciclism}, numar_puncte=150}, Rezultat{participant=Participant{nume='Barbu', prenume='Irina', varsta=27}, proba=Proba{nume='Pedalat 600 de m', arbitru=0, categorie=ciclism}, numar_puncte=180}, Rezultat{participant=Participant{nume='Filip', prenume='Bianca', varsta=31}, proba=Proba{nume='Pedalat 1000 de m', arbitru=0, categorie=ciclism}, numar_puncte=140}, Rezultat{participant=Participant{nume='Dobre', prenume='Adriana', varsta=34}, proba=Proba{nume='Inot 50 de m', arbitru=0, categorie=inot}, numar_puncte=165}, Rezultat{participant=Participant{nume='Toma', prenume='Gabriela', varsta=31}, proba=Proba{nume='Inot 150 de m', arbitru=0, categorie=inot}, numar_puncte=132}, Rezultat{participant=Participant{nume='Petrescu', prenume='Gabriel', varsta=26}, proba=Proba{nume='Inot 250 de m', arbitru=0, categorie=inot}, numar_puncte=188}, Rezultat{participant=Participant{nume='Lupu', prenume='George', varsta=33}, proba=Proba{nume='Cursa 100 de m', arbitru=0, categorie=alergat}, numar_puncte=199}, Rezultat{participant=Participant{nume='Enache', prenume='Laura', varsta=29}, proba=Proba{nume='Cursa 300 de m', arbitru=0, categorie=alergat}, numar_puncte=175}, Rezultat{participant=Participant{nume='Dumitrescu', prenume='Elena', varsta=28}, proba=Proba{nume='Cursa 500 de m', arbitru=0, categorie=alergat}, numar_puncte=143}, Rezultat{participant=Participant{nume='Pavel', prenume='Monica', varsta=30}, proba=Proba{nume='Pedalat 400 de m', arbitru=0, categorie=ciclism}, numar_puncte=111}, Rezultat{participant=Participant{nume='Nedelcu', prenume='Alexandra', varsta=28}, proba=Proba{nume='Pedalat 800 de m', arbitru=0, categorie=ciclism}, numar_puncte=169}, Rezultat{participant=Participant{nume='Gheorghe', prenume='Vlad', varsta=28}, proba=Proba{nume='Pedalat 1200 de m', arbitru=0, categorie=ciclism}, numar_puncte=200}, Rezultat{participant=Participant{nume='Dragomir', prenume='Adrian', varsta=26}, proba=Proba{nume='Inot 100 de m', arbitru=0, categorie=inot}, numar_puncte=130}, Rezultat{participant=Participant{nume='Lazar', prenume='Roxana', varsta=25}, proba=Proba{nume='Inot 200 de m', arbitru=0, categorie=inot}, numar_puncte=185}, Rezultat{participant=Participant{nume='Jianu', prenume='Oana', varsta=34}, proba=Proba{nume='Inot 300 de m', arbitru=0, categorie=inot}, numar_puncte=142}, Rezultat{participant=Participant{nume='Hagi', prenume='Diana', varsta=32}, proba=Proba{nume='Cursa 200 de m', arbitru=0, categorie=alergat}, numar_puncte=193}, Rezultat{participant=Participant{nume='Ursu', prenume='Mihail', varsta=24}, proba=Proba{nume='Cursa 400 de m', arbitru=0, categorie=alergat}, numar_puncte=155}, Rezultat{participant=Participant{nume='Vlad', prenume='Anca', varsta=32}, proba=Proba{nume='Cursa 600 de m', arbitru=0, categorie=alergat}, numar_puncte=128}, Rezultat{participant=Participant{nume='Zamfir', prenume='Lucian', varsta=23}, proba=Proba{nume='Pedalat 200 de m', arbitru=0, categorie=ciclism}, numar_puncte=177}, Rezultat{participant=Participant{nume='Sandu', prenume='Victor', varsta=26}, proba=Proba{nume='Pedalat 600 de m', arbitru=0, categorie=ciclism}, numar_puncte=115}, Rezultat{participant=Participant{nume='Voicu', prenume='Raluca', varsta=34}, proba=Proba{nume='Pedalat 1000 de m', arbitru=0, categorie=ciclism}, numar_puncte=190}, Rezultat{participant=Participant{nume='Popescu', prenume='Ion', varsta=25}, proba=Proba{nume='Inot 50 de m', arbitru=0, categorie=inot}, numar_puncte=148}, Rezultat{participant=Participant{nume='Radu', prenume='Cristian', varsta=24}, proba=Proba{nume='Inot 150 de m', arbitru=0, categorie=inot}, numar_puncte=136}, Rezultat{participant=Participant{nume='Popa', prenume='Mihai', varsta=35}, proba=Proba{nume='Inot 250 de m', arbitru=0, categorie=inot}, numar_puncte=184}, Rezultat{participant=Participant{nume='Vasilescu', prenume='Florin', varsta=23}, proba=Proba{nume='Cursa 100 de m', arbitru=0, categorie=alergat}, numar_puncte=198}, Rezultat{participant=Participant{nume='Iliescu', prenume='Daniela', varsta=32}, proba=Proba{nume='Cursa 300 de m', arbitru=0, categorie=alergat}, numar_puncte=125}, Rezultat{participant=Participant{nume='Oprea', prenume='Bogdan', varsta=27}, proba=Proba{nume='Cursa 500 de m', arbitru=0, categorie=alergat}, numar_puncte=110}, Rezultat{participant=Participant{nume='Filip', prenume='Bianca', varsta=31}, proba=Proba{nume='Pedalat 400 de m', arbitru=0, categorie=ciclism}, numar_puncte=167}, Rezultat{participant=Participant{nume='Tudor', prenume='Alexandru', varsta=31}, proba=Proba{nume='Pedalat 800 de m', arbitru=0, categorie=ciclism}, numar_puncte=138}, Rezultat{participant=Participant{nume='Munteanu', prenume='Sorin', varsta=21}, proba=Proba{nume='Pedalat 1200 de m', arbitru=0, categorie=ciclism}, numar_puncte=157}, Rezultat{participant=Participant{nume='Rusu', prenume='Andreea', varsta=29}, proba=Proba{nume='Inot 100 de m', arbitru=0, categorie=inot}, numar_puncte=192}, Rezultat{participant=Participant{nume='nume', prenume='prenume', varsta=20}, proba=Proba{nume='nume', arbitru=0, categorie=ciclism}, numar_puncte=100}, Rezultat{participant=Participant{nume='nume', prenume='prenume', varsta=20}, proba=Proba{nume='nume', arbitru=0, categorie=ciclism}, numar_puncte=100}, Rezultat{participant=Participant{nume='nume', prenume='prenume', varsta=20}, proba=Proba{nume='nume', arbitru=0, categorie=ciclism}, numar_puncte=100}])
17 Mar 2025 04:14:00,926 INFO  ro.mpp2024.repository.ArbitruRepository 25 <init> - Initializing IArbitruRepository with properties: {} 
17 Mar 2025 04:14:00,930 INFO  ro.mpp2024.repository.ProbaRepository 25 <init> - Initializing ProbaRepository with properties: {} 
17 Mar 2025 04:14:00,931 INFO  ro.mpp2024.repository.ParticipantRepository 25 <init> - Initializing ParticipantRepository with properties: {} 
17 Mar 2025 04:14:00,933 INFO  ro.mpp2024.repository.RezultatRepository 26 <init> - Initializing RezultatRepository with properties: {} 
17 Mar 2025 04:14:00,934 TRACE ro.mpp2024.repository.RezultatRepository 75 findAll - Enter
17 Mar 2025 04:14:00,934 TRACE ro.mpp2024.utils.JdbcUtils 48 getConnection - Enter
17 Mar 2025 04:14:00,934 TRACE ro.mpp2024.utils.JdbcUtils 25 getNewConnection - Enter
17 Mar 2025 04:14:00,935 INFO  ro.mpp2024.utils.JdbcUtils 30 getNewConnection - trying to connect to database ... jdbc:sqlite:src/main/resources/triatlon.db
17 Mar 2025 04:14:00,935 INFO  ro.mpp2024.utils.JdbcUtils 31 getNewConnection - user: null
17 Mar 2025 04:14:00,935 INFO  ro.mpp2024.utils.JdbcUtils 32 getNewConnection - pass: null
17 Mar 2025 04:14:01,036 TRACE ro.mpp2024.utils.JdbcUtils 57 getConnection - Exit with(org.sqlite.jdbc4.JDBC4Connection@55b53d44)
17 Mar 2025 04:14:01,039 TRACE ro.mpp2024.repository.RezultatRepository 32 createEntityFromResultSet - Enter createEntityFromResultSet
17 Mar 2025 04:14:01,039 TRACE ro.mpp2024.utils.JdbcUtils 48 getConnection - Enter
17 Mar 2025 04:14:01,040 TRACE ro.mpp2024.utils.JdbcUtils 57 getConnection - Exit with(org.sqlite.jdbc4.JDBC4Connection@55b53d44)
17 Mar 2025 04:14:01,046 TRACE ro.mpp2024.repository.RezultatRepository 68 createEntityFromResultSet - Exit with(Rezultat{participant=Participant{nume='Popescu', prenume='Ion', varsta=25}, proba=Proba{nume='Pedalat 200 de m', arbitru=0, categorie=ciclism}, numar_puncte=10})
17 Mar 2025 04:14:01,046 TRACE ro.mpp2024.repository.RezultatRepository 32 createEntityFromResultSet - Enter createEntityFromResultSet
17 Mar 2025 04:14:01,046 TRACE ro.mpp2024.utils.JdbcUtils 48 getConnection - Enter
17 Mar 2025 04:14:01,046 TRACE ro.mpp2024.utils.JdbcUtils 57 getConnection - Exit with(org.sqlite.jdbc4.JDBC4Connection@55b53d44)
17 Mar 2025 04:14:01,047 TRACE ro.mpp2024.repository.RezultatRepository 68 createEntityFromResultSet - Exit with(Rezultat{participant=Participant{nume='Stan', prenume='Ioana', varsta=27}, proba=Proba{nume='Pedalat 200 de m', arbitru=0, categorie=ciclism}, numar_puncte=152})
17 Mar 2025 04:14:01,047 TRACE ro.mpp2024.repository.RezultatRepository 32 createEntityFromResultSet - Enter createEntityFromResultSet
17 Mar 2025 04:14:01,047 TRACE ro.mpp2024.utils.JdbcUtils 48 getConnection - Enter
17 Mar 2025 04:14:01,047 TRACE ro.mpp2024.utils.JdbcUtils 57 getConnection - Exit with(org.sqlite.jdbc4.JDBC4Connection@55b53d44)
17 Mar 2025 04:14:01,048 TRACE ro.mpp2024.repository.RezultatRepository 68 createEntityFromResultSet - Exit with(Rezultat{participant=Participant{nume='Popa', prenume='Mihai', varsta=35}, proba=Proba{nume='Pedalat 400 de m', arbitru=0, categorie=ciclism}, numar_puncte=98})
17 Mar 2025 04:14:01,048 TRACE ro.mpp2024.repository.RezultatRepository 32 createEntityFromResultSet - Enter createEntityFromResultSet
17 Mar 2025 04:14:01,048 TRACE ro.mpp2024.utils.JdbcUtils 48 getConnection - Enter
17 Mar 2025 04:14:01,048 TRACE ro.mpp2024.utils.JdbcUtils 57 getConnection - Exit with(org.sqlite.jdbc4.JDBC4Connection@55b53d44)
17 Mar 2025 04:14:01,048 TRACE ro.mpp2024.repository.RezultatRepository 68 createEntityFromResultSet - Exit with(Rezultat{participant=Participant{nume='Vasilescu', prenume='Florin', varsta=23}, proba=Proba{nume='Pedalat 600 de m', arbitru=0, categorie=ciclism}, numar_puncte=174})
17 Mar 2025 04:14:01,049 TRACE ro.mpp2024.repository.RezultatRepository 32 createEntityFromResultSet - Enter createEntityFromResultSet
17 Mar 2025 04:14:01,049 TRACE ro.mpp2024.utils.JdbcUtils 48 getConnection - Enter
17 Mar 2025 04:14:01,049 TRACE ro.mpp2024.utils.JdbcUtils 57 getConnection - Exit with(org.sqlite.jdbc4.JDBC4Connection@55b53d44)
17 Mar 2025 04:14:01,049 TRACE ro.mpp2024.repository.RezultatRepository 68 createEntityFromResultSet - Exit with(Rezultat{participant=Participant{nume='Radu', prenume='Cristian', varsta=24}, proba=Proba{nume='Pedalat 800 de m', arbitru=0, categorie=ciclism}, numar_puncte=120})
17 Mar 2025 04:14:01,049 TRACE ro.mpp2024.repository.RezultatRepository 32 createEntityFromResultSet - Enter createEntityFromResultSet
17 Mar 2025 04:14:01,049 TRACE ro.mpp2024.utils.JdbcUtils 48 getConnection - Enter
17 Mar 2025 04:14:01,049 TRACE ro.mpp2024.utils.JdbcUtils 57 getConnection - Exit with(org.sqlite.jdbc4.JDBC4Connection@55b53d44)
17 Mar 2025 04:14:01,050 TRACE ro.mpp2024.repository.RezultatRepository 68 createEntityFromResultSet - Exit with(Rezultat{participant=Participant{nume='Grigore', prenume='Stefan', varsta=24}, proba=Proba{nume='Pedalat 1000 de m', arbitru=0, categorie=ciclism}, numar_puncte=145})
17 Mar 2025 04:14:01,050 TRACE ro.mpp2024.repository.RezultatRepository 32 createEntityFromResultSet - Enter createEntityFromResultSet
17 Mar 2025 04:14:01,050 TRACE ro.mpp2024.utils.JdbcUtils 48 getConnection - Enter
17 Mar 2025 04:14:01,050 TRACE ro.mpp2024.utils.JdbcUtils 57 getConnection - Exit with(org.sqlite.jdbc4.JDBC4Connection@55b53d44)
17 Mar 2025 04:14:01,050 TRACE ro.mpp2024.repository.RezultatRepository 68 createEntityFromResultSet - Exit with(Rezultat{participant=Participant{nume='Nistor', prenume='Carmen', varsta=33}, proba=Proba{nume='Pedalat 1200 de m', arbitru=0, categorie=ciclism}, numar_puncte=189})
17 Mar 2025 04:14:01,050 TRACE ro.mpp2024.repository.RezultatRepository 32 createEntityFromResultSet - Enter createEntityFromResultSet
17 Mar 2025 04:14:01,051 TRACE ro.mpp2024.utils.JdbcUtils 48 getConnection - Enter
17 Mar 2025 04:14:01,051 TRACE ro.mpp2024.utils.JdbcUtils 57 getConnection - Exit with(org.sqlite.jdbc4.JDBC4Connection@55b53d44)
17 Mar 2025 04:14:01,051 TRACE ro.mpp2024.repository.RezultatRepository 68 createEntityFromResultSet - Exit with(Rezultat{participant=Participant{nume='Marin', prenume='Ana', varsta=29}, proba=Proba{nume='Inot 50 de m', arbitru=0, categorie=inot}, numar_puncte=134})
17 Mar 2025 04:14:01,051 TRACE ro.mpp2024.repository.RezultatRepository 32 createEntityFromResultSet - Enter createEntityFromResultSet
17 Mar 2025 04:14:01,051 TRACE ro.mpp2024.utils.JdbcUtils 48 getConnection - Enter
17 Mar 2025 04:14:01,051 TRACE ro.mpp2024.utils.JdbcUtils 57 getConnection - Exit with(org.sqlite.jdbc4.JDBC4Connection@55b53d44)
17 Mar 2025 04:14:01,052 TRACE ro.mpp2024.repository.RezultatRepository 68 createEntityFromResultSet - Exit with(Rezultat{participant=Participant{nume='Constantin', prenume='Marius', varsta=30}, proba=Proba{nume='Inot 100 de m', arbitru=0, categorie=inot}, numar_puncte=178})
17 Mar 2025 04:14:01,052 TRACE ro.mpp2024.repository.RezultatRepository 32 createEntityFromResultSet - Enter createEntityFromResultSet
17 Mar 2025 04:14:01,052 TRACE ro.mpp2024.utils.JdbcUtils 48 getConnection - Enter
17 Mar 2025 04:14:01,052 TRACE ro.mpp2024.utils.JdbcUtils 57 getConnection - Exit with(org.sqlite.jdbc4.JDBC4Connection@55b53d44)
17 Mar 2025 04:14:01,052 TRACE ro.mpp2024.repository.RezultatRepository 68 createEntityFromResultSet - Exit with(Rezultat{participant=Participant{nume='Ionescu', prenume='Maria', varsta=30}, proba=Proba{nume='Inot 150 de m', arbitru=0, categorie=inot}, numar_puncte=156})
17 Mar 2025 04:14:01,052 TRACE ro.mpp2024.repository.RezultatRepository 32 createEntityFromResultSet - Enter createEntityFromResultSet
17 Mar 2025 04:14:01,053 TRACE ro.mpp2024.utils.JdbcUtils 48 getConnection - Enter
17 Mar 2025 04:14:01,053 TRACE ro.mpp2024.utils.JdbcUtils 57 getConnection - Exit with(org.sqlite.jdbc4.JDBC4Connection@55b53d44)
17 Mar 2025 04:14:01,053 TRACE ro.mpp2024.repository.RezultatRepository 68 createEntityFromResultSet - Exit with(Rezultat{participant=Participant{nume='Rusu', prenume='Andreea', varsta=29}, proba=Proba{nume='Inot 200 de m', arbitru=0, categorie=inot}, numar_puncte=121})
17 Mar 2025 04:14:01,053 TRACE ro.mpp2024.repository.RezultatRepository 32 createEntityFromResultSet - Enter createEntityFromResultSet
17 Mar 2025 04:14:01,053 TRACE ro.mpp2024.utils.JdbcUtils 48 getConnection - Enter
17 Mar 2025 04:14:01,053 TRACE ro.mpp2024.utils.JdbcUtils 57 getConnection - Exit with(org.sqlite.jdbc4.JDBC4Connection@55b53d44)
17 Mar 2025 04:14:01,054 TRACE ro.mpp2024.repository.RezultatRepository 68 createEntityFromResultSet - Exit with(Rezultat{participant=Participant{nume='Kovacs', prenume='Cristina', varsta=21}, proba=Proba{nume='Inot 250 de m', arbitru=0, categorie=inot}, numar_puncte=199})
17 Mar 2025 04:14:01,054 TRACE ro.mpp2024.repository.RezultatRepository 32 createEntityFromResultSet - Enter createEntityFromResultSet
17 Mar 2025 04:14:01,054 TRACE ro.mpp2024.utils.JdbcUtils 48 getConnection - Enter
17 Mar 2025 04:14:01,054 TRACE ro.mpp2024.utils.JdbcUtils 57 getConnection - Exit with(org.sqlite.jdbc4.JDBC4Connection@55b53d44)
17 Mar 2025 04:14:01,054 TRACE ro.mpp2024.repository.RezultatRepository 68 createEntityFromResultSet - Exit with(Rezultat{participant=Participant{nume='Munteanu', prenume='Sorin', varsta=21}, proba=Proba{nume='Inot 300 de m', arbitru=0, categorie=inot}, numar_puncte=144})
17 Mar 2025 04:14:01,055 TRACE ro.mpp2024.repository.RezultatRepository 32 createEntityFromResultSet - Enter createEntityFromResultSet
17 Mar 2025 04:14:01,055 TRACE ro.mpp2024.utils.JdbcUtils 48 getConnection - Enter
17 Mar 2025 04:14:01,055 TRACE ro.mpp2024.utils.JdbcUtils 57 getConnection - Exit with(org.sqlite.jdbc4.JDBC4Connection@55b53d44)
17 Mar 2025 04:14:01,055 TRACE ro.mpp2024.repository.RezultatRepository 68 createEntityFromResultSet - Exit with(Rezultat{participant=Participant{nume='Iliescu', prenume='Daniela', varsta=32}, proba=Proba{nume='Cursa 100 de m', arbitru=0, categorie=alergat}, numar_puncte=185})
17 Mar 2025 04:14:01,055 TRACE ro.mpp2024.repository.RezultatRepository 32 createEntityFromResultSet - Enter createEntityFromResultSet
17 Mar 2025 04:14:01,055 TRACE ro.mpp2024.utils.JdbcUtils 48 getConnection - Enter
17 Mar 2025 04:14:01,055 TRACE ro.mpp2024.utils.JdbcUtils 57 getConnection - Exit with(org.sqlite.jdbc4.JDBC4Connection@55b53d44)
17 Mar 2025 04:14:01,056 TRACE ro.mpp2024.repository.RezultatRepository 68 createEntityFromResultSet - Exit with(Rezultat{participant=Participant{nume='Georgescu', prenume='Andrei', varsta=22}, proba=Proba{nume='Cursa 200 de m', arbitru=0, categorie=alergat}, numar_puncte=102})
17 Mar 2025 04:14:01,056 TRACE ro.mpp2024.repository.RezultatRepository 32 createEntityFromResultSet - Enter createEntityFromResultSet
17 Mar 2025 04:14:01,056 TRACE ro.mpp2024.utils.JdbcUtils 48 getConnection - Enter
17 Mar 2025 04:14:01,056 TRACE ro.mpp2024.utils.JdbcUtils 57 getConnection - Exit with(org.sqlite.jdbc4.JDBC4Connection@55b53d44)
17 Mar 2025 04:14:01,056 TRACE ro.mpp2024.repository.RezultatRepository 68 createEntityFromResultSet - Exit with(Rezultat{participant=Participant{nume='Oprea', prenume='Bogdan', varsta=27}, proba=Proba{nume='Cursa 300 de m', arbitru=0, categorie=alergat}, numar_puncte=172})
17 Mar 2025 04:14:01,056 TRACE ro.mpp2024.repository.RezultatRepository 32 createEntityFromResultSet - Enter createEntityFromResultSet
17 Mar 2025 04:14:01,056 TRACE ro.mpp2024.utils.JdbcUtils 48 getConnection - Enter
17 Mar 2025 04:14:01,056 TRACE ro.mpp2024.utils.JdbcUtils 57 getConnection - Exit with(org.sqlite.jdbc4.JDBC4Connection@55b53d44)
17 Mar 2025 04:14:01,057 TRACE ro.mpp2024.repository.RezultatRepository 68 createEntityFromResultSet - Exit with(Rezultat{participant=Participant{nume='Stan', prenume='Ioana', varsta=27}, proba=Proba{nume='Cursa 400 de m', arbitru=0, categorie=alergat}, numar_puncte=137})
17 Mar 2025 04:14:01,057 TRACE ro.mpp2024.repository.RezultatRepository 32 createEntityFromResultSet - Enter createEntityFromResultSet
17 Mar 2025 04:14:01,057 TRACE ro.mpp2024.utils.JdbcUtils 48 getConnection - Enter
17 Mar 2025 04:14:01,057 TRACE ro.mpp2024.utils.JdbcUtils 57 getConnection - Exit with(org.sqlite.jdbc4.JDBC4Connection@55b53d44)
17 Mar 2025 04:14:01,057 TRACE ro.mpp2024.repository.RezultatRepository 68 createEntityFromResultSet - Exit with(Rezultat{participant=Participant{nume='Iacob', prenume='Radu', varsta=23}, proba=Proba{nume='Cursa 500 de m', arbitru=0, categorie=alergat}, numar_puncte=195})
17 Mar 2025 04:14:01,057 TRACE ro.mpp2024.repository.RezultatRepository 32 createEntityFromResultSet - Enter createEntityFromResultSet
17 Mar 2025 04:14:01,057 TRACE ro.mpp2024.utils.JdbcUtils 48 getConnection - Enter
17 Mar 2025 04:14:01,058 TRACE ro.mpp2024.utils.JdbcUtils 57 getConnection - Exit with(org.sqlite.jdbc4.JDBC4Connection@55b53d44)
17 Mar 2025 04:14:01,058 TRACE ro.mpp2024.repository.RezultatRepository 68 createEntityFromResultSet - Exit with(Rezultat{participant=Participant{nume='Manole', prenume='Simona', varsta=25}, proba=Proba{nume='Cursa 600 de m', arbitru=0, categorie=alergat}, numar_puncte=117})
17 Mar 2025 04:14:01,058 TRACE ro.mpp2024.repository.RezultatRepository 32 createEntityFromResultSet - Enter createEntityFromResultSet
17 Mar 2025 04:14:01,058 TRACE ro.mpp2024.utils.JdbcUtils 48 getConnection - Enter
17 Mar 2025 04:14:01,058 TRACE ro.mpp2024.utils.JdbcUtils 57 getConnection - Exit with(org.sqlite.jdbc4.JDBC4Connection@55b53d44)
17 Mar 2025 04:14:01,058 TRACE ro.mpp2024.repository.RezultatRepository 68 createEntityFromResultSet - Exit with(Rezultat{participant=Participant{nume='Tudor', prenume='Alexandru', varsta=31}, proba=Proba{nume='Pedalat 200 de m', arbitru=0, categorie=ciclism}, numar_puncte=150})
17 Mar 2025 04:14:01,059 TRACE ro.mpp2024.repository.RezultatRepository 32 createEntityFromResultSet - Enter createEntityFromResultSet
17 Mar 2025 04:14:01,059 TRACE ro.mpp2024.utils.JdbcUtils 48 getConnection - Enter
17 Mar 2025 04:14:01,059 TRACE ro.mpp2024.utils.JdbcUtils 57 getConnection - Exit with(org.sqlite.jdbc4.JDBC4Connection@55b53d44)
17 Mar 2025 04:14:01,059 TRACE ro.mpp2024.repository.RezultatRepository 68 createEntityFromResultSet - Exit with(Rezultat{participant=Participant{nume='Barbu', prenume='Irina', varsta=27}, proba=Proba{nume='Pedalat 600 de m', arbitru=0, categorie=ciclism}, numar_puncte=180})
17 Mar 2025 04:14:01,059 TRACE ro.mpp2024.repository.RezultatRepository 32 createEntityFromResultSet - Enter createEntityFromResultSet
17 Mar 2025 04:14:01,059 TRACE ro.mpp2024.utils.JdbcUtils 48 getConnection - Enter
17 Mar 2025 04:14:01,059 TRACE ro.mpp2024.utils.JdbcUtils 57 getConnection - Exit with(org.sqlite.jdbc4.JDBC4Connection@55b53d44)
17 Mar 2025 04:14:01,060 TRACE ro.mpp2024.repository.RezultatRepository 68 createEntityFromResultSet - Exit with(Rezultat{participant=Participant{nume='Filip', prenume='Bianca', varsta=31}, proba=Proba{nume='Pedalat 1000 de m', arbitru=0, categorie=ciclism}, numar_puncte=140})
17 Mar 2025 04:14:01,060 TRACE ro.mpp2024.repository.RezultatRepository 32 createEntityFromResultSet - Enter createEntityFromResultSet
17 Mar 2025 04:14:01,060 TRACE ro.mpp2024.utils.JdbcUtils 48 getConnection - Enter
17 Mar 2025 04:14:01,060 TRACE ro.mpp2024.utils.JdbcUtils 57 getConnection - Exit with(org.sqlite.jdbc4.JDBC4Connection@55b53d44)
17 Mar 2025 04:14:01,060 TRACE ro.mpp2024.repository.RezultatRepository 68 createEntityFromResultSet - Exit with(Rezultat{participant=Participant{nume='Dobre', prenume='Adriana', varsta=34}, proba=Proba{nume='Inot 50 de m', arbitru=0, categorie=inot}, numar_puncte=165})
17 Mar 2025 04:14:01,060 TRACE ro.mpp2024.repository.RezultatRepository 32 createEntityFromResultSet - Enter createEntityFromResultSet
17 Mar 2025 04:14:01,060 TRACE ro.mpp2024.utils.JdbcUtils 48 getConnection - Enter
17 Mar 2025 04:14:01,060 TRACE ro.mpp2024.utils.JdbcUtils 57 getConnection - Exit with(org.sqlite.jdbc4.JDBC4Connection@55b53d44)
17 Mar 2025 04:14:01,061 TRACE ro.mpp2024.repository.RezultatRepository 68 createEntityFromResultSet - Exit with(Rezultat{participant=Participant{nume='Toma', prenume='Gabriela', varsta=31}, proba=Proba{nume='Inot 150 de m', arbitru=0, categorie=inot}, numar_puncte=132})
17 Mar 2025 04:14:01,061 TRACE ro.mpp2024.repository.RezultatRepository 32 createEntityFromResultSet - Enter createEntityFromResultSet
17 Mar 2025 04:14:01,061 TRACE ro.mpp2024.utils.JdbcUtils 48 getConnection - Enter
17 Mar 2025 04:14:01,061 TRACE ro.mpp2024.utils.JdbcUtils 57 getConnection - Exit with(org.sqlite.jdbc4.JDBC4Connection@55b53d44)
17 Mar 2025 04:14:01,061 TRACE ro.mpp2024.repository.RezultatRepository 68 createEntityFromResultSet - Exit with(Rezultat{participant=Participant{nume='Petrescu', prenume='Gabriel', varsta=26}, proba=Proba{nume='Inot 250 de m', arbitru=0, categorie=inot}, numar_puncte=188})
17 Mar 2025 04:14:01,061 TRACE ro.mpp2024.repository.RezultatRepository 32 createEntityFromResultSet - Enter createEntityFromResultSet
17 Mar 2025 04:14:01,061 TRACE ro.mpp2024.utils.JdbcUtils 48 getConnection - Enter
17 Mar 2025 04:14:01,061 TRACE ro.mpp2024.utils.JdbcUtils 57 getConnection - Exit with(org.sqlite.jdbc4.JDBC4Connection@55b53d44)
17 Mar 2025 04:14:01,062 TRACE ro.mpp2024.repository.RezultatRepository 68 createEntityFromResultSet - Exit with(Rezultat{participant=Participant{nume='Lupu', prenume='George', varsta=33}, proba=Proba{nume='Cursa 100 de m', arbitru=0, categorie=alergat}, numar_puncte=199})
17 Mar 2025 04:14:01,062 TRACE ro.mpp2024.repository.RezultatRepository 32 createEntityFromResultSet - Enter createEntityFromResultSet
17 Mar 2025 04:14:01,062 TRACE ro.mpp2024.utils.JdbcUtils 48 getConnection - Enter
17 Mar 2025 04:14:01,062 TRACE ro.mpp2024.utils.JdbcUtils 57 getConnection - Exit with(org.sqlite.jdbc4.JDBC4Connection@55b53d44)
17 Mar 2025 04:14:01,062 TRACE ro.mpp2024.repository.RezultatRepository 68 createEntityFromResultSet - Exit with(Rezultat{participant=Participant{nume='Enache', prenume='Laura', varsta=29}, proba=Proba{nume='Cursa 300 de m', arbitru=0, categorie=alergat}, numar_puncte=175})
17 Mar 2025 04:14:01,062 TRACE ro.mpp2024.repository.RezultatRepository 32 createEntityFromResultSet - Enter createEntityFromResultSet
17 Mar 2025 04:14:01,062 TRACE ro.mpp2024.utils.JdbcUtils 48 getConnection - Enter
17 Mar 2025 04:14:01,062 TRACE ro.mpp2024.utils.JdbcUtils 57 getConnection - Exit with(org.sqlite.jdbc4.JDBC4Connection@55b53d44)
17 Mar 2025 04:14:01,063 TRACE ro.mpp2024.repository.RezultatRepository 68 createEntityFromResultSet - Exit with(Rezultat{participant=Participant{nume='Dumitrescu', prenume='Elena', varsta=28}, proba=Proba{nume='Cursa 500 de m', arbitru=0, categorie=alergat}, numar_puncte=143})
17 Mar 2025 04:14:01,063 TRACE ro.mpp2024.repository.RezultatRepository 32 createEntityFromResultSet - Enter createEntityFromResultSet
17 Mar 2025 04:14:01,063 TRACE ro.mpp2024.utils.JdbcUtils 48 getConnection - Enter
17 Mar 2025 04:14:01,063 TRACE ro.mpp2024.utils.JdbcUtils 57 getConnection - Exit with(org.sqlite.jdbc4.JDBC4Connection@55b53d44)
17 Mar 2025 04:14:01,063 TRACE ro.mpp2024.repository.RezultatRepository 68 createEntityFromResultSet - Exit with(Rezultat{participant=Participant{nume='Pavel', prenume='Monica', varsta=30}, proba=Proba{nume='Pedalat 400 de m', arbitru=0, categorie=ciclism}, numar_puncte=111})
17 Mar 2025 04:14:01,063 TRACE ro.mpp2024.repository.RezultatRepository 32 createEntityFromResultSet - Enter createEntityFromResultSet
17 Mar 2025 04:14:01,063 TRACE ro.mpp2024.utils.JdbcUtils 48 getConnection - Enter
17 Mar 2025 04:14:01,064 TRACE ro.mpp2024.utils.JdbcUtils 57 getConnection - Exit with(org.sqlite.jdbc4.JDBC4Connection@55b53d44)
17 Mar 2025 04:14:01,064 TRACE ro.mpp2024.repository.RezultatRepository 68 createEntityFromResultSet - Exit with(Rezultat{participant=Participant{nume='Nedelcu', prenume='Alexandra', varsta=28}, proba=Proba{nume='Pedalat 800 de m', arbitru=0, categorie=ciclism}, numar_puncte=169})
17 Mar 2025 04:14:01,064 TRACE ro.mpp2024.repository.RezultatRepository 32 createEntityFromResultSet - Enter createEntityFromResultSet
17 Mar 2025 04:14:01,064 TRACE ro.mpp2024.utils.JdbcUtils 48 getConnection - Enter
17 Mar 2025 04:14:01,064 TRACE ro.mpp2024.utils.JdbcUtils 57 getConnection - Exit with(org.sqlite.jdbc4.JDBC4Connection@55b53d44)
17 Mar 2025 04:14:01,064 TRACE ro.mpp2024.repository.RezultatRepository 68 createEntityFromResultSet - Exit with(Rezultat{participant=Participant{nume='Gheorghe', prenume='Vlad', varsta=28}, proba=Proba{nume='Pedalat 1200 de m', arbitru=0, categorie=ciclism}, numar_puncte=200})
17 Mar 2025 04:14:01,064 TRACE ro.mpp2024.repository.RezultatRepository 32 createEntityFromResultSet - Enter createEntityFromResultSet
17 Mar 2025 04:14:01,064 TRACE ro.mpp2024.utils.JdbcUtils 48 getConnection - Enter
17 Mar 2025 04:14:01,064 TRACE ro.mpp2024.utils.JdbcUtils 57 getConnection - Exit with(org.sqlite.jdbc4.JDBC4Connection@55b53d44)
17 Mar 2025 04:14:01,065 TRACE ro.mpp2024.repository.RezultatRepository 68 createEntityFromResultSet - Exit with(Rezultat{participant=Participant{nume='Dragomir', prenume='Adrian', varsta=26}, proba=Proba{nume='Inot 100 de m', arbitru=0, categorie=inot}, numar_puncte=130})
17 Mar 2025 04:14:01,065 TRACE ro.mpp2024.repository.RezultatRepository 32 createEntityFromResultSet - Enter createEntityFromResultSet
17 Mar 2025 04:14:01,065 TRACE ro.mpp2024.utils.JdbcUtils 48 getConnection - Enter
17 Mar 2025 04:14:01,065 TRACE ro.mpp2024.utils.JdbcUtils 57 getConnection - Exit with(org.sqlite.jdbc4.JDBC4Connection@55b53d44)
17 Mar 2025 04:14:01,065 TRACE ro.mpp2024.repository.RezultatRepository 68 createEntityFromResultSet - Exit with(Rezultat{participant=Participant{nume='Lazar', prenume='Roxana', varsta=25}, proba=Proba{nume='Inot 200 de m', arbitru=0, categorie=inot}, numar_puncte=185})
17 Mar 2025 04:14:01,065 TRACE ro.mpp2024.repository.RezultatRepository 32 createEntityFromResultSet - Enter createEntityFromResultSet
17 Mar 2025 04:14:01,065 TRACE ro.mpp2024.utils.JdbcUtils 48 getConnection - Enter
17 Mar 2025 04:14:01,065 TRACE ro.mpp2024.utils.JdbcUtils 57 getConnection - Exit with(org.sqlite.jdbc4.JDBC4Connection@55b53d44)
17 Mar 2025 04:14:01,066 TRACE ro.mpp2024.repository.RezultatRepository 68 createEntityFromResultSet - Exit with(Rezultat{participant=Participant{nume='Jianu', prenume='Oana', varsta=34}, proba=Proba{nume='Inot 300 de m', arbitru=0, categorie=inot}, numar_puncte=142})
17 Mar 2025 04:14:01,066 TRACE ro.mpp2024.repository.RezultatRepository 32 createEntityFromResultSet - Enter createEntityFromResultSet
17 Mar 2025 04:14:01,066 TRACE ro.mpp2024.utils.JdbcUtils 48 getConnection - Enter
17 Mar 2025 04:14:01,066 TRACE ro.mpp2024.utils.JdbcUtils 57 getConnection - Exit with(org.sqlite.jdbc4.JDBC4Connection@55b53d44)
17 Mar 2025 04:14:01,066 TRACE ro.mpp2024.repository.RezultatRepository 68 createEntityFromResultSet - Exit with(Rezultat{participant=Participant{nume='Hagi', prenume='Diana', varsta=32}, proba=Proba{nume='Cursa 200 de m', arbitru=0, categorie=alergat}, numar_puncte=193})
17 Mar 2025 04:14:01,066 TRACE ro.mpp2024.repository.RezultatRepository 32 createEntityFromResultSet - Enter createEntityFromResultSet
17 Mar 2025 04:14:01,066 TRACE ro.mpp2024.utils.JdbcUtils 48 getConnection - Enter
17 Mar 2025 04:14:01,066 TRACE ro.mpp2024.utils.JdbcUtils 57 getConnection - Exit with(org.sqlite.jdbc4.JDBC4Connection@55b53d44)
17 Mar 2025 04:14:01,067 TRACE ro.mpp2024.repository.RezultatRepository 68 createEntityFromResultSet - Exit with(Rezultat{participant=Participant{nume='Ursu', prenume='Mihail', varsta=24}, proba=Proba{nume='Cursa 400 de m', arbitru=0, categorie=alergat}, numar_puncte=155})
17 Mar 2025 04:14:01,067 TRACE ro.mpp2024.repository.RezultatRepository 32 createEntityFromResultSet - Enter createEntityFromResultSet
17 Mar 2025 04:14:01,067 TRACE ro.mpp2024.utils.JdbcUtils 48 getConnection - Enter
17 Mar 2025 04:14:01,067 TRACE ro.mpp2024.utils.JdbcUtils 57 getConnection - Exit with(org.sqlite.jdbc4.JDBC4Connection@55b53d44)
17 Mar 2025 04:14:01,067 TRACE ro.mpp2024.repository.RezultatRepository 68 createEntityFromResultSet - Exit with(Rezultat{participant=Participant{nume='Vlad', prenume='Anca', varsta=32}, proba=Proba{nume='Cursa 600 de m', arbitru=0, categorie=alergat}, numar_puncte=128})
17 Mar 2025 04:14:01,067 TRACE ro.mpp2024.repository.RezultatRepository 32 createEntityFromResultSet - Enter createEntityFromResultSet
17 Mar 2025 04:14:01,067 TRACE ro.mpp2024.utils.JdbcUtils 48 getConnection - Enter
17 Mar 2025 04:14:01,067 TRACE ro.mpp2024.utils.JdbcUtils 57 getConnection - Exit with(org.sqlite.jdbc4.JDBC4Connection@55b53d44)
17 Mar 2025 04:14:01,068 TRACE ro.mpp2024.repository.RezultatRepository 68 createEntityFromResultSet - Exit with(Rezultat{participant=Participant{nume='Zamfir', prenume='Lucian', varsta=23}, proba=Proba{nume='Pedalat 200 de m', arbitru=0, categorie=ciclism}, numar_puncte=177})
17 Mar 2025 04:14:01,068 TRACE ro.mpp2024.repository.RezultatRepository 32 createEntityFromResultSet - Enter createEntityFromResultSet
17 Mar 2025 04:14:01,068 TRACE ro.mpp2024.utils.JdbcUtils 48 getConnection - Enter
17 Mar 2025 04:14:01,068 TRACE ro.mpp2024.utils.JdbcUtils 57 getConnection - Exit with(org.sqlite.jdbc4.JDBC4Connection@55b53d44)
17 Mar 2025 04:14:01,068 TRACE ro.mpp2024.repository.RezultatRepository 68 createEntityFromResultSet - Exit with(Rezultat{participant=Participant{nume='Sandu', prenume='Victor', varsta=26}, proba=Proba{nume='Pedalat 600 de m', arbitru=0, categorie=ciclism}, numar_puncte=115})
17 Mar 2025 04:14:01,068 TRACE ro.mpp2024.repository.RezultatRepository 32 createEntityFromResultSet - Enter createEntityFromResultSet
17 Mar 2025 04:14:01,068 TRACE ro.mpp2024.utils.JdbcUtils 48 getConnection - Enter
17 Mar 2025 04:14:01,068 TRACE ro.mpp2024.utils.JdbcUtils 57 getConnection - Exit with(org.sqlite.jdbc4.JDBC4Connection@55b53d44)
17 Mar 2025 04:14:01,068 TRACE ro.mpp2024.repository.RezultatRepository 68 createEntityFromResultSet - Exit with(Rezultat{participant=Participant{nume='Voicu', prenume='Raluca', varsta=34}, proba=Proba{nume='Pedalat 1000 de m', arbitru=0, categorie=ciclism}, numar_puncte=190})
17 Mar 2025 04:14:01,069 TRACE ro.mpp2024.repository.RezultatRepository 32 createEntityFromResultSet - Enter createEntityFromResultSet
17 Mar 2025 04:14:01,069 TRACE ro.mpp2024.utils.JdbcUtils 48 getConnection - Enter
17 Mar 2025 04:14:01,069 TRACE ro.mpp2024.utils.JdbcUtils 57 getConnection - Exit with(org.sqlite.jdbc4.JDBC4Connection@55b53d44)
17 Mar 2025 04:14:01,069 TRACE ro.mpp2024.repository.RezultatRepository 68 createEntityFromResultSet - Exit with(Rezultat{participant=Participant{nume='Popescu', prenume='Ion', varsta=25}, proba=Proba{nume='Inot 50 de m', arbitru=0, categorie=inot}, numar_puncte=148})
17 Mar 2025 04:14:01,069 TRACE ro.mpp2024.repository.RezultatRepository 32 createEntityFromResultSet - Enter createEntityFromResultSet
17 Mar 2025 04:14:01,069 TRACE ro.mpp2024.utils.JdbcUtils 48 getConnection - Enter
17 Mar 2025 04:14:01,069 TRACE ro.mpp2024.utils.JdbcUtils 57 getConnection - Exit with(org.sqlite.jdbc4.JDBC4Connection@55b53d44)
17 Mar 2025 04:14:01,069 TRACE ro.mpp2024.repository.RezultatRepository 68 createEntityFromResultSet - Exit with(Rezultat{participant=Participant{nume='Radu', prenume='Cristian', varsta=24}, proba=Proba{nume='Inot 150 de m', arbitru=0, categorie=inot}, numar_puncte=136})
17 Mar 2025 04:14:01,070 TRACE ro.mpp2024.repository.RezultatRepository 32 createEntityFromResultSet - Enter createEntityFromResultSet
17 Mar 2025 04:14:01,070 TRACE ro.mpp2024.utils.JdbcUtils 48 getConnection - Enter
17 Mar 2025 04:14:01,070 TRACE ro.mpp2024.utils.JdbcUtils 57 getConnection - Exit with(org.sqlite.jdbc4.JDBC4Connection@55b53d44)
17 Mar 2025 04:14:01,070 TRACE ro.mpp2024.repository.RezultatRepository 68 createEntityFromResultSet - Exit with(Rezultat{participant=Participant{nume='Popa', prenume='Mihai', varsta=35}, proba=Proba{nume='Inot 250 de m', arbitru=0, categorie=inot}, numar_puncte=184})
17 Mar 2025 04:14:01,070 TRACE ro.mpp2024.repository.RezultatRepository 32 createEntityFromResultSet - Enter createEntityFromResultSet
17 Mar 2025 04:14:01,070 TRACE ro.mpp2024.utils.JdbcUtils 48 getConnection - Enter
17 Mar 2025 04:14:01,070 TRACE ro.mpp2024.utils.JdbcUtils 57 getConnection - Exit with(org.sqlite.jdbc4.JDBC4Connection@55b53d44)
17 Mar 2025 04:14:01,071 TRACE ro.mpp2024.repository.RezultatRepository 68 createEntityFromResultSet - Exit with(Rezultat{participant=Participant{nume='Vasilescu', prenume='Florin', varsta=23}, proba=Proba{nume='Cursa 100 de m', arbitru=0, categorie=alergat}, numar_puncte=198})
17 Mar 2025 04:14:01,071 TRACE ro.mpp2024.repository.RezultatRepository 32 createEntityFromResultSet - Enter createEntityFromResultSet
17 Mar 2025 04:14:01,071 TRACE ro.mpp2024.utils.JdbcUtils 48 getConnection - Enter
17 Mar 2025 04:14:01,071 TRACE ro.mpp2024.utils.JdbcUtils 57 getConnection - Exit with(org.sqlite.jdbc4.JDBC4Connection@55b53d44)
17 Mar 2025 04:14:01,071 TRACE ro.mpp2024.repository.RezultatRepository 68 createEntityFromResultSet - Exit with(Rezultat{participant=Participant{nume='Iliescu', prenume='Daniela', varsta=32}, proba=Proba{nume='Cursa 300 de m', arbitru=0, categorie=alergat}, numar_puncte=125})
17 Mar 2025 04:14:01,071 TRACE ro.mpp2024.repository.RezultatRepository 32 createEntityFromResultSet - Enter createEntityFromResultSet
17 Mar 2025 04:14:01,071 TRACE ro.mpp2024.utils.JdbcUtils 48 getConnection - Enter
17 Mar 2025 04:14:01,071 TRACE ro.mpp2024.utils.JdbcUtils 57 getConnection - Exit with(org.sqlite.jdbc4.JDBC4Connection@55b53d44)
17 Mar 2025 04:14:01,072 TRACE ro.mpp2024.repository.RezultatRepository 68 createEntityFromResultSet - Exit with(Rezultat{participant=Participant{nume='Oprea', prenume='Bogdan', varsta=27}, proba=Proba{nume='Cursa 500 de m', arbitru=0, categorie=alergat}, numar_puncte=110})
17 Mar 2025 04:14:01,072 TRACE ro.mpp2024.repository.RezultatRepository 32 createEntityFromResultSet - Enter createEntityFromResultSet
17 Mar 2025 04:14:01,072 TRACE ro.mpp2024.utils.JdbcUtils 48 getConnection - Enter
17 Mar 2025 04:14:01,072 TRACE ro.mpp2024.utils.JdbcUtils 57 getConnection - Exit with(org.sqlite.jdbc4.JDBC4Connection@55b53d44)
17 Mar 2025 04:14:01,072 TRACE ro.mpp2024.repository.RezultatRepository 68 createEntityFromResultSet - Exit with(Rezultat{participant=Participant{nume='Filip', prenume='Bianca', varsta=31}, proba=Proba{nume='Pedalat 400 de m', arbitru=0, categorie=ciclism}, numar_puncte=167})
17 Mar 2025 04:14:01,072 TRACE ro.mpp2024.repository.RezultatRepository 32 createEntityFromResultSet - Enter createEntityFromResultSet
17 Mar 2025 04:14:01,072 TRACE ro.mpp2024.utils.JdbcUtils 48 getConnection - Enter
17 Mar 2025 04:14:01,072 TRACE ro.mpp2024.utils.JdbcUtils 57 getConnection - Exit with(org.sqlite.jdbc4.JDBC4Connection@55b53d44)
17 Mar 2025 04:14:01,072 TRACE ro.mpp2024.repository.RezultatRepository 68 createEntityFromResultSet - Exit with(Rezultat{participant=Participant{nume='Tudor', prenume='Alexandru', varsta=31}, proba=Proba{nume='Pedalat 800 de m', arbitru=0, categorie=ciclism}, numar_puncte=138})
17 Mar 2025 04:14:01,073 TRACE ro.mpp2024.repository.RezultatRepository 32 createEntityFromResultSet - Enter createEntityFromResultSet
17 Mar 2025 04:14:01,073 TRACE ro.mpp2024.utils.JdbcUtils 48 getConnection - Enter
17 Mar 2025 04:14:01,073 TRACE ro.mpp2024.utils.JdbcUtils 57 getConnection - Exit with(org.sqlite.jdbc4.JDBC4Connection@55b53d44)
17 Mar 2025 04:14:01,073 TRACE ro.mpp2024.repository.RezultatRepository 68 createEntityFromResultSet - Exit with(Rezultat{participant=Participant{nume='Munteanu', prenume='Sorin', varsta=21}, proba=Proba{nume='Pedalat 1200 de m', arbitru=0, categorie=ciclism}, numar_puncte=157})
17 Mar 2025 04:14:01,073 TRACE ro.mpp2024.repository.RezultatRepository 32 createEntityFromResultSet - Enter createEntityFromResultSet
17 Mar 2025 04:14:01,073 TRACE ro.mpp2024.utils.JdbcUtils 48 getConnection - Enter
17 Mar 2025 04:14:01,073 TRACE ro.mpp2024.utils.JdbcUtils 57 getConnection - Exit with(org.sqlite.jdbc4.JDBC4Connection@55b53d44)
17 Mar 2025 04:14:01,073 TRACE ro.mpp2024.repository.RezultatRepository 68 createEntityFromResultSet - Exit with(Rezultat{participant=Participant{nume='Rusu', prenume='Andreea', varsta=29}, proba=Proba{nume='Inot 100 de m', arbitru=0, categorie=inot}, numar_puncte=192})
17 Mar 2025 04:14:01,073 TRACE ro.mpp2024.repository.RezultatRepository 32 createEntityFromResultSet - Enter createEntityFromResultSet
17 Mar 2025 04:14:01,073 TRACE ro.mpp2024.utils.JdbcUtils 48 getConnection - Enter
17 Mar 2025 04:14:01,074 TRACE ro.mpp2024.utils.JdbcUtils 57 getConnection - Exit with(org.sqlite.jdbc4.JDBC4Connection@55b53d44)
17 Mar 2025 04:14:01,074 TRACE ro.mpp2024.repository.RezultatRepository 68 createEntityFromResultSet - Exit with(Rezultat{participant=Participant{nume='nume', prenume='prenume', varsta=20}, proba=Proba{nume='nume', arbitru=0, categorie=ciclism}, numar_puncte=100})
17 Mar 2025 04:14:01,074 TRACE ro.mpp2024.repository.RezultatRepository 32 createEntityFromResultSet - Enter createEntityFromResultSet
17 Mar 2025 04:14:01,074 TRACE ro.mpp2024.utils.JdbcUtils 48 getConnection - Enter
17 Mar 2025 04:14:01,074 TRACE ro.mpp2024.utils.JdbcUtils 57 getConnection - Exit with(org.sqlite.jdbc4.JDBC4Connection@55b53d44)
17 Mar 2025 04:14:01,074 TRACE ro.mpp2024.repository.RezultatRepository 68 createEntityFromResultSet - Exit with(Rezultat{participant=Participant{nume='nume', prenume='prenume', varsta=20}, proba=Proba{nume='nume', arbitru=0, categorie=ciclism}, numar_puncte=100})
17 Mar 2025 04:14:01,074 TRACE ro.mpp2024.repository.RezultatRepository 32 createEntityFromResultSet - Enter createEntityFromResultSet
17 Mar 2025 04:14:01,074 TRACE ro.mpp2024.utils.JdbcUtils 48 getConnection - Enter
17 Mar 2025 04:14:01,074 TRACE ro.mpp2024.utils.JdbcUtils 57 getConnection - Exit with(org.sqlite.jdbc4.JDBC4Connection@55b53d44)
17 Mar 2025 04:14:01,075 TRACE ro.mpp2024.repository.RezultatRepository 68 createEntityFromResultSet - Exit with(Rezultat{participant=Participant{nume='nume', prenume='prenume', varsta=20}, proba=Proba{nume='nume', arbitru=0, categorie=ciclism}, numar_puncte=100})
17 Mar 2025 04:14:01,075 TRACE ro.mpp2024.repository.RezultatRepository 89 findAll - Exit with([Rezultat{participant=Participant{nume='Popescu', prenume='Ion', varsta=25}, proba=Proba{nume='Pedalat 200 de m', arbitru=0, categorie=ciclism}, numar_puncte=10}, Rezultat{participant=Participant{nume='Stan', prenume='Ioana', varsta=27}, proba=Proba{nume='Pedalat 200 de m', arbitru=0, categorie=ciclism}, numar_puncte=152}, Rezultat{participant=Participant{nume='Popa', prenume='Mihai', varsta=35}, proba=Proba{nume='Pedalat 400 de m', arbitru=0, categorie=ciclism}, numar_puncte=98}, Rezultat{participant=Participant{nume='Vasilescu', prenume='Florin', varsta=23}, proba=Proba{nume='Pedalat 600 de m', arbitru=0, categorie=ciclism}, numar_puncte=174}, Rezultat{participant=Participant{nume='Radu', prenume='Cristian', varsta=24}, proba=Proba{nume='Pedalat 800 de m', arbitru=0, categorie=ciclism}, numar_puncte=120}, Rezultat{participant=Participant{nume='Grigore', prenume='Stefan', varsta=24}, proba=Proba{nume='Pedalat 1000 de m', arbitru=0, categorie=ciclism}, numar_puncte=145}, Rezultat{participant=Participant{nume='Nistor', prenume='Carmen', varsta=33}, proba=Proba{nume='Pedalat 1200 de m', arbitru=0, categorie=ciclism}, numar_puncte=189}, Rezultat{participant=Participant{nume='Marin', prenume='Ana', varsta=29}, proba=Proba{nume='Inot 50 de m', arbitru=0, categorie=inot}, numar_puncte=134}, Rezultat{participant=Participant{nume='Constantin', prenume='Marius', varsta=30}, proba=Proba{nume='Inot 100 de m', arbitru=0, categorie=inot}, numar_puncte=178}, Rezultat{participant=Participant{nume='Ionescu', prenume='Maria', varsta=30}, proba=Proba{nume='Inot 150 de m', arbitru=0, categorie=inot}, numar_puncte=156}, Rezultat{participant=Participant{nume='Rusu', prenume='Andreea', varsta=29}, proba=Proba{nume='Inot 200 de m', arbitru=0, categorie=inot}, numar_puncte=121}, Rezultat{participant=Participant{nume='Kovacs', prenume='Cristina', varsta=21}, proba=Proba{nume='Inot 250 de m', arbitru=0, categorie=inot}, numar_puncte=199}, Rezultat{participant=Participant{nume='Munteanu', prenume='Sorin', varsta=21}, proba=Proba{nume='Inot 300 de m', arbitru=0, categorie=inot}, numar_puncte=144}, Rezultat{participant=Participant{nume='Iliescu', prenume='Daniela', varsta=32}, proba=Proba{nume='Cursa 100 de m', arbitru=0, categorie=alergat}, numar_puncte=185}, Rezultat{participant=Participant{nume='Georgescu', prenume='Andrei', varsta=22}, proba=Proba{nume='Cursa 200 de m', arbitru=0, categorie=alergat}, numar_puncte=102}, Rezultat{participant=Participant{nume='Oprea', prenume='Bogdan', varsta=27}, proba=Proba{nume='Cursa 300 de m', arbitru=0, categorie=alergat}, numar_puncte=172}, Rezultat{participant=Participant{nume='Stan', prenume='Ioana', varsta=27}, proba=Proba{nume='Cursa 400 de m', arbitru=0, categorie=alergat}, numar_puncte=137}, Rezultat{participant=Participant{nume='Iacob', prenume='Radu', varsta=23}, proba=Proba{nume='Cursa 500 de m', arbitru=0, categorie=alergat}, numar_puncte=195}, Rezultat{participant=Participant{nume='Manole', prenume='Simona', varsta=25}, proba=Proba{nume='Cursa 600 de m', arbitru=0, categorie=alergat}, numar_puncte=117}, Rezultat{participant=Participant{nume='Tudor', prenume='Alexandru', varsta=31}, proba=Proba{nume='Pedalat 200 de m', arbitru=0, categorie=ciclism}, numar_puncte=150}, Rezultat{participant=Participant{nume='Barbu', prenume='Irina', varsta=27}, proba=Proba{nume='Pedalat 600 de m', arbitru=0, categorie=ciclism}, numar_puncte=180}, Rezultat{participant=Participant{nume='Filip', prenume='Bianca', varsta=31}, proba=Proba{nume='Pedalat 1000 de m', arbitru=0, categorie=ciclism}, numar_puncte=140}, Rezultat{participant=Participant{nume='Dobre', prenume='Adriana', varsta=34}, proba=Proba{nume='Inot 50 de m', arbitru=0, categorie=inot}, numar_puncte=165}, Rezultat{participant=Participant{nume='Toma', prenume='Gabriela', varsta=31}, proba=Proba{nume='Inot 150 de m', arbitru=0, categorie=inot}, numar_puncte=132}, Rezultat{participant=Participant{nume='Petrescu', prenume='Gabriel', varsta=26}, proba=Proba{nume='Inot 250 de m', arbitru=0, categorie=inot}, numar_puncte=188}, Rezultat{participant=Participant{nume='Lupu', prenume='George', varsta=33}, proba=Proba{nume='Cursa 100 de m', arbitru=0, categorie=alergat}, numar_puncte=199}, Rezultat{participant=Participant{nume='Enache', prenume='Laura', varsta=29}, proba=Proba{nume='Cursa 300 de m', arbitru=0, categorie=alergat}, numar_puncte=175}, Rezultat{participant=Participant{nume='Dumitrescu', prenume='Elena', varsta=28}, proba=Proba{nume='Cursa 500 de m', arbitru=0, categorie=alergat}, numar_puncte=143}, Rezultat{participant=Participant{nume='Pavel', prenume='Monica', varsta=30}, proba=Proba{nume='Pedalat 400 de m', arbitru=0, categorie=ciclism}, numar_puncte=111}, Rezultat{participant=Participant{nume='Nedelcu', prenume='Alexandra', varsta=28}, proba=Proba{nume='Pedalat 800 de m', arbitru=0, categorie=ciclism}, numar_puncte=169}, Rezultat{participant=Participant{nume='Gheorghe', prenume='Vlad', varsta=28}, proba=Proba{nume='Pedalat 1200 de m', arbitru=0, categorie=ciclism}, numar_puncte=200}, Rezultat{participant=Participant{nume='Dragomir', prenume='Adrian', varsta=26}, proba=Proba{nume='Inot 100 de m', arbitru=0, categorie=inot}, numar_puncte=130}, Rezultat{participant=Participant{nume='Lazar', prenume='Roxana', varsta=25}, proba=Proba{nume='Inot 200 de m', arbitru=0, categorie=inot}, numar_puncte=185}, Rezultat{participant=Participant{nume='Jianu', prenume='Oana', varsta=34}, proba=Proba{nume='Inot 300 de m', arbitru=0, categorie=inot}, numar_puncte=142}, Rezultat{participant=Participant{nume='Hagi', prenume='Diana', varsta=32}, proba=Proba{nume='Cursa 200 de m', arbitru=0, categorie=alergat}, numar_puncte=193}, Rezultat{participant=Participant{nume='Ursu', prenume='Mihail', varsta=24}, proba=Proba{nume='Cursa 400 de m', arbitru=0, categorie=alergat}, numar_puncte=155}, Rezultat{participant=Participant{nume='Vlad', prenume='Anca', varsta=32}, proba=Proba{nume='Cursa 600 de m', arbitru=0, categorie=alergat}, numar_puncte=128}, Rezultat{participant=Participant{nume='Zamfir', prenume='Lucian', varsta=23}, proba=Proba{nume='Pedalat 200 de m', arbitru=0, categorie=ciclism}, numar_puncte=177}, Rezultat{participant=Participant{nume='Sandu', prenume='Victor', varsta=26}, proba=Proba{nume='Pedalat 600 de m', arbitru=0, categorie=ciclism}, numar_puncte=115}, Rezultat{participant=Participant{nume='Voicu', prenume='Raluca', varsta=34}, proba=Proba{nume='Pedalat 1000 de m', arbitru=0, categorie=ciclism}, numar_puncte=190}, Rezultat{participant=Participant{nume='Popescu', prenume='Ion', varsta=25}, proba=Proba{nume='Inot 50 de m', arbitru=0, categorie=inot}, numar_puncte=148}, Rezultat{participant=Participant{nume='Radu', prenume='Cristian', varsta=24}, proba=Proba{nume='Inot 150 de m', arbitru=0, categorie=inot}, numar_puncte=136}, Rezultat{participant=Participant{nume='Popa', prenume='Mihai', varsta=35}, proba=Proba{nume='Inot 250 de m', arbitru=0, categorie=inot}, numar_puncte=184}, Rezultat{participant=Participant{nume='Vasilescu', prenume='Florin', varsta=23}, proba=Proba{nume='Cursa 100 de m', arbitru=0, categorie=alergat}, numar_puncte=198}, Rezultat{participant=Participant{nume='Iliescu', prenume='Daniela', varsta=32}, proba=Proba{nume='Cursa 300 de m', arbitru=0, categorie=alergat}, numar_puncte=125}, Rezultat{participant=Participant{nume='Oprea', prenume='Bogdan', varsta=27}, proba=Proba{nume='Cursa 500 de m', arbitru=0, categorie=alergat}, numar_puncte=110}, Rezultat{participant=Participant{nume='Filip', prenume='Bianca', varsta=31}, proba=Proba{nume='Pedalat 400 de m', arbitru=0, categorie=ciclism}, numar_puncte=167}, Rezultat{participant=Participant{nume='Tudor', prenume='Alexandru', varsta=31}, proba=Proba{nume='Pedalat 800 de m', arbitru=0, categorie=ciclism}, numar_puncte=138}, Rezultat{participant=Participant{nume='Munteanu', prenume='Sorin', varsta=21}, proba=Proba{nume='Pedalat 1200 de m', arbitru=0, categorie=ciclism}, numar_puncte=157}, Rezultat{participant=Participant{nume='Rusu', prenume='Andreea', varsta=29}, proba=Proba{nume='Inot 100 de m', arbitru=0, categorie=inot}, numar_puncte=192}, Rezultat{participant=Participant{nume='nume', prenume='prenume', varsta=20}, proba=Proba{nume='nume', arbitru=0, categorie=ciclism}, numar_puncte=100}, Rezultat{participant=Participant{nume='nume', prenume='prenume', varsta=20}, proba=Proba{nume='nume', arbitru=0, categorie=ciclism}, numar_puncte=100}, Rezultat{participant=Participant{nume='nume', prenume='prenume', varsta=20}, proba=Proba{nume='nume', arbitru=0, categorie=ciclism}, numar_puncte=100}])
17 Mar 2025 04:14:01,079 TRACE ro.mpp2024.repository.RezultatRepository 75 findAll - Enter
17 Mar 2025 04:14:01,079 TRACE ro.mpp2024.utils.JdbcUtils 48 getConnection - Enter
17 Mar 2025 04:14:01,079 TRACE ro.mpp2024.utils.JdbcUtils 57 getConnection - Exit with(org.sqlite.jdbc4.JDBC4Connection@55b53d44)
17 Mar 2025 04:14:01,080 TRACE ro.mpp2024.repository.RezultatRepository 32 createEntityFromResultSet - Enter createEntityFromResultSet
17 Mar 2025 04:14:01,080 TRACE ro.mpp2024.utils.JdbcUtils 48 getConnection - Enter
17 Mar 2025 04:14:01,080 TRACE ro.mpp2024.utils.JdbcUtils 57 getConnection - Exit with(org.sqlite.jdbc4.JDBC4Connection@55b53d44)
17 Mar 2025 04:14:01,080 TRACE ro.mpp2024.repository.RezultatRepository 68 createEntityFromResultSet - Exit with(Rezultat{participant=Participant{nume='Popescu', prenume='Ion', varsta=25}, proba=Proba{nume='Pedalat 200 de m', arbitru=0, categorie=ciclism}, numar_puncte=10})
17 Mar 2025 04:14:01,080 TRACE ro.mpp2024.repository.RezultatRepository 32 createEntityFromResultSet - Enter createEntityFromResultSet
17 Mar 2025 04:14:01,080 TRACE ro.mpp2024.utils.JdbcUtils 48 getConnection - Enter
17 Mar 2025 04:14:01,080 TRACE ro.mpp2024.utils.JdbcUtils 57 getConnection - Exit with(org.sqlite.jdbc4.JDBC4Connection@55b53d44)
17 Mar 2025 04:14:01,081 TRACE ro.mpp2024.repository.RezultatRepository 68 createEntityFromResultSet - Exit with(Rezultat{participant=Participant{nume='Stan', prenume='Ioana', varsta=27}, proba=Proba{nume='Pedalat 200 de m', arbitru=0, categorie=ciclism}, numar_puncte=152})
17 Mar 2025 04:14:01,081 TRACE ro.mpp2024.repository.RezultatRepository 32 createEntityFromResultSet - Enter createEntityFromResultSet
17 Mar 2025 04:14:01,081 TRACE ro.mpp2024.utils.JdbcUtils 48 getConnection - Enter
17 Mar 2025 04:14:01,081 TRACE ro.mpp2024.utils.JdbcUtils 57 getConnection - Exit with(org.sqlite.jdbc4.JDBC4Connection@55b53d44)
17 Mar 2025 04:14:01,081 TRACE ro.mpp2024.repository.RezultatRepository 68 createEntityFromResultSet - Exit with(Rezultat{participant=Participant{nume='Popa', prenume='Mihai', varsta=35}, proba=Proba{nume='Pedalat 400 de m', arbitru=0, categorie=ciclism}, numar_puncte=98})
17 Mar 2025 04:14:01,081 TRACE ro.mpp2024.repository.RezultatRepository 32 createEntityFromResultSet - Enter createEntityFromResultSet
17 Mar 2025 04:14:01,081 TRACE ro.mpp2024.utils.JdbcUtils 48 getConnection - Enter
17 Mar 2025 04:14:01,081 TRACE ro.mpp2024.utils.JdbcUtils 57 getConnection - Exit with(org.sqlite.jdbc4.JDBC4Connection@55b53d44)
17 Mar 2025 04:14:01,081 TRACE ro.mpp2024.repository.RezultatRepository 68 createEntityFromResultSet - Exit with(Rezultat{participant=Participant{nume='Vasilescu', prenume='Florin', varsta=23}, proba=Proba{nume='Pedalat 600 de m', arbitru=0, categorie=ciclism}, numar_puncte=174})
17 Mar 2025 04:14:01,081 TRACE ro.mpp2024.repository.RezultatRepository 32 createEntityFromResultSet - Enter createEntityFromResultSet
17 Mar 2025 04:14:01,082 TRACE ro.mpp2024.utils.JdbcUtils 48 getConnection - Enter
17 Mar 2025 04:14:01,082 TRACE ro.mpp2024.utils.JdbcUtils 57 getConnection - Exit with(org.sqlite.jdbc4.JDBC4Connection@55b53d44)
17 Mar 2025 04:14:01,082 TRACE ro.mpp2024.repository.RezultatRepository 68 createEntityFromResultSet - Exit with(Rezultat{participant=Participant{nume='Radu', prenume='Cristian', varsta=24}, proba=Proba{nume='Pedalat 800 de m', arbitru=0, categorie=ciclism}, numar_puncte=120})
17 Mar 2025 04:14:01,082 TRACE ro.mpp2024.repository.RezultatRepository 32 createEntityFromResultSet - Enter createEntityFromResultSet
17 Mar 2025 04:14:01,082 TRACE ro.mpp2024.utils.JdbcUtils 48 getConnection - Enter
17 Mar 2025 04:14:01,082 TRACE ro.mpp2024.utils.JdbcUtils 57 getConnection - Exit with(org.sqlite.jdbc4.JDBC4Connection@55b53d44)
17 Mar 2025 04:14:01,082 TRACE ro.mpp2024.repository.RezultatRepository 68 createEntityFromResultSet - Exit with(Rezultat{participant=Participant{nume='Grigore', prenume='Stefan', varsta=24}, proba=Proba{nume='Pedalat 1000 de m', arbitru=0, categorie=ciclism}, numar_puncte=145})
17 Mar 2025 04:14:01,082 TRACE ro.mpp2024.repository.RezultatRepository 32 createEntityFromResultSet - Enter createEntityFromResultSet
17 Mar 2025 04:14:01,083 TRACE ro.mpp2024.utils.JdbcUtils 48 getConnection - Enter
17 Mar 2025 04:14:01,083 TRACE ro.mpp2024.utils.JdbcUtils 57 getConnection - Exit with(org.sqlite.jdbc4.JDBC4Connection@55b53d44)
17 Mar 2025 04:14:01,083 TRACE ro.mpp2024.repository.RezultatRepository 68 createEntityFromResultSet - Exit with(Rezultat{participant=Participant{nume='Nistor', prenume='Carmen', varsta=33}, proba=Proba{nume='Pedalat 1200 de m', arbitru=0, categorie=ciclism}, numar_puncte=189})
17 Mar 2025 04:14:01,083 TRACE ro.mpp2024.repository.RezultatRepository 32 createEntityFromResultSet - Enter createEntityFromResultSet
17 Mar 2025 04:14:01,083 TRACE ro.mpp2024.utils.JdbcUtils 48 getConnection - Enter
17 Mar 2025 04:14:01,083 TRACE ro.mpp2024.utils.JdbcUtils 57 getConnection - Exit with(org.sqlite.jdbc4.JDBC4Connection@55b53d44)
17 Mar 2025 04:14:01,083 TRACE ro.mpp2024.repository.RezultatRepository 68 createEntityFromResultSet - Exit with(Rezultat{participant=Participant{nume='Marin', prenume='Ana', varsta=29}, proba=Proba{nume='Inot 50 de m', arbitru=0, categorie=inot}, numar_puncte=134})
17 Mar 2025 04:14:01,084 TRACE ro.mpp2024.repository.RezultatRepository 32 createEntityFromResultSet - Enter createEntityFromResultSet
17 Mar 2025 04:14:01,084 TRACE ro.mpp2024.utils.JdbcUtils 48 getConnection - Enter
17 Mar 2025 04:14:01,084 TRACE ro.mpp2024.utils.JdbcUtils 57 getConnection - Exit with(org.sqlite.jdbc4.JDBC4Connection@55b53d44)
17 Mar 2025 04:14:01,084 TRACE ro.mpp2024.repository.RezultatRepository 68 createEntityFromResultSet - Exit with(Rezultat{participant=Participant{nume='Constantin', prenume='Marius', varsta=30}, proba=Proba{nume='Inot 100 de m', arbitru=0, categorie=inot}, numar_puncte=178})
17 Mar 2025 04:14:01,084 TRACE ro.mpp2024.repository.RezultatRepository 32 createEntityFromResultSet - Enter createEntityFromResultSet
17 Mar 2025 04:14:01,084 TRACE ro.mpp2024.utils.JdbcUtils 48 getConnection - Enter
17 Mar 2025 04:14:01,084 TRACE ro.mpp2024.utils.JdbcUtils 57 getConnection - Exit with(org.sqlite.jdbc4.JDBC4Connection@55b53d44)
17 Mar 2025 04:14:01,085 TRACE ro.mpp2024.repository.RezultatRepository 68 createEntityFromResultSet - Exit with(Rezultat{participant=Participant{nume='Ionescu', prenume='Maria', varsta=30}, proba=Proba{nume='Inot 150 de m', arbitru=0, categorie=inot}, numar_puncte=156})
17 Mar 2025 04:14:01,085 TRACE ro.mpp2024.repository.RezultatRepository 32 createEntityFromResultSet - Enter createEntityFromResultSet
17 Mar 2025 04:14:01,085 TRACE ro.mpp2024.utils.JdbcUtils 48 getConnection - Enter
17 Mar 2025 04:14:01,085 TRACE ro.mpp2024.utils.JdbcUtils 57 getConnection - Exit with(org.sqlite.jdbc4.JDBC4Connection@55b53d44)
17 Mar 2025 04:14:01,085 TRACE ro.mpp2024.repository.RezultatRepository 68 createEntityFromResultSet - Exit with(Rezultat{participant=Participant{nume='Rusu', prenume='Andreea', varsta=29}, proba=Proba{nume='Inot 200 de m', arbitru=0, categorie=inot}, numar_puncte=121})
17 Mar 2025 04:14:01,085 TRACE ro.mpp2024.repository.RezultatRepository 32 createEntityFromResultSet - Enter createEntityFromResultSet
17 Mar 2025 04:14:01,085 TRACE ro.mpp2024.utils.JdbcUtils 48 getConnection - Enter
17 Mar 2025 04:14:01,086 TRACE ro.mpp2024.utils.JdbcUtils 57 getConnection - Exit with(org.sqlite.jdbc4.JDBC4Connection@55b53d44)
17 Mar 2025 04:14:01,086 TRACE ro.mpp2024.repository.RezultatRepository 68 createEntityFromResultSet - Exit with(Rezultat{participant=Participant{nume='Kovacs', prenume='Cristina', varsta=21}, proba=Proba{nume='Inot 250 de m', arbitru=0, categorie=inot}, numar_puncte=199})
17 Mar 2025 04:14:01,086 TRACE ro.mpp2024.repository.RezultatRepository 32 createEntityFromResultSet - Enter createEntityFromResultSet
17 Mar 2025 04:14:01,086 TRACE ro.mpp2024.utils.JdbcUtils 48 getConnection - Enter
17 Mar 2025 04:14:01,086 TRACE ro.mpp2024.utils.JdbcUtils 57 getConnection - Exit with(org.sqlite.jdbc4.JDBC4Connection@55b53d44)
17 Mar 2025 04:14:01,086 TRACE ro.mpp2024.repository.RezultatRepository 68 createEntityFromResultSet - Exit with(Rezultat{participant=Participant{nume='Munteanu', prenume='Sorin', varsta=21}, proba=Proba{nume='Inot 300 de m', arbitru=0, categorie=inot}, numar_puncte=144})
17 Mar 2025 04:14:01,086 TRACE ro.mpp2024.repository.RezultatRepository 32 createEntityFromResultSet - Enter createEntityFromResultSet
17 Mar 2025 04:14:01,087 TRACE ro.mpp2024.utils.JdbcUtils 48 getConnection - Enter
17 Mar 2025 04:14:01,087 TRACE ro.mpp2024.utils.JdbcUtils 57 getConnection - Exit with(org.sqlite.jdbc4.JDBC4Connection@55b53d44)
17 Mar 2025 04:14:01,087 TRACE ro.mpp2024.repository.RezultatRepository 68 createEntityFromResultSet - Exit with(Rezultat{participant=Participant{nume='Iliescu', prenume='Daniela', varsta=32}, proba=Proba{nume='Cursa 100 de m', arbitru=0, categorie=alergat}, numar_puncte=185})
17 Mar 2025 04:14:01,087 TRACE ro.mpp2024.repository.RezultatRepository 32 createEntityFromResultSet - Enter createEntityFromResultSet
17 Mar 2025 04:14:01,087 TRACE ro.mpp2024.utils.JdbcUtils 48 getConnection - Enter
17 Mar 2025 04:14:01,087 TRACE ro.mpp2024.utils.JdbcUtils 57 getConnection - Exit with(org.sqlite.jdbc4.JDBC4Connection@55b53d44)
17 Mar 2025 04:14:01,087 TRACE ro.mpp2024.repository.RezultatRepository 68 createEntityFromResultSet - Exit with(Rezultat{participant=Participant{nume='Georgescu', prenume='Andrei', varsta=22}, proba=Proba{nume='Cursa 200 de m', arbitru=0, categorie=alergat}, numar_puncte=102})
17 Mar 2025 04:14:01,087 TRACE ro.mpp2024.repository.RezultatRepository 32 createEntityFromResultSet - Enter createEntityFromResultSet
17 Mar 2025 04:14:01,088 TRACE ro.mpp2024.utils.JdbcUtils 48 getConnection - Enter
17 Mar 2025 04:14:01,088 TRACE ro.mpp2024.utils.JdbcUtils 57 getConnection - Exit with(org.sqlite.jdbc4.JDBC4Connection@55b53d44)
17 Mar 2025 04:14:01,088 TRACE ro.mpp2024.repository.RezultatRepository 68 createEntityFromResultSet - Exit with(Rezultat{participant=Participant{nume='Oprea', prenume='Bogdan', varsta=27}, proba=Proba{nume='Cursa 300 de m', arbitru=0, categorie=alergat}, numar_puncte=172})
17 Mar 2025 04:14:01,088 TRACE ro.mpp2024.repository.RezultatRepository 32 createEntityFromResultSet - Enter createEntityFromResultSet
17 Mar 2025 04:14:01,088 TRACE ro.mpp2024.utils.JdbcUtils 48 getConnection - Enter
17 Mar 2025 04:14:01,088 TRACE ro.mpp2024.utils.JdbcUtils 57 getConnection - Exit with(org.sqlite.jdbc4.JDBC4Connection@55b53d44)
17 Mar 2025 04:14:01,088 TRACE ro.mpp2024.repository.RezultatRepository 68 createEntityFromResultSet - Exit with(Rezultat{participant=Participant{nume='Stan', prenume='Ioana', varsta=27}, proba=Proba{nume='Cursa 400 de m', arbitru=0, categorie=alergat}, numar_puncte=137})
17 Mar 2025 04:14:01,088 TRACE ro.mpp2024.repository.RezultatRepository 32 createEntityFromResultSet - Enter createEntityFromResultSet
17 Mar 2025 04:14:01,088 TRACE ro.mpp2024.utils.JdbcUtils 48 getConnection - Enter
17 Mar 2025 04:14:01,088 TRACE ro.mpp2024.utils.JdbcUtils 57 getConnection - Exit with(org.sqlite.jdbc4.JDBC4Connection@55b53d44)
17 Mar 2025 04:14:01,089 TRACE ro.mpp2024.repository.RezultatRepository 68 createEntityFromResultSet - Exit with(Rezultat{participant=Participant{nume='Iacob', prenume='Radu', varsta=23}, proba=Proba{nume='Cursa 500 de m', arbitru=0, categorie=alergat}, numar_puncte=195})
17 Mar 2025 04:14:01,089 TRACE ro.mpp2024.repository.RezultatRepository 32 createEntityFromResultSet - Enter createEntityFromResultSet
17 Mar 2025 04:14:01,089 TRACE ro.mpp2024.utils.JdbcUtils 48 getConnection - Enter
17 Mar 2025 04:14:01,089 TRACE ro.mpp2024.utils.JdbcUtils 57 getConnection - Exit with(org.sqlite.jdbc4.JDBC4Connection@55b53d44)
17 Mar 2025 04:14:01,089 TRACE ro.mpp2024.repository.RezultatRepository 68 createEntityFromResultSet - Exit with(Rezultat{participant=Participant{nume='Manole', prenume='Simona', varsta=25}, proba=Proba{nume='Cursa 600 de m', arbitru=0, categorie=alergat}, numar_puncte=117})
17 Mar 2025 04:14:01,089 TRACE ro.mpp2024.repository.RezultatRepository 32 createEntityFromResultSet - Enter createEntityFromResultSet
17 Mar 2025 04:14:01,089 TRACE ro.mpp2024.utils.JdbcUtils 48 getConnection - Enter
17 Mar 2025 04:14:01,089 TRACE ro.mpp2024.utils.JdbcUtils 57 getConnection - Exit with(org.sqlite.jdbc4.JDBC4Connection@55b53d44)
17 Mar 2025 04:14:01,089 TRACE ro.mpp2024.repository.RezultatRepository 68 createEntityFromResultSet - Exit with(Rezultat{participant=Participant{nume='Tudor', prenume='Alexandru', varsta=31}, proba=Proba{nume='Pedalat 200 de m', arbitru=0, categorie=ciclism}, numar_puncte=150})
17 Mar 2025 04:14:01,089 TRACE ro.mpp2024.repository.RezultatRepository 32 createEntityFromResultSet - Enter createEntityFromResultSet
17 Mar 2025 04:14:01,090 TRACE ro.mpp2024.utils.JdbcUtils 48 getConnection - Enter
17 Mar 2025 04:14:01,090 TRACE ro.mpp2024.utils.JdbcUtils 57 getConnection - Exit with(org.sqlite.jdbc4.JDBC4Connection@55b53d44)
17 Mar 2025 04:14:01,090 TRACE ro.mpp2024.repository.RezultatRepository 68 createEntityFromResultSet - Exit with(Rezultat{participant=Participant{nume='Barbu', prenume='Irina', varsta=27}, proba=Proba{nume='Pedalat 600 de m', arbitru=0, categorie=ciclism}, numar_puncte=180})
17 Mar 2025 04:14:01,090 TRACE ro.mpp2024.repository.RezultatRepository 32 createEntityFromResultSet - Enter createEntityFromResultSet
17 Mar 2025 04:14:01,090 TRACE ro.mpp2024.utils.JdbcUtils 48 getConnection - Enter
17 Mar 2025 04:14:01,090 TRACE ro.mpp2024.utils.JdbcUtils 57 getConnection - Exit with(org.sqlite.jdbc4.JDBC4Connection@55b53d44)
17 Mar 2025 04:14:01,090 TRACE ro.mpp2024.repository.RezultatRepository 68 createEntityFromResultSet - Exit with(Rezultat{participant=Participant{nume='Filip', prenume='Bianca', varsta=31}, proba=Proba{nume='Pedalat 1000 de m', arbitru=0, categorie=ciclism}, numar_puncte=140})
17 Mar 2025 04:14:01,090 TRACE ro.mpp2024.repository.RezultatRepository 32 createEntityFromResultSet - Enter createEntityFromResultSet
17 Mar 2025 04:14:01,090 TRACE ro.mpp2024.utils.JdbcUtils 48 getConnection - Enter
17 Mar 2025 04:14:01,091 TRACE ro.mpp2024.utils.JdbcUtils 57 getConnection - Exit with(org.sqlite.jdbc4.JDBC4Connection@55b53d44)
17 Mar 2025 04:14:01,091 TRACE ro.mpp2024.repository.RezultatRepository 68 createEntityFromResultSet - Exit with(Rezultat{participant=Participant{nume='Dobre', prenume='Adriana', varsta=34}, proba=Proba{nume='Inot 50 de m', arbitru=0, categorie=inot}, numar_puncte=165})
17 Mar 2025 04:14:01,091 TRACE ro.mpp2024.repository.RezultatRepository 32 createEntityFromResultSet - Enter createEntityFromResultSet
17 Mar 2025 04:14:01,091 TRACE ro.mpp2024.utils.JdbcUtils 48 getConnection - Enter
17 Mar 2025 04:14:01,091 TRACE ro.mpp2024.utils.JdbcUtils 57 getConnection - Exit with(org.sqlite.jdbc4.JDBC4Connection@55b53d44)
17 Mar 2025 04:14:01,091 TRACE ro.mpp2024.repository.RezultatRepository 68 createEntityFromResultSet - Exit with(Rezultat{participant=Participant{nume='Toma', prenume='Gabriela', varsta=31}, proba=Proba{nume='Inot 150 de m', arbitru=0, categorie=inot}, numar_puncte=132})
17 Mar 2025 04:14:01,091 TRACE ro.mpp2024.repository.RezultatRepository 32 createEntityFromResultSet - Enter createEntityFromResultSet
17 Mar 2025 04:14:01,091 TRACE ro.mpp2024.utils.JdbcUtils 48 getConnection - Enter
17 Mar 2025 04:14:01,091 TRACE ro.mpp2024.utils.JdbcUtils 57 getConnection - Exit with(org.sqlite.jdbc4.JDBC4Connection@55b53d44)
17 Mar 2025 04:14:01,092 TRACE ro.mpp2024.repository.RezultatRepository 68 createEntityFromResultSet - Exit with(Rezultat{participant=Participant{nume='Petrescu', prenume='Gabriel', varsta=26}, proba=Proba{nume='Inot 250 de m', arbitru=0, categorie=inot}, numar_puncte=188})
17 Mar 2025 04:14:01,092 TRACE ro.mpp2024.repository.RezultatRepository 32 createEntityFromResultSet - Enter createEntityFromResultSet
17 Mar 2025 04:14:01,092 TRACE ro.mpp2024.utils.JdbcUtils 48 getConnection - Enter
17 Mar 2025 04:14:01,092 TRACE ro.mpp2024.utils.JdbcUtils 57 getConnection - Exit with(org.sqlite.jdbc4.JDBC4Connection@55b53d44)
17 Mar 2025 04:14:01,092 TRACE ro.mpp2024.repository.RezultatRepository 68 createEntityFromResultSet - Exit with(Rezultat{participant=Participant{nume='Lupu', prenume='George', varsta=33}, proba=Proba{nume='Cursa 100 de m', arbitru=0, categorie=alergat}, numar_puncte=199})
17 Mar 2025 04:14:01,092 TRACE ro.mpp2024.repository.RezultatRepository 32 createEntityFromResultSet - Enter createEntityFromResultSet
17 Mar 2025 04:14:01,092 TRACE ro.mpp2024.utils.JdbcUtils 48 getConnection - Enter
17 Mar 2025 04:14:01,092 TRACE ro.mpp2024.utils.JdbcUtils 57 getConnection - Exit with(org.sqlite.jdbc4.JDBC4Connection@55b53d44)
17 Mar 2025 04:14:01,092 TRACE ro.mpp2024.repository.RezultatRepository 68 createEntityFromResultSet - Exit with(Rezultat{participant=Participant{nume='Enache', prenume='Laura', varsta=29}, proba=Proba{nume='Cursa 300 de m', arbitru=0, categorie=alergat}, numar_puncte=175})
17 Mar 2025 04:14:01,092 TRACE ro.mpp2024.repository.RezultatRepository 32 createEntityFromResultSet - Enter createEntityFromResultSet
17 Mar 2025 04:14:01,092 TRACE ro.mpp2024.utils.JdbcUtils 48 getConnection - Enter
17 Mar 2025 04:14:01,093 TRACE ro.mpp2024.utils.JdbcUtils 57 getConnection - Exit with(org.sqlite.jdbc4.JDBC4Connection@55b53d44)
17 Mar 2025 04:14:01,093 TRACE ro.mpp2024.repository.RezultatRepository 68 createEntityFromResultSet - Exit with(Rezultat{participant=Participant{nume='Dumitrescu', prenume='Elena', varsta=28}, proba=Proba{nume='Cursa 500 de m', arbitru=0, categorie=alergat}, numar_puncte=143})
17 Mar 2025 04:14:01,093 TRACE ro.mpp2024.repository.RezultatRepository 32 createEntityFromResultSet - Enter createEntityFromResultSet
17 Mar 2025 04:14:01,093 TRACE ro.mpp2024.utils.JdbcUtils 48 getConnection - Enter
17 Mar 2025 04:14:01,093 TRACE ro.mpp2024.utils.JdbcUtils 57 getConnection - Exit with(org.sqlite.jdbc4.JDBC4Connection@55b53d44)
17 Mar 2025 04:14:01,093 TRACE ro.mpp2024.repository.RezultatRepository 68 createEntityFromResultSet - Exit with(Rezultat{participant=Participant{nume='Pavel', prenume='Monica', varsta=30}, proba=Proba{nume='Pedalat 400 de m', arbitru=0, categorie=ciclism}, numar_puncte=111})
17 Mar 2025 04:14:01,093 TRACE ro.mpp2024.repository.RezultatRepository 32 createEntityFromResultSet - Enter createEntityFromResultSet
17 Mar 2025 04:14:01,093 TRACE ro.mpp2024.utils.JdbcUtils 48 getConnection - Enter
17 Mar 2025 04:14:01,093 TRACE ro.mpp2024.utils.JdbcUtils 57 getConnection - Exit with(org.sqlite.jdbc4.JDBC4Connection@55b53d44)
17 Mar 2025 04:14:01,094 TRACE ro.mpp2024.repository.RezultatRepository 68 createEntityFromResultSet - Exit with(Rezultat{participant=Participant{nume='Nedelcu', prenume='Alexandra', varsta=28}, proba=Proba{nume='Pedalat 800 de m', arbitru=0, categorie=ciclism}, numar_puncte=169})
17 Mar 2025 04:14:01,094 TRACE ro.mpp2024.repository.RezultatRepository 32 createEntityFromResultSet - Enter createEntityFromResultSet
17 Mar 2025 04:14:01,094 TRACE ro.mpp2024.utils.JdbcUtils 48 getConnection - Enter
17 Mar 2025 04:14:01,094 TRACE ro.mpp2024.utils.JdbcUtils 57 getConnection - Exit with(org.sqlite.jdbc4.JDBC4Connection@55b53d44)
17 Mar 2025 04:14:01,094 TRACE ro.mpp2024.repository.RezultatRepository 68 createEntityFromResultSet - Exit with(Rezultat{participant=Participant{nume='Gheorghe', prenume='Vlad', varsta=28}, proba=Proba{nume='Pedalat 1200 de m', arbitru=0, categorie=ciclism}, numar_puncte=200})
17 Mar 2025 04:14:01,094 TRACE ro.mpp2024.repository.RezultatRepository 32 createEntityFromResultSet - Enter createEntityFromResultSet
17 Mar 2025 04:14:01,094 TRACE ro.mpp2024.utils.JdbcUtils 48 getConnection - Enter
17 Mar 2025 04:14:01,094 TRACE ro.mpp2024.utils.JdbcUtils 57 getConnection - Exit with(org.sqlite.jdbc4.JDBC4Connection@55b53d44)
17 Mar 2025 04:14:01,094 TRACE ro.mpp2024.repository.RezultatRepository 68 createEntityFromResultSet - Exit with(Rezultat{participant=Participant{nume='Dragomir', prenume='Adrian', varsta=26}, proba=Proba{nume='Inot 100 de m', arbitru=0, categorie=inot}, numar_puncte=130})
17 Mar 2025 04:14:01,094 TRACE ro.mpp2024.repository.RezultatRepository 32 createEntityFromResultSet - Enter createEntityFromResultSet
17 Mar 2025 04:14:01,095 TRACE ro.mpp2024.utils.JdbcUtils 48 getConnection - Enter
17 Mar 2025 04:14:01,095 TRACE ro.mpp2024.utils.JdbcUtils 57 getConnection - Exit with(org.sqlite.jdbc4.JDBC4Connection@55b53d44)
17 Mar 2025 04:14:01,095 TRACE ro.mpp2024.repository.RezultatRepository 68 createEntityFromResultSet - Exit with(Rezultat{participant=Participant{nume='Lazar', prenume='Roxana', varsta=25}, proba=Proba{nume='Inot 200 de m', arbitru=0, categorie=inot}, numar_puncte=185})
17 Mar 2025 04:14:01,095 TRACE ro.mpp2024.repository.RezultatRepository 32 createEntityFromResultSet - Enter createEntityFromResultSet
17 Mar 2025 04:14:01,095 TRACE ro.mpp2024.utils.JdbcUtils 48 getConnection - Enter
17 Mar 2025 04:14:01,095 TRACE ro.mpp2024.utils.JdbcUtils 57 getConnection - Exit with(org.sqlite.jdbc4.JDBC4Connection@55b53d44)
17 Mar 2025 04:14:01,095 TRACE ro.mpp2024.repository.RezultatRepository 68 createEntityFromResultSet - Exit with(Rezultat{participant=Participant{nume='Jianu', prenume='Oana', varsta=34}, proba=Proba{nume='Inot 300 de m', arbitru=0, categorie=inot}, numar_puncte=142})
17 Mar 2025 04:14:01,096 TRACE ro.mpp2024.repository.RezultatRepository 32 createEntityFromResultSet - Enter createEntityFromResultSet
17 Mar 2025 04:14:01,096 TRACE ro.mpp2024.utils.JdbcUtils 48 getConnection - Enter
17 Mar 2025 04:14:01,096 TRACE ro.mpp2024.utils.JdbcUtils 57 getConnection - Exit with(org.sqlite.jdbc4.JDBC4Connection@55b53d44)
17 Mar 2025 04:14:01,096 TRACE ro.mpp2024.repository.RezultatRepository 68 createEntityFromResultSet - Exit with(Rezultat{participant=Participant{nume='Hagi', prenume='Diana', varsta=32}, proba=Proba{nume='Cursa 200 de m', arbitru=0, categorie=alergat}, numar_puncte=193})
17 Mar 2025 04:14:01,096 TRACE ro.mpp2024.repository.RezultatRepository 32 createEntityFromResultSet - Enter createEntityFromResultSet
17 Mar 2025 04:14:01,096 TRACE ro.mpp2024.utils.JdbcUtils 48 getConnection - Enter
17 Mar 2025 04:14:01,096 TRACE ro.mpp2024.utils.JdbcUtils 57 getConnection - Exit with(org.sqlite.jdbc4.JDBC4Connection@55b53d44)
17 Mar 2025 04:14:01,096 TRACE ro.mpp2024.repository.RezultatRepository 68 createEntityFromResultSet - Exit with(Rezultat{participant=Participant{nume='Ursu', prenume='Mihail', varsta=24}, proba=Proba{nume='Cursa 400 de m', arbitru=0, categorie=alergat}, numar_puncte=155})
17 Mar 2025 04:14:01,096 TRACE ro.mpp2024.repository.RezultatRepository 32 createEntityFromResultSet - Enter createEntityFromResultSet
17 Mar 2025 04:14:01,096 TRACE ro.mpp2024.utils.JdbcUtils 48 getConnection - Enter
17 Mar 2025 04:14:01,096 TRACE ro.mpp2024.utils.JdbcUtils 57 getConnection - Exit with(org.sqlite.jdbc4.JDBC4Connection@55b53d44)
17 Mar 2025 04:14:01,097 TRACE ro.mpp2024.repository.RezultatRepository 68 createEntityFromResultSet - Exit with(Rezultat{participant=Participant{nume='Vlad', prenume='Anca', varsta=32}, proba=Proba{nume='Cursa 600 de m', arbitru=0, categorie=alergat}, numar_puncte=128})
17 Mar 2025 04:14:01,097 TRACE ro.mpp2024.repository.RezultatRepository 32 createEntityFromResultSet - Enter createEntityFromResultSet
17 Mar 2025 04:14:01,097 TRACE ro.mpp2024.utils.JdbcUtils 48 getConnection - Enter
17 Mar 2025 04:14:01,097 TRACE ro.mpp2024.utils.JdbcUtils 57 getConnection - Exit with(org.sqlite.jdbc4.JDBC4Connection@55b53d44)
17 Mar 2025 04:14:01,097 TRACE ro.mpp2024.repository.RezultatRepository 68 createEntityFromResultSet - Exit with(Rezultat{participant=Participant{nume='Zamfir', prenume='Lucian', varsta=23}, proba=Proba{nume='Pedalat 200 de m', arbitru=0, categorie=ciclism}, numar_puncte=177})
17 Mar 2025 04:14:01,097 TRACE ro.mpp2024.repository.RezultatRepository 32 createEntityFromResultSet - Enter createEntityFromResultSet
17 Mar 2025 04:14:01,097 TRACE ro.mpp2024.utils.JdbcUtils 48 getConnection - Enter
17 Mar 2025 04:14:01,097 TRACE ro.mpp2024.utils.JdbcUtils 57 getConnection - Exit with(org.sqlite.jdbc4.JDBC4Connection@55b53d44)
17 Mar 2025 04:14:01,097 TRACE ro.mpp2024.repository.RezultatRepository 68 createEntityFromResultSet - Exit with(Rezultat{participant=Participant{nume='Sandu', prenume='Victor', varsta=26}, proba=Proba{nume='Pedalat 600 de m', arbitru=0, categorie=ciclism}, numar_puncte=115})
17 Mar 2025 04:14:01,097 TRACE ro.mpp2024.repository.RezultatRepository 32 createEntityFromResultSet - Enter createEntityFromResultSet
17 Mar 2025 04:14:01,097 TRACE ro.mpp2024.utils.JdbcUtils 48 getConnection - Enter
17 Mar 2025 04:14:01,098 TRACE ro.mpp2024.utils.JdbcUtils 57 getConnection - Exit with(org.sqlite.jdbc4.JDBC4Connection@55b53d44)
17 Mar 2025 04:14:01,098 TRACE ro.mpp2024.repository.RezultatRepository 68 createEntityFromResultSet - Exit with(Rezultat{participant=Participant{nume='Voicu', prenume='Raluca', varsta=34}, proba=Proba{nume='Pedalat 1000 de m', arbitru=0, categorie=ciclism}, numar_puncte=190})
17 Mar 2025 04:14:01,098 TRACE ro.mpp2024.repository.RezultatRepository 32 createEntityFromResultSet - Enter createEntityFromResultSet
17 Mar 2025 04:14:01,098 TRACE ro.mpp2024.utils.JdbcUtils 48 getConnection - Enter
17 Mar 2025 04:14:01,098 TRACE ro.mpp2024.utils.JdbcUtils 57 getConnection - Exit with(org.sqlite.jdbc4.JDBC4Connection@55b53d44)
17 Mar 2025 04:14:01,098 TRACE ro.mpp2024.repository.RezultatRepository 68 createEntityFromResultSet - Exit with(Rezultat{participant=Participant{nume='Popescu', prenume='Ion', varsta=25}, proba=Proba{nume='Inot 50 de m', arbitru=0, categorie=inot}, numar_puncte=148})
17 Mar 2025 04:14:01,098 TRACE ro.mpp2024.repository.RezultatRepository 32 createEntityFromResultSet - Enter createEntityFromResultSet
17 Mar 2025 04:14:01,098 TRACE ro.mpp2024.utils.JdbcUtils 48 getConnection - Enter
17 Mar 2025 04:14:01,098 TRACE ro.mpp2024.utils.JdbcUtils 57 getConnection - Exit with(org.sqlite.jdbc4.JDBC4Connection@55b53d44)
17 Mar 2025 04:14:01,099 TRACE ro.mpp2024.repository.RezultatRepository 68 createEntityFromResultSet - Exit with(Rezultat{participant=Participant{nume='Radu', prenume='Cristian', varsta=24}, proba=Proba{nume='Inot 150 de m', arbitru=0, categorie=inot}, numar_puncte=136})
17 Mar 2025 04:14:01,099 TRACE ro.mpp2024.repository.RezultatRepository 32 createEntityFromResultSet - Enter createEntityFromResultSet
17 Mar 2025 04:14:01,099 TRACE ro.mpp2024.utils.JdbcUtils 48 getConnection - Enter
17 Mar 2025 04:14:01,099 TRACE ro.mpp2024.utils.JdbcUtils 57 getConnection - Exit with(org.sqlite.jdbc4.JDBC4Connection@55b53d44)
17 Mar 2025 04:14:01,099 TRACE ro.mpp2024.repository.RezultatRepository 68 createEntityFromResultSet - Exit with(Rezultat{participant=Participant{nume='Popa', prenume='Mihai', varsta=35}, proba=Proba{nume='Inot 250 de m', arbitru=0, categorie=inot}, numar_puncte=184})
17 Mar 2025 04:14:01,099 TRACE ro.mpp2024.repository.RezultatRepository 32 createEntityFromResultSet - Enter createEntityFromResultSet
17 Mar 2025 04:14:01,099 TRACE ro.mpp2024.utils.JdbcUtils 48 getConnection - Enter
17 Mar 2025 04:14:01,099 TRACE ro.mpp2024.utils.JdbcUtils 57 getConnection - Exit with(org.sqlite.jdbc4.JDBC4Connection@55b53d44)
17 Mar 2025 04:14:01,099 TRACE ro.mpp2024.repository.RezultatRepository 68 createEntityFromResultSet - Exit with(Rezultat{participant=Participant{nume='Vasilescu', prenume='Florin', varsta=23}, proba=Proba{nume='Cursa 100 de m', arbitru=0, categorie=alergat}, numar_puncte=198})
17 Mar 2025 04:14:01,099 TRACE ro.mpp2024.repository.RezultatRepository 32 createEntityFromResultSet - Enter createEntityFromResultSet
17 Mar 2025 04:14:01,100 TRACE ro.mpp2024.utils.JdbcUtils 48 getConnection - Enter
17 Mar 2025 04:14:01,100 TRACE ro.mpp2024.utils.JdbcUtils 57 getConnection - Exit with(org.sqlite.jdbc4.JDBC4Connection@55b53d44)
17 Mar 2025 04:14:01,100 TRACE ro.mpp2024.repository.RezultatRepository 68 createEntityFromResultSet - Exit with(Rezultat{participant=Participant{nume='Iliescu', prenume='Daniela', varsta=32}, proba=Proba{nume='Cursa 300 de m', arbitru=0, categorie=alergat}, numar_puncte=125})
17 Mar 2025 04:14:01,100 TRACE ro.mpp2024.repository.RezultatRepository 32 createEntityFromResultSet - Enter createEntityFromResultSet
17 Mar 2025 04:14:01,100 TRACE ro.mpp2024.utils.JdbcUtils 48 getConnection - Enter
17 Mar 2025 04:14:01,100 TRACE ro.mpp2024.utils.JdbcUtils 57 getConnection - Exit with(org.sqlite.jdbc4.JDBC4Connection@55b53d44)
17 Mar 2025 04:14:01,100 TRACE ro.mpp2024.repository.RezultatRepository 68 createEntityFromResultSet - Exit with(Rezultat{participant=Participant{nume='Oprea', prenume='Bogdan', varsta=27}, proba=Proba{nume='Cursa 500 de m', arbitru=0, categorie=alergat}, numar_puncte=110})
17 Mar 2025 04:14:01,101 TRACE ro.mpp2024.repository.RezultatRepository 32 createEntityFromResultSet - Enter createEntityFromResultSet
17 Mar 2025 04:14:01,101 TRACE ro.mpp2024.utils.JdbcUtils 48 getConnection - Enter
17 Mar 2025 04:14:01,101 TRACE ro.mpp2024.utils.JdbcUtils 57 getConnection - Exit with(org.sqlite.jdbc4.JDBC4Connection@55b53d44)
17 Mar 2025 04:14:01,101 TRACE ro.mpp2024.repository.RezultatRepository 68 createEntityFromResultSet - Exit with(Rezultat{participant=Participant{nume='Filip', prenume='Bianca', varsta=31}, proba=Proba{nume='Pedalat 400 de m', arbitru=0, categorie=ciclism}, numar_puncte=167})
17 Mar 2025 04:14:01,102 TRACE ro.mpp2024.repository.RezultatRepository 32 createEntityFromResultSet - Enter createEntityFromResultSet
17 Mar 2025 04:14:01,102 TRACE ro.mpp2024.utils.JdbcUtils 48 getConnection - Enter
17 Mar 2025 04:14:01,102 TRACE ro.mpp2024.utils.JdbcUtils 57 getConnection - Exit with(org.sqlite.jdbc4.JDBC4Connection@55b53d44)
17 Mar 2025 04:14:01,102 TRACE ro.mpp2024.repository.RezultatRepository 68 createEntityFromResultSet - Exit with(Rezultat{participant=Participant{nume='Tudor', prenume='Alexandru', varsta=31}, proba=Proba{nume='Pedalat 800 de m', arbitru=0, categorie=ciclism}, numar_puncte=138})
17 Mar 2025 04:14:01,102 TRACE ro.mpp2024.repository.RezultatRepository 32 createEntityFromResultSet - Enter createEntityFromResultSet
17 Mar 2025 04:14:01,102 TRACE ro.mpp2024.utils.JdbcUtils 48 getConnection - Enter
17 Mar 2025 04:14:01,102 TRACE ro.mpp2024.utils.JdbcUtils 57 getConnection - Exit with(org.sqlite.jdbc4.JDBC4Connection@55b53d44)
17 Mar 2025 04:14:01,102 TRACE ro.mpp2024.repository.RezultatRepository 68 createEntityFromResultSet - Exit with(Rezultat{participant=Participant{nume='Munteanu', prenume='Sorin', varsta=21}, proba=Proba{nume='Pedalat 1200 de m', arbitru=0, categorie=ciclism}, numar_puncte=157})
17 Mar 2025 04:14:01,102 TRACE ro.mpp2024.repository.RezultatRepository 32 createEntityFromResultSet - Enter createEntityFromResultSet
17 Mar 2025 04:14:01,103 TRACE ro.mpp2024.utils.JdbcUtils 48 getConnection - Enter
17 Mar 2025 04:14:01,103 TRACE ro.mpp2024.utils.JdbcUtils 57 getConnection - Exit with(org.sqlite.jdbc4.JDBC4Connection@55b53d44)
17 Mar 2025 04:14:01,103 TRACE ro.mpp2024.repository.RezultatRepository 68 createEntityFromResultSet - Exit with(Rezultat{participant=Participant{nume='Rusu', prenume='Andreea', varsta=29}, proba=Proba{nume='Inot 100 de m', arbitru=0, categorie=inot}, numar_puncte=192})
17 Mar 2025 04:14:01,103 TRACE ro.mpp2024.repository.RezultatRepository 32 createEntityFromResultSet - Enter createEntityFromResultSet
17 Mar 2025 04:14:01,103 TRACE ro.mpp2024.utils.JdbcUtils 48 getConnection - Enter
17 Mar 2025 04:14:01,103 TRACE ro.mpp2024.utils.JdbcUtils 57 getConnection - Exit with(org.sqlite.jdbc4.JDBC4Connection@55b53d44)
17 Mar 2025 04:14:01,103 TRACE ro.mpp2024.repository.RezultatRepository 68 createEntityFromResultSet - Exit with(Rezultat{participant=Participant{nume='nume', prenume='prenume', varsta=20}, proba=Proba{nume='nume', arbitru=0, categorie=ciclism}, numar_puncte=100})
17 Mar 2025 04:14:01,103 TRACE ro.mpp2024.repository.RezultatRepository 32 createEntityFromResultSet - Enter createEntityFromResultSet
17 Mar 2025 04:14:01,103 TRACE ro.mpp2024.utils.JdbcUtils 48 getConnection - Enter
17 Mar 2025 04:14:01,103 TRACE ro.mpp2024.utils.JdbcUtils 57 getConnection - Exit with(org.sqlite.jdbc4.JDBC4Connection@55b53d44)
17 Mar 2025 04:14:01,103 TRACE ro.mpp2024.repository.RezultatRepository 68 createEntityFromResultSet - Exit with(Rezultat{participant=Participant{nume='nume', prenume='prenume', varsta=20}, proba=Proba{nume='nume', arbitru=0, categorie=ciclism}, numar_puncte=100})
17 Mar 2025 04:14:01,103 TRACE ro.mpp2024.repository.RezultatRepository 32 createEntityFromResultSet - Enter createEntityFromResultSet
17 Mar 2025 04:14:01,104 TRACE ro.mpp2024.utils.JdbcUtils 48 getConnection - Enter
17 Mar 2025 04:14:01,104 TRACE ro.mpp2024.utils.JdbcUtils 57 getConnection - Exit with(org.sqlite.jdbc4.JDBC4Connection@55b53d44)
17 Mar 2025 04:14:01,104 TRACE ro.mpp2024.repository.RezultatRepository 68 createEntityFromResultSet - Exit with(Rezultat{participant=Participant{nume='nume', prenume='prenume', varsta=20}, proba=Proba{nume='nume', arbitru=0, categorie=ciclism}, numar_puncte=100})
17 Mar 2025 04:14:01,104 TRACE ro.mpp2024.repository.RezultatRepository 89 findAll - Exit with([Rezultat{participant=Participant{nume='Popescu', prenume='Ion', varsta=25}, proba=Proba{nume='Pedalat 200 de m', arbitru=0, categorie=ciclism}, numar_puncte=10}, Rezultat{participant=Participant{nume='Stan', prenume='Ioana', varsta=27}, proba=Proba{nume='Pedalat 200 de m', arbitru=0, categorie=ciclism}, numar_puncte=152}, Rezultat{participant=Participant{nume='Popa', prenume='Mihai', varsta=35}, proba=Proba{nume='Pedalat 400 de m', arbitru=0, categorie=ciclism}, numar_puncte=98}, Rezultat{participant=Participant{nume='Vasilescu', prenume='Florin', varsta=23}, proba=Proba{nume='Pedalat 600 de m', arbitru=0, categorie=ciclism}, numar_puncte=174}, Rezultat{participant=Participant{nume='Radu', prenume='Cristian', varsta=24}, proba=Proba{nume='Pedalat 800 de m', arbitru=0, categorie=ciclism}, numar_puncte=120}, Rezultat{participant=Participant{nume='Grigore', prenume='Stefan', varsta=24}, proba=Proba{nume='Pedalat 1000 de m', arbitru=0, categorie=ciclism}, numar_puncte=145}, Rezultat{participant=Participant{nume='Nistor', prenume='Carmen', varsta=33}, proba=Proba{nume='Pedalat 1200 de m', arbitru=0, categorie=ciclism}, numar_puncte=189}, Rezultat{participant=Participant{nume='Marin', prenume='Ana', varsta=29}, proba=Proba{nume='Inot 50 de m', arbitru=0, categorie=inot}, numar_puncte=134}, Rezultat{participant=Participant{nume='Constantin', prenume='Marius', varsta=30}, proba=Proba{nume='Inot 100 de m', arbitru=0, categorie=inot}, numar_puncte=178}, Rezultat{participant=Participant{nume='Ionescu', prenume='Maria', varsta=30}, proba=Proba{nume='Inot 150 de m', arbitru=0, categorie=inot}, numar_puncte=156}, Rezultat{participant=Participant{nume='Rusu', prenume='Andreea', varsta=29}, proba=Proba{nume='Inot 200 de m', arbitru=0, categorie=inot}, numar_puncte=121}, Rezultat{participant=Participant{nume='Kovacs', prenume='Cristina', varsta=21}, proba=Proba{nume='Inot 250 de m', arbitru=0, categorie=inot}, numar_puncte=199}, Rezultat{participant=Participant{nume='Munteanu', prenume='Sorin', varsta=21}, proba=Proba{nume='Inot 300 de m', arbitru=0, categorie=inot}, numar_puncte=144}, Rezultat{participant=Participant{nume='Iliescu', prenume='Daniela', varsta=32}, proba=Proba{nume='Cursa 100 de m', arbitru=0, categorie=alergat}, numar_puncte=185}, Rezultat{participant=Participant{nume='Georgescu', prenume='Andrei', varsta=22}, proba=Proba{nume='Cursa 200 de m', arbitru=0, categorie=alergat}, numar_puncte=102}, Rezultat{participant=Participant{nume='Oprea', prenume='Bogdan', varsta=27}, proba=Proba{nume='Cursa 300 de m', arbitru=0, categorie=alergat}, numar_puncte=172}, Rezultat{participant=Participant{nume='Stan', prenume='Ioana', varsta=27}, proba=Proba{nume='Cursa 400 de m', arbitru=0, categorie=alergat}, numar_puncte=137}, Rezultat{participant=Participant{nume='Iacob', prenume='Radu', varsta=23}, proba=Proba{nume='Cursa 500 de m', arbitru=0, categorie=alergat}, numar_puncte=195}, Rezultat{participant=Participant{nume='Manole', prenume='Simona', varsta=25}, proba=Proba{nume='Cursa 600 de m', arbitru=0, categorie=alergat}, numar_puncte=117}, Rezultat{participant=Participant{nume='Tudor', prenume='Alexandru', varsta=31}, proba=Proba{nume='Pedalat 200 de m', arbitru=0, categorie=ciclism}, numar_puncte=150}, Rezultat{participant=Participant{nume='Barbu', prenume='Irina', varsta=27}, proba=Proba{nume='Pedalat 600 de m', arbitru=0, categorie=ciclism}, numar_puncte=180}, Rezultat{participant=Participant{nume='Filip', prenume='Bianca', varsta=31}, proba=Proba{nume='Pedalat 1000 de m', arbitru=0, categorie=ciclism}, numar_puncte=140}, Rezultat{participant=Participant{nume='Dobre', prenume='Adriana', varsta=34}, proba=Proba{nume='Inot 50 de m', arbitru=0, categorie=inot}, numar_puncte=165}, Rezultat{participant=Participant{nume='Toma', prenume='Gabriela', varsta=31}, proba=Proba{nume='Inot 150 de m', arbitru=0, categorie=inot}, numar_puncte=132}, Rezultat{participant=Participant{nume='Petrescu', prenume='Gabriel', varsta=26}, proba=Proba{nume='Inot 250 de m', arbitru=0, categorie=inot}, numar_puncte=188}, Rezultat{participant=Participant{nume='Lupu', prenume='George', varsta=33}, proba=Proba{nume='Cursa 100 de m', arbitru=0, categorie=alergat}, numar_puncte=199}, Rezultat{participant=Participant{nume='Enache', prenume='Laura', varsta=29}, proba=Proba{nume='Cursa 300 de m', arbitru=0, categorie=alergat}, numar_puncte=175}, Rezultat{participant=Participant{nume='Dumitrescu', prenume='Elena', varsta=28}, proba=Proba{nume='Cursa 500 de m', arbitru=0, categorie=alergat}, numar_puncte=143}, Rezultat{participant=Participant{nume='Pavel', prenume='Monica', varsta=30}, proba=Proba{nume='Pedalat 400 de m', arbitru=0, categorie=ciclism}, numar_puncte=111}, Rezultat{participant=Participant{nume='Nedelcu', prenume='Alexandra', varsta=28}, proba=Proba{nume='Pedalat 800 de m', arbitru=0, categorie=ciclism}, numar_puncte=169}, Rezultat{participant=Participant{nume='Gheorghe', prenume='Vlad', varsta=28}, proba=Proba{nume='Pedalat 1200 de m', arbitru=0, categorie=ciclism}, numar_puncte=200}, Rezultat{participant=Participant{nume='Dragomir', prenume='Adrian', varsta=26}, proba=Proba{nume='Inot 100 de m', arbitru=0, categorie=inot}, numar_puncte=130}, Rezultat{participant=Participant{nume='Lazar', prenume='Roxana', varsta=25}, proba=Proba{nume='Inot 200 de m', arbitru=0, categorie=inot}, numar_puncte=185}, Rezultat{participant=Participant{nume='Jianu', prenume='Oana', varsta=34}, proba=Proba{nume='Inot 300 de m', arbitru=0, categorie=inot}, numar_puncte=142}, Rezultat{participant=Participant{nume='Hagi', prenume='Diana', varsta=32}, proba=Proba{nume='Cursa 200 de m', arbitru=0, categorie=alergat}, numar_puncte=193}, Rezultat{participant=Participant{nume='Ursu', prenume='Mihail', varsta=24}, proba=Proba{nume='Cursa 400 de m', arbitru=0, categorie=alergat}, numar_puncte=155}, Rezultat{participant=Participant{nume='Vlad', prenume='Anca', varsta=32}, proba=Proba{nume='Cursa 600 de m', arbitru=0, categorie=alergat}, numar_puncte=128}, Rezultat{participant=Participant{nume='Zamfir', prenume='Lucian', varsta=23}, proba=Proba{nume='Pedalat 200 de m', arbitru=0, categorie=ciclism}, numar_puncte=177}, Rezultat{participant=Participant{nume='Sandu', prenume='Victor', varsta=26}, proba=Proba{nume='Pedalat 600 de m', arbitru=0, categorie=ciclism}, numar_puncte=115}, Rezultat{participant=Participant{nume='Voicu', prenume='Raluca', varsta=34}, proba=Proba{nume='Pedalat 1000 de m', arbitru=0, categorie=ciclism}, numar_puncte=190}, Rezultat{participant=Participant{nume='Popescu', prenume='Ion', varsta=25}, proba=Proba{nume='Inot 50 de m', arbitru=0, categorie=inot}, numar_puncte=148}, Rezultat{participant=Participant{nume='Radu', prenume='Cristian', varsta=24}, proba=Proba{nume='Inot 150 de m', arbitru=0, categorie=inot}, numar_puncte=136}, Rezultat{participant=Participant{nume='Popa', prenume='Mihai', varsta=35}, proba=Proba{nume='Inot 250 de m', arbitru=0, categorie=inot}, numar_puncte=184}, Rezultat{participant=Participant{nume='Vasilescu', prenume='Florin', varsta=23}, proba=Proba{nume='Cursa 100 de m', arbitru=0, categorie=alergat}, numar_puncte=198}, Rezultat{participant=Participant{nume='Iliescu', prenume='Daniela', varsta=32}, proba=Proba{nume='Cursa 300 de m', arbitru=0, categorie=alergat}, numar_puncte=125}, Rezultat{participant=Participant{nume='Oprea', prenume='Bogdan', varsta=27}, proba=Proba{nume='Cursa 500 de m', arbitru=0, categorie=alergat}, numar_puncte=110}, Rezultat{participant=Participant{nume='Filip', prenume='Bianca', varsta=31}, proba=Proba{nume='Pedalat 400 de m', arbitru=0, categorie=ciclism}, numar_puncte=167}, Rezultat{participant=Participant{nume='Tudor', prenume='Alexandru', varsta=31}, proba=Proba{nume='Pedalat 800 de m', arbitru=0, categorie=ciclism}, numar_puncte=138}, Rezultat{participant=Participant{nume='Munteanu', prenume='Sorin', varsta=21}, proba=Proba{nume='Pedalat 1200 de m', arbitru=0, categorie=ciclism}, numar_puncte=157}, Rezultat{participant=Participant{nume='Rusu', prenume='Andreea', varsta=29}, proba=Proba{nume='Inot 100 de m', arbitru=0, categorie=inot}, numar_puncte=192}, Rezultat{participant=Participant{nume='nume', prenume='prenume', varsta=20}, proba=Proba{nume='nume', arbitru=0, categorie=ciclism}, numar_puncte=100}, Rezultat{participant=Participant{nume='nume', prenume='prenume', varsta=20}, proba=Proba{nume='nume', arbitru=0, categorie=ciclism}, numar_puncte=100}, Rezultat{participant=Participant{nume='nume', prenume='prenume', varsta=20}, proba=Proba{nume='nume', arbitru=0, categorie=ciclism}, numar_puncte=100}])
29 Mar 2025 17:19:58,095 INFO  ro.mpp2024.repository.ArbitruRepository 25 <init> - Initializing IArbitruRepository with properties: {} 
29 Mar 2025 17:19:58,098 INFO  ro.mpp2024.repository.ProbaRepository 25 <init> - Initializing ProbaRepository with properties: {} 
29 Mar 2025 17:19:58,099 INFO  ro.mpp2024.repository.ParticipantRepository 25 <init> - Initializing ParticipantRepository with properties: {} 
29 Mar 2025 17:19:58,101 INFO  ro.mpp2024.repository.RezultatRepository 26 <init> - Initializing RezultatRepository with properties: {} 
29 Mar 2025 17:19:58,102 TRACE ro.mpp2024.repository.RezultatRepository 143 listaParticipantiPuncteAlfabetic - Enter listaParticipantiPuncteAlfabetic
29 Mar 2025 17:19:58,103 TRACE ro.mpp2024.repository.RezultatRepository 75 findAll - Enter
29 Mar 2025 17:19:58,103 TRACE ro.mpp2024.utils.JdbcUtils 48 getConnection - Enter
29 Mar 2025 17:19:58,103 TRACE ro.mpp2024.utils.JdbcUtils 25 getNewConnection - Enter
29 Mar 2025 17:19:58,103 INFO  ro.mpp2024.utils.JdbcUtils 30 getNewConnection - trying to connect to database ... jdbc:sqlite:src/main/resources/triatlon.db
29 Mar 2025 17:19:58,104 INFO  ro.mpp2024.utils.JdbcUtils 31 getNewConnection - user: null
29 Mar 2025 17:19:58,104 INFO  ro.mpp2024.utils.JdbcUtils 32 getNewConnection - pass: null
29 Mar 2025 17:19:58,198 TRACE ro.mpp2024.utils.JdbcUtils 57 getConnection - Exit with(org.sqlite.jdbc4.JDBC4Connection@6a6afff2)
29 Mar 2025 17:19:58,200 TRACE ro.mpp2024.repository.RezultatRepository 32 createEntityFromResultSet - Enter createEntityFromResultSet
29 Mar 2025 17:19:58,201 TRACE ro.mpp2024.utils.JdbcUtils 48 getConnection - Enter
29 Mar 2025 17:19:58,201 TRACE ro.mpp2024.utils.JdbcUtils 57 getConnection - Exit with(org.sqlite.jdbc4.JDBC4Connection@6a6afff2)
29 Mar 2025 17:19:58,207 TRACE ro.mpp2024.repository.RezultatRepository 68 createEntityFromResultSet - Exit with(Rezultat{participant=Participant{nume='Popescu', prenume='Ion', varsta=25}, proba=Proba{nume='Pedalat 200 de m', arbitru=0, categorie=ciclism}, numar_puncte=10})
29 Mar 2025 17:19:58,207 TRACE ro.mpp2024.repository.RezultatRepository 32 createEntityFromResultSet - Enter createEntityFromResultSet
29 Mar 2025 17:19:58,207 TRACE ro.mpp2024.utils.JdbcUtils 48 getConnection - Enter
29 Mar 2025 17:19:58,207 TRACE ro.mpp2024.utils.JdbcUtils 57 getConnection - Exit with(org.sqlite.jdbc4.JDBC4Connection@6a6afff2)
29 Mar 2025 17:19:58,208 TRACE ro.mpp2024.repository.RezultatRepository 68 createEntityFromResultSet - Exit with(Rezultat{participant=Participant{nume='Stan', prenume='Ioana', varsta=27}, proba=Proba{nume='Pedalat 200 de m', arbitru=0, categorie=ciclism}, numar_puncte=152})
29 Mar 2025 17:19:58,208 TRACE ro.mpp2024.repository.RezultatRepository 32 createEntityFromResultSet - Enter createEntityFromResultSet
29 Mar 2025 17:19:58,208 TRACE ro.mpp2024.utils.JdbcUtils 48 getConnection - Enter
29 Mar 2025 17:19:58,208 TRACE ro.mpp2024.utils.JdbcUtils 57 getConnection - Exit with(org.sqlite.jdbc4.JDBC4Connection@6a6afff2)
29 Mar 2025 17:19:58,208 TRACE ro.mpp2024.repository.RezultatRepository 68 createEntityFromResultSet - Exit with(Rezultat{participant=Participant{nume='Popa', prenume='Mihai', varsta=35}, proba=Proba{nume='Pedalat 400 de m', arbitru=0, categorie=ciclism}, numar_puncte=98})
29 Mar 2025 17:19:58,208 TRACE ro.mpp2024.repository.RezultatRepository 32 createEntityFromResultSet - Enter createEntityFromResultSet
29 Mar 2025 17:19:58,209 TRACE ro.mpp2024.utils.JdbcUtils 48 getConnection - Enter
29 Mar 2025 17:19:58,209 TRACE ro.mpp2024.utils.JdbcUtils 57 getConnection - Exit with(org.sqlite.jdbc4.JDBC4Connection@6a6afff2)
29 Mar 2025 17:19:58,209 TRACE ro.mpp2024.repository.RezultatRepository 68 createEntityFromResultSet - Exit with(Rezultat{participant=Participant{nume='Vasilescu', prenume='Florin', varsta=23}, proba=Proba{nume='Pedalat 600 de m', arbitru=0, categorie=ciclism}, numar_puncte=174})
29 Mar 2025 17:19:58,209 TRACE ro.mpp2024.repository.RezultatRepository 32 createEntityFromResultSet - Enter createEntityFromResultSet
29 Mar 2025 17:19:58,209 TRACE ro.mpp2024.utils.JdbcUtils 48 getConnection - Enter
29 Mar 2025 17:19:58,210 TRACE ro.mpp2024.utils.JdbcUtils 57 getConnection - Exit with(org.sqlite.jdbc4.JDBC4Connection@6a6afff2)
29 Mar 2025 17:19:58,210 TRACE ro.mpp2024.repository.RezultatRepository 68 createEntityFromResultSet - Exit with(Rezultat{participant=Participant{nume='Radu', prenume='Cristian', varsta=24}, proba=Proba{nume='Pedalat 800 de m', arbitru=0, categorie=ciclism}, numar_puncte=120})
29 Mar 2025 17:19:58,210 TRACE ro.mpp2024.repository.RezultatRepository 32 createEntityFromResultSet - Enter createEntityFromResultSet
29 Mar 2025 17:19:58,210 TRACE ro.mpp2024.utils.JdbcUtils 48 getConnection - Enter
29 Mar 2025 17:19:58,210 TRACE ro.mpp2024.utils.JdbcUtils 57 getConnection - Exit with(org.sqlite.jdbc4.JDBC4Connection@6a6afff2)
29 Mar 2025 17:19:58,211 TRACE ro.mpp2024.repository.RezultatRepository 68 createEntityFromResultSet - Exit with(Rezultat{participant=Participant{nume='Grigore', prenume='Stefan', varsta=24}, proba=Proba{nume='Pedalat 1000 de m', arbitru=0, categorie=ciclism}, numar_puncte=145})
29 Mar 2025 17:19:58,211 TRACE ro.mpp2024.repository.RezultatRepository 32 createEntityFromResultSet - Enter createEntityFromResultSet
29 Mar 2025 17:19:58,211 TRACE ro.mpp2024.utils.JdbcUtils 48 getConnection - Enter
29 Mar 2025 17:19:58,211 TRACE ro.mpp2024.utils.JdbcUtils 57 getConnection - Exit with(org.sqlite.jdbc4.JDBC4Connection@6a6afff2)
29 Mar 2025 17:19:58,211 TRACE ro.mpp2024.repository.RezultatRepository 68 createEntityFromResultSet - Exit with(Rezultat{participant=Participant{nume='Nistor', prenume='Carmen', varsta=33}, proba=Proba{nume='Pedalat 1200 de m', arbitru=0, categorie=ciclism}, numar_puncte=189})
29 Mar 2025 17:19:58,211 TRACE ro.mpp2024.repository.RezultatRepository 32 createEntityFromResultSet - Enter createEntityFromResultSet
29 Mar 2025 17:19:58,212 TRACE ro.mpp2024.utils.JdbcUtils 48 getConnection - Enter
29 Mar 2025 17:19:58,212 TRACE ro.mpp2024.utils.JdbcUtils 57 getConnection - Exit with(org.sqlite.jdbc4.JDBC4Connection@6a6afff2)
29 Mar 2025 17:19:58,212 TRACE ro.mpp2024.repository.RezultatRepository 68 createEntityFromResultSet - Exit with(Rezultat{participant=Participant{nume='Marin', prenume='Ana', varsta=29}, proba=Proba{nume='Inot 50 de m', arbitru=0, categorie=inot}, numar_puncte=134})
29 Mar 2025 17:19:58,212 TRACE ro.mpp2024.repository.RezultatRepository 32 createEntityFromResultSet - Enter createEntityFromResultSet
29 Mar 2025 17:19:58,212 TRACE ro.mpp2024.utils.JdbcUtils 48 getConnection - Enter
29 Mar 2025 17:19:58,213 TRACE ro.mpp2024.utils.JdbcUtils 57 getConnection - Exit with(org.sqlite.jdbc4.JDBC4Connection@6a6afff2)
29 Mar 2025 17:19:58,213 TRACE ro.mpp2024.repository.RezultatRepository 68 createEntityFromResultSet - Exit with(Rezultat{participant=Participant{nume='Constantin', prenume='Marius', varsta=30}, proba=Proba{nume='Inot 100 de m', arbitru=0, categorie=inot}, numar_puncte=178})
29 Mar 2025 17:19:58,213 TRACE ro.mpp2024.repository.RezultatRepository 32 createEntityFromResultSet - Enter createEntityFromResultSet
29 Mar 2025 17:19:58,213 TRACE ro.mpp2024.utils.JdbcUtils 48 getConnection - Enter
29 Mar 2025 17:19:58,213 TRACE ro.mpp2024.utils.JdbcUtils 57 getConnection - Exit with(org.sqlite.jdbc4.JDBC4Connection@6a6afff2)
29 Mar 2025 17:19:58,214 TRACE ro.mpp2024.repository.RezultatRepository 68 createEntityFromResultSet - Exit with(Rezultat{participant=Participant{nume='Ionescu', prenume='Maria', varsta=30}, proba=Proba{nume='Inot 150 de m', arbitru=0, categorie=inot}, numar_puncte=156})
29 Mar 2025 17:19:58,214 TRACE ro.mpp2024.repository.RezultatRepository 32 createEntityFromResultSet - Enter createEntityFromResultSet
29 Mar 2025 17:19:58,214 TRACE ro.mpp2024.utils.JdbcUtils 48 getConnection - Enter
29 Mar 2025 17:19:58,214 TRACE ro.mpp2024.utils.JdbcUtils 57 getConnection - Exit with(org.sqlite.jdbc4.JDBC4Connection@6a6afff2)
29 Mar 2025 17:19:58,215 TRACE ro.mpp2024.repository.RezultatRepository 68 createEntityFromResultSet - Exit with(Rezultat{participant=Participant{nume='Rusu', prenume='Andreea', varsta=29}, proba=Proba{nume='Inot 200 de m', arbitru=0, categorie=inot}, numar_puncte=121})
29 Mar 2025 17:19:58,215 TRACE ro.mpp2024.repository.RezultatRepository 32 createEntityFromResultSet - Enter createEntityFromResultSet
29 Mar 2025 17:19:58,215 TRACE ro.mpp2024.utils.JdbcUtils 48 getConnection - Enter
29 Mar 2025 17:19:58,215 TRACE ro.mpp2024.utils.JdbcUtils 57 getConnection - Exit with(org.sqlite.jdbc4.JDBC4Connection@6a6afff2)
29 Mar 2025 17:19:58,215 TRACE ro.mpp2024.repository.RezultatRepository 68 createEntityFromResultSet - Exit with(Rezultat{participant=Participant{nume='Kovacs', prenume='Cristina', varsta=21}, proba=Proba{nume='Inot 250 de m', arbitru=0, categorie=inot}, numar_puncte=199})
29 Mar 2025 17:19:58,215 TRACE ro.mpp2024.repository.RezultatRepository 32 createEntityFromResultSet - Enter createEntityFromResultSet
29 Mar 2025 17:19:58,215 TRACE ro.mpp2024.utils.JdbcUtils 48 getConnection - Enter
29 Mar 2025 17:19:58,216 TRACE ro.mpp2024.utils.JdbcUtils 57 getConnection - Exit with(org.sqlite.jdbc4.JDBC4Connection@6a6afff2)
29 Mar 2025 17:19:58,216 TRACE ro.mpp2024.repository.RezultatRepository 68 createEntityFromResultSet - Exit with(Rezultat{participant=Participant{nume='Munteanu', prenume='Sorin', varsta=21}, proba=Proba{nume='Inot 300 de m', arbitru=0, categorie=inot}, numar_puncte=144})
29 Mar 2025 17:19:58,216 TRACE ro.mpp2024.repository.RezultatRepository 32 createEntityFromResultSet - Enter createEntityFromResultSet
29 Mar 2025 17:19:58,216 TRACE ro.mpp2024.utils.JdbcUtils 48 getConnection - Enter
29 Mar 2025 17:19:58,216 TRACE ro.mpp2024.utils.JdbcUtils 57 getConnection - Exit with(org.sqlite.jdbc4.JDBC4Connection@6a6afff2)
29 Mar 2025 17:19:58,216 TRACE ro.mpp2024.repository.RezultatRepository 68 createEntityFromResultSet - Exit with(Rezultat{participant=Participant{nume='Iliescu', prenume='Daniela', varsta=32}, proba=Proba{nume='Cursa 100 de m', arbitru=0, categorie=alergat}, numar_puncte=185})
29 Mar 2025 17:19:58,216 TRACE ro.mpp2024.repository.RezultatRepository 32 createEntityFromResultSet - Enter createEntityFromResultSet
29 Mar 2025 17:19:58,217 TRACE ro.mpp2024.utils.JdbcUtils 48 getConnection - Enter
29 Mar 2025 17:19:58,217 TRACE ro.mpp2024.utils.JdbcUtils 57 getConnection - Exit with(org.sqlite.jdbc4.JDBC4Connection@6a6afff2)
29 Mar 2025 17:19:58,217 TRACE ro.mpp2024.repository.RezultatRepository 68 createEntityFromResultSet - Exit with(Rezultat{participant=Participant{nume='Georgescu', prenume='Andrei', varsta=22}, proba=Proba{nume='Cursa 200 de m', arbitru=0, categorie=alergat}, numar_puncte=102})
29 Mar 2025 17:19:58,217 TRACE ro.mpp2024.repository.RezultatRepository 32 createEntityFromResultSet - Enter createEntityFromResultSet
29 Mar 2025 17:19:58,217 TRACE ro.mpp2024.utils.JdbcUtils 48 getConnection - Enter
29 Mar 2025 17:19:58,217 TRACE ro.mpp2024.utils.JdbcUtils 57 getConnection - Exit with(org.sqlite.jdbc4.JDBC4Connection@6a6afff2)
29 Mar 2025 17:19:58,218 TRACE ro.mpp2024.repository.RezultatRepository 68 createEntityFromResultSet - Exit with(Rezultat{participant=Participant{nume='Oprea', prenume='Bogdan', varsta=27}, proba=Proba{nume='Cursa 300 de m', arbitru=0, categorie=alergat}, numar_puncte=172})
29 Mar 2025 17:19:58,218 TRACE ro.mpp2024.repository.RezultatRepository 32 createEntityFromResultSet - Enter createEntityFromResultSet
29 Mar 2025 17:19:58,218 TRACE ro.mpp2024.utils.JdbcUtils 48 getConnection - Enter
29 Mar 2025 17:19:58,218 TRACE ro.mpp2024.utils.JdbcUtils 57 getConnection - Exit with(org.sqlite.jdbc4.JDBC4Connection@6a6afff2)
29 Mar 2025 17:19:58,218 TRACE ro.mpp2024.repository.RezultatRepository 68 createEntityFromResultSet - Exit with(Rezultat{participant=Participant{nume='Stan', prenume='Ioana', varsta=27}, proba=Proba{nume='Cursa 400 de m', arbitru=0, categorie=alergat}, numar_puncte=137})
29 Mar 2025 17:19:58,218 TRACE ro.mpp2024.repository.RezultatRepository 32 createEntityFromResultSet - Enter createEntityFromResultSet
29 Mar 2025 17:19:58,218 TRACE ro.mpp2024.utils.JdbcUtils 48 getConnection - Enter
29 Mar 2025 17:19:58,219 TRACE ro.mpp2024.utils.JdbcUtils 57 getConnection - Exit with(org.sqlite.jdbc4.JDBC4Connection@6a6afff2)
29 Mar 2025 17:19:58,219 TRACE ro.mpp2024.repository.RezultatRepository 68 createEntityFromResultSet - Exit with(Rezultat{participant=Participant{nume='Iacob', prenume='Radu', varsta=23}, proba=Proba{nume='Cursa 500 de m', arbitru=0, categorie=alergat}, numar_puncte=195})
29 Mar 2025 17:19:58,219 TRACE ro.mpp2024.repository.RezultatRepository 32 createEntityFromResultSet - Enter createEntityFromResultSet
29 Mar 2025 17:19:58,219 TRACE ro.mpp2024.utils.JdbcUtils 48 getConnection - Enter
29 Mar 2025 17:19:58,219 TRACE ro.mpp2024.utils.JdbcUtils 57 getConnection - Exit with(org.sqlite.jdbc4.JDBC4Connection@6a6afff2)
29 Mar 2025 17:19:58,219 TRACE ro.mpp2024.repository.RezultatRepository 68 createEntityFromResultSet - Exit with(Rezultat{participant=Participant{nume='Manole', prenume='Simona', varsta=25}, proba=Proba{nume='Cursa 600 de m', arbitru=0, categorie=alergat}, numar_puncte=117})
29 Mar 2025 17:19:58,219 TRACE ro.mpp2024.repository.RezultatRepository 32 createEntityFromResultSet - Enter createEntityFromResultSet
29 Mar 2025 17:19:58,219 TRACE ro.mpp2024.utils.JdbcUtils 48 getConnection - Enter
29 Mar 2025 17:19:58,220 TRACE ro.mpp2024.utils.JdbcUtils 57 getConnection - Exit with(org.sqlite.jdbc4.JDBC4Connection@6a6afff2)
29 Mar 2025 17:19:58,220 TRACE ro.mpp2024.repository.RezultatRepository 68 createEntityFromResultSet - Exit with(Rezultat{participant=Participant{nume='Tudor', prenume='Alexandru', varsta=31}, proba=Proba{nume='Pedalat 200 de m', arbitru=0, categorie=ciclism}, numar_puncte=150})
29 Mar 2025 17:19:58,220 TRACE ro.mpp2024.repository.RezultatRepository 32 createEntityFromResultSet - Enter createEntityFromResultSet
29 Mar 2025 17:19:58,220 TRACE ro.mpp2024.utils.JdbcUtils 48 getConnection - Enter
29 Mar 2025 17:19:58,220 TRACE ro.mpp2024.utils.JdbcUtils 57 getConnection - Exit with(org.sqlite.jdbc4.JDBC4Connection@6a6afff2)
29 Mar 2025 17:19:58,220 TRACE ro.mpp2024.repository.RezultatRepository 68 createEntityFromResultSet - Exit with(Rezultat{participant=Participant{nume='Barbu', prenume='Irina', varsta=27}, proba=Proba{nume='Pedalat 600 de m', arbitru=0, categorie=ciclism}, numar_puncte=180})
29 Mar 2025 17:19:58,220 TRACE ro.mpp2024.repository.RezultatRepository 32 createEntityFromResultSet - Enter createEntityFromResultSet
29 Mar 2025 17:19:58,221 TRACE ro.mpp2024.utils.JdbcUtils 48 getConnection - Enter
29 Mar 2025 17:19:58,221 TRACE ro.mpp2024.utils.JdbcUtils 57 getConnection - Exit with(org.sqlite.jdbc4.JDBC4Connection@6a6afff2)
29 Mar 2025 17:19:58,221 TRACE ro.mpp2024.repository.RezultatRepository 68 createEntityFromResultSet - Exit with(Rezultat{participant=Participant{nume='Filip', prenume='Bianca', varsta=31}, proba=Proba{nume='Pedalat 1000 de m', arbitru=0, categorie=ciclism}, numar_puncte=140})
29 Mar 2025 17:19:58,221 TRACE ro.mpp2024.repository.RezultatRepository 32 createEntityFromResultSet - Enter createEntityFromResultSet
29 Mar 2025 17:19:58,221 TRACE ro.mpp2024.utils.JdbcUtils 48 getConnection - Enter
29 Mar 2025 17:19:58,221 TRACE ro.mpp2024.utils.JdbcUtils 57 getConnection - Exit with(org.sqlite.jdbc4.JDBC4Connection@6a6afff2)
29 Mar 2025 17:19:58,221 TRACE ro.mpp2024.repository.RezultatRepository 68 createEntityFromResultSet - Exit with(Rezultat{participant=Participant{nume='Dobre', prenume='Adriana', varsta=34}, proba=Proba{nume='Inot 50 de m', arbitru=0, categorie=inot}, numar_puncte=165})
29 Mar 2025 17:19:58,221 TRACE ro.mpp2024.repository.RezultatRepository 32 createEntityFromResultSet - Enter createEntityFromResultSet
29 Mar 2025 17:19:58,222 TRACE ro.mpp2024.utils.JdbcUtils 48 getConnection - Enter
29 Mar 2025 17:19:58,222 TRACE ro.mpp2024.utils.JdbcUtils 57 getConnection - Exit with(org.sqlite.jdbc4.JDBC4Connection@6a6afff2)
29 Mar 2025 17:19:58,222 TRACE ro.mpp2024.repository.RezultatRepository 68 createEntityFromResultSet - Exit with(Rezultat{participant=Participant{nume='Toma', prenume='Gabriela', varsta=31}, proba=Proba{nume='Inot 150 de m', arbitru=0, categorie=inot}, numar_puncte=132})
29 Mar 2025 17:19:58,222 TRACE ro.mpp2024.repository.RezultatRepository 32 createEntityFromResultSet - Enter createEntityFromResultSet
29 Mar 2025 17:19:58,222 TRACE ro.mpp2024.utils.JdbcUtils 48 getConnection - Enter
29 Mar 2025 17:19:58,222 TRACE ro.mpp2024.utils.JdbcUtils 57 getConnection - Exit with(org.sqlite.jdbc4.JDBC4Connection@6a6afff2)
29 Mar 2025 17:19:58,222 TRACE ro.mpp2024.repository.RezultatRepository 68 createEntityFromResultSet - Exit with(Rezultat{participant=Participant{nume='Petrescu', prenume='Gabriel', varsta=26}, proba=Proba{nume='Inot 250 de m', arbitru=0, categorie=inot}, numar_puncte=188})
29 Mar 2025 17:19:58,222 TRACE ro.mpp2024.repository.RezultatRepository 32 createEntityFromResultSet - Enter createEntityFromResultSet
29 Mar 2025 17:19:58,223 TRACE ro.mpp2024.utils.JdbcUtils 48 getConnection - Enter
29 Mar 2025 17:19:58,223 TRACE ro.mpp2024.utils.JdbcUtils 57 getConnection - Exit with(org.sqlite.jdbc4.JDBC4Connection@6a6afff2)
29 Mar 2025 17:19:58,223 TRACE ro.mpp2024.repository.RezultatRepository 68 createEntityFromResultSet - Exit with(Rezultat{participant=Participant{nume='Lupu', prenume='George', varsta=33}, proba=Proba{nume='Cursa 100 de m', arbitru=0, categorie=alergat}, numar_puncte=199})
29 Mar 2025 17:19:58,223 TRACE ro.mpp2024.repository.RezultatRepository 32 createEntityFromResultSet - Enter createEntityFromResultSet
29 Mar 2025 17:19:58,223 TRACE ro.mpp2024.utils.JdbcUtils 48 getConnection - Enter
29 Mar 2025 17:19:58,223 TRACE ro.mpp2024.utils.JdbcUtils 57 getConnection - Exit with(org.sqlite.jdbc4.JDBC4Connection@6a6afff2)
29 Mar 2025 17:19:58,223 TRACE ro.mpp2024.repository.RezultatRepository 68 createEntityFromResultSet - Exit with(Rezultat{participant=Participant{nume='Enache', prenume='Laura', varsta=29}, proba=Proba{nume='Cursa 300 de m', arbitru=0, categorie=alergat}, numar_puncte=175})
29 Mar 2025 17:19:58,224 TRACE ro.mpp2024.repository.RezultatRepository 32 createEntityFromResultSet - Enter createEntityFromResultSet
29 Mar 2025 17:19:58,224 TRACE ro.mpp2024.utils.JdbcUtils 48 getConnection - Enter
29 Mar 2025 17:19:58,224 TRACE ro.mpp2024.utils.JdbcUtils 57 getConnection - Exit with(org.sqlite.jdbc4.JDBC4Connection@6a6afff2)
29 Mar 2025 17:19:58,224 TRACE ro.mpp2024.repository.RezultatRepository 68 createEntityFromResultSet - Exit with(Rezultat{participant=Participant{nume='Dumitrescu', prenume='Elena', varsta=28}, proba=Proba{nume='Cursa 500 de m', arbitru=0, categorie=alergat}, numar_puncte=143})
29 Mar 2025 17:19:58,224 TRACE ro.mpp2024.repository.RezultatRepository 32 createEntityFromResultSet - Enter createEntityFromResultSet
29 Mar 2025 17:19:58,224 TRACE ro.mpp2024.utils.JdbcUtils 48 getConnection - Enter
29 Mar 2025 17:19:58,224 TRACE ro.mpp2024.utils.JdbcUtils 57 getConnection - Exit with(org.sqlite.jdbc4.JDBC4Connection@6a6afff2)
29 Mar 2025 17:19:58,224 TRACE ro.mpp2024.repository.RezultatRepository 68 createEntityFromResultSet - Exit with(Rezultat{participant=Participant{nume='Pavel', prenume='Monica', varsta=30}, proba=Proba{nume='Pedalat 400 de m', arbitru=0, categorie=ciclism}, numar_puncte=111})
29 Mar 2025 17:19:58,225 TRACE ro.mpp2024.repository.RezultatRepository 32 createEntityFromResultSet - Enter createEntityFromResultSet
29 Mar 2025 17:19:58,225 TRACE ro.mpp2024.utils.JdbcUtils 48 getConnection - Enter
29 Mar 2025 17:19:58,225 TRACE ro.mpp2024.utils.JdbcUtils 57 getConnection - Exit with(org.sqlite.jdbc4.JDBC4Connection@6a6afff2)
29 Mar 2025 17:19:58,225 TRACE ro.mpp2024.repository.RezultatRepository 68 createEntityFromResultSet - Exit with(Rezultat{participant=Participant{nume='Nedelcu', prenume='Alexandra', varsta=28}, proba=Proba{nume='Pedalat 800 de m', arbitru=0, categorie=ciclism}, numar_puncte=169})
29 Mar 2025 17:19:58,225 TRACE ro.mpp2024.repository.RezultatRepository 32 createEntityFromResultSet - Enter createEntityFromResultSet
29 Mar 2025 17:19:58,225 TRACE ro.mpp2024.utils.JdbcUtils 48 getConnection - Enter
29 Mar 2025 17:19:58,225 TRACE ro.mpp2024.utils.JdbcUtils 57 getConnection - Exit with(org.sqlite.jdbc4.JDBC4Connection@6a6afff2)
29 Mar 2025 17:19:58,225 TRACE ro.mpp2024.repository.RezultatRepository 68 createEntityFromResultSet - Exit with(Rezultat{participant=Participant{nume='Gheorghe', prenume='Vlad', varsta=28}, proba=Proba{nume='Pedalat 1200 de m', arbitru=0, categorie=ciclism}, numar_puncte=200})
29 Mar 2025 17:19:58,226 TRACE ro.mpp2024.repository.RezultatRepository 32 createEntityFromResultSet - Enter createEntityFromResultSet
29 Mar 2025 17:19:58,226 TRACE ro.mpp2024.utils.JdbcUtils 48 getConnection - Enter
29 Mar 2025 17:19:58,226 TRACE ro.mpp2024.utils.JdbcUtils 57 getConnection - Exit with(org.sqlite.jdbc4.JDBC4Connection@6a6afff2)
29 Mar 2025 17:19:58,226 TRACE ro.mpp2024.repository.RezultatRepository 68 createEntityFromResultSet - Exit with(Rezultat{participant=Participant{nume='Dragomir', prenume='Adrian', varsta=26}, proba=Proba{nume='Inot 100 de m', arbitru=0, categorie=inot}, numar_puncte=130})
29 Mar 2025 17:19:58,226 TRACE ro.mpp2024.repository.RezultatRepository 32 createEntityFromResultSet - Enter createEntityFromResultSet
29 Mar 2025 17:19:58,226 TRACE ro.mpp2024.utils.JdbcUtils 48 getConnection - Enter
29 Mar 2025 17:19:58,226 TRACE ro.mpp2024.utils.JdbcUtils 57 getConnection - Exit with(org.sqlite.jdbc4.JDBC4Connection@6a6afff2)
29 Mar 2025 17:19:58,226 TRACE ro.mpp2024.repository.RezultatRepository 68 createEntityFromResultSet - Exit with(Rezultat{participant=Participant{nume='Lazar', prenume='Roxana', varsta=25}, proba=Proba{nume='Inot 200 de m', arbitru=0, categorie=inot}, numar_puncte=185})
29 Mar 2025 17:19:58,226 TRACE ro.mpp2024.repository.RezultatRepository 32 createEntityFromResultSet - Enter createEntityFromResultSet
29 Mar 2025 17:19:58,227 TRACE ro.mpp2024.utils.JdbcUtils 48 getConnection - Enter
29 Mar 2025 17:19:58,227 TRACE ro.mpp2024.utils.JdbcUtils 57 getConnection - Exit with(org.sqlite.jdbc4.JDBC4Connection@6a6afff2)
29 Mar 2025 17:19:58,227 TRACE ro.mpp2024.repository.RezultatRepository 68 createEntityFromResultSet - Exit with(Rezultat{participant=Participant{nume='Jianu', prenume='Oana', varsta=34}, proba=Proba{nume='Inot 300 de m', arbitru=0, categorie=inot}, numar_puncte=142})
29 Mar 2025 17:19:58,227 TRACE ro.mpp2024.repository.RezultatRepository 32 createEntityFromResultSet - Enter createEntityFromResultSet
29 Mar 2025 17:19:58,227 TRACE ro.mpp2024.utils.JdbcUtils 48 getConnection - Enter
29 Mar 2025 17:19:58,227 TRACE ro.mpp2024.utils.JdbcUtils 57 getConnection - Exit with(org.sqlite.jdbc4.JDBC4Connection@6a6afff2)
29 Mar 2025 17:19:58,228 TRACE ro.mpp2024.repository.RezultatRepository 68 createEntityFromResultSet - Exit with(Rezultat{participant=Participant{nume='Hagi', prenume='Diana', varsta=32}, proba=Proba{nume='Cursa 200 de m', arbitru=0, categorie=alergat}, numar_puncte=193})
29 Mar 2025 17:19:58,228 TRACE ro.mpp2024.repository.RezultatRepository 32 createEntityFromResultSet - Enter createEntityFromResultSet
29 Mar 2025 17:19:58,228 TRACE ro.mpp2024.utils.JdbcUtils 48 getConnection - Enter
29 Mar 2025 17:19:58,228 TRACE ro.mpp2024.utils.JdbcUtils 57 getConnection - Exit with(org.sqlite.jdbc4.JDBC4Connection@6a6afff2)
29 Mar 2025 17:19:58,228 TRACE ro.mpp2024.repository.RezultatRepository 68 createEntityFromResultSet - Exit with(Rezultat{participant=Participant{nume='Ursu', prenume='Mihail', varsta=24}, proba=Proba{nume='Cursa 400 de m', arbitru=0, categorie=alergat}, numar_puncte=155})
29 Mar 2025 17:19:58,229 TRACE ro.mpp2024.repository.RezultatRepository 32 createEntityFromResultSet - Enter createEntityFromResultSet
29 Mar 2025 17:19:58,229 TRACE ro.mpp2024.utils.JdbcUtils 48 getConnection - Enter
29 Mar 2025 17:19:58,229 TRACE ro.mpp2024.utils.JdbcUtils 57 getConnection - Exit with(org.sqlite.jdbc4.JDBC4Connection@6a6afff2)
29 Mar 2025 17:19:58,229 TRACE ro.mpp2024.repository.RezultatRepository 68 createEntityFromResultSet - Exit with(Rezultat{participant=Participant{nume='Vlad', prenume='Anca', varsta=32}, proba=Proba{nume='Cursa 600 de m', arbitru=0, categorie=alergat}, numar_puncte=128})
29 Mar 2025 17:19:58,229 TRACE ro.mpp2024.repository.RezultatRepository 32 createEntityFromResultSet - Enter createEntityFromResultSet
29 Mar 2025 17:19:58,229 TRACE ro.mpp2024.utils.JdbcUtils 48 getConnection - Enter
29 Mar 2025 17:19:58,229 TRACE ro.mpp2024.utils.JdbcUtils 57 getConnection - Exit with(org.sqlite.jdbc4.JDBC4Connection@6a6afff2)
29 Mar 2025 17:19:58,230 TRACE ro.mpp2024.repository.RezultatRepository 68 createEntityFromResultSet - Exit with(Rezultat{participant=Participant{nume='Zamfir', prenume='Lucian', varsta=23}, proba=Proba{nume='Pedalat 200 de m', arbitru=0, categorie=ciclism}, numar_puncte=177})
29 Mar 2025 17:19:58,230 TRACE ro.mpp2024.repository.RezultatRepository 32 createEntityFromResultSet - Enter createEntityFromResultSet
29 Mar 2025 17:19:58,230 TRACE ro.mpp2024.utils.JdbcUtils 48 getConnection - Enter
29 Mar 2025 17:19:58,230 TRACE ro.mpp2024.utils.JdbcUtils 57 getConnection - Exit with(org.sqlite.jdbc4.JDBC4Connection@6a6afff2)
29 Mar 2025 17:19:58,230 TRACE ro.mpp2024.repository.RezultatRepository 68 createEntityFromResultSet - Exit with(Rezultat{participant=Participant{nume='Sandu', prenume='Victor', varsta=26}, proba=Proba{nume='Pedalat 600 de m', arbitru=0, categorie=ciclism}, numar_puncte=115})
29 Mar 2025 17:19:58,231 TRACE ro.mpp2024.repository.RezultatRepository 32 createEntityFromResultSet - Enter createEntityFromResultSet
29 Mar 2025 17:19:58,231 TRACE ro.mpp2024.utils.JdbcUtils 48 getConnection - Enter
29 Mar 2025 17:19:58,231 TRACE ro.mpp2024.utils.JdbcUtils 57 getConnection - Exit with(org.sqlite.jdbc4.JDBC4Connection@6a6afff2)
29 Mar 2025 17:19:58,231 TRACE ro.mpp2024.repository.RezultatRepository 68 createEntityFromResultSet - Exit with(Rezultat{participant=Participant{nume='Voicu', prenume='Raluca', varsta=34}, proba=Proba{nume='Pedalat 1000 de m', arbitru=0, categorie=ciclism}, numar_puncte=190})
29 Mar 2025 17:19:58,231 TRACE ro.mpp2024.repository.RezultatRepository 32 createEntityFromResultSet - Enter createEntityFromResultSet
29 Mar 2025 17:19:58,231 TRACE ro.mpp2024.utils.JdbcUtils 48 getConnection - Enter
29 Mar 2025 17:19:58,232 TRACE ro.mpp2024.utils.JdbcUtils 57 getConnection - Exit with(org.sqlite.jdbc4.JDBC4Connection@6a6afff2)
29 Mar 2025 17:19:58,232 TRACE ro.mpp2024.repository.RezultatRepository 68 createEntityFromResultSet - Exit with(Rezultat{participant=Participant{nume='Popescu', prenume='Ion', varsta=25}, proba=Proba{nume='Inot 50 de m', arbitru=0, categorie=inot}, numar_puncte=148})
29 Mar 2025 17:19:58,232 TRACE ro.mpp2024.repository.RezultatRepository 32 createEntityFromResultSet - Enter createEntityFromResultSet
29 Mar 2025 17:19:58,232 TRACE ro.mpp2024.utils.JdbcUtils 48 getConnection - Enter
29 Mar 2025 17:19:58,232 TRACE ro.mpp2024.utils.JdbcUtils 57 getConnection - Exit with(org.sqlite.jdbc4.JDBC4Connection@6a6afff2)
29 Mar 2025 17:19:58,233 TRACE ro.mpp2024.repository.RezultatRepository 68 createEntityFromResultSet - Exit with(Rezultat{participant=Participant{nume='Radu', prenume='Cristian', varsta=24}, proba=Proba{nume='Inot 150 de m', arbitru=0, categorie=inot}, numar_puncte=136})
29 Mar 2025 17:19:58,233 TRACE ro.mpp2024.repository.RezultatRepository 32 createEntityFromResultSet - Enter createEntityFromResultSet
29 Mar 2025 17:19:58,233 TRACE ro.mpp2024.utils.JdbcUtils 48 getConnection - Enter
29 Mar 2025 17:19:58,233 TRACE ro.mpp2024.utils.JdbcUtils 57 getConnection - Exit with(org.sqlite.jdbc4.JDBC4Connection@6a6afff2)
29 Mar 2025 17:19:58,233 TRACE ro.mpp2024.repository.RezultatRepository 68 createEntityFromResultSet - Exit with(Rezultat{participant=Participant{nume='Popa', prenume='Mihai', varsta=35}, proba=Proba{nume='Inot 250 de m', arbitru=0, categorie=inot}, numar_puncte=184})
29 Mar 2025 17:19:58,233 TRACE ro.mpp2024.repository.RezultatRepository 32 createEntityFromResultSet - Enter createEntityFromResultSet
29 Mar 2025 17:19:58,233 TRACE ro.mpp2024.utils.JdbcUtils 48 getConnection - Enter
29 Mar 2025 17:19:58,233 TRACE ro.mpp2024.utils.JdbcUtils 57 getConnection - Exit with(org.sqlite.jdbc4.JDBC4Connection@6a6afff2)
29 Mar 2025 17:19:58,233 TRACE ro.mpp2024.repository.RezultatRepository 68 createEntityFromResultSet - Exit with(Rezultat{participant=Participant{nume='Vasilescu', prenume='Florin', varsta=23}, proba=Proba{nume='Cursa 100 de m', arbitru=0, categorie=alergat}, numar_puncte=198})
29 Mar 2025 17:19:58,234 TRACE ro.mpp2024.repository.RezultatRepository 32 createEntityFromResultSet - Enter createEntityFromResultSet
29 Mar 2025 17:19:58,234 TRACE ro.mpp2024.utils.JdbcUtils 48 getConnection - Enter
29 Mar 2025 17:19:58,234 TRACE ro.mpp2024.utils.JdbcUtils 57 getConnection - Exit with(org.sqlite.jdbc4.JDBC4Connection@6a6afff2)
29 Mar 2025 17:19:58,234 TRACE ro.mpp2024.repository.RezultatRepository 68 createEntityFromResultSet - Exit with(Rezultat{participant=Participant{nume='Iliescu', prenume='Daniela', varsta=32}, proba=Proba{nume='Cursa 300 de m', arbitru=0, categorie=alergat}, numar_puncte=125})
29 Mar 2025 17:19:58,234 TRACE ro.mpp2024.repository.RezultatRepository 32 createEntityFromResultSet - Enter createEntityFromResultSet
29 Mar 2025 17:19:58,234 TRACE ro.mpp2024.utils.JdbcUtils 48 getConnection - Enter
29 Mar 2025 17:19:58,234 TRACE ro.mpp2024.utils.JdbcUtils 57 getConnection - Exit with(org.sqlite.jdbc4.JDBC4Connection@6a6afff2)
29 Mar 2025 17:19:58,234 TRACE ro.mpp2024.repository.RezultatRepository 68 createEntityFromResultSet - Exit with(Rezultat{participant=Participant{nume='Oprea', prenume='Bogdan', varsta=27}, proba=Proba{nume='Cursa 500 de m', arbitru=0, categorie=alergat}, numar_puncte=110})
29 Mar 2025 17:19:58,234 TRACE ro.mpp2024.repository.RezultatRepository 32 createEntityFromResultSet - Enter createEntityFromResultSet
29 Mar 2025 17:19:58,234 TRACE ro.mpp2024.utils.JdbcUtils 48 getConnection - Enter
29 Mar 2025 17:19:58,235 TRACE ro.mpp2024.utils.JdbcUtils 57 getConnection - Exit with(org.sqlite.jdbc4.JDBC4Connection@6a6afff2)
29 Mar 2025 17:19:58,235 TRACE ro.mpp2024.repository.RezultatRepository 68 createEntityFromResultSet - Exit with(Rezultat{participant=Participant{nume='Filip', prenume='Bianca', varsta=31}, proba=Proba{nume='Pedalat 400 de m', arbitru=0, categorie=ciclism}, numar_puncte=167})
29 Mar 2025 17:19:58,235 TRACE ro.mpp2024.repository.RezultatRepository 32 createEntityFromResultSet - Enter createEntityFromResultSet
29 Mar 2025 17:19:58,235 TRACE ro.mpp2024.utils.JdbcUtils 48 getConnection - Enter
29 Mar 2025 17:19:58,235 TRACE ro.mpp2024.utils.JdbcUtils 57 getConnection - Exit with(org.sqlite.jdbc4.JDBC4Connection@6a6afff2)
29 Mar 2025 17:19:58,235 TRACE ro.mpp2024.repository.RezultatRepository 68 createEntityFromResultSet - Exit with(Rezultat{participant=Participant{nume='Tudor', prenume='Alexandru', varsta=31}, proba=Proba{nume='Pedalat 800 de m', arbitru=0, categorie=ciclism}, numar_puncte=138})
29 Mar 2025 17:19:58,235 TRACE ro.mpp2024.repository.RezultatRepository 32 createEntityFromResultSet - Enter createEntityFromResultSet
29 Mar 2025 17:19:58,235 TRACE ro.mpp2024.utils.JdbcUtils 48 getConnection - Enter
29 Mar 2025 17:19:58,236 TRACE ro.mpp2024.utils.JdbcUtils 57 getConnection - Exit with(org.sqlite.jdbc4.JDBC4Connection@6a6afff2)
29 Mar 2025 17:19:58,236 TRACE ro.mpp2024.repository.RezultatRepository 68 createEntityFromResultSet - Exit with(Rezultat{participant=Participant{nume='Munteanu', prenume='Sorin', varsta=21}, proba=Proba{nume='Pedalat 1200 de m', arbitru=0, categorie=ciclism}, numar_puncte=157})
29 Mar 2025 17:19:58,236 TRACE ro.mpp2024.repository.RezultatRepository 32 createEntityFromResultSet - Enter createEntityFromResultSet
29 Mar 2025 17:19:58,236 TRACE ro.mpp2024.utils.JdbcUtils 48 getConnection - Enter
29 Mar 2025 17:19:58,236 TRACE ro.mpp2024.utils.JdbcUtils 57 getConnection - Exit with(org.sqlite.jdbc4.JDBC4Connection@6a6afff2)
29 Mar 2025 17:19:58,236 TRACE ro.mpp2024.repository.RezultatRepository 68 createEntityFromResultSet - Exit with(Rezultat{participant=Participant{nume='Rusu', prenume='Andreea', varsta=29}, proba=Proba{nume='Inot 100 de m', arbitru=0, categorie=inot}, numar_puncte=192})
29 Mar 2025 17:19:58,236 TRACE ro.mpp2024.repository.RezultatRepository 32 createEntityFromResultSet - Enter createEntityFromResultSet
29 Mar 2025 17:19:58,236 TRACE ro.mpp2024.utils.JdbcUtils 48 getConnection - Enter
29 Mar 2025 17:19:58,236 TRACE ro.mpp2024.utils.JdbcUtils 57 getConnection - Exit with(org.sqlite.jdbc4.JDBC4Connection@6a6afff2)
29 Mar 2025 17:19:58,237 TRACE ro.mpp2024.repository.RezultatRepository 68 createEntityFromResultSet - Exit with(Rezultat{participant=Participant{nume='nume', prenume='prenume', varsta=20}, proba=Proba{nume='nume', arbitru=0, categorie=ciclism}, numar_puncte=100})
29 Mar 2025 17:19:58,237 TRACE ro.mpp2024.repository.RezultatRepository 32 createEntityFromResultSet - Enter createEntityFromResultSet
29 Mar 2025 17:19:58,237 TRACE ro.mpp2024.utils.JdbcUtils 48 getConnection - Enter
29 Mar 2025 17:19:58,237 TRACE ro.mpp2024.utils.JdbcUtils 57 getConnection - Exit with(org.sqlite.jdbc4.JDBC4Connection@6a6afff2)
29 Mar 2025 17:19:58,237 TRACE ro.mpp2024.repository.RezultatRepository 68 createEntityFromResultSet - Exit with(Rezultat{participant=Participant{nume='nume', prenume='prenume', varsta=20}, proba=Proba{nume='nume', arbitru=0, categorie=ciclism}, numar_puncte=100})
29 Mar 2025 17:19:58,237 TRACE ro.mpp2024.repository.RezultatRepository 32 createEntityFromResultSet - Enter createEntityFromResultSet
29 Mar 2025 17:19:58,237 TRACE ro.mpp2024.utils.JdbcUtils 48 getConnection - Enter
29 Mar 2025 17:19:58,237 TRACE ro.mpp2024.utils.JdbcUtils 57 getConnection - Exit with(org.sqlite.jdbc4.JDBC4Connection@6a6afff2)
29 Mar 2025 17:19:58,237 TRACE ro.mpp2024.repository.RezultatRepository 68 createEntityFromResultSet - Exit with(Rezultat{participant=Participant{nume='nume', prenume='prenume', varsta=20}, proba=Proba{nume='nume', arbitru=0, categorie=ciclism}, numar_puncte=100})
29 Mar 2025 17:19:58,238 TRACE ro.mpp2024.repository.RezultatRepository 89 findAll - Exit with([Rezultat{participant=Participant{nume='Popescu', prenume='Ion', varsta=25}, proba=Proba{nume='Pedalat 200 de m', arbitru=0, categorie=ciclism}, numar_puncte=10}, Rezultat{participant=Participant{nume='Stan', prenume='Ioana', varsta=27}, proba=Proba{nume='Pedalat 200 de m', arbitru=0, categorie=ciclism}, numar_puncte=152}, Rezultat{participant=Participant{nume='Popa', prenume='Mihai', varsta=35}, proba=Proba{nume='Pedalat 400 de m', arbitru=0, categorie=ciclism}, numar_puncte=98}, Rezultat{participant=Participant{nume='Vasilescu', prenume='Florin', varsta=23}, proba=Proba{nume='Pedalat 600 de m', arbitru=0, categorie=ciclism}, numar_puncte=174}, Rezultat{participant=Participant{nume='Radu', prenume='Cristian', varsta=24}, proba=Proba{nume='Pedalat 800 de m', arbitru=0, categorie=ciclism}, numar_puncte=120}, Rezultat{participant=Participant{nume='Grigore', prenume='Stefan', varsta=24}, proba=Proba{nume='Pedalat 1000 de m', arbitru=0, categorie=ciclism}, numar_puncte=145}, Rezultat{participant=Participant{nume='Nistor', prenume='Carmen', varsta=33}, proba=Proba{nume='Pedalat 1200 de m', arbitru=0, categorie=ciclism}, numar_puncte=189}, Rezultat{participant=Participant{nume='Marin', prenume='Ana', varsta=29}, proba=Proba{nume='Inot 50 de m', arbitru=0, categorie=inot}, numar_puncte=134}, Rezultat{participant=Participant{nume='Constantin', prenume='Marius', varsta=30}, proba=Proba{nume='Inot 100 de m', arbitru=0, categorie=inot}, numar_puncte=178}, Rezultat{participant=Participant{nume='Ionescu', prenume='Maria', varsta=30}, proba=Proba{nume='Inot 150 de m', arbitru=0, categorie=inot}, numar_puncte=156}, Rezultat{participant=Participant{nume='Rusu', prenume='Andreea', varsta=29}, proba=Proba{nume='Inot 200 de m', arbitru=0, categorie=inot}, numar_puncte=121}, Rezultat{participant=Participant{nume='Kovacs', prenume='Cristina', varsta=21}, proba=Proba{nume='Inot 250 de m', arbitru=0, categorie=inot}, numar_puncte=199}, Rezultat{participant=Participant{nume='Munteanu', prenume='Sorin', varsta=21}, proba=Proba{nume='Inot 300 de m', arbitru=0, categorie=inot}, numar_puncte=144}, Rezultat{participant=Participant{nume='Iliescu', prenume='Daniela', varsta=32}, proba=Proba{nume='Cursa 100 de m', arbitru=0, categorie=alergat}, numar_puncte=185}, Rezultat{participant=Participant{nume='Georgescu', prenume='Andrei', varsta=22}, proba=Proba{nume='Cursa 200 de m', arbitru=0, categorie=alergat}, numar_puncte=102}, Rezultat{participant=Participant{nume='Oprea', prenume='Bogdan', varsta=27}, proba=Proba{nume='Cursa 300 de m', arbitru=0, categorie=alergat}, numar_puncte=172}, Rezultat{participant=Participant{nume='Stan', prenume='Ioana', varsta=27}, proba=Proba{nume='Cursa 400 de m', arbitru=0, categorie=alergat}, numar_puncte=137}, Rezultat{participant=Participant{nume='Iacob', prenume='Radu', varsta=23}, proba=Proba{nume='Cursa 500 de m', arbitru=0, categorie=alergat}, numar_puncte=195}, Rezultat{participant=Participant{nume='Manole', prenume='Simona', varsta=25}, proba=Proba{nume='Cursa 600 de m', arbitru=0, categorie=alergat}, numar_puncte=117}, Rezultat{participant=Participant{nume='Tudor', prenume='Alexandru', varsta=31}, proba=Proba{nume='Pedalat 200 de m', arbitru=0, categorie=ciclism}, numar_puncte=150}, Rezultat{participant=Participant{nume='Barbu', prenume='Irina', varsta=27}, proba=Proba{nume='Pedalat 600 de m', arbitru=0, categorie=ciclism}, numar_puncte=180}, Rezultat{participant=Participant{nume='Filip', prenume='Bianca', varsta=31}, proba=Proba{nume='Pedalat 1000 de m', arbitru=0, categorie=ciclism}, numar_puncte=140}, Rezultat{participant=Participant{nume='Dobre', prenume='Adriana', varsta=34}, proba=Proba{nume='Inot 50 de m', arbitru=0, categorie=inot}, numar_puncte=165}, Rezultat{participant=Participant{nume='Toma', prenume='Gabriela', varsta=31}, proba=Proba{nume='Inot 150 de m', arbitru=0, categorie=inot}, numar_puncte=132}, Rezultat{participant=Participant{nume='Petrescu', prenume='Gabriel', varsta=26}, proba=Proba{nume='Inot 250 de m', arbitru=0, categorie=inot}, numar_puncte=188}, Rezultat{participant=Participant{nume='Lupu', prenume='George', varsta=33}, proba=Proba{nume='Cursa 100 de m', arbitru=0, categorie=alergat}, numar_puncte=199}, Rezultat{participant=Participant{nume='Enache', prenume='Laura', varsta=29}, proba=Proba{nume='Cursa 300 de m', arbitru=0, categorie=alergat}, numar_puncte=175}, Rezultat{participant=Participant{nume='Dumitrescu', prenume='Elena', varsta=28}, proba=Proba{nume='Cursa 500 de m', arbitru=0, categorie=alergat}, numar_puncte=143}, Rezultat{participant=Participant{nume='Pavel', prenume='Monica', varsta=30}, proba=Proba{nume='Pedalat 400 de m', arbitru=0, categorie=ciclism}, numar_puncte=111}, Rezultat{participant=Participant{nume='Nedelcu', prenume='Alexandra', varsta=28}, proba=Proba{nume='Pedalat 800 de m', arbitru=0, categorie=ciclism}, numar_puncte=169}, Rezultat{participant=Participant{nume='Gheorghe', prenume='Vlad', varsta=28}, proba=Proba{nume='Pedalat 1200 de m', arbitru=0, categorie=ciclism}, numar_puncte=200}, Rezultat{participant=Participant{nume='Dragomir', prenume='Adrian', varsta=26}, proba=Proba{nume='Inot 100 de m', arbitru=0, categorie=inot}, numar_puncte=130}, Rezultat{participant=Participant{nume='Lazar', prenume='Roxana', varsta=25}, proba=Proba{nume='Inot 200 de m', arbitru=0, categorie=inot}, numar_puncte=185}, Rezultat{participant=Participant{nume='Jianu', prenume='Oana', varsta=34}, proba=Proba{nume='Inot 300 de m', arbitru=0, categorie=inot}, numar_puncte=142}, Rezultat{participant=Participant{nume='Hagi', prenume='Diana', varsta=32}, proba=Proba{nume='Cursa 200 de m', arbitru=0, categorie=alergat}, numar_puncte=193}, Rezultat{participant=Participant{nume='Ursu', prenume='Mihail', varsta=24}, proba=Proba{nume='Cursa 400 de m', arbitru=0, categorie=alergat}, numar_puncte=155}, Rezultat{participant=Participant{nume='Vlad', prenume='Anca', varsta=32}, proba=Proba{nume='Cursa 600 de m', arbitru=0, categorie=alergat}, numar_puncte=128}, Rezultat{participant=Participant{nume='Zamfir', prenume='Lucian', varsta=23}, proba=Proba{nume='Pedalat 200 de m', arbitru=0, categorie=ciclism}, numar_puncte=177}, Rezultat{participant=Participant{nume='Sandu', prenume='Victor', varsta=26}, proba=Proba{nume='Pedalat 600 de m', arbitru=0, categorie=ciclism}, numar_puncte=115}, Rezultat{participant=Participant{nume='Voicu', prenume='Raluca', varsta=34}, proba=Proba{nume='Pedalat 1000 de m', arbitru=0, categorie=ciclism}, numar_puncte=190}, Rezultat{participant=Participant{nume='Popescu', prenume='Ion', varsta=25}, proba=Proba{nume='Inot 50 de m', arbitru=0, categorie=inot}, numar_puncte=148}, Rezultat{participant=Participant{nume='Radu', prenume='Cristian', varsta=24}, proba=Proba{nume='Inot 150 de m', arbitru=0, categorie=inot}, numar_puncte=136}, Rezultat{participant=Participant{nume='Popa', prenume='Mihai', varsta=35}, proba=Proba{nume='Inot 250 de m', arbitru=0, categorie=inot}, numar_puncte=184}, Rezultat{participant=Participant{nume='Vasilescu', prenume='Florin', varsta=23}, proba=Proba{nume='Cursa 100 de m', arbitru=0, categorie=alergat}, numar_puncte=198}, Rezultat{participant=Participant{nume='Iliescu', prenume='Daniela', varsta=32}, proba=Proba{nume='Cursa 300 de m', arbitru=0, categorie=alergat}, numar_puncte=125}, Rezultat{participant=Participant{nume='Oprea', prenume='Bogdan', varsta=27}, proba=Proba{nume='Cursa 500 de m', arbitru=0, categorie=alergat}, numar_puncte=110}, Rezultat{participant=Participant{nume='Filip', prenume='Bianca', varsta=31}, proba=Proba{nume='Pedalat 400 de m', arbitru=0, categorie=ciclism}, numar_puncte=167}, Rezultat{participant=Participant{nume='Tudor', prenume='Alexandru', varsta=31}, proba=Proba{nume='Pedalat 800 de m', arbitru=0, categorie=ciclism}, numar_puncte=138}, Rezultat{participant=Participant{nume='Munteanu', prenume='Sorin', varsta=21}, proba=Proba{nume='Pedalat 1200 de m', arbitru=0, categorie=ciclism}, numar_puncte=157}, Rezultat{participant=Participant{nume='Rusu', prenume='Andreea', varsta=29}, proba=Proba{nume='Inot 100 de m', arbitru=0, categorie=inot}, numar_puncte=192}, Rezultat{participant=Participant{nume='nume', prenume='prenume', varsta=20}, proba=Proba{nume='nume', arbitru=0, categorie=ciclism}, numar_puncte=100}, Rezultat{participant=Participant{nume='nume', prenume='prenume', varsta=20}, proba=Proba{nume='nume', arbitru=0, categorie=ciclism}, numar_puncte=100}, Rezultat{participant=Participant{nume='nume', prenume='prenume', varsta=20}, proba=Proba{nume='nume', arbitru=0, categorie=ciclism}, numar_puncte=100}])
29 Mar 2025 17:19:58,241 TRACE ro.mpp2024.repository.RezultatRepository 157 listaParticipantiPuncteAlfabetic - Enter Terminat dictionar
29 Mar 2025 17:19:58,242 TRACE ro.mpp2024.repository.RezultatRepository 163 listaParticiapntPuncteProbaDescrescator - Enter listaParticiapntPuncteProbaDescrescator
29 Mar 2025 17:19:58,242 TRACE ro.mpp2024.repository.RezultatRepository 75 findAll - Enter
29 Mar 2025 17:19:58,242 TRACE ro.mpp2024.utils.JdbcUtils 48 getConnection - Enter
29 Mar 2025 17:19:58,242 TRACE ro.mpp2024.utils.JdbcUtils 57 getConnection - Exit with(org.sqlite.jdbc4.JDBC4Connection@6a6afff2)
29 Mar 2025 17:19:58,242 TRACE ro.mpp2024.repository.RezultatRepository 32 createEntityFromResultSet - Enter createEntityFromResultSet
29 Mar 2025 17:19:58,242 TRACE ro.mpp2024.utils.JdbcUtils 48 getConnection - Enter
29 Mar 2025 17:19:58,242 TRACE ro.mpp2024.utils.JdbcUtils 57 getConnection - Exit with(org.sqlite.jdbc4.JDBC4Connection@6a6afff2)
29 Mar 2025 17:19:58,243 TRACE ro.mpp2024.repository.RezultatRepository 68 createEntityFromResultSet - Exit with(Rezultat{participant=Participant{nume='Popescu', prenume='Ion', varsta=25}, proba=Proba{nume='Pedalat 200 de m', arbitru=0, categorie=ciclism}, numar_puncte=10})
29 Mar 2025 17:19:58,243 TRACE ro.mpp2024.repository.RezultatRepository 32 createEntityFromResultSet - Enter createEntityFromResultSet
29 Mar 2025 17:19:58,243 TRACE ro.mpp2024.utils.JdbcUtils 48 getConnection - Enter
29 Mar 2025 17:19:58,243 TRACE ro.mpp2024.utils.JdbcUtils 57 getConnection - Exit with(org.sqlite.jdbc4.JDBC4Connection@6a6afff2)
29 Mar 2025 17:19:58,243 TRACE ro.mpp2024.repository.RezultatRepository 68 createEntityFromResultSet - Exit with(Rezultat{participant=Participant{nume='Stan', prenume='Ioana', varsta=27}, proba=Proba{nume='Pedalat 200 de m', arbitru=0, categorie=ciclism}, numar_puncte=152})
29 Mar 2025 17:19:58,243 TRACE ro.mpp2024.repository.RezultatRepository 32 createEntityFromResultSet - Enter createEntityFromResultSet
29 Mar 2025 17:19:58,243 TRACE ro.mpp2024.utils.JdbcUtils 48 getConnection - Enter
29 Mar 2025 17:19:58,243 TRACE ro.mpp2024.utils.JdbcUtils 57 getConnection - Exit with(org.sqlite.jdbc4.JDBC4Connection@6a6afff2)
29 Mar 2025 17:19:58,244 TRACE ro.mpp2024.repository.RezultatRepository 68 createEntityFromResultSet - Exit with(Rezultat{participant=Participant{nume='Popa', prenume='Mihai', varsta=35}, proba=Proba{nume='Pedalat 400 de m', arbitru=0, categorie=ciclism}, numar_puncte=98})
29 Mar 2025 17:19:58,244 TRACE ro.mpp2024.repository.RezultatRepository 32 createEntityFromResultSet - Enter createEntityFromResultSet
29 Mar 2025 17:19:58,244 TRACE ro.mpp2024.utils.JdbcUtils 48 getConnection - Enter
29 Mar 2025 17:19:58,244 TRACE ro.mpp2024.utils.JdbcUtils 57 getConnection - Exit with(org.sqlite.jdbc4.JDBC4Connection@6a6afff2)
29 Mar 2025 17:19:58,244 TRACE ro.mpp2024.repository.RezultatRepository 68 createEntityFromResultSet - Exit with(Rezultat{participant=Participant{nume='Vasilescu', prenume='Florin', varsta=23}, proba=Proba{nume='Pedalat 600 de m', arbitru=0, categorie=ciclism}, numar_puncte=174})
29 Mar 2025 17:19:58,244 TRACE ro.mpp2024.repository.RezultatRepository 32 createEntityFromResultSet - Enter createEntityFromResultSet
29 Mar 2025 17:19:58,244 TRACE ro.mpp2024.utils.JdbcUtils 48 getConnection - Enter
29 Mar 2025 17:19:58,244 TRACE ro.mpp2024.utils.JdbcUtils 57 getConnection - Exit with(org.sqlite.jdbc4.JDBC4Connection@6a6afff2)
29 Mar 2025 17:19:58,245 TRACE ro.mpp2024.repository.RezultatRepository 68 createEntityFromResultSet - Exit with(Rezultat{participant=Participant{nume='Radu', prenume='Cristian', varsta=24}, proba=Proba{nume='Pedalat 800 de m', arbitru=0, categorie=ciclism}, numar_puncte=120})
29 Mar 2025 17:19:58,245 TRACE ro.mpp2024.repository.RezultatRepository 32 createEntityFromResultSet - Enter createEntityFromResultSet
29 Mar 2025 17:19:58,245 TRACE ro.mpp2024.utils.JdbcUtils 48 getConnection - Enter
29 Mar 2025 17:19:58,245 TRACE ro.mpp2024.utils.JdbcUtils 57 getConnection - Exit with(org.sqlite.jdbc4.JDBC4Connection@6a6afff2)
29 Mar 2025 17:19:58,245 TRACE ro.mpp2024.repository.RezultatRepository 68 createEntityFromResultSet - Exit with(Rezultat{participant=Participant{nume='Grigore', prenume='Stefan', varsta=24}, proba=Proba{nume='Pedalat 1000 de m', arbitru=0, categorie=ciclism}, numar_puncte=145})
29 Mar 2025 17:19:58,245 TRACE ro.mpp2024.repository.RezultatRepository 32 createEntityFromResultSet - Enter createEntityFromResultSet
29 Mar 2025 17:19:58,246 TRACE ro.mpp2024.utils.JdbcUtils 48 getConnection - Enter
29 Mar 2025 17:19:58,246 TRACE ro.mpp2024.utils.JdbcUtils 57 getConnection - Exit with(org.sqlite.jdbc4.JDBC4Connection@6a6afff2)
29 Mar 2025 17:19:58,246 TRACE ro.mpp2024.repository.RezultatRepository 68 createEntityFromResultSet - Exit with(Rezultat{participant=Participant{nume='Nistor', prenume='Carmen', varsta=33}, proba=Proba{nume='Pedalat 1200 de m', arbitru=0, categorie=ciclism}, numar_puncte=189})
29 Mar 2025 17:19:58,246 TRACE ro.mpp2024.repository.RezultatRepository 32 createEntityFromResultSet - Enter createEntityFromResultSet
29 Mar 2025 17:19:58,246 TRACE ro.mpp2024.utils.JdbcUtils 48 getConnection - Enter
29 Mar 2025 17:19:58,247 TRACE ro.mpp2024.utils.JdbcUtils 57 getConnection - Exit with(org.sqlite.jdbc4.JDBC4Connection@6a6afff2)
29 Mar 2025 17:19:58,247 TRACE ro.mpp2024.repository.RezultatRepository 68 createEntityFromResultSet - Exit with(Rezultat{participant=Participant{nume='Marin', prenume='Ana', varsta=29}, proba=Proba{nume='Inot 50 de m', arbitru=0, categorie=inot}, numar_puncte=134})
29 Mar 2025 17:19:58,247 TRACE ro.mpp2024.repository.RezultatRepository 32 createEntityFromResultSet - Enter createEntityFromResultSet
29 Mar 2025 17:19:58,247 TRACE ro.mpp2024.utils.JdbcUtils 48 getConnection - Enter
29 Mar 2025 17:19:58,248 TRACE ro.mpp2024.utils.JdbcUtils 57 getConnection - Exit with(org.sqlite.jdbc4.JDBC4Connection@6a6afff2)
29 Mar 2025 17:19:58,248 TRACE ro.mpp2024.repository.RezultatRepository 68 createEntityFromResultSet - Exit with(Rezultat{participant=Participant{nume='Constantin', prenume='Marius', varsta=30}, proba=Proba{nume='Inot 100 de m', arbitru=0, categorie=inot}, numar_puncte=178})
29 Mar 2025 17:19:58,248 TRACE ro.mpp2024.repository.RezultatRepository 32 createEntityFromResultSet - Enter createEntityFromResultSet
29 Mar 2025 17:19:58,248 TRACE ro.mpp2024.utils.JdbcUtils 48 getConnection - Enter
29 Mar 2025 17:19:58,248 TRACE ro.mpp2024.utils.JdbcUtils 57 getConnection - Exit with(org.sqlite.jdbc4.JDBC4Connection@6a6afff2)
29 Mar 2025 17:19:58,249 TRACE ro.mpp2024.repository.RezultatRepository 68 createEntityFromResultSet - Exit with(Rezultat{participant=Participant{nume='Ionescu', prenume='Maria', varsta=30}, proba=Proba{nume='Inot 150 de m', arbitru=0, categorie=inot}, numar_puncte=156})
29 Mar 2025 17:19:58,249 TRACE ro.mpp2024.repository.RezultatRepository 32 createEntityFromResultSet - Enter createEntityFromResultSet
29 Mar 2025 17:19:58,249 TRACE ro.mpp2024.utils.JdbcUtils 48 getConnection - Enter
29 Mar 2025 17:19:58,249 TRACE ro.mpp2024.utils.JdbcUtils 57 getConnection - Exit with(org.sqlite.jdbc4.JDBC4Connection@6a6afff2)
29 Mar 2025 17:19:58,249 TRACE ro.mpp2024.repository.RezultatRepository 68 createEntityFromResultSet - Exit with(Rezultat{participant=Participant{nume='Rusu', prenume='Andreea', varsta=29}, proba=Proba{nume='Inot 200 de m', arbitru=0, categorie=inot}, numar_puncte=121})
29 Mar 2025 17:19:58,249 TRACE ro.mpp2024.repository.RezultatRepository 32 createEntityFromResultSet - Enter createEntityFromResultSet
29 Mar 2025 17:19:58,249 TRACE ro.mpp2024.utils.JdbcUtils 48 getConnection - Enter
29 Mar 2025 17:19:58,250 TRACE ro.mpp2024.utils.JdbcUtils 57 getConnection - Exit with(org.sqlite.jdbc4.JDBC4Connection@6a6afff2)
29 Mar 2025 17:19:58,250 TRACE ro.mpp2024.repository.RezultatRepository 68 createEntityFromResultSet - Exit with(Rezultat{participant=Participant{nume='Kovacs', prenume='Cristina', varsta=21}, proba=Proba{nume='Inot 250 de m', arbitru=0, categorie=inot}, numar_puncte=199})
29 Mar 2025 17:19:58,250 TRACE ro.mpp2024.repository.RezultatRepository 32 createEntityFromResultSet - Enter createEntityFromResultSet
29 Mar 2025 17:19:58,250 TRACE ro.mpp2024.utils.JdbcUtils 48 getConnection - Enter
29 Mar 2025 17:19:58,250 TRACE ro.mpp2024.utils.JdbcUtils 57 getConnection - Exit with(org.sqlite.jdbc4.JDBC4Connection@6a6afff2)
29 Mar 2025 17:19:58,250 TRACE ro.mpp2024.repository.RezultatRepository 68 createEntityFromResultSet - Exit with(Rezultat{participant=Participant{nume='Munteanu', prenume='Sorin', varsta=21}, proba=Proba{nume='Inot 300 de m', arbitru=0, categorie=inot}, numar_puncte=144})
29 Mar 2025 17:19:58,251 TRACE ro.mpp2024.repository.RezultatRepository 32 createEntityFromResultSet - Enter createEntityFromResultSet
29 Mar 2025 17:19:58,251 TRACE ro.mpp2024.utils.JdbcUtils 48 getConnection - Enter
29 Mar 2025 17:19:58,251 TRACE ro.mpp2024.utils.JdbcUtils 57 getConnection - Exit with(org.sqlite.jdbc4.JDBC4Connection@6a6afff2)
29 Mar 2025 17:19:58,251 TRACE ro.mpp2024.repository.RezultatRepository 68 createEntityFromResultSet - Exit with(Rezultat{participant=Participant{nume='Iliescu', prenume='Daniela', varsta=32}, proba=Proba{nume='Cursa 100 de m', arbitru=0, categorie=alergat}, numar_puncte=185})
29 Mar 2025 17:19:58,251 TRACE ro.mpp2024.repository.RezultatRepository 32 createEntityFromResultSet - Enter createEntityFromResultSet
29 Mar 2025 17:19:58,251 TRACE ro.mpp2024.utils.JdbcUtils 48 getConnection - Enter
29 Mar 2025 17:19:58,251 TRACE ro.mpp2024.utils.JdbcUtils 57 getConnection - Exit with(org.sqlite.jdbc4.JDBC4Connection@6a6afff2)
29 Mar 2025 17:19:58,251 TRACE ro.mpp2024.repository.RezultatRepository 68 createEntityFromResultSet - Exit with(Rezultat{participant=Participant{nume='Georgescu', prenume='Andrei', varsta=22}, proba=Proba{nume='Cursa 200 de m', arbitru=0, categorie=alergat}, numar_puncte=102})
29 Mar 2025 17:19:58,252 TRACE ro.mpp2024.repository.RezultatRepository 32 createEntityFromResultSet - Enter createEntityFromResultSet
29 Mar 2025 17:19:58,252 TRACE ro.mpp2024.utils.JdbcUtils 48 getConnection - Enter
29 Mar 2025 17:19:58,252 TRACE ro.mpp2024.utils.JdbcUtils 57 getConnection - Exit with(org.sqlite.jdbc4.JDBC4Connection@6a6afff2)
29 Mar 2025 17:19:58,252 TRACE ro.mpp2024.repository.RezultatRepository 68 createEntityFromResultSet - Exit with(Rezultat{participant=Participant{nume='Oprea', prenume='Bogdan', varsta=27}, proba=Proba{nume='Cursa 300 de m', arbitru=0, categorie=alergat}, numar_puncte=172})
29 Mar 2025 17:19:58,252 TRACE ro.mpp2024.repository.RezultatRepository 32 createEntityFromResultSet - Enter createEntityFromResultSet
29 Mar 2025 17:19:58,252 TRACE ro.mpp2024.utils.JdbcUtils 48 getConnection - Enter
29 Mar 2025 17:19:58,252 TRACE ro.mpp2024.utils.JdbcUtils 57 getConnection - Exit with(org.sqlite.jdbc4.JDBC4Connection@6a6afff2)
29 Mar 2025 17:19:58,252 TRACE ro.mpp2024.repository.RezultatRepository 68 createEntityFromResultSet - Exit with(Rezultat{participant=Participant{nume='Stan', prenume='Ioana', varsta=27}, proba=Proba{nume='Cursa 400 de m', arbitru=0, categorie=alergat}, numar_puncte=137})
29 Mar 2025 17:19:58,252 TRACE ro.mpp2024.repository.RezultatRepository 32 createEntityFromResultSet - Enter createEntityFromResultSet
29 Mar 2025 17:19:58,252 TRACE ro.mpp2024.utils.JdbcUtils 48 getConnection - Enter
29 Mar 2025 17:19:58,253 TRACE ro.mpp2024.utils.JdbcUtils 57 getConnection - Exit with(org.sqlite.jdbc4.JDBC4Connection@6a6afff2)
29 Mar 2025 17:19:58,253 TRACE ro.mpp2024.repository.RezultatRepository 68 createEntityFromResultSet - Exit with(Rezultat{participant=Participant{nume='Iacob', prenume='Radu', varsta=23}, proba=Proba{nume='Cursa 500 de m', arbitru=0, categorie=alergat}, numar_puncte=195})
29 Mar 2025 17:19:58,253 TRACE ro.mpp2024.repository.RezultatRepository 32 createEntityFromResultSet - Enter createEntityFromResultSet
29 Mar 2025 17:19:58,253 TRACE ro.mpp2024.utils.JdbcUtils 48 getConnection - Enter
29 Mar 2025 17:19:58,253 TRACE ro.mpp2024.utils.JdbcUtils 57 getConnection - Exit with(org.sqlite.jdbc4.JDBC4Connection@6a6afff2)
29 Mar 2025 17:19:58,253 TRACE ro.mpp2024.repository.RezultatRepository 68 createEntityFromResultSet - Exit with(Rezultat{participant=Participant{nume='Manole', prenume='Simona', varsta=25}, proba=Proba{nume='Cursa 600 de m', arbitru=0, categorie=alergat}, numar_puncte=117})
29 Mar 2025 17:19:58,253 TRACE ro.mpp2024.repository.RezultatRepository 32 createEntityFromResultSet - Enter createEntityFromResultSet
29 Mar 2025 17:19:58,253 TRACE ro.mpp2024.utils.JdbcUtils 48 getConnection - Enter
29 Mar 2025 17:19:58,253 TRACE ro.mpp2024.utils.JdbcUtils 57 getConnection - Exit with(org.sqlite.jdbc4.JDBC4Connection@6a6afff2)
29 Mar 2025 17:19:58,254 TRACE ro.mpp2024.repository.RezultatRepository 68 createEntityFromResultSet - Exit with(Rezultat{participant=Participant{nume='Tudor', prenume='Alexandru', varsta=31}, proba=Proba{nume='Pedalat 200 de m', arbitru=0, categorie=ciclism}, numar_puncte=150})
29 Mar 2025 17:19:58,254 TRACE ro.mpp2024.repository.RezultatRepository 32 createEntityFromResultSet - Enter createEntityFromResultSet
29 Mar 2025 17:19:58,254 TRACE ro.mpp2024.utils.JdbcUtils 48 getConnection - Enter
29 Mar 2025 17:19:58,254 TRACE ro.mpp2024.utils.JdbcUtils 57 getConnection - Exit with(org.sqlite.jdbc4.JDBC4Connection@6a6afff2)
29 Mar 2025 17:19:58,254 TRACE ro.mpp2024.repository.RezultatRepository 68 createEntityFromResultSet - Exit with(Rezultat{participant=Participant{nume='Barbu', prenume='Irina', varsta=27}, proba=Proba{nume='Pedalat 600 de m', arbitru=0, categorie=ciclism}, numar_puncte=180})
29 Mar 2025 17:19:58,254 TRACE ro.mpp2024.repository.RezultatRepository 32 createEntityFromResultSet - Enter createEntityFromResultSet
29 Mar 2025 17:19:58,254 TRACE ro.mpp2024.utils.JdbcUtils 48 getConnection - Enter
29 Mar 2025 17:19:58,254 TRACE ro.mpp2024.utils.JdbcUtils 57 getConnection - Exit with(org.sqlite.jdbc4.JDBC4Connection@6a6afff2)
29 Mar 2025 17:19:58,254 TRACE ro.mpp2024.repository.RezultatRepository 68 createEntityFromResultSet - Exit with(Rezultat{participant=Participant{nume='Filip', prenume='Bianca', varsta=31}, proba=Proba{nume='Pedalat 1000 de m', arbitru=0, categorie=ciclism}, numar_puncte=140})
29 Mar 2025 17:19:58,254 TRACE ro.mpp2024.repository.RezultatRepository 32 createEntityFromResultSet - Enter createEntityFromResultSet
29 Mar 2025 17:19:58,254 TRACE ro.mpp2024.utils.JdbcUtils 48 getConnection - Enter
29 Mar 2025 17:19:58,255 TRACE ro.mpp2024.utils.JdbcUtils 57 getConnection - Exit with(org.sqlite.jdbc4.JDBC4Connection@6a6afff2)
29 Mar 2025 17:19:58,255 TRACE ro.mpp2024.repository.RezultatRepository 68 createEntityFromResultSet - Exit with(Rezultat{participant=Participant{nume='Dobre', prenume='Adriana', varsta=34}, proba=Proba{nume='Inot 50 de m', arbitru=0, categorie=inot}, numar_puncte=165})
29 Mar 2025 17:19:58,255 TRACE ro.mpp2024.repository.RezultatRepository 32 createEntityFromResultSet - Enter createEntityFromResultSet
29 Mar 2025 17:19:58,255 TRACE ro.mpp2024.utils.JdbcUtils 48 getConnection - Enter
29 Mar 2025 17:19:58,255 TRACE ro.mpp2024.utils.JdbcUtils 57 getConnection - Exit with(org.sqlite.jdbc4.JDBC4Connection@6a6afff2)
29 Mar 2025 17:19:58,256 TRACE ro.mpp2024.repository.RezultatRepository 68 createEntityFromResultSet - Exit with(Rezultat{participant=Participant{nume='Toma', prenume='Gabriela', varsta=31}, proba=Proba{nume='Inot 150 de m', arbitru=0, categorie=inot}, numar_puncte=132})
29 Mar 2025 17:19:58,256 TRACE ro.mpp2024.repository.RezultatRepository 32 createEntityFromResultSet - Enter createEntityFromResultSet
29 Mar 2025 17:19:58,256 TRACE ro.mpp2024.utils.JdbcUtils 48 getConnection - Enter
29 Mar 2025 17:19:58,256 TRACE ro.mpp2024.utils.JdbcUtils 57 getConnection - Exit with(org.sqlite.jdbc4.JDBC4Connection@6a6afff2)
29 Mar 2025 17:19:58,256 TRACE ro.mpp2024.repository.RezultatRepository 68 createEntityFromResultSet - Exit with(Rezultat{participant=Participant{nume='Petrescu', prenume='Gabriel', varsta=26}, proba=Proba{nume='Inot 250 de m', arbitru=0, categorie=inot}, numar_puncte=188})
29 Mar 2025 17:19:58,256 TRACE ro.mpp2024.repository.RezultatRepository 32 createEntityFromResultSet - Enter createEntityFromResultSet
29 Mar 2025 17:19:58,256 TRACE ro.mpp2024.utils.JdbcUtils 48 getConnection - Enter
29 Mar 2025 17:19:58,256 TRACE ro.mpp2024.utils.JdbcUtils 57 getConnection - Exit with(org.sqlite.jdbc4.JDBC4Connection@6a6afff2)
29 Mar 2025 17:19:58,256 TRACE ro.mpp2024.repository.RezultatRepository 68 createEntityFromResultSet - Exit with(Rezultat{participant=Participant{nume='Lupu', prenume='George', varsta=33}, proba=Proba{nume='Cursa 100 de m', arbitru=0, categorie=alergat}, numar_puncte=199})
29 Mar 2025 17:19:58,256 TRACE ro.mpp2024.repository.RezultatRepository 32 createEntityFromResultSet - Enter createEntityFromResultSet
29 Mar 2025 17:19:58,257 TRACE ro.mpp2024.utils.JdbcUtils 48 getConnection - Enter
29 Mar 2025 17:19:58,257 TRACE ro.mpp2024.utils.JdbcUtils 57 getConnection - Exit with(org.sqlite.jdbc4.JDBC4Connection@6a6afff2)
29 Mar 2025 17:19:58,257 TRACE ro.mpp2024.repository.RezultatRepository 68 createEntityFromResultSet - Exit with(Rezultat{participant=Participant{nume='Enache', prenume='Laura', varsta=29}, proba=Proba{nume='Cursa 300 de m', arbitru=0, categorie=alergat}, numar_puncte=175})
29 Mar 2025 17:19:58,257 TRACE ro.mpp2024.repository.RezultatRepository 32 createEntityFromResultSet - Enter createEntityFromResultSet
29 Mar 2025 17:19:58,257 TRACE ro.mpp2024.utils.JdbcUtils 48 getConnection - Enter
29 Mar 2025 17:19:58,257 TRACE ro.mpp2024.utils.JdbcUtils 57 getConnection - Exit with(org.sqlite.jdbc4.JDBC4Connection@6a6afff2)
29 Mar 2025 17:19:58,257 TRACE ro.mpp2024.repository.RezultatRepository 68 createEntityFromResultSet - Exit with(Rezultat{participant=Participant{nume='Dumitrescu', prenume='Elena', varsta=28}, proba=Proba{nume='Cursa 500 de m', arbitru=0, categorie=alergat}, numar_puncte=143})
29 Mar 2025 17:19:58,257 TRACE ro.mpp2024.repository.RezultatRepository 32 createEntityFromResultSet - Enter createEntityFromResultSet
29 Mar 2025 17:19:58,257 TRACE ro.mpp2024.utils.JdbcUtils 48 getConnection - Enter
29 Mar 2025 17:19:58,257 TRACE ro.mpp2024.utils.JdbcUtils 57 getConnection - Exit with(org.sqlite.jdbc4.JDBC4Connection@6a6afff2)
29 Mar 2025 17:19:58,258 TRACE ro.mpp2024.repository.RezultatRepository 68 createEntityFromResultSet - Exit with(Rezultat{participant=Participant{nume='Pavel', prenume='Monica', varsta=30}, proba=Proba{nume='Pedalat 400 de m', arbitru=0, categorie=ciclism}, numar_puncte=111})
29 Mar 2025 17:19:58,258 TRACE ro.mpp2024.repository.RezultatRepository 32 createEntityFromResultSet - Enter createEntityFromResultSet
29 Mar 2025 17:19:58,258 TRACE ro.mpp2024.utils.JdbcUtils 48 getConnection - Enter
29 Mar 2025 17:19:58,258 TRACE ro.mpp2024.utils.JdbcUtils 57 getConnection - Exit with(org.sqlite.jdbc4.JDBC4Connection@6a6afff2)
29 Mar 2025 17:19:58,258 TRACE ro.mpp2024.repository.RezultatRepository 68 createEntityFromResultSet - Exit with(Rezultat{participant=Participant{nume='Nedelcu', prenume='Alexandra', varsta=28}, proba=Proba{nume='Pedalat 800 de m', arbitru=0, categorie=ciclism}, numar_puncte=169})
29 Mar 2025 17:19:58,258 TRACE ro.mpp2024.repository.RezultatRepository 32 createEntityFromResultSet - Enter createEntityFromResultSet
29 Mar 2025 17:19:58,258 TRACE ro.mpp2024.utils.JdbcUtils 48 getConnection - Enter
29 Mar 2025 17:19:58,258 TRACE ro.mpp2024.utils.JdbcUtils 57 getConnection - Exit with(org.sqlite.jdbc4.JDBC4Connection@6a6afff2)
29 Mar 2025 17:19:58,258 TRACE ro.mpp2024.repository.RezultatRepository 68 createEntityFromResultSet - Exit with(Rezultat{participant=Participant{nume='Gheorghe', prenume='Vlad', varsta=28}, proba=Proba{nume='Pedalat 1200 de m', arbitru=0, categorie=ciclism}, numar_puncte=200})
29 Mar 2025 17:19:58,259 TRACE ro.mpp2024.repository.RezultatRepository 32 createEntityFromResultSet - Enter createEntityFromResultSet
29 Mar 2025 17:19:58,259 TRACE ro.mpp2024.utils.JdbcUtils 48 getConnection - Enter
29 Mar 2025 17:19:58,259 TRACE ro.mpp2024.utils.JdbcUtils 57 getConnection - Exit with(org.sqlite.jdbc4.JDBC4Connection@6a6afff2)
29 Mar 2025 17:19:58,259 TRACE ro.mpp2024.repository.RezultatRepository 68 createEntityFromResultSet - Exit with(Rezultat{participant=Participant{nume='Dragomir', prenume='Adrian', varsta=26}, proba=Proba{nume='Inot 100 de m', arbitru=0, categorie=inot}, numar_puncte=130})
29 Mar 2025 17:19:58,259 TRACE ro.mpp2024.repository.RezultatRepository 32 createEntityFromResultSet - Enter createEntityFromResultSet
29 Mar 2025 17:19:58,259 TRACE ro.mpp2024.utils.JdbcUtils 48 getConnection - Enter
29 Mar 2025 17:19:58,260 TRACE ro.mpp2024.utils.JdbcUtils 57 getConnection - Exit with(org.sqlite.jdbc4.JDBC4Connection@6a6afff2)
29 Mar 2025 17:19:58,260 TRACE ro.mpp2024.repository.RezultatRepository 68 createEntityFromResultSet - Exit with(Rezultat{participant=Participant{nume='Lazar', prenume='Roxana', varsta=25}, proba=Proba{nume='Inot 200 de m', arbitru=0, categorie=inot}, numar_puncte=185})
29 Mar 2025 17:19:58,260 TRACE ro.mpp2024.repository.RezultatRepository 32 createEntityFromResultSet - Enter createEntityFromResultSet
29 Mar 2025 17:19:58,260 TRACE ro.mpp2024.utils.JdbcUtils 48 getConnection - Enter
29 Mar 2025 17:19:58,260 TRACE ro.mpp2024.utils.JdbcUtils 57 getConnection - Exit with(org.sqlite.jdbc4.JDBC4Connection@6a6afff2)
29 Mar 2025 17:19:58,260 TRACE ro.mpp2024.repository.RezultatRepository 68 createEntityFromResultSet - Exit with(Rezultat{participant=Participant{nume='Jianu', prenume='Oana', varsta=34}, proba=Proba{nume='Inot 300 de m', arbitru=0, categorie=inot}, numar_puncte=142})
29 Mar 2025 17:19:58,261 TRACE ro.mpp2024.repository.RezultatRepository 32 createEntityFromResultSet - Enter createEntityFromResultSet
29 Mar 2025 17:19:58,261 TRACE ro.mpp2024.utils.JdbcUtils 48 getConnection - Enter
29 Mar 2025 17:19:58,261 TRACE ro.mpp2024.utils.JdbcUtils 57 getConnection - Exit with(org.sqlite.jdbc4.JDBC4Connection@6a6afff2)
29 Mar 2025 17:19:58,261 TRACE ro.mpp2024.repository.RezultatRepository 68 createEntityFromResultSet - Exit with(Rezultat{participant=Participant{nume='Hagi', prenume='Diana', varsta=32}, proba=Proba{nume='Cursa 200 de m', arbitru=0, categorie=alergat}, numar_puncte=193})
29 Mar 2025 17:19:58,261 TRACE ro.mpp2024.repository.RezultatRepository 32 createEntityFromResultSet - Enter createEntityFromResultSet
29 Mar 2025 17:19:58,261 TRACE ro.mpp2024.utils.JdbcUtils 48 getConnection - Enter
29 Mar 2025 17:19:58,261 TRACE ro.mpp2024.utils.JdbcUtils 57 getConnection - Exit with(org.sqlite.jdbc4.JDBC4Connection@6a6afff2)
29 Mar 2025 17:19:58,262 TRACE ro.mpp2024.repository.RezultatRepository 68 createEntityFromResultSet - Exit with(Rezultat{participant=Participant{nume='Ursu', prenume='Mihail', varsta=24}, proba=Proba{nume='Cursa 400 de m', arbitru=0, categorie=alergat}, numar_puncte=155})
29 Mar 2025 17:19:58,262 TRACE ro.mpp2024.repository.RezultatRepository 32 createEntityFromResultSet - Enter createEntityFromResultSet
29 Mar 2025 17:19:58,262 TRACE ro.mpp2024.utils.JdbcUtils 48 getConnection - Enter
29 Mar 2025 17:19:58,262 TRACE ro.mpp2024.utils.JdbcUtils 57 getConnection - Exit with(org.sqlite.jdbc4.JDBC4Connection@6a6afff2)
29 Mar 2025 17:19:58,262 TRACE ro.mpp2024.repository.RezultatRepository 68 createEntityFromResultSet - Exit with(Rezultat{participant=Participant{nume='Vlad', prenume='Anca', varsta=32}, proba=Proba{nume='Cursa 600 de m', arbitru=0, categorie=alergat}, numar_puncte=128})
29 Mar 2025 17:19:58,262 TRACE ro.mpp2024.repository.RezultatRepository 32 createEntityFromResultSet - Enter createEntityFromResultSet
29 Mar 2025 17:19:58,263 TRACE ro.mpp2024.utils.JdbcUtils 48 getConnection - Enter
29 Mar 2025 17:19:58,263 TRACE ro.mpp2024.utils.JdbcUtils 57 getConnection - Exit with(org.sqlite.jdbc4.JDBC4Connection@6a6afff2)
29 Mar 2025 17:19:58,263 TRACE ro.mpp2024.repository.RezultatRepository 68 createEntityFromResultSet - Exit with(Rezultat{participant=Participant{nume='Zamfir', prenume='Lucian', varsta=23}, proba=Proba{nume='Pedalat 200 de m', arbitru=0, categorie=ciclism}, numar_puncte=177})
29 Mar 2025 17:19:58,263 TRACE ro.mpp2024.repository.RezultatRepository 32 createEntityFromResultSet - Enter createEntityFromResultSet
29 Mar 2025 17:19:58,263 TRACE ro.mpp2024.utils.JdbcUtils 48 getConnection - Enter
29 Mar 2025 17:19:58,263 TRACE ro.mpp2024.utils.JdbcUtils 57 getConnection - Exit with(org.sqlite.jdbc4.JDBC4Connection@6a6afff2)
29 Mar 2025 17:19:58,263 TRACE ro.mpp2024.repository.RezultatRepository 68 createEntityFromResultSet - Exit with(Rezultat{participant=Participant{nume='Sandu', prenume='Victor', varsta=26}, proba=Proba{nume='Pedalat 600 de m', arbitru=0, categorie=ciclism}, numar_puncte=115})
29 Mar 2025 17:19:58,263 TRACE ro.mpp2024.repository.RezultatRepository 32 createEntityFromResultSet - Enter createEntityFromResultSet
29 Mar 2025 17:19:58,264 TRACE ro.mpp2024.utils.JdbcUtils 48 getConnection - Enter
29 Mar 2025 17:19:58,264 TRACE ro.mpp2024.utils.JdbcUtils 57 getConnection - Exit with(org.sqlite.jdbc4.JDBC4Connection@6a6afff2)
29 Mar 2025 17:19:58,264 TRACE ro.mpp2024.repository.RezultatRepository 68 createEntityFromResultSet - Exit with(Rezultat{participant=Participant{nume='Voicu', prenume='Raluca', varsta=34}, proba=Proba{nume='Pedalat 1000 de m', arbitru=0, categorie=ciclism}, numar_puncte=190})
29 Mar 2025 17:19:58,264 TRACE ro.mpp2024.repository.RezultatRepository 32 createEntityFromResultSet - Enter createEntityFromResultSet
29 Mar 2025 17:19:58,264 TRACE ro.mpp2024.utils.JdbcUtils 48 getConnection - Enter
29 Mar 2025 17:19:58,264 TRACE ro.mpp2024.utils.JdbcUtils 57 getConnection - Exit with(org.sqlite.jdbc4.JDBC4Connection@6a6afff2)
29 Mar 2025 17:19:58,264 TRACE ro.mpp2024.repository.RezultatRepository 68 createEntityFromResultSet - Exit with(Rezultat{participant=Participant{nume='Popescu', prenume='Ion', varsta=25}, proba=Proba{nume='Inot 50 de m', arbitru=0, categorie=inot}, numar_puncte=148})
29 Mar 2025 17:19:58,264 TRACE ro.mpp2024.repository.RezultatRepository 32 createEntityFromResultSet - Enter createEntityFromResultSet
29 Mar 2025 17:19:58,264 TRACE ro.mpp2024.utils.JdbcUtils 48 getConnection - Enter
29 Mar 2025 17:19:58,264 TRACE ro.mpp2024.utils.JdbcUtils 57 getConnection - Exit with(org.sqlite.jdbc4.JDBC4Connection@6a6afff2)
29 Mar 2025 17:19:58,265 TRACE ro.mpp2024.repository.RezultatRepository 68 createEntityFromResultSet - Exit with(Rezultat{participant=Participant{nume='Radu', prenume='Cristian', varsta=24}, proba=Proba{nume='Inot 150 de m', arbitru=0, categorie=inot}, numar_puncte=136})
29 Mar 2025 17:19:58,265 TRACE ro.mpp2024.repository.RezultatRepository 32 createEntityFromResultSet - Enter createEntityFromResultSet
29 Mar 2025 17:19:58,265 TRACE ro.mpp2024.utils.JdbcUtils 48 getConnection - Enter
29 Mar 2025 17:19:58,265 TRACE ro.mpp2024.utils.JdbcUtils 57 getConnection - Exit with(org.sqlite.jdbc4.JDBC4Connection@6a6afff2)
29 Mar 2025 17:19:58,265 TRACE ro.mpp2024.repository.RezultatRepository 68 createEntityFromResultSet - Exit with(Rezultat{participant=Participant{nume='Popa', prenume='Mihai', varsta=35}, proba=Proba{nume='Inot 250 de m', arbitru=0, categorie=inot}, numar_puncte=184})
29 Mar 2025 17:19:58,265 TRACE ro.mpp2024.repository.RezultatRepository 32 createEntityFromResultSet - Enter createEntityFromResultSet
29 Mar 2025 17:19:58,265 TRACE ro.mpp2024.utils.JdbcUtils 48 getConnection - Enter
29 Mar 2025 17:19:58,265 TRACE ro.mpp2024.utils.JdbcUtils 57 getConnection - Exit with(org.sqlite.jdbc4.JDBC4Connection@6a6afff2)
29 Mar 2025 17:19:58,265 TRACE ro.mpp2024.repository.RezultatRepository 68 createEntityFromResultSet - Exit with(Rezultat{participant=Participant{nume='Vasilescu', prenume='Florin', varsta=23}, proba=Proba{nume='Cursa 100 de m', arbitru=0, categorie=alergat}, numar_puncte=198})
29 Mar 2025 17:19:58,265 TRACE ro.mpp2024.repository.RezultatRepository 32 createEntityFromResultSet - Enter createEntityFromResultSet
29 Mar 2025 17:19:58,265 TRACE ro.mpp2024.utils.JdbcUtils 48 getConnection - Enter
29 Mar 2025 17:19:58,265 TRACE ro.mpp2024.utils.JdbcUtils 57 getConnection - Exit with(org.sqlite.jdbc4.JDBC4Connection@6a6afff2)
29 Mar 2025 17:19:58,266 TRACE ro.mpp2024.repository.RezultatRepository 68 createEntityFromResultSet - Exit with(Rezultat{participant=Participant{nume='Iliescu', prenume='Daniela', varsta=32}, proba=Proba{nume='Cursa 300 de m', arbitru=0, categorie=alergat}, numar_puncte=125})
29 Mar 2025 17:19:58,266 TRACE ro.mpp2024.repository.RezultatRepository 32 createEntityFromResultSet - Enter createEntityFromResultSet
29 Mar 2025 17:19:58,266 TRACE ro.mpp2024.utils.JdbcUtils 48 getConnection - Enter
29 Mar 2025 17:19:58,266 TRACE ro.mpp2024.utils.JdbcUtils 57 getConnection - Exit with(org.sqlite.jdbc4.JDBC4Connection@6a6afff2)
29 Mar 2025 17:19:58,266 TRACE ro.mpp2024.repository.RezultatRepository 68 createEntityFromResultSet - Exit with(Rezultat{participant=Participant{nume='Oprea', prenume='Bogdan', varsta=27}, proba=Proba{nume='Cursa 500 de m', arbitru=0, categorie=alergat}, numar_puncte=110})
29 Mar 2025 17:19:58,266 TRACE ro.mpp2024.repository.RezultatRepository 32 createEntityFromResultSet - Enter createEntityFromResultSet
29 Mar 2025 17:19:58,266 TRACE ro.mpp2024.utils.JdbcUtils 48 getConnection - Enter
29 Mar 2025 17:19:58,266 TRACE ro.mpp2024.utils.JdbcUtils 57 getConnection - Exit with(org.sqlite.jdbc4.JDBC4Connection@6a6afff2)
29 Mar 2025 17:19:58,267 TRACE ro.mpp2024.repository.RezultatRepository 68 createEntityFromResultSet - Exit with(Rezultat{participant=Participant{nume='Filip', prenume='Bianca', varsta=31}, proba=Proba{nume='Pedalat 400 de m', arbitru=0, categorie=ciclism}, numar_puncte=167})
29 Mar 2025 17:19:58,267 TRACE ro.mpp2024.repository.RezultatRepository 32 createEntityFromResultSet - Enter createEntityFromResultSet
29 Mar 2025 17:19:58,267 TRACE ro.mpp2024.utils.JdbcUtils 48 getConnection - Enter
29 Mar 2025 17:19:58,267 TRACE ro.mpp2024.utils.JdbcUtils 57 getConnection - Exit with(org.sqlite.jdbc4.JDBC4Connection@6a6afff2)
29 Mar 2025 17:19:58,267 TRACE ro.mpp2024.repository.RezultatRepository 68 createEntityFromResultSet - Exit with(Rezultat{participant=Participant{nume='Tudor', prenume='Alexandru', varsta=31}, proba=Proba{nume='Pedalat 800 de m', arbitru=0, categorie=ciclism}, numar_puncte=138})
29 Mar 2025 17:19:58,267 TRACE ro.mpp2024.repository.RezultatRepository 32 createEntityFromResultSet - Enter createEntityFromResultSet
29 Mar 2025 17:19:58,267 TRACE ro.mpp2024.utils.JdbcUtils 48 getConnection - Enter
29 Mar 2025 17:19:58,267 TRACE ro.mpp2024.utils.JdbcUtils 57 getConnection - Exit with(org.sqlite.jdbc4.JDBC4Connection@6a6afff2)
29 Mar 2025 17:19:58,268 TRACE ro.mpp2024.repository.RezultatRepository 68 createEntityFromResultSet - Exit with(Rezultat{participant=Participant{nume='Munteanu', prenume='Sorin', varsta=21}, proba=Proba{nume='Pedalat 1200 de m', arbitru=0, categorie=ciclism}, numar_puncte=157})
29 Mar 2025 17:19:58,268 TRACE ro.mpp2024.repository.RezultatRepository 32 createEntityFromResultSet - Enter createEntityFromResultSet
29 Mar 2025 17:19:58,268 TRACE ro.mpp2024.utils.JdbcUtils 48 getConnection - Enter
29 Mar 2025 17:19:58,268 TRACE ro.mpp2024.utils.JdbcUtils 57 getConnection - Exit with(org.sqlite.jdbc4.JDBC4Connection@6a6afff2)
29 Mar 2025 17:19:58,268 TRACE ro.mpp2024.repository.RezultatRepository 68 createEntityFromResultSet - Exit with(Rezultat{participant=Participant{nume='Rusu', prenume='Andreea', varsta=29}, proba=Proba{nume='Inot 100 de m', arbitru=0, categorie=inot}, numar_puncte=192})
29 Mar 2025 17:19:58,268 TRACE ro.mpp2024.repository.RezultatRepository 32 createEntityFromResultSet - Enter createEntityFromResultSet
29 Mar 2025 17:19:58,268 TRACE ro.mpp2024.utils.JdbcUtils 48 getConnection - Enter
29 Mar 2025 17:19:58,268 TRACE ro.mpp2024.utils.JdbcUtils 57 getConnection - Exit with(org.sqlite.jdbc4.JDBC4Connection@6a6afff2)
29 Mar 2025 17:19:58,268 TRACE ro.mpp2024.repository.RezultatRepository 68 createEntityFromResultSet - Exit with(Rezultat{participant=Participant{nume='nume', prenume='prenume', varsta=20}, proba=Proba{nume='nume', arbitru=0, categorie=ciclism}, numar_puncte=100})
29 Mar 2025 17:19:58,268 TRACE ro.mpp2024.repository.RezultatRepository 32 createEntityFromResultSet - Enter createEntityFromResultSet
29 Mar 2025 17:19:58,268 TRACE ro.mpp2024.utils.JdbcUtils 48 getConnection - Enter
29 Mar 2025 17:19:58,268 TRACE ro.mpp2024.utils.JdbcUtils 57 getConnection - Exit with(org.sqlite.jdbc4.JDBC4Connection@6a6afff2)
29 Mar 2025 17:19:58,269 TRACE ro.mpp2024.repository.RezultatRepository 68 createEntityFromResultSet - Exit with(Rezultat{participant=Participant{nume='nume', prenume='prenume', varsta=20}, proba=Proba{nume='nume', arbitru=0, categorie=ciclism}, numar_puncte=100})
29 Mar 2025 17:19:58,269 TRACE ro.mpp2024.repository.RezultatRepository 32 createEntityFromResultSet - Enter createEntityFromResultSet
29 Mar 2025 17:19:58,269 TRACE ro.mpp2024.utils.JdbcUtils 48 getConnection - Enter
29 Mar 2025 17:19:58,269 TRACE ro.mpp2024.utils.JdbcUtils 57 getConnection - Exit with(org.sqlite.jdbc4.JDBC4Connection@6a6afff2)
29 Mar 2025 17:19:58,269 TRACE ro.mpp2024.repository.RezultatRepository 68 createEntityFromResultSet - Exit with(Rezultat{participant=Participant{nume='nume', prenume='prenume', varsta=20}, proba=Proba{nume='nume', arbitru=0, categorie=ciclism}, numar_puncte=100})
29 Mar 2025 17:19:58,269 TRACE ro.mpp2024.repository.RezultatRepository 89 findAll - Exit with([Rezultat{participant=Participant{nume='Popescu', prenume='Ion', varsta=25}, proba=Proba{nume='Pedalat 200 de m', arbitru=0, categorie=ciclism}, numar_puncte=10}, Rezultat{participant=Participant{nume='Stan', prenume='Ioana', varsta=27}, proba=Proba{nume='Pedalat 200 de m', arbitru=0, categorie=ciclism}, numar_puncte=152}, Rezultat{participant=Participant{nume='Popa', prenume='Mihai', varsta=35}, proba=Proba{nume='Pedalat 400 de m', arbitru=0, categorie=ciclism}, numar_puncte=98}, Rezultat{participant=Participant{nume='Vasilescu', prenume='Florin', varsta=23}, proba=Proba{nume='Pedalat 600 de m', arbitru=0, categorie=ciclism}, numar_puncte=174}, Rezultat{participant=Participant{nume='Radu', prenume='Cristian', varsta=24}, proba=Proba{nume='Pedalat 800 de m', arbitru=0, categorie=ciclism}, numar_puncte=120}, Rezultat{participant=Participant{nume='Grigore', prenume='Stefan', varsta=24}, proba=Proba{nume='Pedalat 1000 de m', arbitru=0, categorie=ciclism}, numar_puncte=145}, Rezultat{participant=Participant{nume='Nistor', prenume='Carmen', varsta=33}, proba=Proba{nume='Pedalat 1200 de m', arbitru=0, categorie=ciclism}, numar_puncte=189}, Rezultat{participant=Participant{nume='Marin', prenume='Ana', varsta=29}, proba=Proba{nume='Inot 50 de m', arbitru=0, categorie=inot}, numar_puncte=134}, Rezultat{participant=Participant{nume='Constantin', prenume='Marius', varsta=30}, proba=Proba{nume='Inot 100 de m', arbitru=0, categorie=inot}, numar_puncte=178}, Rezultat{participant=Participant{nume='Ionescu', prenume='Maria', varsta=30}, proba=Proba{nume='Inot 150 de m', arbitru=0, categorie=inot}, numar_puncte=156}, Rezultat{participant=Participant{nume='Rusu', prenume='Andreea', varsta=29}, proba=Proba{nume='Inot 200 de m', arbitru=0, categorie=inot}, numar_puncte=121}, Rezultat{participant=Participant{nume='Kovacs', prenume='Cristina', varsta=21}, proba=Proba{nume='Inot 250 de m', arbitru=0, categorie=inot}, numar_puncte=199}, Rezultat{participant=Participant{nume='Munteanu', prenume='Sorin', varsta=21}, proba=Proba{nume='Inot 300 de m', arbitru=0, categorie=inot}, numar_puncte=144}, Rezultat{participant=Participant{nume='Iliescu', prenume='Daniela', varsta=32}, proba=Proba{nume='Cursa 100 de m', arbitru=0, categorie=alergat}, numar_puncte=185}, Rezultat{participant=Participant{nume='Georgescu', prenume='Andrei', varsta=22}, proba=Proba{nume='Cursa 200 de m', arbitru=0, categorie=alergat}, numar_puncte=102}, Rezultat{participant=Participant{nume='Oprea', prenume='Bogdan', varsta=27}, proba=Proba{nume='Cursa 300 de m', arbitru=0, categorie=alergat}, numar_puncte=172}, Rezultat{participant=Participant{nume='Stan', prenume='Ioana', varsta=27}, proba=Proba{nume='Cursa 400 de m', arbitru=0, categorie=alergat}, numar_puncte=137}, Rezultat{participant=Participant{nume='Iacob', prenume='Radu', varsta=23}, proba=Proba{nume='Cursa 500 de m', arbitru=0, categorie=alergat}, numar_puncte=195}, Rezultat{participant=Participant{nume='Manole', prenume='Simona', varsta=25}, proba=Proba{nume='Cursa 600 de m', arbitru=0, categorie=alergat}, numar_puncte=117}, Rezultat{participant=Participant{nume='Tudor', prenume='Alexandru', varsta=31}, proba=Proba{nume='Pedalat 200 de m', arbitru=0, categorie=ciclism}, numar_puncte=150}, Rezultat{participant=Participant{nume='Barbu', prenume='Irina', varsta=27}, proba=Proba{nume='Pedalat 600 de m', arbitru=0, categorie=ciclism}, numar_puncte=180}, Rezultat{participant=Participant{nume='Filip', prenume='Bianca', varsta=31}, proba=Proba{nume='Pedalat 1000 de m', arbitru=0, categorie=ciclism}, numar_puncte=140}, Rezultat{participant=Participant{nume='Dobre', prenume='Adriana', varsta=34}, proba=Proba{nume='Inot 50 de m', arbitru=0, categorie=inot}, numar_puncte=165}, Rezultat{participant=Participant{nume='Toma', prenume='Gabriela', varsta=31}, proba=Proba{nume='Inot 150 de m', arbitru=0, categorie=inot}, numar_puncte=132}, Rezultat{participant=Participant{nume='Petrescu', prenume='Gabriel', varsta=26}, proba=Proba{nume='Inot 250 de m', arbitru=0, categorie=inot}, numar_puncte=188}, Rezultat{participant=Participant{nume='Lupu', prenume='George', varsta=33}, proba=Proba{nume='Cursa 100 de m', arbitru=0, categorie=alergat}, numar_puncte=199}, Rezultat{participant=Participant{nume='Enache', prenume='Laura', varsta=29}, proba=Proba{nume='Cursa 300 de m', arbitru=0, categorie=alergat}, numar_puncte=175}, Rezultat{participant=Participant{nume='Dumitrescu', prenume='Elena', varsta=28}, proba=Proba{nume='Cursa 500 de m', arbitru=0, categorie=alergat}, numar_puncte=143}, Rezultat{participant=Participant{nume='Pavel', prenume='Monica', varsta=30}, proba=Proba{nume='Pedalat 400 de m', arbitru=0, categorie=ciclism}, numar_puncte=111}, Rezultat{participant=Participant{nume='Nedelcu', prenume='Alexandra', varsta=28}, proba=Proba{nume='Pedalat 800 de m', arbitru=0, categorie=ciclism}, numar_puncte=169}, Rezultat{participant=Participant{nume='Gheorghe', prenume='Vlad', varsta=28}, proba=Proba{nume='Pedalat 1200 de m', arbitru=0, categorie=ciclism}, numar_puncte=200}, Rezultat{participant=Participant{nume='Dragomir', prenume='Adrian', varsta=26}, proba=Proba{nume='Inot 100 de m', arbitru=0, categorie=inot}, numar_puncte=130}, Rezultat{participant=Participant{nume='Lazar', prenume='Roxana', varsta=25}, proba=Proba{nume='Inot 200 de m', arbitru=0, categorie=inot}, numar_puncte=185}, Rezultat{participant=Participant{nume='Jianu', prenume='Oana', varsta=34}, proba=Proba{nume='Inot 300 de m', arbitru=0, categorie=inot}, numar_puncte=142}, Rezultat{participant=Participant{nume='Hagi', prenume='Diana', varsta=32}, proba=Proba{nume='Cursa 200 de m', arbitru=0, categorie=alergat}, numar_puncte=193}, Rezultat{participant=Participant{nume='Ursu', prenume='Mihail', varsta=24}, proba=Proba{nume='Cursa 400 de m', arbitru=0, categorie=alergat}, numar_puncte=155}, Rezultat{participant=Participant{nume='Vlad', prenume='Anca', varsta=32}, proba=Proba{nume='Cursa 600 de m', arbitru=0, categorie=alergat}, numar_puncte=128}, Rezultat{participant=Participant{nume='Zamfir', prenume='Lucian', varsta=23}, proba=Proba{nume='Pedalat 200 de m', arbitru=0, categorie=ciclism}, numar_puncte=177}, Rezultat{participant=Participant{nume='Sandu', prenume='Victor', varsta=26}, proba=Proba{nume='Pedalat 600 de m', arbitru=0, categorie=ciclism}, numar_puncte=115}, Rezultat{participant=Participant{nume='Voicu', prenume='Raluca', varsta=34}, proba=Proba{nume='Pedalat 1000 de m', arbitru=0, categorie=ciclism}, numar_puncte=190}, Rezultat{participant=Participant{nume='Popescu', prenume='Ion', varsta=25}, proba=Proba{nume='Inot 50 de m', arbitru=0, categorie=inot}, numar_puncte=148}, Rezultat{participant=Participant{nume='Radu', prenume='Cristian', varsta=24}, proba=Proba{nume='Inot 150 de m', arbitru=0, categorie=inot}, numar_puncte=136}, Rezultat{participant=Participant{nume='Popa', prenume='Mihai', varsta=35}, proba=Proba{nume='Inot 250 de m', arbitru=0, categorie=inot}, numar_puncte=184}, Rezultat{participant=Participant{nume='Vasilescu', prenume='Florin', varsta=23}, proba=Proba{nume='Cursa 100 de m', arbitru=0, categorie=alergat}, numar_puncte=198}, Rezultat{participant=Participant{nume='Iliescu', prenume='Daniela', varsta=32}, proba=Proba{nume='Cursa 300 de m', arbitru=0, categorie=alergat}, numar_puncte=125}, Rezultat{participant=Participant{nume='Oprea', prenume='Bogdan', varsta=27}, proba=Proba{nume='Cursa 500 de m', arbitru=0, categorie=alergat}, numar_puncte=110}, Rezultat{participant=Participant{nume='Filip', prenume='Bianca', varsta=31}, proba=Proba{nume='Pedalat 400 de m', arbitru=0, categorie=ciclism}, numar_puncte=167}, Rezultat{participant=Participant{nume='Tudor', prenume='Alexandru', varsta=31}, proba=Proba{nume='Pedalat 800 de m', arbitru=0, categorie=ciclism}, numar_puncte=138}, Rezultat{participant=Participant{nume='Munteanu', prenume='Sorin', varsta=21}, proba=Proba{nume='Pedalat 1200 de m', arbitru=0, categorie=ciclism}, numar_puncte=157}, Rezultat{participant=Participant{nume='Rusu', prenume='Andreea', varsta=29}, proba=Proba{nume='Inot 100 de m', arbitru=0, categorie=inot}, numar_puncte=192}, Rezultat{participant=Participant{nume='nume', prenume='prenume', varsta=20}, proba=Proba{nume='nume', arbitru=0, categorie=ciclism}, numar_puncte=100}, Rezultat{participant=Participant{nume='nume', prenume='prenume', varsta=20}, proba=Proba{nume='nume', arbitru=0, categorie=ciclism}, numar_puncte=100}, Rezultat{participant=Participant{nume='nume', prenume='prenume', varsta=20}, proba=Proba{nume='nume', arbitru=0, categorie=ciclism}, numar_puncte=100}])
29 Mar 2025 17:19:58,272 TRACE ro.mpp2024.repository.RezultatRepository 178 listaParticiapntPuncteProbaDescrescator - Enter Terminat dictionar
29 Mar 2025 17:53:48,152 INFO  ro.mpp2024.repository.ArbitruRepository 25 <init> - Initializing IArbitruRepository with properties: {} 
29 Mar 2025 17:53:48,156 INFO  ro.mpp2024.repository.ProbaRepository 25 <init> - Initializing ProbaRepository with properties: {} 
29 Mar 2025 17:53:48,157 INFO  ro.mpp2024.repository.ParticipantRepository 25 <init> - Initializing ParticipantRepository with properties: {} 
29 Mar 2025 17:53:48,159 INFO  ro.mpp2024.repository.RezultatRepository 26 <init> - Initializing RezultatRepository with properties: {} 
29 Mar 2025 17:53:48,160 TRACE ro.mpp2024.repository.RezultatRepository 143 listaParticipantiPuncteAlfabetic - Enter listaParticipantiPuncteAlfabetic
29 Mar 2025 17:53:48,160 TRACE ro.mpp2024.repository.RezultatRepository 75 findAll - Enter
29 Mar 2025 17:53:48,160 TRACE ro.mpp2024.utils.JdbcUtils 48 getConnection - Enter
29 Mar 2025 17:53:48,160 TRACE ro.mpp2024.utils.JdbcUtils 25 getNewConnection - Enter
29 Mar 2025 17:53:48,161 INFO  ro.mpp2024.utils.JdbcUtils 30 getNewConnection - trying to connect to database ... jdbc:sqlite:src/main/resources/triatlon.db
29 Mar 2025 17:53:48,161 INFO  ro.mpp2024.utils.JdbcUtils 31 getNewConnection - user: null
29 Mar 2025 17:53:48,162 INFO  ro.mpp2024.utils.JdbcUtils 32 getNewConnection - pass: null
29 Mar 2025 17:53:48,254 TRACE ro.mpp2024.utils.JdbcUtils 57 getConnection - Exit with(org.sqlite.jdbc4.JDBC4Connection@306f16f3)
29 Mar 2025 17:53:48,257 TRACE ro.mpp2024.repository.RezultatRepository 32 createEntityFromResultSet - Enter createEntityFromResultSet
29 Mar 2025 17:53:48,258 TRACE ro.mpp2024.utils.JdbcUtils 48 getConnection - Enter
29 Mar 2025 17:53:48,258 TRACE ro.mpp2024.utils.JdbcUtils 57 getConnection - Exit with(org.sqlite.jdbc4.JDBC4Connection@306f16f3)
29 Mar 2025 17:53:48,262 TRACE ro.mpp2024.repository.RezultatRepository 68 createEntityFromResultSet - Exit with(Rezultat{participant=Popescu Ion, proba=Proba{nume='Pedalat 200 de m', arbitru=0, categorie=ciclism}, numar_puncte=10})
29 Mar 2025 17:53:48,262 TRACE ro.mpp2024.repository.RezultatRepository 32 createEntityFromResultSet - Enter createEntityFromResultSet
29 Mar 2025 17:53:48,262 TRACE ro.mpp2024.utils.JdbcUtils 48 getConnection - Enter
29 Mar 2025 17:53:48,262 TRACE ro.mpp2024.utils.JdbcUtils 57 getConnection - Exit with(org.sqlite.jdbc4.JDBC4Connection@306f16f3)
29 Mar 2025 17:53:48,263 TRACE ro.mpp2024.repository.RezultatRepository 68 createEntityFromResultSet - Exit with(Rezultat{participant=Stan Ioana, proba=Proba{nume='Pedalat 200 de m', arbitru=0, categorie=ciclism}, numar_puncte=152})
29 Mar 2025 17:53:48,263 TRACE ro.mpp2024.repository.RezultatRepository 32 createEntityFromResultSet - Enter createEntityFromResultSet
29 Mar 2025 17:53:48,263 TRACE ro.mpp2024.utils.JdbcUtils 48 getConnection - Enter
29 Mar 2025 17:53:48,263 TRACE ro.mpp2024.utils.JdbcUtils 57 getConnection - Exit with(org.sqlite.jdbc4.JDBC4Connection@306f16f3)
29 Mar 2025 17:53:48,264 TRACE ro.mpp2024.repository.RezultatRepository 68 createEntityFromResultSet - Exit with(Rezultat{participant=Popa Mihai, proba=Proba{nume='Pedalat 400 de m', arbitru=0, categorie=ciclism}, numar_puncte=98})
29 Mar 2025 17:53:48,264 TRACE ro.mpp2024.repository.RezultatRepository 32 createEntityFromResultSet - Enter createEntityFromResultSet
29 Mar 2025 17:53:48,264 TRACE ro.mpp2024.utils.JdbcUtils 48 getConnection - Enter
29 Mar 2025 17:53:48,264 TRACE ro.mpp2024.utils.JdbcUtils 57 getConnection - Exit with(org.sqlite.jdbc4.JDBC4Connection@306f16f3)
29 Mar 2025 17:53:48,264 TRACE ro.mpp2024.repository.RezultatRepository 68 createEntityFromResultSet - Exit with(Rezultat{participant=Vasilescu Florin, proba=Proba{nume='Pedalat 600 de m', arbitru=0, categorie=ciclism}, numar_puncte=174})
29 Mar 2025 17:53:48,264 TRACE ro.mpp2024.repository.RezultatRepository 32 createEntityFromResultSet - Enter createEntityFromResultSet
29 Mar 2025 17:53:48,265 TRACE ro.mpp2024.utils.JdbcUtils 48 getConnection - Enter
29 Mar 2025 17:53:48,265 TRACE ro.mpp2024.utils.JdbcUtils 57 getConnection - Exit with(org.sqlite.jdbc4.JDBC4Connection@306f16f3)
29 Mar 2025 17:53:48,265 TRACE ro.mpp2024.repository.RezultatRepository 68 createEntityFromResultSet - Exit with(Rezultat{participant=Radu Cristian, proba=Proba{nume='Pedalat 800 de m', arbitru=0, categorie=ciclism}, numar_puncte=120})
29 Mar 2025 17:53:48,265 TRACE ro.mpp2024.repository.RezultatRepository 32 createEntityFromResultSet - Enter createEntityFromResultSet
29 Mar 2025 17:53:48,265 TRACE ro.mpp2024.utils.JdbcUtils 48 getConnection - Enter
29 Mar 2025 17:53:48,265 TRACE ro.mpp2024.utils.JdbcUtils 57 getConnection - Exit with(org.sqlite.jdbc4.JDBC4Connection@306f16f3)
29 Mar 2025 17:53:48,266 TRACE ro.mpp2024.repository.RezultatRepository 68 createEntityFromResultSet - Exit with(Rezultat{participant=Grigore Stefan, proba=Proba{nume='Pedalat 1000 de m', arbitru=0, categorie=ciclism}, numar_puncte=145})
29 Mar 2025 17:53:48,266 TRACE ro.mpp2024.repository.RezultatRepository 32 createEntityFromResultSet - Enter createEntityFromResultSet
29 Mar 2025 17:53:48,266 TRACE ro.mpp2024.utils.JdbcUtils 48 getConnection - Enter
29 Mar 2025 17:53:48,266 TRACE ro.mpp2024.utils.JdbcUtils 57 getConnection - Exit with(org.sqlite.jdbc4.JDBC4Connection@306f16f3)
29 Mar 2025 17:53:48,266 TRACE ro.mpp2024.repository.RezultatRepository 68 createEntityFromResultSet - Exit with(Rezultat{participant=Nistor Carmen, proba=Proba{nume='Pedalat 1200 de m', arbitru=0, categorie=ciclism}, numar_puncte=189})
29 Mar 2025 17:53:48,266 TRACE ro.mpp2024.repository.RezultatRepository 32 createEntityFromResultSet - Enter createEntityFromResultSet
29 Mar 2025 17:53:48,266 TRACE ro.mpp2024.utils.JdbcUtils 48 getConnection - Enter
29 Mar 2025 17:53:48,267 TRACE ro.mpp2024.utils.JdbcUtils 57 getConnection - Exit with(org.sqlite.jdbc4.JDBC4Connection@306f16f3)
29 Mar 2025 17:53:48,267 TRACE ro.mpp2024.repository.RezultatRepository 68 createEntityFromResultSet - Exit with(Rezultat{participant=Marin Ana, proba=Proba{nume='Inot 50 de m', arbitru=0, categorie=inot}, numar_puncte=134})
29 Mar 2025 17:53:48,267 TRACE ro.mpp2024.repository.RezultatRepository 32 createEntityFromResultSet - Enter createEntityFromResultSet
29 Mar 2025 17:53:48,267 TRACE ro.mpp2024.utils.JdbcUtils 48 getConnection - Enter
29 Mar 2025 17:53:48,267 TRACE ro.mpp2024.utils.JdbcUtils 57 getConnection - Exit with(org.sqlite.jdbc4.JDBC4Connection@306f16f3)
29 Mar 2025 17:53:48,267 TRACE ro.mpp2024.repository.RezultatRepository 68 createEntityFromResultSet - Exit with(Rezultat{participant=Constantin Marius, proba=Proba{nume='Inot 100 de m', arbitru=0, categorie=inot}, numar_puncte=178})
29 Mar 2025 17:53:48,268 TRACE ro.mpp2024.repository.RezultatRepository 32 createEntityFromResultSet - Enter createEntityFromResultSet
29 Mar 2025 17:53:48,268 TRACE ro.mpp2024.utils.JdbcUtils 48 getConnection - Enter
29 Mar 2025 17:53:48,268 TRACE ro.mpp2024.utils.JdbcUtils 57 getConnection - Exit with(org.sqlite.jdbc4.JDBC4Connection@306f16f3)
29 Mar 2025 17:53:48,268 TRACE ro.mpp2024.repository.RezultatRepository 68 createEntityFromResultSet - Exit with(Rezultat{participant=Ionescu Maria, proba=Proba{nume='Inot 150 de m', arbitru=0, categorie=inot}, numar_puncte=156})
29 Mar 2025 17:53:48,268 TRACE ro.mpp2024.repository.RezultatRepository 32 createEntityFromResultSet - Enter createEntityFromResultSet
29 Mar 2025 17:53:48,268 TRACE ro.mpp2024.utils.JdbcUtils 48 getConnection - Enter
29 Mar 2025 17:53:48,268 TRACE ro.mpp2024.utils.JdbcUtils 57 getConnection - Exit with(org.sqlite.jdbc4.JDBC4Connection@306f16f3)
29 Mar 2025 17:53:48,269 TRACE ro.mpp2024.repository.RezultatRepository 68 createEntityFromResultSet - Exit with(Rezultat{participant=Rusu Andreea, proba=Proba{nume='Inot 200 de m', arbitru=0, categorie=inot}, numar_puncte=121})
29 Mar 2025 17:53:48,269 TRACE ro.mpp2024.repository.RezultatRepository 32 createEntityFromResultSet - Enter createEntityFromResultSet
29 Mar 2025 17:53:48,269 TRACE ro.mpp2024.utils.JdbcUtils 48 getConnection - Enter
29 Mar 2025 17:53:48,269 TRACE ro.mpp2024.utils.JdbcUtils 57 getConnection - Exit with(org.sqlite.jdbc4.JDBC4Connection@306f16f3)
29 Mar 2025 17:53:48,269 TRACE ro.mpp2024.repository.RezultatRepository 68 createEntityFromResultSet - Exit with(Rezultat{participant=Kovacs Cristina, proba=Proba{nume='Inot 250 de m', arbitru=0, categorie=inot}, numar_puncte=199})
29 Mar 2025 17:53:48,269 TRACE ro.mpp2024.repository.RezultatRepository 32 createEntityFromResultSet - Enter createEntityFromResultSet
29 Mar 2025 17:53:48,269 TRACE ro.mpp2024.utils.JdbcUtils 48 getConnection - Enter
29 Mar 2025 17:53:48,270 TRACE ro.mpp2024.utils.JdbcUtils 57 getConnection - Exit with(org.sqlite.jdbc4.JDBC4Connection@306f16f3)
29 Mar 2025 17:53:48,270 TRACE ro.mpp2024.repository.RezultatRepository 68 createEntityFromResultSet - Exit with(Rezultat{participant=Munteanu Sorin, proba=Proba{nume='Inot 300 de m', arbitru=0, categorie=inot}, numar_puncte=144})
29 Mar 2025 17:53:48,270 TRACE ro.mpp2024.repository.RezultatRepository 32 createEntityFromResultSet - Enter createEntityFromResultSet
29 Mar 2025 17:53:48,270 TRACE ro.mpp2024.utils.JdbcUtils 48 getConnection - Enter
29 Mar 2025 17:53:48,270 TRACE ro.mpp2024.utils.JdbcUtils 57 getConnection - Exit with(org.sqlite.jdbc4.JDBC4Connection@306f16f3)
29 Mar 2025 17:53:48,271 TRACE ro.mpp2024.repository.RezultatRepository 68 createEntityFromResultSet - Exit with(Rezultat{participant=Iliescu Daniela, proba=Proba{nume='Cursa 100 de m', arbitru=0, categorie=alergat}, numar_puncte=185})
29 Mar 2025 17:53:48,271 TRACE ro.mpp2024.repository.RezultatRepository 32 createEntityFromResultSet - Enter createEntityFromResultSet
29 Mar 2025 17:53:48,271 TRACE ro.mpp2024.utils.JdbcUtils 48 getConnection - Enter
29 Mar 2025 17:53:48,271 TRACE ro.mpp2024.utils.JdbcUtils 57 getConnection - Exit with(org.sqlite.jdbc4.JDBC4Connection@306f16f3)
29 Mar 2025 17:53:48,271 TRACE ro.mpp2024.repository.RezultatRepository 68 createEntityFromResultSet - Exit with(Rezultat{participant=Georgescu Andrei, proba=Proba{nume='Cursa 200 de m', arbitru=0, categorie=alergat}, numar_puncte=102})
29 Mar 2025 17:53:48,271 TRACE ro.mpp2024.repository.RezultatRepository 32 createEntityFromResultSet - Enter createEntityFromResultSet
29 Mar 2025 17:53:48,271 TRACE ro.mpp2024.utils.JdbcUtils 48 getConnection - Enter
29 Mar 2025 17:53:48,272 TRACE ro.mpp2024.utils.JdbcUtils 57 getConnection - Exit with(org.sqlite.jdbc4.JDBC4Connection@306f16f3)
29 Mar 2025 17:53:48,272 TRACE ro.mpp2024.repository.RezultatRepository 68 createEntityFromResultSet - Exit with(Rezultat{participant=Oprea Bogdan, proba=Proba{nume='Cursa 300 de m', arbitru=0, categorie=alergat}, numar_puncte=172})
29 Mar 2025 17:53:48,272 TRACE ro.mpp2024.repository.RezultatRepository 32 createEntityFromResultSet - Enter createEntityFromResultSet
29 Mar 2025 17:53:48,272 TRACE ro.mpp2024.utils.JdbcUtils 48 getConnection - Enter
29 Mar 2025 17:53:48,272 TRACE ro.mpp2024.utils.JdbcUtils 57 getConnection - Exit with(org.sqlite.jdbc4.JDBC4Connection@306f16f3)
29 Mar 2025 17:53:48,272 TRACE ro.mpp2024.repository.RezultatRepository 68 createEntityFromResultSet - Exit with(Rezultat{participant=Stan Ioana, proba=Proba{nume='Cursa 400 de m', arbitru=0, categorie=alergat}, numar_puncte=137})
29 Mar 2025 17:53:48,273 TRACE ro.mpp2024.repository.RezultatRepository 32 createEntityFromResultSet - Enter createEntityFromResultSet
29 Mar 2025 17:53:48,273 TRACE ro.mpp2024.utils.JdbcUtils 48 getConnection - Enter
29 Mar 2025 17:53:48,273 TRACE ro.mpp2024.utils.JdbcUtils 57 getConnection - Exit with(org.sqlite.jdbc4.JDBC4Connection@306f16f3)
29 Mar 2025 17:53:48,273 TRACE ro.mpp2024.repository.RezultatRepository 68 createEntityFromResultSet - Exit with(Rezultat{participant=Iacob Radu, proba=Proba{nume='Cursa 500 de m', arbitru=0, categorie=alergat}, numar_puncte=195})
29 Mar 2025 17:53:48,273 TRACE ro.mpp2024.repository.RezultatRepository 32 createEntityFromResultSet - Enter createEntityFromResultSet
29 Mar 2025 17:53:48,273 TRACE ro.mpp2024.utils.JdbcUtils 48 getConnection - Enter
29 Mar 2025 17:53:48,273 TRACE ro.mpp2024.utils.JdbcUtils 57 getConnection - Exit with(org.sqlite.jdbc4.JDBC4Connection@306f16f3)
29 Mar 2025 17:53:48,273 TRACE ro.mpp2024.repository.RezultatRepository 68 createEntityFromResultSet - Exit with(Rezultat{participant=Manole Simona, proba=Proba{nume='Cursa 600 de m', arbitru=0, categorie=alergat}, numar_puncte=117})
29 Mar 2025 17:53:48,274 TRACE ro.mpp2024.repository.RezultatRepository 32 createEntityFromResultSet - Enter createEntityFromResultSet
29 Mar 2025 17:53:48,274 TRACE ro.mpp2024.utils.JdbcUtils 48 getConnection - Enter
29 Mar 2025 17:53:48,274 TRACE ro.mpp2024.utils.JdbcUtils 57 getConnection - Exit with(org.sqlite.jdbc4.JDBC4Connection@306f16f3)
29 Mar 2025 17:53:48,274 TRACE ro.mpp2024.repository.RezultatRepository 68 createEntityFromResultSet - Exit with(Rezultat{participant=Tudor Alexandru, proba=Proba{nume='Pedalat 200 de m', arbitru=0, categorie=ciclism}, numar_puncte=150})
29 Mar 2025 17:53:48,274 TRACE ro.mpp2024.repository.RezultatRepository 32 createEntityFromResultSet - Enter createEntityFromResultSet
29 Mar 2025 17:53:48,274 TRACE ro.mpp2024.utils.JdbcUtils 48 getConnection - Enter
29 Mar 2025 17:53:48,274 TRACE ro.mpp2024.utils.JdbcUtils 57 getConnection - Exit with(org.sqlite.jdbc4.JDBC4Connection@306f16f3)
29 Mar 2025 17:53:48,274 TRACE ro.mpp2024.repository.RezultatRepository 68 createEntityFromResultSet - Exit with(Rezultat{participant=Barbu Irina, proba=Proba{nume='Pedalat 600 de m', arbitru=0, categorie=ciclism}, numar_puncte=180})
29 Mar 2025 17:53:48,275 TRACE ro.mpp2024.repository.RezultatRepository 32 createEntityFromResultSet - Enter createEntityFromResultSet
29 Mar 2025 17:53:48,275 TRACE ro.mpp2024.utils.JdbcUtils 48 getConnection - Enter
29 Mar 2025 17:53:48,275 TRACE ro.mpp2024.utils.JdbcUtils 57 getConnection - Exit with(org.sqlite.jdbc4.JDBC4Connection@306f16f3)
29 Mar 2025 17:53:48,275 TRACE ro.mpp2024.repository.RezultatRepository 68 createEntityFromResultSet - Exit with(Rezultat{participant=Filip Bianca, proba=Proba{nume='Pedalat 1000 de m', arbitru=0, categorie=ciclism}, numar_puncte=140})
29 Mar 2025 17:53:48,275 TRACE ro.mpp2024.repository.RezultatRepository 32 createEntityFromResultSet - Enter createEntityFromResultSet
29 Mar 2025 17:53:48,275 TRACE ro.mpp2024.utils.JdbcUtils 48 getConnection - Enter
29 Mar 2025 17:53:48,275 TRACE ro.mpp2024.utils.JdbcUtils 57 getConnection - Exit with(org.sqlite.jdbc4.JDBC4Connection@306f16f3)
29 Mar 2025 17:53:48,275 TRACE ro.mpp2024.repository.RezultatRepository 68 createEntityFromResultSet - Exit with(Rezultat{participant=Dobre Adriana, proba=Proba{nume='Inot 50 de m', arbitru=0, categorie=inot}, numar_puncte=165})
29 Mar 2025 17:53:48,275 TRACE ro.mpp2024.repository.RezultatRepository 32 createEntityFromResultSet - Enter createEntityFromResultSet
29 Mar 2025 17:53:48,276 TRACE ro.mpp2024.utils.JdbcUtils 48 getConnection - Enter
29 Mar 2025 17:53:48,276 TRACE ro.mpp2024.utils.JdbcUtils 57 getConnection - Exit with(org.sqlite.jdbc4.JDBC4Connection@306f16f3)
29 Mar 2025 17:53:48,276 TRACE ro.mpp2024.repository.RezultatRepository 68 createEntityFromResultSet - Exit with(Rezultat{participant=Toma Gabriela, proba=Proba{nume='Inot 150 de m', arbitru=0, categorie=inot}, numar_puncte=132})
29 Mar 2025 17:53:48,276 TRACE ro.mpp2024.repository.RezultatRepository 32 createEntityFromResultSet - Enter createEntityFromResultSet
29 Mar 2025 17:53:48,276 TRACE ro.mpp2024.utils.JdbcUtils 48 getConnection - Enter
29 Mar 2025 17:53:48,276 TRACE ro.mpp2024.utils.JdbcUtils 57 getConnection - Exit with(org.sqlite.jdbc4.JDBC4Connection@306f16f3)
29 Mar 2025 17:53:48,276 TRACE ro.mpp2024.repository.RezultatRepository 68 createEntityFromResultSet - Exit with(Rezultat{participant=Petrescu Gabriel, proba=Proba{nume='Inot 250 de m', arbitru=0, categorie=inot}, numar_puncte=188})
29 Mar 2025 17:53:48,276 TRACE ro.mpp2024.repository.RezultatRepository 32 createEntityFromResultSet - Enter createEntityFromResultSet
29 Mar 2025 17:53:48,277 TRACE ro.mpp2024.utils.JdbcUtils 48 getConnection - Enter
29 Mar 2025 17:53:48,277 TRACE ro.mpp2024.utils.JdbcUtils 57 getConnection - Exit with(org.sqlite.jdbc4.JDBC4Connection@306f16f3)
29 Mar 2025 17:53:48,277 TRACE ro.mpp2024.repository.RezultatRepository 68 createEntityFromResultSet - Exit with(Rezultat{participant=Lupu George, proba=Proba{nume='Cursa 100 de m', arbitru=0, categorie=alergat}, numar_puncte=199})
29 Mar 2025 17:53:48,277 TRACE ro.mpp2024.repository.RezultatRepository 32 createEntityFromResultSet - Enter createEntityFromResultSet
29 Mar 2025 17:53:48,277 TRACE ro.mpp2024.utils.JdbcUtils 48 getConnection - Enter
29 Mar 2025 17:53:48,277 TRACE ro.mpp2024.utils.JdbcUtils 57 getConnection - Exit with(org.sqlite.jdbc4.JDBC4Connection@306f16f3)
29 Mar 2025 17:53:48,278 TRACE ro.mpp2024.repository.RezultatRepository 68 createEntityFromResultSet - Exit with(Rezultat{participant=Enache Laura, proba=Proba{nume='Cursa 300 de m', arbitru=0, categorie=alergat}, numar_puncte=175})
29 Mar 2025 17:53:48,278 TRACE ro.mpp2024.repository.RezultatRepository 32 createEntityFromResultSet - Enter createEntityFromResultSet
29 Mar 2025 17:53:48,278 TRACE ro.mpp2024.utils.JdbcUtils 48 getConnection - Enter
29 Mar 2025 17:53:48,278 TRACE ro.mpp2024.utils.JdbcUtils 57 getConnection - Exit with(org.sqlite.jdbc4.JDBC4Connection@306f16f3)
29 Mar 2025 17:53:48,278 TRACE ro.mpp2024.repository.RezultatRepository 68 createEntityFromResultSet - Exit with(Rezultat{participant=Dumitrescu Elena, proba=Proba{nume='Cursa 500 de m', arbitru=0, categorie=alergat}, numar_puncte=143})
29 Mar 2025 17:53:48,278 TRACE ro.mpp2024.repository.RezultatRepository 32 createEntityFromResultSet - Enter createEntityFromResultSet
29 Mar 2025 17:53:48,278 TRACE ro.mpp2024.utils.JdbcUtils 48 getConnection - Enter
29 Mar 2025 17:53:48,278 TRACE ro.mpp2024.utils.JdbcUtils 57 getConnection - Exit with(org.sqlite.jdbc4.JDBC4Connection@306f16f3)
29 Mar 2025 17:53:48,279 TRACE ro.mpp2024.repository.RezultatRepository 68 createEntityFromResultSet - Exit with(Rezultat{participant=Pavel Monica, proba=Proba{nume='Pedalat 400 de m', arbitru=0, categorie=ciclism}, numar_puncte=111})
29 Mar 2025 17:53:48,279 TRACE ro.mpp2024.repository.RezultatRepository 32 createEntityFromResultSet - Enter createEntityFromResultSet
29 Mar 2025 17:53:48,279 TRACE ro.mpp2024.utils.JdbcUtils 48 getConnection - Enter
29 Mar 2025 17:53:48,279 TRACE ro.mpp2024.utils.JdbcUtils 57 getConnection - Exit with(org.sqlite.jdbc4.JDBC4Connection@306f16f3)
29 Mar 2025 17:53:48,279 TRACE ro.mpp2024.repository.RezultatRepository 68 createEntityFromResultSet - Exit with(Rezultat{participant=Nedelcu Alexandra, proba=Proba{nume='Pedalat 800 de m', arbitru=0, categorie=ciclism}, numar_puncte=169})
29 Mar 2025 17:53:48,279 TRACE ro.mpp2024.repository.RezultatRepository 32 createEntityFromResultSet - Enter createEntityFromResultSet
29 Mar 2025 17:53:48,279 TRACE ro.mpp2024.utils.JdbcUtils 48 getConnection - Enter
29 Mar 2025 17:53:48,279 TRACE ro.mpp2024.utils.JdbcUtils 57 getConnection - Exit with(org.sqlite.jdbc4.JDBC4Connection@306f16f3)
29 Mar 2025 17:53:48,280 TRACE ro.mpp2024.repository.RezultatRepository 68 createEntityFromResultSet - Exit with(Rezultat{participant=Gheorghe Vlad, proba=Proba{nume='Pedalat 1200 de m', arbitru=0, categorie=ciclism}, numar_puncte=200})
29 Mar 2025 17:53:48,280 TRACE ro.mpp2024.repository.RezultatRepository 32 createEntityFromResultSet - Enter createEntityFromResultSet
29 Mar 2025 17:53:48,280 TRACE ro.mpp2024.utils.JdbcUtils 48 getConnection - Enter
29 Mar 2025 17:53:48,280 TRACE ro.mpp2024.utils.JdbcUtils 57 getConnection - Exit with(org.sqlite.jdbc4.JDBC4Connection@306f16f3)
29 Mar 2025 17:53:48,280 TRACE ro.mpp2024.repository.RezultatRepository 68 createEntityFromResultSet - Exit with(Rezultat{participant=Dragomir Adrian, proba=Proba{nume='Inot 100 de m', arbitru=0, categorie=inot}, numar_puncte=130})
29 Mar 2025 17:53:48,280 TRACE ro.mpp2024.repository.RezultatRepository 32 createEntityFromResultSet - Enter createEntityFromResultSet
29 Mar 2025 17:53:48,280 TRACE ro.mpp2024.utils.JdbcUtils 48 getConnection - Enter
29 Mar 2025 17:53:48,280 TRACE ro.mpp2024.utils.JdbcUtils 57 getConnection - Exit with(org.sqlite.jdbc4.JDBC4Connection@306f16f3)
29 Mar 2025 17:53:48,281 TRACE ro.mpp2024.repository.RezultatRepository 68 createEntityFromResultSet - Exit with(Rezultat{participant=Lazar Roxana, proba=Proba{nume='Inot 200 de m', arbitru=0, categorie=inot}, numar_puncte=185})
29 Mar 2025 17:53:48,281 TRACE ro.mpp2024.repository.RezultatRepository 32 createEntityFromResultSet - Enter createEntityFromResultSet
29 Mar 2025 17:53:48,281 TRACE ro.mpp2024.utils.JdbcUtils 48 getConnection - Enter
29 Mar 2025 17:53:48,281 TRACE ro.mpp2024.utils.JdbcUtils 57 getConnection - Exit with(org.sqlite.jdbc4.JDBC4Connection@306f16f3)
29 Mar 2025 17:53:48,281 TRACE ro.mpp2024.repository.RezultatRepository 68 createEntityFromResultSet - Exit with(Rezultat{participant=Jianu Oana, proba=Proba{nume='Inot 300 de m', arbitru=0, categorie=inot}, numar_puncte=142})
29 Mar 2025 17:53:48,281 TRACE ro.mpp2024.repository.RezultatRepository 32 createEntityFromResultSet - Enter createEntityFromResultSet
29 Mar 2025 17:53:48,281 TRACE ro.mpp2024.utils.JdbcUtils 48 getConnection - Enter
29 Mar 2025 17:53:48,281 TRACE ro.mpp2024.utils.JdbcUtils 57 getConnection - Exit with(org.sqlite.jdbc4.JDBC4Connection@306f16f3)
29 Mar 2025 17:53:48,282 TRACE ro.mpp2024.repository.RezultatRepository 68 createEntityFromResultSet - Exit with(Rezultat{participant=Hagi Diana, proba=Proba{nume='Cursa 200 de m', arbitru=0, categorie=alergat}, numar_puncte=193})
29 Mar 2025 17:53:48,282 TRACE ro.mpp2024.repository.RezultatRepository 32 createEntityFromResultSet - Enter createEntityFromResultSet
29 Mar 2025 17:53:48,282 TRACE ro.mpp2024.utils.JdbcUtils 48 getConnection - Enter
29 Mar 2025 17:53:48,282 TRACE ro.mpp2024.utils.JdbcUtils 57 getConnection - Exit with(org.sqlite.jdbc4.JDBC4Connection@306f16f3)
29 Mar 2025 17:53:48,282 TRACE ro.mpp2024.repository.RezultatRepository 68 createEntityFromResultSet - Exit with(Rezultat{participant=Ursu Mihail, proba=Proba{nume='Cursa 400 de m', arbitru=0, categorie=alergat}, numar_puncte=155})
29 Mar 2025 17:53:48,283 TRACE ro.mpp2024.repository.RezultatRepository 32 createEntityFromResultSet - Enter createEntityFromResultSet
29 Mar 2025 17:53:48,283 TRACE ro.mpp2024.utils.JdbcUtils 48 getConnection - Enter
29 Mar 2025 17:53:48,283 TRACE ro.mpp2024.utils.JdbcUtils 57 getConnection - Exit with(org.sqlite.jdbc4.JDBC4Connection@306f16f3)
29 Mar 2025 17:53:48,283 TRACE ro.mpp2024.repository.RezultatRepository 68 createEntityFromResultSet - Exit with(Rezultat{participant=Vlad Anca, proba=Proba{nume='Cursa 600 de m', arbitru=0, categorie=alergat}, numar_puncte=128})
29 Mar 2025 17:53:48,283 TRACE ro.mpp2024.repository.RezultatRepository 32 createEntityFromResultSet - Enter createEntityFromResultSet
29 Mar 2025 17:53:48,283 TRACE ro.mpp2024.utils.JdbcUtils 48 getConnection - Enter
29 Mar 2025 17:53:48,283 TRACE ro.mpp2024.utils.JdbcUtils 57 getConnection - Exit with(org.sqlite.jdbc4.JDBC4Connection@306f16f3)
29 Mar 2025 17:53:48,283 TRACE ro.mpp2024.repository.RezultatRepository 68 createEntityFromResultSet - Exit with(Rezultat{participant=Zamfir Lucian, proba=Proba{nume='Pedalat 200 de m', arbitru=0, categorie=ciclism}, numar_puncte=177})
29 Mar 2025 17:53:48,284 TRACE ro.mpp2024.repository.RezultatRepository 32 createEntityFromResultSet - Enter createEntityFromResultSet
29 Mar 2025 17:53:48,284 TRACE ro.mpp2024.utils.JdbcUtils 48 getConnection - Enter
29 Mar 2025 17:53:48,284 TRACE ro.mpp2024.utils.JdbcUtils 57 getConnection - Exit with(org.sqlite.jdbc4.JDBC4Connection@306f16f3)
29 Mar 2025 17:53:48,284 TRACE ro.mpp2024.repository.RezultatRepository 68 createEntityFromResultSet - Exit with(Rezultat{participant=Sandu Victor, proba=Proba{nume='Pedalat 600 de m', arbitru=0, categorie=ciclism}, numar_puncte=115})
29 Mar 2025 17:53:48,284 TRACE ro.mpp2024.repository.RezultatRepository 32 createEntityFromResultSet - Enter createEntityFromResultSet
29 Mar 2025 17:53:48,284 TRACE ro.mpp2024.utils.JdbcUtils 48 getConnection - Enter
29 Mar 2025 17:53:48,284 TRACE ro.mpp2024.utils.JdbcUtils 57 getConnection - Exit with(org.sqlite.jdbc4.JDBC4Connection@306f16f3)
29 Mar 2025 17:53:48,284 TRACE ro.mpp2024.repository.RezultatRepository 68 createEntityFromResultSet - Exit with(Rezultat{participant=Voicu Raluca, proba=Proba{nume='Pedalat 1000 de m', arbitru=0, categorie=ciclism}, numar_puncte=190})
29 Mar 2025 17:53:48,284 TRACE ro.mpp2024.repository.RezultatRepository 32 createEntityFromResultSet - Enter createEntityFromResultSet
29 Mar 2025 17:53:48,284 TRACE ro.mpp2024.utils.JdbcUtils 48 getConnection - Enter
29 Mar 2025 17:53:48,285 TRACE ro.mpp2024.utils.JdbcUtils 57 getConnection - Exit with(org.sqlite.jdbc4.JDBC4Connection@306f16f3)
29 Mar 2025 17:53:48,285 TRACE ro.mpp2024.repository.RezultatRepository 68 createEntityFromResultSet - Exit with(Rezultat{participant=Popescu Ion, proba=Proba{nume='Inot 50 de m', arbitru=0, categorie=inot}, numar_puncte=148})
29 Mar 2025 17:53:48,285 TRACE ro.mpp2024.repository.RezultatRepository 32 createEntityFromResultSet - Enter createEntityFromResultSet
29 Mar 2025 17:53:48,285 TRACE ro.mpp2024.utils.JdbcUtils 48 getConnection - Enter
29 Mar 2025 17:53:48,285 TRACE ro.mpp2024.utils.JdbcUtils 57 getConnection - Exit with(org.sqlite.jdbc4.JDBC4Connection@306f16f3)
29 Mar 2025 17:53:48,285 TRACE ro.mpp2024.repository.RezultatRepository 68 createEntityFromResultSet - Exit with(Rezultat{participant=Radu Cristian, proba=Proba{nume='Inot 150 de m', arbitru=0, categorie=inot}, numar_puncte=136})
29 Mar 2025 17:53:48,286 TRACE ro.mpp2024.repository.RezultatRepository 32 createEntityFromResultSet - Enter createEntityFromResultSet
29 Mar 2025 17:53:48,286 TRACE ro.mpp2024.utils.JdbcUtils 48 getConnection - Enter
29 Mar 2025 17:53:48,286 TRACE ro.mpp2024.utils.JdbcUtils 57 getConnection - Exit with(org.sqlite.jdbc4.JDBC4Connection@306f16f3)
29 Mar 2025 17:53:48,286 TRACE ro.mpp2024.repository.RezultatRepository 68 createEntityFromResultSet - Exit with(Rezultat{participant=Popa Mihai, proba=Proba{nume='Inot 250 de m', arbitru=0, categorie=inot}, numar_puncte=184})
29 Mar 2025 17:53:48,286 TRACE ro.mpp2024.repository.RezultatRepository 32 createEntityFromResultSet - Enter createEntityFromResultSet
29 Mar 2025 17:53:48,286 TRACE ro.mpp2024.utils.JdbcUtils 48 getConnection - Enter
29 Mar 2025 17:53:48,286 TRACE ro.mpp2024.utils.JdbcUtils 57 getConnection - Exit with(org.sqlite.jdbc4.JDBC4Connection@306f16f3)
29 Mar 2025 17:53:48,286 TRACE ro.mpp2024.repository.RezultatRepository 68 createEntityFromResultSet - Exit with(Rezultat{participant=Vasilescu Florin, proba=Proba{nume='Cursa 100 de m', arbitru=0, categorie=alergat}, numar_puncte=198})
29 Mar 2025 17:53:48,286 TRACE ro.mpp2024.repository.RezultatRepository 32 createEntityFromResultSet - Enter createEntityFromResultSet
29 Mar 2025 17:53:48,287 TRACE ro.mpp2024.utils.JdbcUtils 48 getConnection - Enter
29 Mar 2025 17:53:48,287 TRACE ro.mpp2024.utils.JdbcUtils 57 getConnection - Exit with(org.sqlite.jdbc4.JDBC4Connection@306f16f3)
29 Mar 2025 17:53:48,287 TRACE ro.mpp2024.repository.RezultatRepository 68 createEntityFromResultSet - Exit with(Rezultat{participant=Iliescu Daniela, proba=Proba{nume='Cursa 300 de m', arbitru=0, categorie=alergat}, numar_puncte=125})
29 Mar 2025 17:53:48,287 TRACE ro.mpp2024.repository.RezultatRepository 32 createEntityFromResultSet - Enter createEntityFromResultSet
29 Mar 2025 17:53:48,287 TRACE ro.mpp2024.utils.JdbcUtils 48 getConnection - Enter
29 Mar 2025 17:53:48,287 TRACE ro.mpp2024.utils.JdbcUtils 57 getConnection - Exit with(org.sqlite.jdbc4.JDBC4Connection@306f16f3)
29 Mar 2025 17:53:48,288 TRACE ro.mpp2024.repository.RezultatRepository 68 createEntityFromResultSet - Exit with(Rezultat{participant=Oprea Bogdan, proba=Proba{nume='Cursa 500 de m', arbitru=0, categorie=alergat}, numar_puncte=110})
29 Mar 2025 17:53:48,288 TRACE ro.mpp2024.repository.RezultatRepository 32 createEntityFromResultSet - Enter createEntityFromResultSet
29 Mar 2025 17:53:48,288 TRACE ro.mpp2024.utils.JdbcUtils 48 getConnection - Enter
29 Mar 2025 17:53:48,288 TRACE ro.mpp2024.utils.JdbcUtils 57 getConnection - Exit with(org.sqlite.jdbc4.JDBC4Connection@306f16f3)
29 Mar 2025 17:53:48,288 TRACE ro.mpp2024.repository.RezultatRepository 68 createEntityFromResultSet - Exit with(Rezultat{participant=Filip Bianca, proba=Proba{nume='Pedalat 400 de m', arbitru=0, categorie=ciclism}, numar_puncte=167})
29 Mar 2025 17:53:48,288 TRACE ro.mpp2024.repository.RezultatRepository 32 createEntityFromResultSet - Enter createEntityFromResultSet
29 Mar 2025 17:53:48,288 TRACE ro.mpp2024.utils.JdbcUtils 48 getConnection - Enter
29 Mar 2025 17:53:48,288 TRACE ro.mpp2024.utils.JdbcUtils 57 getConnection - Exit with(org.sqlite.jdbc4.JDBC4Connection@306f16f3)
29 Mar 2025 17:53:48,289 TRACE ro.mpp2024.repository.RezultatRepository 68 createEntityFromResultSet - Exit with(Rezultat{participant=Tudor Alexandru, proba=Proba{nume='Pedalat 800 de m', arbitru=0, categorie=ciclism}, numar_puncte=138})
29 Mar 2025 17:53:48,289 TRACE ro.mpp2024.repository.RezultatRepository 32 createEntityFromResultSet - Enter createEntityFromResultSet
29 Mar 2025 17:53:48,289 TRACE ro.mpp2024.utils.JdbcUtils 48 getConnection - Enter
29 Mar 2025 17:53:48,289 TRACE ro.mpp2024.utils.JdbcUtils 57 getConnection - Exit with(org.sqlite.jdbc4.JDBC4Connection@306f16f3)
29 Mar 2025 17:53:48,289 TRACE ro.mpp2024.repository.RezultatRepository 68 createEntityFromResultSet - Exit with(Rezultat{participant=Munteanu Sorin, proba=Proba{nume='Pedalat 1200 de m', arbitru=0, categorie=ciclism}, numar_puncte=157})
29 Mar 2025 17:53:48,289 TRACE ro.mpp2024.repository.RezultatRepository 32 createEntityFromResultSet - Enter createEntityFromResultSet
29 Mar 2025 17:53:48,289 TRACE ro.mpp2024.utils.JdbcUtils 48 getConnection - Enter
29 Mar 2025 17:53:48,289 TRACE ro.mpp2024.utils.JdbcUtils 57 getConnection - Exit with(org.sqlite.jdbc4.JDBC4Connection@306f16f3)
29 Mar 2025 17:53:48,289 TRACE ro.mpp2024.repository.RezultatRepository 68 createEntityFromResultSet - Exit with(Rezultat{participant=Rusu Andreea, proba=Proba{nume='Inot 100 de m', arbitru=0, categorie=inot}, numar_puncte=192})
29 Mar 2025 17:53:48,289 TRACE ro.mpp2024.repository.RezultatRepository 32 createEntityFromResultSet - Enter createEntityFromResultSet
29 Mar 2025 17:53:48,289 TRACE ro.mpp2024.utils.JdbcUtils 48 getConnection - Enter
29 Mar 2025 17:53:48,290 TRACE ro.mpp2024.utils.JdbcUtils 57 getConnection - Exit with(org.sqlite.jdbc4.JDBC4Connection@306f16f3)
29 Mar 2025 17:53:48,290 TRACE ro.mpp2024.repository.RezultatRepository 68 createEntityFromResultSet - Exit with(Rezultat{participant=nume prenume, proba=Proba{nume='nume', arbitru=0, categorie=ciclism}, numar_puncte=100})
29 Mar 2025 17:53:48,290 TRACE ro.mpp2024.repository.RezultatRepository 32 createEntityFromResultSet - Enter createEntityFromResultSet
29 Mar 2025 17:53:48,290 TRACE ro.mpp2024.utils.JdbcUtils 48 getConnection - Enter
29 Mar 2025 17:53:48,290 TRACE ro.mpp2024.utils.JdbcUtils 57 getConnection - Exit with(org.sqlite.jdbc4.JDBC4Connection@306f16f3)
29 Mar 2025 17:53:48,290 TRACE ro.mpp2024.repository.RezultatRepository 68 createEntityFromResultSet - Exit with(Rezultat{participant=nume prenume, proba=Proba{nume='nume', arbitru=0, categorie=ciclism}, numar_puncte=100})
29 Mar 2025 17:53:48,290 TRACE ro.mpp2024.repository.RezultatRepository 32 createEntityFromResultSet - Enter createEntityFromResultSet
29 Mar 2025 17:53:48,290 TRACE ro.mpp2024.utils.JdbcUtils 48 getConnection - Enter
29 Mar 2025 17:53:48,290 TRACE ro.mpp2024.utils.JdbcUtils 57 getConnection - Exit with(org.sqlite.jdbc4.JDBC4Connection@306f16f3)
29 Mar 2025 17:53:48,291 TRACE ro.mpp2024.repository.RezultatRepository 68 createEntityFromResultSet - Exit with(Rezultat{participant=nume prenume, proba=Proba{nume='nume', arbitru=0, categorie=ciclism}, numar_puncte=100})
29 Mar 2025 17:53:48,291 TRACE ro.mpp2024.repository.RezultatRepository 89 findAll - Exit with([Rezultat{participant=Popescu Ion, proba=Proba{nume='Pedalat 200 de m', arbitru=0, categorie=ciclism}, numar_puncte=10}, Rezultat{participant=Stan Ioana, proba=Proba{nume='Pedalat 200 de m', arbitru=0, categorie=ciclism}, numar_puncte=152}, Rezultat{participant=Popa Mihai, proba=Proba{nume='Pedalat 400 de m', arbitru=0, categorie=ciclism}, numar_puncte=98}, Rezultat{participant=Vasilescu Florin, proba=Proba{nume='Pedalat 600 de m', arbitru=0, categorie=ciclism}, numar_puncte=174}, Rezultat{participant=Radu Cristian, proba=Proba{nume='Pedalat 800 de m', arbitru=0, categorie=ciclism}, numar_puncte=120}, Rezultat{participant=Grigore Stefan, proba=Proba{nume='Pedalat 1000 de m', arbitru=0, categorie=ciclism}, numar_puncte=145}, Rezultat{participant=Nistor Carmen, proba=Proba{nume='Pedalat 1200 de m', arbitru=0, categorie=ciclism}, numar_puncte=189}, Rezultat{participant=Marin Ana, proba=Proba{nume='Inot 50 de m', arbitru=0, categorie=inot}, numar_puncte=134}, Rezultat{participant=Constantin Marius, proba=Proba{nume='Inot 100 de m', arbitru=0, categorie=inot}, numar_puncte=178}, Rezultat{participant=Ionescu Maria, proba=Proba{nume='Inot 150 de m', arbitru=0, categorie=inot}, numar_puncte=156}, Rezultat{participant=Rusu Andreea, proba=Proba{nume='Inot 200 de m', arbitru=0, categorie=inot}, numar_puncte=121}, Rezultat{participant=Kovacs Cristina, proba=Proba{nume='Inot 250 de m', arbitru=0, categorie=inot}, numar_puncte=199}, Rezultat{participant=Munteanu Sorin, proba=Proba{nume='Inot 300 de m', arbitru=0, categorie=inot}, numar_puncte=144}, Rezultat{participant=Iliescu Daniela, proba=Proba{nume='Cursa 100 de m', arbitru=0, categorie=alergat}, numar_puncte=185}, Rezultat{participant=Georgescu Andrei, proba=Proba{nume='Cursa 200 de m', arbitru=0, categorie=alergat}, numar_puncte=102}, Rezultat{participant=Oprea Bogdan, proba=Proba{nume='Cursa 300 de m', arbitru=0, categorie=alergat}, numar_puncte=172}, Rezultat{participant=Stan Ioana, proba=Proba{nume='Cursa 400 de m', arbitru=0, categorie=alergat}, numar_puncte=137}, Rezultat{participant=Iacob Radu, proba=Proba{nume='Cursa 500 de m', arbitru=0, categorie=alergat}, numar_puncte=195}, Rezultat{participant=Manole Simona, proba=Proba{nume='Cursa 600 de m', arbitru=0, categorie=alergat}, numar_puncte=117}, Rezultat{participant=Tudor Alexandru, proba=Proba{nume='Pedalat 200 de m', arbitru=0, categorie=ciclism}, numar_puncte=150}, Rezultat{participant=Barbu Irina, proba=Proba{nume='Pedalat 600 de m', arbitru=0, categorie=ciclism}, numar_puncte=180}, Rezultat{participant=Filip Bianca, proba=Proba{nume='Pedalat 1000 de m', arbitru=0, categorie=ciclism}, numar_puncte=140}, Rezultat{participant=Dobre Adriana, proba=Proba{nume='Inot 50 de m', arbitru=0, categorie=inot}, numar_puncte=165}, Rezultat{participant=Toma Gabriela, proba=Proba{nume='Inot 150 de m', arbitru=0, categorie=inot}, numar_puncte=132}, Rezultat{participant=Petrescu Gabriel, proba=Proba{nume='Inot 250 de m', arbitru=0, categorie=inot}, numar_puncte=188}, Rezultat{participant=Lupu George, proba=Proba{nume='Cursa 100 de m', arbitru=0, categorie=alergat}, numar_puncte=199}, Rezultat{participant=Enache Laura, proba=Proba{nume='Cursa 300 de m', arbitru=0, categorie=alergat}, numar_puncte=175}, Rezultat{participant=Dumitrescu Elena, proba=Proba{nume='Cursa 500 de m', arbitru=0, categorie=alergat}, numar_puncte=143}, Rezultat{participant=Pavel Monica, proba=Proba{nume='Pedalat 400 de m', arbitru=0, categorie=ciclism}, numar_puncte=111}, Rezultat{participant=Nedelcu Alexandra, proba=Proba{nume='Pedalat 800 de m', arbitru=0, categorie=ciclism}, numar_puncte=169}, Rezultat{participant=Gheorghe Vlad, proba=Proba{nume='Pedalat 1200 de m', arbitru=0, categorie=ciclism}, numar_puncte=200}, Rezultat{participant=Dragomir Adrian, proba=Proba{nume='Inot 100 de m', arbitru=0, categorie=inot}, numar_puncte=130}, Rezultat{participant=Lazar Roxana, proba=Proba{nume='Inot 200 de m', arbitru=0, categorie=inot}, numar_puncte=185}, Rezultat{participant=Jianu Oana, proba=Proba{nume='Inot 300 de m', arbitru=0, categorie=inot}, numar_puncte=142}, Rezultat{participant=Hagi Diana, proba=Proba{nume='Cursa 200 de m', arbitru=0, categorie=alergat}, numar_puncte=193}, Rezultat{participant=Ursu Mihail, proba=Proba{nume='Cursa 400 de m', arbitru=0, categorie=alergat}, numar_puncte=155}, Rezultat{participant=Vlad Anca, proba=Proba{nume='Cursa 600 de m', arbitru=0, categorie=alergat}, numar_puncte=128}, Rezultat{participant=Zamfir Lucian, proba=Proba{nume='Pedalat 200 de m', arbitru=0, categorie=ciclism}, numar_puncte=177}, Rezultat{participant=Sandu Victor, proba=Proba{nume='Pedalat 600 de m', arbitru=0, categorie=ciclism}, numar_puncte=115}, Rezultat{participant=Voicu Raluca, proba=Proba{nume='Pedalat 1000 de m', arbitru=0, categorie=ciclism}, numar_puncte=190}, Rezultat{participant=Popescu Ion, proba=Proba{nume='Inot 50 de m', arbitru=0, categorie=inot}, numar_puncte=148}, Rezultat{participant=Radu Cristian, proba=Proba{nume='Inot 150 de m', arbitru=0, categorie=inot}, numar_puncte=136}, Rezultat{participant=Popa Mihai, proba=Proba{nume='Inot 250 de m', arbitru=0, categorie=inot}, numar_puncte=184}, Rezultat{participant=Vasilescu Florin, proba=Proba{nume='Cursa 100 de m', arbitru=0, categorie=alergat}, numar_puncte=198}, Rezultat{participant=Iliescu Daniela, proba=Proba{nume='Cursa 300 de m', arbitru=0, categorie=alergat}, numar_puncte=125}, Rezultat{participant=Oprea Bogdan, proba=Proba{nume='Cursa 500 de m', arbitru=0, categorie=alergat}, numar_puncte=110}, Rezultat{participant=Filip Bianca, proba=Proba{nume='Pedalat 400 de m', arbitru=0, categorie=ciclism}, numar_puncte=167}, Rezultat{participant=Tudor Alexandru, proba=Proba{nume='Pedalat 800 de m', arbitru=0, categorie=ciclism}, numar_puncte=138}, Rezultat{participant=Munteanu Sorin, proba=Proba{nume='Pedalat 1200 de m', arbitru=0, categorie=ciclism}, numar_puncte=157}, Rezultat{participant=Rusu Andreea, proba=Proba{nume='Inot 100 de m', arbitru=0, categorie=inot}, numar_puncte=192}, Rezultat{participant=nume prenume, proba=Proba{nume='nume', arbitru=0, categorie=ciclism}, numar_puncte=100}, Rezultat{participant=nume prenume, proba=Proba{nume='nume', arbitru=0, categorie=ciclism}, numar_puncte=100}, Rezultat{participant=nume prenume, proba=Proba{nume='nume', arbitru=0, categorie=ciclism}, numar_puncte=100}])
29 Mar 2025 17:53:48,294 TRACE ro.mpp2024.repository.RezultatRepository 157 listaParticipantiPuncteAlfabetic - Enter Terminat dictionar
29 Mar 2025 17:53:48,295 TRACE ro.mpp2024.repository.RezultatRepository 163 listaParticiapntPuncteProbaDescrescator - Enter listaParticiapntPuncteProbaDescrescator
29 Mar 2025 17:53:48,295 TRACE ro.mpp2024.repository.RezultatRepository 75 findAll - Enter
29 Mar 2025 17:53:48,295 TRACE ro.mpp2024.utils.JdbcUtils 48 getConnection - Enter
29 Mar 2025 17:53:48,295 TRACE ro.mpp2024.utils.JdbcUtils 57 getConnection - Exit with(org.sqlite.jdbc4.JDBC4Connection@306f16f3)
29 Mar 2025 17:53:48,296 TRACE ro.mpp2024.repository.RezultatRepository 32 createEntityFromResultSet - Enter createEntityFromResultSet
29 Mar 2025 17:53:48,296 TRACE ro.mpp2024.utils.JdbcUtils 48 getConnection - Enter
29 Mar 2025 17:53:48,296 TRACE ro.mpp2024.utils.JdbcUtils 57 getConnection - Exit with(org.sqlite.jdbc4.JDBC4Connection@306f16f3)
29 Mar 2025 17:53:48,296 TRACE ro.mpp2024.repository.RezultatRepository 68 createEntityFromResultSet - Exit with(Rezultat{participant=Popescu Ion, proba=Proba{nume='Pedalat 200 de m', arbitru=0, categorie=ciclism}, numar_puncte=10})
29 Mar 2025 17:53:48,296 TRACE ro.mpp2024.repository.RezultatRepository 32 createEntityFromResultSet - Enter createEntityFromResultSet
29 Mar 2025 17:53:48,296 TRACE ro.mpp2024.utils.JdbcUtils 48 getConnection - Enter
29 Mar 2025 17:53:48,296 TRACE ro.mpp2024.utils.JdbcUtils 57 getConnection - Exit with(org.sqlite.jdbc4.JDBC4Connection@306f16f3)
29 Mar 2025 17:53:48,297 TRACE ro.mpp2024.repository.RezultatRepository 68 createEntityFromResultSet - Exit with(Rezultat{participant=Stan Ioana, proba=Proba{nume='Pedalat 200 de m', arbitru=0, categorie=ciclism}, numar_puncte=152})
29 Mar 2025 17:53:48,297 TRACE ro.mpp2024.repository.RezultatRepository 32 createEntityFromResultSet - Enter createEntityFromResultSet
29 Mar 2025 17:53:48,297 TRACE ro.mpp2024.utils.JdbcUtils 48 getConnection - Enter
29 Mar 2025 17:53:48,297 TRACE ro.mpp2024.utils.JdbcUtils 57 getConnection - Exit with(org.sqlite.jdbc4.JDBC4Connection@306f16f3)
29 Mar 2025 17:53:48,297 TRACE ro.mpp2024.repository.RezultatRepository 68 createEntityFromResultSet - Exit with(Rezultat{participant=Popa Mihai, proba=Proba{nume='Pedalat 400 de m', arbitru=0, categorie=ciclism}, numar_puncte=98})
29 Mar 2025 17:53:48,297 TRACE ro.mpp2024.repository.RezultatRepository 32 createEntityFromResultSet - Enter createEntityFromResultSet
29 Mar 2025 17:53:48,297 TRACE ro.mpp2024.utils.JdbcUtils 48 getConnection - Enter
29 Mar 2025 17:53:48,297 TRACE ro.mpp2024.utils.JdbcUtils 57 getConnection - Exit with(org.sqlite.jdbc4.JDBC4Connection@306f16f3)
29 Mar 2025 17:53:48,297 TRACE ro.mpp2024.repository.RezultatRepository 68 createEntityFromResultSet - Exit with(Rezultat{participant=Vasilescu Florin, proba=Proba{nume='Pedalat 600 de m', arbitru=0, categorie=ciclism}, numar_puncte=174})
29 Mar 2025 17:53:48,298 TRACE ro.mpp2024.repository.RezultatRepository 32 createEntityFromResultSet - Enter createEntityFromResultSet
29 Mar 2025 17:53:48,298 TRACE ro.mpp2024.utils.JdbcUtils 48 getConnection - Enter
29 Mar 2025 17:53:48,298 TRACE ro.mpp2024.utils.JdbcUtils 57 getConnection - Exit with(org.sqlite.jdbc4.JDBC4Connection@306f16f3)
29 Mar 2025 17:53:48,298 TRACE ro.mpp2024.repository.RezultatRepository 68 createEntityFromResultSet - Exit with(Rezultat{participant=Radu Cristian, proba=Proba{nume='Pedalat 800 de m', arbitru=0, categorie=ciclism}, numar_puncte=120})
29 Mar 2025 17:53:48,298 TRACE ro.mpp2024.repository.RezultatRepository 32 createEntityFromResultSet - Enter createEntityFromResultSet
29 Mar 2025 17:53:48,298 TRACE ro.mpp2024.utils.JdbcUtils 48 getConnection - Enter
29 Mar 2025 17:53:48,298 TRACE ro.mpp2024.utils.JdbcUtils 57 getConnection - Exit with(org.sqlite.jdbc4.JDBC4Connection@306f16f3)
29 Mar 2025 17:53:48,298 TRACE ro.mpp2024.repository.RezultatRepository 68 createEntityFromResultSet - Exit with(Rezultat{participant=Grigore Stefan, proba=Proba{nume='Pedalat 1000 de m', arbitru=0, categorie=ciclism}, numar_puncte=145})
29 Mar 2025 17:53:48,298 TRACE ro.mpp2024.repository.RezultatRepository 32 createEntityFromResultSet - Enter createEntityFromResultSet
29 Mar 2025 17:53:48,298 TRACE ro.mpp2024.utils.JdbcUtils 48 getConnection - Enter
29 Mar 2025 17:53:48,299 TRACE ro.mpp2024.utils.JdbcUtils 57 getConnection - Exit with(org.sqlite.jdbc4.JDBC4Connection@306f16f3)
29 Mar 2025 17:53:48,299 TRACE ro.mpp2024.repository.RezultatRepository 68 createEntityFromResultSet - Exit with(Rezultat{participant=Nistor Carmen, proba=Proba{nume='Pedalat 1200 de m', arbitru=0, categorie=ciclism}, numar_puncte=189})
29 Mar 2025 17:53:48,299 TRACE ro.mpp2024.repository.RezultatRepository 32 createEntityFromResultSet - Enter createEntityFromResultSet
29 Mar 2025 17:53:48,299 TRACE ro.mpp2024.utils.JdbcUtils 48 getConnection - Enter
29 Mar 2025 17:53:48,299 TRACE ro.mpp2024.utils.JdbcUtils 57 getConnection - Exit with(org.sqlite.jdbc4.JDBC4Connection@306f16f3)
29 Mar 2025 17:53:48,299 TRACE ro.mpp2024.repository.RezultatRepository 68 createEntityFromResultSet - Exit with(Rezultat{participant=Marin Ana, proba=Proba{nume='Inot 50 de m', arbitru=0, categorie=inot}, numar_puncte=134})
29 Mar 2025 17:53:48,299 TRACE ro.mpp2024.repository.RezultatRepository 32 createEntityFromResultSet - Enter createEntityFromResultSet
29 Mar 2025 17:53:48,300 TRACE ro.mpp2024.utils.JdbcUtils 48 getConnection - Enter
29 Mar 2025 17:53:48,300 TRACE ro.mpp2024.utils.JdbcUtils 57 getConnection - Exit with(org.sqlite.jdbc4.JDBC4Connection@306f16f3)
29 Mar 2025 17:53:48,300 TRACE ro.mpp2024.repository.RezultatRepository 68 createEntityFromResultSet - Exit with(Rezultat{participant=Constantin Marius, proba=Proba{nume='Inot 100 de m', arbitru=0, categorie=inot}, numar_puncte=178})
29 Mar 2025 17:53:48,300 TRACE ro.mpp2024.repository.RezultatRepository 32 createEntityFromResultSet - Enter createEntityFromResultSet
29 Mar 2025 17:53:48,300 TRACE ro.mpp2024.utils.JdbcUtils 48 getConnection - Enter
29 Mar 2025 17:53:48,300 TRACE ro.mpp2024.utils.JdbcUtils 57 getConnection - Exit with(org.sqlite.jdbc4.JDBC4Connection@306f16f3)
29 Mar 2025 17:53:48,300 TRACE ro.mpp2024.repository.RezultatRepository 68 createEntityFromResultSet - Exit with(Rezultat{participant=Ionescu Maria, proba=Proba{nume='Inot 150 de m', arbitru=0, categorie=inot}, numar_puncte=156})
29 Mar 2025 17:53:48,300 TRACE ro.mpp2024.repository.RezultatRepository 32 createEntityFromResultSet - Enter createEntityFromResultSet
29 Mar 2025 17:53:48,300 TRACE ro.mpp2024.utils.JdbcUtils 48 getConnection - Enter
29 Mar 2025 17:53:48,300 TRACE ro.mpp2024.utils.JdbcUtils 57 getConnection - Exit with(org.sqlite.jdbc4.JDBC4Connection@306f16f3)
29 Mar 2025 17:53:48,301 TRACE ro.mpp2024.repository.RezultatRepository 68 createEntityFromResultSet - Exit with(Rezultat{participant=Rusu Andreea, proba=Proba{nume='Inot 200 de m', arbitru=0, categorie=inot}, numar_puncte=121})
29 Mar 2025 17:53:48,301 TRACE ro.mpp2024.repository.RezultatRepository 32 createEntityFromResultSet - Enter createEntityFromResultSet
29 Mar 2025 17:53:48,301 TRACE ro.mpp2024.utils.JdbcUtils 48 getConnection - Enter
29 Mar 2025 17:53:48,301 TRACE ro.mpp2024.utils.JdbcUtils 57 getConnection - Exit with(org.sqlite.jdbc4.JDBC4Connection@306f16f3)
29 Mar 2025 17:53:48,301 TRACE ro.mpp2024.repository.RezultatRepository 68 createEntityFromResultSet - Exit with(Rezultat{participant=Kovacs Cristina, proba=Proba{nume='Inot 250 de m', arbitru=0, categorie=inot}, numar_puncte=199})
29 Mar 2025 17:53:48,301 TRACE ro.mpp2024.repository.RezultatRepository 32 createEntityFromResultSet - Enter createEntityFromResultSet
29 Mar 2025 17:53:48,301 TRACE ro.mpp2024.utils.JdbcUtils 48 getConnection - Enter
29 Mar 2025 17:53:48,302 TRACE ro.mpp2024.utils.JdbcUtils 57 getConnection - Exit with(org.sqlite.jdbc4.JDBC4Connection@306f16f3)
29 Mar 2025 17:53:48,302 TRACE ro.mpp2024.repository.RezultatRepository 68 createEntityFromResultSet - Exit with(Rezultat{participant=Munteanu Sorin, proba=Proba{nume='Inot 300 de m', arbitru=0, categorie=inot}, numar_puncte=144})
29 Mar 2025 17:53:48,302 TRACE ro.mpp2024.repository.RezultatRepository 32 createEntityFromResultSet - Enter createEntityFromResultSet
29 Mar 2025 17:53:48,302 TRACE ro.mpp2024.utils.JdbcUtils 48 getConnection - Enter
29 Mar 2025 17:53:48,302 TRACE ro.mpp2024.utils.JdbcUtils 57 getConnection - Exit with(org.sqlite.jdbc4.JDBC4Connection@306f16f3)
29 Mar 2025 17:53:48,302 TRACE ro.mpp2024.repository.RezultatRepository 68 createEntityFromResultSet - Exit with(Rezultat{participant=Iliescu Daniela, proba=Proba{nume='Cursa 100 de m', arbitru=0, categorie=alergat}, numar_puncte=185})
29 Mar 2025 17:53:48,302 TRACE ro.mpp2024.repository.RezultatRepository 32 createEntityFromResultSet - Enter createEntityFromResultSet
29 Mar 2025 17:53:48,302 TRACE ro.mpp2024.utils.JdbcUtils 48 getConnection - Enter
29 Mar 2025 17:53:48,303 TRACE ro.mpp2024.utils.JdbcUtils 57 getConnection - Exit with(org.sqlite.jdbc4.JDBC4Connection@306f16f3)
29 Mar 2025 17:53:48,303 TRACE ro.mpp2024.repository.RezultatRepository 68 createEntityFromResultSet - Exit with(Rezultat{participant=Georgescu Andrei, proba=Proba{nume='Cursa 200 de m', arbitru=0, categorie=alergat}, numar_puncte=102})
29 Mar 2025 17:53:48,303 TRACE ro.mpp2024.repository.RezultatRepository 32 createEntityFromResultSet - Enter createEntityFromResultSet
29 Mar 2025 17:53:48,303 TRACE ro.mpp2024.utils.JdbcUtils 48 getConnection - Enter
29 Mar 2025 17:53:48,303 TRACE ro.mpp2024.utils.JdbcUtils 57 getConnection - Exit with(org.sqlite.jdbc4.JDBC4Connection@306f16f3)
29 Mar 2025 17:53:48,303 TRACE ro.mpp2024.repository.RezultatRepository 68 createEntityFromResultSet - Exit with(Rezultat{participant=Oprea Bogdan, proba=Proba{nume='Cursa 300 de m', arbitru=0, categorie=alergat}, numar_puncte=172})
29 Mar 2025 17:53:48,303 TRACE ro.mpp2024.repository.RezultatRepository 32 createEntityFromResultSet - Enter createEntityFromResultSet
29 Mar 2025 17:53:48,303 TRACE ro.mpp2024.utils.JdbcUtils 48 getConnection - Enter
29 Mar 2025 17:53:48,304 TRACE ro.mpp2024.utils.JdbcUtils 57 getConnection - Exit with(org.sqlite.jdbc4.JDBC4Connection@306f16f3)
29 Mar 2025 17:53:48,304 TRACE ro.mpp2024.repository.RezultatRepository 68 createEntityFromResultSet - Exit with(Rezultat{participant=Stan Ioana, proba=Proba{nume='Cursa 400 de m', arbitru=0, categorie=alergat}, numar_puncte=137})
29 Mar 2025 17:53:48,304 TRACE ro.mpp2024.repository.RezultatRepository 32 createEntityFromResultSet - Enter createEntityFromResultSet
29 Mar 2025 17:53:48,304 TRACE ro.mpp2024.utils.JdbcUtils 48 getConnection - Enter
29 Mar 2025 17:53:48,304 TRACE ro.mpp2024.utils.JdbcUtils 57 getConnection - Exit with(org.sqlite.jdbc4.JDBC4Connection@306f16f3)
29 Mar 2025 17:53:48,304 TRACE ro.mpp2024.repository.RezultatRepository 68 createEntityFromResultSet - Exit with(Rezultat{participant=Iacob Radu, proba=Proba{nume='Cursa 500 de m', arbitru=0, categorie=alergat}, numar_puncte=195})
29 Mar 2025 17:53:48,304 TRACE ro.mpp2024.repository.RezultatRepository 32 createEntityFromResultSet - Enter createEntityFromResultSet
29 Mar 2025 17:53:48,304 TRACE ro.mpp2024.utils.JdbcUtils 48 getConnection - Enter
29 Mar 2025 17:53:48,304 TRACE ro.mpp2024.utils.JdbcUtils 57 getConnection - Exit with(org.sqlite.jdbc4.JDBC4Connection@306f16f3)
29 Mar 2025 17:53:48,304 TRACE ro.mpp2024.repository.RezultatRepository 68 createEntityFromResultSet - Exit with(Rezultat{participant=Manole Simona, proba=Proba{nume='Cursa 600 de m', arbitru=0, categorie=alergat}, numar_puncte=117})
29 Mar 2025 17:53:48,304 TRACE ro.mpp2024.repository.RezultatRepository 32 createEntityFromResultSet - Enter createEntityFromResultSet
29 Mar 2025 17:53:48,304 TRACE ro.mpp2024.utils.JdbcUtils 48 getConnection - Enter
29 Mar 2025 17:53:48,305 TRACE ro.mpp2024.utils.JdbcUtils 57 getConnection - Exit with(org.sqlite.jdbc4.JDBC4Connection@306f16f3)
29 Mar 2025 17:53:48,305 TRACE ro.mpp2024.repository.RezultatRepository 68 createEntityFromResultSet - Exit with(Rezultat{participant=Tudor Alexandru, proba=Proba{nume='Pedalat 200 de m', arbitru=0, categorie=ciclism}, numar_puncte=150})
29 Mar 2025 17:53:48,305 TRACE ro.mpp2024.repository.RezultatRepository 32 createEntityFromResultSet - Enter createEntityFromResultSet
29 Mar 2025 17:53:48,305 TRACE ro.mpp2024.utils.JdbcUtils 48 getConnection - Enter
29 Mar 2025 17:53:48,305 TRACE ro.mpp2024.utils.JdbcUtils 57 getConnection - Exit with(org.sqlite.jdbc4.JDBC4Connection@306f16f3)
29 Mar 2025 17:53:48,305 TRACE ro.mpp2024.repository.RezultatRepository 68 createEntityFromResultSet - Exit with(Rezultat{participant=Barbu Irina, proba=Proba{nume='Pedalat 600 de m', arbitru=0, categorie=ciclism}, numar_puncte=180})
29 Mar 2025 17:53:48,305 TRACE ro.mpp2024.repository.RezultatRepository 32 createEntityFromResultSet - Enter createEntityFromResultSet
29 Mar 2025 17:53:48,305 TRACE ro.mpp2024.utils.JdbcUtils 48 getConnection - Enter
29 Mar 2025 17:53:48,305 TRACE ro.mpp2024.utils.JdbcUtils 57 getConnection - Exit with(org.sqlite.jdbc4.JDBC4Connection@306f16f3)
29 Mar 2025 17:53:48,306 TRACE ro.mpp2024.repository.RezultatRepository 68 createEntityFromResultSet - Exit with(Rezultat{participant=Filip Bianca, proba=Proba{nume='Pedalat 1000 de m', arbitru=0, categorie=ciclism}, numar_puncte=140})
29 Mar 2025 17:53:48,306 TRACE ro.mpp2024.repository.RezultatRepository 32 createEntityFromResultSet - Enter createEntityFromResultSet
29 Mar 2025 17:53:48,306 TRACE ro.mpp2024.utils.JdbcUtils 48 getConnection - Enter
29 Mar 2025 17:53:48,306 TRACE ro.mpp2024.utils.JdbcUtils 57 getConnection - Exit with(org.sqlite.jdbc4.JDBC4Connection@306f16f3)
29 Mar 2025 17:53:48,306 TRACE ro.mpp2024.repository.RezultatRepository 68 createEntityFromResultSet - Exit with(Rezultat{participant=Dobre Adriana, proba=Proba{nume='Inot 50 de m', arbitru=0, categorie=inot}, numar_puncte=165})
29 Mar 2025 17:53:48,306 TRACE ro.mpp2024.repository.RezultatRepository 32 createEntityFromResultSet - Enter createEntityFromResultSet
29 Mar 2025 17:53:48,306 TRACE ro.mpp2024.utils.JdbcUtils 48 getConnection - Enter
29 Mar 2025 17:53:48,306 TRACE ro.mpp2024.utils.JdbcUtils 57 getConnection - Exit with(org.sqlite.jdbc4.JDBC4Connection@306f16f3)
29 Mar 2025 17:53:48,306 TRACE ro.mpp2024.repository.RezultatRepository 68 createEntityFromResultSet - Exit with(Rezultat{participant=Toma Gabriela, proba=Proba{nume='Inot 150 de m', arbitru=0, categorie=inot}, numar_puncte=132})
29 Mar 2025 17:53:48,306 TRACE ro.mpp2024.repository.RezultatRepository 32 createEntityFromResultSet - Enter createEntityFromResultSet
29 Mar 2025 17:53:48,307 TRACE ro.mpp2024.utils.JdbcUtils 48 getConnection - Enter
29 Mar 2025 17:53:48,307 TRACE ro.mpp2024.utils.JdbcUtils 57 getConnection - Exit with(org.sqlite.jdbc4.JDBC4Connection@306f16f3)
29 Mar 2025 17:53:48,307 TRACE ro.mpp2024.repository.RezultatRepository 68 createEntityFromResultSet - Exit with(Rezultat{participant=Petrescu Gabriel, proba=Proba{nume='Inot 250 de m', arbitru=0, categorie=inot}, numar_puncte=188})
29 Mar 2025 17:53:48,307 TRACE ro.mpp2024.repository.RezultatRepository 32 createEntityFromResultSet - Enter createEntityFromResultSet
29 Mar 2025 17:53:48,307 TRACE ro.mpp2024.utils.JdbcUtils 48 getConnection - Enter
29 Mar 2025 17:53:48,307 TRACE ro.mpp2024.utils.JdbcUtils 57 getConnection - Exit with(org.sqlite.jdbc4.JDBC4Connection@306f16f3)
29 Mar 2025 17:53:48,307 TRACE ro.mpp2024.repository.RezultatRepository 68 createEntityFromResultSet - Exit with(Rezultat{participant=Lupu George, proba=Proba{nume='Cursa 100 de m', arbitru=0, categorie=alergat}, numar_puncte=199})
29 Mar 2025 17:53:48,307 TRACE ro.mpp2024.repository.RezultatRepository 32 createEntityFromResultSet - Enter createEntityFromResultSet
29 Mar 2025 17:53:48,307 TRACE ro.mpp2024.utils.JdbcUtils 48 getConnection - Enter
29 Mar 2025 17:53:48,308 TRACE ro.mpp2024.utils.JdbcUtils 57 getConnection - Exit with(org.sqlite.jdbc4.JDBC4Connection@306f16f3)
29 Mar 2025 17:53:48,308 TRACE ro.mpp2024.repository.RezultatRepository 68 createEntityFromResultSet - Exit with(Rezultat{participant=Enache Laura, proba=Proba{nume='Cursa 300 de m', arbitru=0, categorie=alergat}, numar_puncte=175})
29 Mar 2025 17:53:48,308 TRACE ro.mpp2024.repository.RezultatRepository 32 createEntityFromResultSet - Enter createEntityFromResultSet
29 Mar 2025 17:53:48,308 TRACE ro.mpp2024.utils.JdbcUtils 48 getConnection - Enter
29 Mar 2025 17:53:48,308 TRACE ro.mpp2024.utils.JdbcUtils 57 getConnection - Exit with(org.sqlite.jdbc4.JDBC4Connection@306f16f3)
29 Mar 2025 17:53:48,308 TRACE ro.mpp2024.repository.RezultatRepository 68 createEntityFromResultSet - Exit with(Rezultat{participant=Dumitrescu Elena, proba=Proba{nume='Cursa 500 de m', arbitru=0, categorie=alergat}, numar_puncte=143})
29 Mar 2025 17:53:48,308 TRACE ro.mpp2024.repository.RezultatRepository 32 createEntityFromResultSet - Enter createEntityFromResultSet
29 Mar 2025 17:53:48,309 TRACE ro.mpp2024.utils.JdbcUtils 48 getConnection - Enter
29 Mar 2025 17:53:48,309 TRACE ro.mpp2024.utils.JdbcUtils 57 getConnection - Exit with(org.sqlite.jdbc4.JDBC4Connection@306f16f3)
29 Mar 2025 17:53:48,309 TRACE ro.mpp2024.repository.RezultatRepository 68 createEntityFromResultSet - Exit with(Rezultat{participant=Pavel Monica, proba=Proba{nume='Pedalat 400 de m', arbitru=0, categorie=ciclism}, numar_puncte=111})
29 Mar 2025 17:53:48,309 TRACE ro.mpp2024.repository.RezultatRepository 32 createEntityFromResultSet - Enter createEntityFromResultSet
29 Mar 2025 17:53:48,309 TRACE ro.mpp2024.utils.JdbcUtils 48 getConnection - Enter
29 Mar 2025 17:53:48,309 TRACE ro.mpp2024.utils.JdbcUtils 57 getConnection - Exit with(org.sqlite.jdbc4.JDBC4Connection@306f16f3)
29 Mar 2025 17:53:48,309 TRACE ro.mpp2024.repository.RezultatRepository 68 createEntityFromResultSet - Exit with(Rezultat{participant=Nedelcu Alexandra, proba=Proba{nume='Pedalat 800 de m', arbitru=0, categorie=ciclism}, numar_puncte=169})
29 Mar 2025 17:53:48,309 TRACE ro.mpp2024.repository.RezultatRepository 32 createEntityFromResultSet - Enter createEntityFromResultSet
29 Mar 2025 17:53:48,309 TRACE ro.mpp2024.utils.JdbcUtils 48 getConnection - Enter
29 Mar 2025 17:53:48,309 TRACE ro.mpp2024.utils.JdbcUtils 57 getConnection - Exit with(org.sqlite.jdbc4.JDBC4Connection@306f16f3)
29 Mar 2025 17:53:48,310 TRACE ro.mpp2024.repository.RezultatRepository 68 createEntityFromResultSet - Exit with(Rezultat{participant=Gheorghe Vlad, proba=Proba{nume='Pedalat 1200 de m', arbitru=0, categorie=ciclism}, numar_puncte=200})
29 Mar 2025 17:53:48,310 TRACE ro.mpp2024.repository.RezultatRepository 32 createEntityFromResultSet - Enter createEntityFromResultSet
29 Mar 2025 17:53:48,310 TRACE ro.mpp2024.utils.JdbcUtils 48 getConnection - Enter
29 Mar 2025 17:53:48,310 TRACE ro.mpp2024.utils.JdbcUtils 57 getConnection - Exit with(org.sqlite.jdbc4.JDBC4Connection@306f16f3)
29 Mar 2025 17:53:48,310 TRACE ro.mpp2024.repository.RezultatRepository 68 createEntityFromResultSet - Exit with(Rezultat{participant=Dragomir Adrian, proba=Proba{nume='Inot 100 de m', arbitru=0, categorie=inot}, numar_puncte=130})
29 Mar 2025 17:53:48,310 TRACE ro.mpp2024.repository.RezultatRepository 32 createEntityFromResultSet - Enter createEntityFromResultSet
29 Mar 2025 17:53:48,310 TRACE ro.mpp2024.utils.JdbcUtils 48 getConnection - Enter
29 Mar 2025 17:53:48,310 TRACE ro.mpp2024.utils.JdbcUtils 57 getConnection - Exit with(org.sqlite.jdbc4.JDBC4Connection@306f16f3)
29 Mar 2025 17:53:48,311 TRACE ro.mpp2024.repository.RezultatRepository 68 createEntityFromResultSet - Exit with(Rezultat{participant=Lazar Roxana, proba=Proba{nume='Inot 200 de m', arbitru=0, categorie=inot}, numar_puncte=185})
29 Mar 2025 17:53:48,311 TRACE ro.mpp2024.repository.RezultatRepository 32 createEntityFromResultSet - Enter createEntityFromResultSet
29 Mar 2025 17:53:48,311 TRACE ro.mpp2024.utils.JdbcUtils 48 getConnection - Enter
29 Mar 2025 17:53:48,311 TRACE ro.mpp2024.utils.JdbcUtils 57 getConnection - Exit with(org.sqlite.jdbc4.JDBC4Connection@306f16f3)
29 Mar 2025 17:53:48,311 TRACE ro.mpp2024.repository.RezultatRepository 68 createEntityFromResultSet - Exit with(Rezultat{participant=Jianu Oana, proba=Proba{nume='Inot 300 de m', arbitru=0, categorie=inot}, numar_puncte=142})
29 Mar 2025 17:53:48,311 TRACE ro.mpp2024.repository.RezultatRepository 32 createEntityFromResultSet - Enter createEntityFromResultSet
29 Mar 2025 17:53:48,311 TRACE ro.mpp2024.utils.JdbcUtils 48 getConnection - Enter
29 Mar 2025 17:53:48,311 TRACE ro.mpp2024.utils.JdbcUtils 57 getConnection - Exit with(org.sqlite.jdbc4.JDBC4Connection@306f16f3)
29 Mar 2025 17:53:48,311 TRACE ro.mpp2024.repository.RezultatRepository 68 createEntityFromResultSet - Exit with(Rezultat{participant=Hagi Diana, proba=Proba{nume='Cursa 200 de m', arbitru=0, categorie=alergat}, numar_puncte=193})
29 Mar 2025 17:53:48,311 TRACE ro.mpp2024.repository.RezultatRepository 32 createEntityFromResultSet - Enter createEntityFromResultSet
29 Mar 2025 17:53:48,311 TRACE ro.mpp2024.utils.JdbcUtils 48 getConnection - Enter
29 Mar 2025 17:53:48,312 TRACE ro.mpp2024.utils.JdbcUtils 57 getConnection - Exit with(org.sqlite.jdbc4.JDBC4Connection@306f16f3)
29 Mar 2025 17:53:48,312 TRACE ro.mpp2024.repository.RezultatRepository 68 createEntityFromResultSet - Exit with(Rezultat{participant=Ursu Mihail, proba=Proba{nume='Cursa 400 de m', arbitru=0, categorie=alergat}, numar_puncte=155})
29 Mar 2025 17:53:48,312 TRACE ro.mpp2024.repository.RezultatRepository 32 createEntityFromResultSet - Enter createEntityFromResultSet
29 Mar 2025 17:53:48,312 TRACE ro.mpp2024.utils.JdbcUtils 48 getConnection - Enter
29 Mar 2025 17:53:48,312 TRACE ro.mpp2024.utils.JdbcUtils 57 getConnection - Exit with(org.sqlite.jdbc4.JDBC4Connection@306f16f3)
29 Mar 2025 17:53:48,312 TRACE ro.mpp2024.repository.RezultatRepository 68 createEntityFromResultSet - Exit with(Rezultat{participant=Vlad Anca, proba=Proba{nume='Cursa 600 de m', arbitru=0, categorie=alergat}, numar_puncte=128})
29 Mar 2025 17:53:48,312 TRACE ro.mpp2024.repository.RezultatRepository 32 createEntityFromResultSet - Enter createEntityFromResultSet
29 Mar 2025 17:53:48,312 TRACE ro.mpp2024.utils.JdbcUtils 48 getConnection - Enter
29 Mar 2025 17:53:48,312 TRACE ro.mpp2024.utils.JdbcUtils 57 getConnection - Exit with(org.sqlite.jdbc4.JDBC4Connection@306f16f3)
29 Mar 2025 17:53:48,312 TRACE ro.mpp2024.repository.RezultatRepository 68 createEntityFromResultSet - Exit with(Rezultat{participant=Zamfir Lucian, proba=Proba{nume='Pedalat 200 de m', arbitru=0, categorie=ciclism}, numar_puncte=177})
29 Mar 2025 17:53:48,312 TRACE ro.mpp2024.repository.RezultatRepository 32 createEntityFromResultSet - Enter createEntityFromResultSet
29 Mar 2025 17:53:48,313 TRACE ro.mpp2024.utils.JdbcUtils 48 getConnection - Enter
29 Mar 2025 17:53:48,313 TRACE ro.mpp2024.utils.JdbcUtils 57 getConnection - Exit with(org.sqlite.jdbc4.JDBC4Connection@306f16f3)
29 Mar 2025 17:53:48,313 TRACE ro.mpp2024.repository.RezultatRepository 68 createEntityFromResultSet - Exit with(Rezultat{participant=Sandu Victor, proba=Proba{nume='Pedalat 600 de m', arbitru=0, categorie=ciclism}, numar_puncte=115})
29 Mar 2025 17:53:48,313 TRACE ro.mpp2024.repository.RezultatRepository 32 createEntityFromResultSet - Enter createEntityFromResultSet
29 Mar 2025 17:53:48,313 TRACE ro.mpp2024.utils.JdbcUtils 48 getConnection - Enter
29 Mar 2025 17:53:48,313 TRACE ro.mpp2024.utils.JdbcUtils 57 getConnection - Exit with(org.sqlite.jdbc4.JDBC4Connection@306f16f3)
29 Mar 2025 17:53:48,313 TRACE ro.mpp2024.repository.RezultatRepository 68 createEntityFromResultSet - Exit with(Rezultat{participant=Voicu Raluca, proba=Proba{nume='Pedalat 1000 de m', arbitru=0, categorie=ciclism}, numar_puncte=190})
29 Mar 2025 17:53:48,314 TRACE ro.mpp2024.repository.RezultatRepository 32 createEntityFromResultSet - Enter createEntityFromResultSet
29 Mar 2025 17:53:48,314 TRACE ro.mpp2024.utils.JdbcUtils 48 getConnection - Enter
29 Mar 2025 17:53:48,314 TRACE ro.mpp2024.utils.JdbcUtils 57 getConnection - Exit with(org.sqlite.jdbc4.JDBC4Connection@306f16f3)
29 Mar 2025 17:53:48,314 TRACE ro.mpp2024.repository.RezultatRepository 68 createEntityFromResultSet - Exit with(Rezultat{participant=Popescu Ion, proba=Proba{nume='Inot 50 de m', arbitru=0, categorie=inot}, numar_puncte=148})
29 Mar 2025 17:53:48,314 TRACE ro.mpp2024.repository.RezultatRepository 32 createEntityFromResultSet - Enter createEntityFromResultSet
29 Mar 2025 17:53:48,314 TRACE ro.mpp2024.utils.JdbcUtils 48 getConnection - Enter
29 Mar 2025 17:53:48,314 TRACE ro.mpp2024.utils.JdbcUtils 57 getConnection - Exit with(org.sqlite.jdbc4.JDBC4Connection@306f16f3)
29 Mar 2025 17:53:48,314 TRACE ro.mpp2024.repository.RezultatRepository 68 createEntityFromResultSet - Exit with(Rezultat{participant=Radu Cristian, proba=Proba{nume='Inot 150 de m', arbitru=0, categorie=inot}, numar_puncte=136})
29 Mar 2025 17:53:48,314 TRACE ro.mpp2024.repository.RezultatRepository 32 createEntityFromResultSet - Enter createEntityFromResultSet
29 Mar 2025 17:53:48,314 TRACE ro.mpp2024.utils.JdbcUtils 48 getConnection - Enter
29 Mar 2025 17:53:48,314 TRACE ro.mpp2024.utils.JdbcUtils 57 getConnection - Exit with(org.sqlite.jdbc4.JDBC4Connection@306f16f3)
29 Mar 2025 17:53:48,315 TRACE ro.mpp2024.repository.RezultatRepository 68 createEntityFromResultSet - Exit with(Rezultat{participant=Popa Mihai, proba=Proba{nume='Inot 250 de m', arbitru=0, categorie=inot}, numar_puncte=184})
29 Mar 2025 17:53:48,315 TRACE ro.mpp2024.repository.RezultatRepository 32 createEntityFromResultSet - Enter createEntityFromResultSet
29 Mar 2025 17:53:48,315 TRACE ro.mpp2024.utils.JdbcUtils 48 getConnection - Enter
29 Mar 2025 17:53:48,315 TRACE ro.mpp2024.utils.JdbcUtils 57 getConnection - Exit with(org.sqlite.jdbc4.JDBC4Connection@306f16f3)
29 Mar 2025 17:53:48,315 TRACE ro.mpp2024.repository.RezultatRepository 68 createEntityFromResultSet - Exit with(Rezultat{participant=Vasilescu Florin, proba=Proba{nume='Cursa 100 de m', arbitru=0, categorie=alergat}, numar_puncte=198})
29 Mar 2025 17:53:48,315 TRACE ro.mpp2024.repository.RezultatRepository 32 createEntityFromResultSet - Enter createEntityFromResultSet
29 Mar 2025 17:53:48,315 TRACE ro.mpp2024.utils.JdbcUtils 48 getConnection - Enter
29 Mar 2025 17:53:48,315 TRACE ro.mpp2024.utils.JdbcUtils 57 getConnection - Exit with(org.sqlite.jdbc4.JDBC4Connection@306f16f3)
29 Mar 2025 17:53:48,315 TRACE ro.mpp2024.repository.RezultatRepository 68 createEntityFromResultSet - Exit with(Rezultat{participant=Iliescu Daniela, proba=Proba{nume='Cursa 300 de m', arbitru=0, categorie=alergat}, numar_puncte=125})
29 Mar 2025 17:53:48,315 TRACE ro.mpp2024.repository.RezultatRepository 32 createEntityFromResultSet - Enter createEntityFromResultSet
29 Mar 2025 17:53:48,315 TRACE ro.mpp2024.utils.JdbcUtils 48 getConnection - Enter
29 Mar 2025 17:53:48,315 TRACE ro.mpp2024.utils.JdbcUtils 57 getConnection - Exit with(org.sqlite.jdbc4.JDBC4Connection@306f16f3)
29 Mar 2025 17:53:48,316 TRACE ro.mpp2024.repository.RezultatRepository 68 createEntityFromResultSet - Exit with(Rezultat{participant=Oprea Bogdan, proba=Proba{nume='Cursa 500 de m', arbitru=0, categorie=alergat}, numar_puncte=110})
29 Mar 2025 17:53:48,316 TRACE ro.mpp2024.repository.RezultatRepository 32 createEntityFromResultSet - Enter createEntityFromResultSet
29 Mar 2025 17:53:48,316 TRACE ro.mpp2024.utils.JdbcUtils 48 getConnection - Enter
29 Mar 2025 17:53:48,316 TRACE ro.mpp2024.utils.JdbcUtils 57 getConnection - Exit with(org.sqlite.jdbc4.JDBC4Connection@306f16f3)
29 Mar 2025 17:53:48,316 TRACE ro.mpp2024.repository.RezultatRepository 68 createEntityFromResultSet - Exit with(Rezultat{participant=Filip Bianca, proba=Proba{nume='Pedalat 400 de m', arbitru=0, categorie=ciclism}, numar_puncte=167})
29 Mar 2025 17:53:48,316 TRACE ro.mpp2024.repository.RezultatRepository 32 createEntityFromResultSet - Enter createEntityFromResultSet
29 Mar 2025 17:53:48,316 TRACE ro.mpp2024.utils.JdbcUtils 48 getConnection - Enter
29 Mar 2025 17:53:48,316 TRACE ro.mpp2024.utils.JdbcUtils 57 getConnection - Exit with(org.sqlite.jdbc4.JDBC4Connection@306f16f3)
29 Mar 2025 17:53:48,316 TRACE ro.mpp2024.repository.RezultatRepository 68 createEntityFromResultSet - Exit with(Rezultat{participant=Tudor Alexandru, proba=Proba{nume='Pedalat 800 de m', arbitru=0, categorie=ciclism}, numar_puncte=138})
29 Mar 2025 17:53:48,317 TRACE ro.mpp2024.repository.RezultatRepository 32 createEntityFromResultSet - Enter createEntityFromResultSet
29 Mar 2025 17:53:48,317 TRACE ro.mpp2024.utils.JdbcUtils 48 getConnection - Enter
29 Mar 2025 17:53:48,317 TRACE ro.mpp2024.utils.JdbcUtils 57 getConnection - Exit with(org.sqlite.jdbc4.JDBC4Connection@306f16f3)
29 Mar 2025 17:53:48,317 TRACE ro.mpp2024.repository.RezultatRepository 68 createEntityFromResultSet - Exit with(Rezultat{participant=Munteanu Sorin, proba=Proba{nume='Pedalat 1200 de m', arbitru=0, categorie=ciclism}, numar_puncte=157})
29 Mar 2025 17:53:48,317 TRACE ro.mpp2024.repository.RezultatRepository 32 createEntityFromResultSet - Enter createEntityFromResultSet
29 Mar 2025 17:53:48,317 TRACE ro.mpp2024.utils.JdbcUtils 48 getConnection - Enter
29 Mar 2025 17:53:48,317 TRACE ro.mpp2024.utils.JdbcUtils 57 getConnection - Exit with(org.sqlite.jdbc4.JDBC4Connection@306f16f3)
29 Mar 2025 17:53:48,317 TRACE ro.mpp2024.repository.RezultatRepository 68 createEntityFromResultSet - Exit with(Rezultat{participant=Rusu Andreea, proba=Proba{nume='Inot 100 de m', arbitru=0, categorie=inot}, numar_puncte=192})
29 Mar 2025 17:53:48,317 TRACE ro.mpp2024.repository.RezultatRepository 32 createEntityFromResultSet - Enter createEntityFromResultSet
29 Mar 2025 17:53:48,318 TRACE ro.mpp2024.utils.JdbcUtils 48 getConnection - Enter
29 Mar 2025 17:53:48,318 TRACE ro.mpp2024.utils.JdbcUtils 57 getConnection - Exit with(org.sqlite.jdbc4.JDBC4Connection@306f16f3)
29 Mar 2025 17:53:48,318 TRACE ro.mpp2024.repository.RezultatRepository 68 createEntityFromResultSet - Exit with(Rezultat{participant=nume prenume, proba=Proba{nume='nume', arbitru=0, categorie=ciclism}, numar_puncte=100})
29 Mar 2025 17:53:48,318 TRACE ro.mpp2024.repository.RezultatRepository 32 createEntityFromResultSet - Enter createEntityFromResultSet
29 Mar 2025 17:53:48,318 TRACE ro.mpp2024.utils.JdbcUtils 48 getConnection - Enter
29 Mar 2025 17:53:48,318 TRACE ro.mpp2024.utils.JdbcUtils 57 getConnection - Exit with(org.sqlite.jdbc4.JDBC4Connection@306f16f3)
29 Mar 2025 17:53:48,318 TRACE ro.mpp2024.repository.RezultatRepository 68 createEntityFromResultSet - Exit with(Rezultat{participant=nume prenume, proba=Proba{nume='nume', arbitru=0, categorie=ciclism}, numar_puncte=100})
29 Mar 2025 17:53:48,318 TRACE ro.mpp2024.repository.RezultatRepository 32 createEntityFromResultSet - Enter createEntityFromResultSet
29 Mar 2025 17:53:48,318 TRACE ro.mpp2024.utils.JdbcUtils 48 getConnection - Enter
29 Mar 2025 17:53:48,318 TRACE ro.mpp2024.utils.JdbcUtils 57 getConnection - Exit with(org.sqlite.jdbc4.JDBC4Connection@306f16f3)
29 Mar 2025 17:53:48,319 TRACE ro.mpp2024.repository.RezultatRepository 68 createEntityFromResultSet - Exit with(Rezultat{participant=nume prenume, proba=Proba{nume='nume', arbitru=0, categorie=ciclism}, numar_puncte=100})
29 Mar 2025 17:53:48,319 TRACE ro.mpp2024.repository.RezultatRepository 89 findAll - Exit with([Rezultat{participant=Popescu Ion, proba=Proba{nume='Pedalat 200 de m', arbitru=0, categorie=ciclism}, numar_puncte=10}, Rezultat{participant=Stan Ioana, proba=Proba{nume='Pedalat 200 de m', arbitru=0, categorie=ciclism}, numar_puncte=152}, Rezultat{participant=Popa Mihai, proba=Proba{nume='Pedalat 400 de m', arbitru=0, categorie=ciclism}, numar_puncte=98}, Rezultat{participant=Vasilescu Florin, proba=Proba{nume='Pedalat 600 de m', arbitru=0, categorie=ciclism}, numar_puncte=174}, Rezultat{participant=Radu Cristian, proba=Proba{nume='Pedalat 800 de m', arbitru=0, categorie=ciclism}, numar_puncte=120}, Rezultat{participant=Grigore Stefan, proba=Proba{nume='Pedalat 1000 de m', arbitru=0, categorie=ciclism}, numar_puncte=145}, Rezultat{participant=Nistor Carmen, proba=Proba{nume='Pedalat 1200 de m', arbitru=0, categorie=ciclism}, numar_puncte=189}, Rezultat{participant=Marin Ana, proba=Proba{nume='Inot 50 de m', arbitru=0, categorie=inot}, numar_puncte=134}, Rezultat{participant=Constantin Marius, proba=Proba{nume='Inot 100 de m', arbitru=0, categorie=inot}, numar_puncte=178}, Rezultat{participant=Ionescu Maria, proba=Proba{nume='Inot 150 de m', arbitru=0, categorie=inot}, numar_puncte=156}, Rezultat{participant=Rusu Andreea, proba=Proba{nume='Inot 200 de m', arbitru=0, categorie=inot}, numar_puncte=121}, Rezultat{participant=Kovacs Cristina, proba=Proba{nume='Inot 250 de m', arbitru=0, categorie=inot}, numar_puncte=199}, Rezultat{participant=Munteanu Sorin, proba=Proba{nume='Inot 300 de m', arbitru=0, categorie=inot}, numar_puncte=144}, Rezultat{participant=Iliescu Daniela, proba=Proba{nume='Cursa 100 de m', arbitru=0, categorie=alergat}, numar_puncte=185}, Rezultat{participant=Georgescu Andrei, proba=Proba{nume='Cursa 200 de m', arbitru=0, categorie=alergat}, numar_puncte=102}, Rezultat{participant=Oprea Bogdan, proba=Proba{nume='Cursa 300 de m', arbitru=0, categorie=alergat}, numar_puncte=172}, Rezultat{participant=Stan Ioana, proba=Proba{nume='Cursa 400 de m', arbitru=0, categorie=alergat}, numar_puncte=137}, Rezultat{participant=Iacob Radu, proba=Proba{nume='Cursa 500 de m', arbitru=0, categorie=alergat}, numar_puncte=195}, Rezultat{participant=Manole Simona, proba=Proba{nume='Cursa 600 de m', arbitru=0, categorie=alergat}, numar_puncte=117}, Rezultat{participant=Tudor Alexandru, proba=Proba{nume='Pedalat 200 de m', arbitru=0, categorie=ciclism}, numar_puncte=150}, Rezultat{participant=Barbu Irina, proba=Proba{nume='Pedalat 600 de m', arbitru=0, categorie=ciclism}, numar_puncte=180}, Rezultat{participant=Filip Bianca, proba=Proba{nume='Pedalat 1000 de m', arbitru=0, categorie=ciclism}, numar_puncte=140}, Rezultat{participant=Dobre Adriana, proba=Proba{nume='Inot 50 de m', arbitru=0, categorie=inot}, numar_puncte=165}, Rezultat{participant=Toma Gabriela, proba=Proba{nume='Inot 150 de m', arbitru=0, categorie=inot}, numar_puncte=132}, Rezultat{participant=Petrescu Gabriel, proba=Proba{nume='Inot 250 de m', arbitru=0, categorie=inot}, numar_puncte=188}, Rezultat{participant=Lupu George, proba=Proba{nume='Cursa 100 de m', arbitru=0, categorie=alergat}, numar_puncte=199}, Rezultat{participant=Enache Laura, proba=Proba{nume='Cursa 300 de m', arbitru=0, categorie=alergat}, numar_puncte=175}, Rezultat{participant=Dumitrescu Elena, proba=Proba{nume='Cursa 500 de m', arbitru=0, categorie=alergat}, numar_puncte=143}, Rezultat{participant=Pavel Monica, proba=Proba{nume='Pedalat 400 de m', arbitru=0, categorie=ciclism}, numar_puncte=111}, Rezultat{participant=Nedelcu Alexandra, proba=Proba{nume='Pedalat 800 de m', arbitru=0, categorie=ciclism}, numar_puncte=169}, Rezultat{participant=Gheorghe Vlad, proba=Proba{nume='Pedalat 1200 de m', arbitru=0, categorie=ciclism}, numar_puncte=200}, Rezultat{participant=Dragomir Adrian, proba=Proba{nume='Inot 100 de m', arbitru=0, categorie=inot}, numar_puncte=130}, Rezultat{participant=Lazar Roxana, proba=Proba{nume='Inot 200 de m', arbitru=0, categorie=inot}, numar_puncte=185}, Rezultat{participant=Jianu Oana, proba=Proba{nume='Inot 300 de m', arbitru=0, categorie=inot}, numar_puncte=142}, Rezultat{participant=Hagi Diana, proba=Proba{nume='Cursa 200 de m', arbitru=0, categorie=alergat}, numar_puncte=193}, Rezultat{participant=Ursu Mihail, proba=Proba{nume='Cursa 400 de m', arbitru=0, categorie=alergat}, numar_puncte=155}, Rezultat{participant=Vlad Anca, proba=Proba{nume='Cursa 600 de m', arbitru=0, categorie=alergat}, numar_puncte=128}, Rezultat{participant=Zamfir Lucian, proba=Proba{nume='Pedalat 200 de m', arbitru=0, categorie=ciclism}, numar_puncte=177}, Rezultat{participant=Sandu Victor, proba=Proba{nume='Pedalat 600 de m', arbitru=0, categorie=ciclism}, numar_puncte=115}, Rezultat{participant=Voicu Raluca, proba=Proba{nume='Pedalat 1000 de m', arbitru=0, categorie=ciclism}, numar_puncte=190}, Rezultat{participant=Popescu Ion, proba=Proba{nume='Inot 50 de m', arbitru=0, categorie=inot}, numar_puncte=148}, Rezultat{participant=Radu Cristian, proba=Proba{nume='Inot 150 de m', arbitru=0, categorie=inot}, numar_puncte=136}, Rezultat{participant=Popa Mihai, proba=Proba{nume='Inot 250 de m', arbitru=0, categorie=inot}, numar_puncte=184}, Rezultat{participant=Vasilescu Florin, proba=Proba{nume='Cursa 100 de m', arbitru=0, categorie=alergat}, numar_puncte=198}, Rezultat{participant=Iliescu Daniela, proba=Proba{nume='Cursa 300 de m', arbitru=0, categorie=alergat}, numar_puncte=125}, Rezultat{participant=Oprea Bogdan, proba=Proba{nume='Cursa 500 de m', arbitru=0, categorie=alergat}, numar_puncte=110}, Rezultat{participant=Filip Bianca, proba=Proba{nume='Pedalat 400 de m', arbitru=0, categorie=ciclism}, numar_puncte=167}, Rezultat{participant=Tudor Alexandru, proba=Proba{nume='Pedalat 800 de m', arbitru=0, categorie=ciclism}, numar_puncte=138}, Rezultat{participant=Munteanu Sorin, proba=Proba{nume='Pedalat 1200 de m', arbitru=0, categorie=ciclism}, numar_puncte=157}, Rezultat{participant=Rusu Andreea, proba=Proba{nume='Inot 100 de m', arbitru=0, categorie=inot}, numar_puncte=192}, Rezultat{participant=nume prenume, proba=Proba{nume='nume', arbitru=0, categorie=ciclism}, numar_puncte=100}, Rezultat{participant=nume prenume, proba=Proba{nume='nume', arbitru=0, categorie=ciclism}, numar_puncte=100}, Rezultat{participant=nume prenume, proba=Proba{nume='nume', arbitru=0, categorie=ciclism}, numar_puncte=100}])
29 Mar 2025 17:53:48,321 TRACE ro.mpp2024.repository.RezultatRepository 178 listaParticiapntPuncteProbaDescrescator - Enter Terminat dictionar
29 Mar 2025 17:54:25,015 INFO  ro.mpp2024.repository.ArbitruRepository 25 <init> - Initializing IArbitruRepository with properties: {} 
29 Mar 2025 17:54:25,018 INFO  ro.mpp2024.repository.ProbaRepository 25 <init> - Initializing ProbaRepository with properties: {} 
29 Mar 2025 17:54:25,020 INFO  ro.mpp2024.repository.ParticipantRepository 25 <init> - Initializing ParticipantRepository with properties: {} 
29 Mar 2025 17:54:25,022 INFO  ro.mpp2024.repository.RezultatRepository 26 <init> - Initializing RezultatRepository with properties: {} 
29 Mar 2025 17:54:25,023 INFO  ro.mpp2024.services.ArbitruService 13 <init> - Initializing ArbitruService
29 Mar 2025 17:54:53,760 INFO  ro.mpp2024.repository.ArbitruRepository 25 <init> - Initializing IArbitruRepository with properties: {} 
29 Mar 2025 17:54:53,764 INFO  ro.mpp2024.repository.ProbaRepository 25 <init> - Initializing ProbaRepository with properties: {} 
29 Mar 2025 17:54:53,765 INFO  ro.mpp2024.repository.ParticipantRepository 25 <init> - Initializing ParticipantRepository with properties: {} 
29 Mar 2025 17:54:53,767 INFO  ro.mpp2024.repository.RezultatRepository 26 <init> - Initializing RezultatRepository with properties: {} 
29 Mar 2025 17:54:53,768 INFO  ro.mpp2024.services.ArbitruService 13 <init> - Initializing ArbitruService
29 Mar 2025 17:55:38,074 INFO  ro.mpp2024.repository.ArbitruRepository 25 <init> - Initializing IArbitruRepository with properties: {} 
29 Mar 2025 17:55:38,078 INFO  ro.mpp2024.repository.ProbaRepository 25 <init> - Initializing ProbaRepository with properties: {} 
29 Mar 2025 17:55:38,079 INFO  ro.mpp2024.repository.ParticipantRepository 25 <init> - Initializing ParticipantRepository with properties: {} 
29 Mar 2025 17:55:38,081 INFO  ro.mpp2024.repository.RezultatRepository 26 <init> - Initializing RezultatRepository with properties: {} 
29 Mar 2025 17:55:38,081 INFO  ro.mpp2024.services.ArbitruService 13 <init> - Initializing ArbitruService
29 Mar 2025 18:02:49,699 INFO  ro.mpp2024.repository.ArbitruRepository 25 <init> - Initializing IArbitruRepository with properties: {} 
29 Mar 2025 18:02:49,703 INFO  ro.mpp2024.repository.ProbaRepository 25 <init> - Initializing ProbaRepository with properties: {} 
29 Mar 2025 18:02:49,705 INFO  ro.mpp2024.repository.ParticipantRepository 25 <init> - Initializing ParticipantRepository with properties: {} 
29 Mar 2025 18:02:49,707 INFO  ro.mpp2024.repository.RezultatRepository 26 <init> - Initializing RezultatRepository with properties: {} 
29 Mar 2025 18:02:49,707 INFO  ro.mpp2024.services.ArbitruService 13 <init> - Initializing ArbitruService
29 Mar 2025 18:03:59,598 INFO  ro.mpp2024.repository.ArbitruRepository 25 <init> - Initializing IArbitruRepository with properties: {} 
29 Mar 2025 18:03:59,601 INFO  ro.mpp2024.repository.ProbaRepository 25 <init> - Initializing ProbaRepository with properties: {} 
29 Mar 2025 18:03:59,603 INFO  ro.mpp2024.repository.ParticipantRepository 25 <init> - Initializing ParticipantRepository with properties: {} 
29 Mar 2025 18:03:59,604 INFO  ro.mpp2024.repository.RezultatRepository 26 <init> - Initializing RezultatRepository with properties: {} 
29 Mar 2025 18:03:59,605 INFO  ro.mpp2024.services.ArbitruService 13 <init> - Initializing ArbitruService
29 Mar 2025 18:05:21,966 INFO  ro.mpp2024.repository.ArbitruRepository 25 <init> - Initializing IArbitruRepository with properties: {} 
29 Mar 2025 18:05:21,970 INFO  ro.mpp2024.repository.ProbaRepository 25 <init> - Initializing ProbaRepository with properties: {} 
29 Mar 2025 18:05:21,971 INFO  ro.mpp2024.repository.ParticipantRepository 25 <init> - Initializing ParticipantRepository with properties: {} 
29 Mar 2025 18:05:21,973 INFO  ro.mpp2024.repository.RezultatRepository 26 <init> - Initializing RezultatRepository with properties: {} 
29 Mar 2025 18:05:21,974 INFO  ro.mpp2024.services.ArbitruService 13 <init> - Initializing ArbitruService
29 Mar 2025 18:05:54,910 INFO  ro.mpp2024.repository.ArbitruRepository 25 <init> - Initializing IArbitruRepository with properties: {} 
29 Mar 2025 18:05:54,915 INFO  ro.mpp2024.repository.ProbaRepository 25 <init> - Initializing ProbaRepository with properties: {} 
29 Mar 2025 18:05:54,917 INFO  ro.mpp2024.repository.ParticipantRepository 25 <init> - Initializing ParticipantRepository with properties: {} 
29 Mar 2025 18:05:54,918 INFO  ro.mpp2024.repository.RezultatRepository 26 <init> - Initializing RezultatRepository with properties: {} 
29 Mar 2025 18:05:54,919 INFO  ro.mpp2024.services.ArbitruService 13 <init> - Initializing ArbitruService
29 Mar 2025 18:07:00,167 INFO  ro.mpp2024.repository.ArbitruRepository 25 <init> - Initializing IArbitruRepository with properties: {} 
29 Mar 2025 18:07:00,171 INFO  ro.mpp2024.repository.ProbaRepository 25 <init> - Initializing ProbaRepository with properties: {} 
29 Mar 2025 18:07:00,172 INFO  ro.mpp2024.repository.ParticipantRepository 25 <init> - Initializing ParticipantRepository with properties: {} 
29 Mar 2025 18:07:00,174 INFO  ro.mpp2024.repository.RezultatRepository 26 <init> - Initializing RezultatRepository with properties: {} 
29 Mar 2025 18:07:00,175 INFO  ro.mpp2024.services.ArbitruService 14 <init> - Initializing ArbitruService
29 Mar 2025 18:07:02,513 TRACE ro.mpp2024.utils.JdbcUtils 48 getConnection - Enter
29 Mar 2025 18:07:02,514 TRACE ro.mpp2024.utils.JdbcUtils 25 getNewConnection - Enter
29 Mar 2025 18:07:02,514 INFO  ro.mpp2024.utils.JdbcUtils 30 getNewConnection - trying to connect to database ... jdbc:sqlite:src/main/resources/triatlon.db
29 Mar 2025 18:07:02,515 INFO  ro.mpp2024.utils.JdbcUtils 31 getNewConnection - user: null
29 Mar 2025 18:07:02,515 INFO  ro.mpp2024.utils.JdbcUtils 32 getNewConnection - pass: null
29 Mar 2025 18:07:02,603 TRACE ro.mpp2024.utils.JdbcUtils 57 getConnection - Exit with(org.sqlite.jdbc4.JDBC4Connection@4630d6d)
29 Mar 2025 18:07:08,193 TRACE ro.mpp2024.utils.JdbcUtils 48 getConnection - Enter
29 Mar 2025 18:07:08,193 TRACE ro.mpp2024.utils.JdbcUtils 57 getConnection - Exit with(org.sqlite.jdbc4.JDBC4Connection@4630d6d)
29 Mar 2025 18:07:09,532 TRACE ro.mpp2024.utils.JdbcUtils 48 getConnection - Enter
29 Mar 2025 18:07:09,533 TRACE ro.mpp2024.utils.JdbcUtils 57 getConnection - Exit with(org.sqlite.jdbc4.JDBC4Connection@4630d6d)
29 Mar 2025 18:07:09,731 TRACE ro.mpp2024.utils.JdbcUtils 48 getConnection - Enter
29 Mar 2025 18:07:09,731 TRACE ro.mpp2024.utils.JdbcUtils 57 getConnection - Exit with(org.sqlite.jdbc4.JDBC4Connection@4630d6d)
29 Mar 2025 18:07:09,854 TRACE ro.mpp2024.utils.JdbcUtils 48 getConnection - Enter
29 Mar 2025 18:07:09,854 TRACE ro.mpp2024.utils.JdbcUtils 57 getConnection - Exit with(org.sqlite.jdbc4.JDBC4Connection@4630d6d)
29 Mar 2025 18:21:59,283 INFO  ro.mpp2024.repository.ArbitruRepository 25 <init> - Initializing IArbitruRepository with properties: {} 
29 Mar 2025 18:21:59,286 INFO  ro.mpp2024.repository.ProbaRepository 25 <init> - Initializing ProbaRepository with properties: {} 
29 Mar 2025 18:21:59,287 INFO  ro.mpp2024.repository.ParticipantRepository 25 <init> - Initializing ParticipantRepository with properties: {} 
29 Mar 2025 18:21:59,289 INFO  ro.mpp2024.repository.RezultatRepository 26 <init> - Initializing RezultatRepository with properties: {} 
29 Mar 2025 18:21:59,289 INFO  ro.mpp2024.services.ArbitruService 15 <init> - Initializing ArbitruService
29 Mar 2025 18:21:59,290 INFO  ro.mpp2024.services.RezultatService 21 <init> - Service Rezultat made
29 Mar 2025 18:22:00,606 TRACE ro.mpp2024.utils.JdbcUtils 48 getConnection - Enter
29 Mar 2025 18:22:00,607 TRACE ro.mpp2024.utils.JdbcUtils 25 getNewConnection - Enter
29 Mar 2025 18:22:00,607 INFO  ro.mpp2024.utils.JdbcUtils 30 getNewConnection - trying to connect to database ... jdbc:sqlite:src/main/resources/triatlon.db
29 Mar 2025 18:22:00,607 INFO  ro.mpp2024.utils.JdbcUtils 31 getNewConnection - user: null
29 Mar 2025 18:22:00,608 INFO  ro.mpp2024.utils.JdbcUtils 32 getNewConnection - pass: null
29 Mar 2025 18:22:00,693 TRACE ro.mpp2024.utils.JdbcUtils 57 getConnection - Exit with(org.sqlite.jdbc4.JDBC4Connection@123a475d)
29 Mar 2025 18:22:06,406 TRACE ro.mpp2024.utils.JdbcUtils 48 getConnection - Enter
29 Mar 2025 18:22:06,406 TRACE ro.mpp2024.utils.JdbcUtils 57 getConnection - Exit with(org.sqlite.jdbc4.JDBC4Connection@123a475d)
29 Mar 2025 18:22:11,847 TRACE ro.mpp2024.utils.JdbcUtils 48 getConnection - Enter
29 Mar 2025 18:22:11,847 TRACE ro.mpp2024.utils.JdbcUtils 57 getConnection - Exit with(org.sqlite.jdbc4.JDBC4Connection@123a475d)
29 Mar 2025 18:22:25,711 INFO  ro.mpp2024.repository.ArbitruRepository 25 <init> - Initializing IArbitruRepository with properties: {} 
29 Mar 2025 18:22:25,714 INFO  ro.mpp2024.repository.ProbaRepository 25 <init> - Initializing ProbaRepository with properties: {} 
29 Mar 2025 18:22:25,715 INFO  ro.mpp2024.repository.ParticipantRepository 25 <init> - Initializing ParticipantRepository with properties: {} 
29 Mar 2025 18:22:25,717 INFO  ro.mpp2024.repository.RezultatRepository 26 <init> - Initializing RezultatRepository with properties: {} 
29 Mar 2025 18:22:25,717 INFO  ro.mpp2024.services.ArbitruService 15 <init> - Initializing ArbitruService
29 Mar 2025 18:22:25,718 INFO  ro.mpp2024.services.RezultatService 21 <init> - Service Rezultat made
29 Mar 2025 18:22:26,890 TRACE ro.mpp2024.utils.JdbcUtils 48 getConnection - Enter
29 Mar 2025 18:22:26,891 TRACE ro.mpp2024.utils.JdbcUtils 25 getNewConnection - Enter
29 Mar 2025 18:22:26,891 INFO  ro.mpp2024.utils.JdbcUtils 30 getNewConnection - trying to connect to database ... jdbc:sqlite:src/main/resources/triatlon.db
29 Mar 2025 18:22:26,891 INFO  ro.mpp2024.utils.JdbcUtils 31 getNewConnection - user: null
29 Mar 2025 18:22:26,892 INFO  ro.mpp2024.utils.JdbcUtils 32 getNewConnection - pass: null
29 Mar 2025 18:22:26,979 TRACE ro.mpp2024.utils.JdbcUtils 57 getConnection - Exit with(org.sqlite.jdbc4.JDBC4Connection@123a475d)
29 Mar 2025 18:22:38,932 INFO  ro.mpp2024.repository.ArbitruRepository 25 <init> - Initializing IArbitruRepository with properties: {} 
29 Mar 2025 18:22:38,935 INFO  ro.mpp2024.repository.ProbaRepository 25 <init> - Initializing ProbaRepository with properties: {} 
29 Mar 2025 18:22:38,937 INFO  ro.mpp2024.repository.ParticipantRepository 25 <init> - Initializing ParticipantRepository with properties: {} 
29 Mar 2025 18:22:38,938 INFO  ro.mpp2024.repository.RezultatRepository 26 <init> - Initializing RezultatRepository with properties: {} 
29 Mar 2025 18:22:38,939 INFO  ro.mpp2024.services.ArbitruService 15 <init> - Initializing ArbitruService
29 Mar 2025 18:22:38,939 INFO  ro.mpp2024.services.RezultatService 21 <init> - Service Rezultat made
29 Mar 2025 18:22:40,136 TRACE ro.mpp2024.utils.JdbcUtils 48 getConnection - Enter
29 Mar 2025 18:22:40,137 TRACE ro.mpp2024.utils.JdbcUtils 25 getNewConnection - Enter
29 Mar 2025 18:22:40,137 INFO  ro.mpp2024.utils.JdbcUtils 30 getNewConnection - trying to connect to database ... jdbc:sqlite:src/main/resources/triatlon.db
29 Mar 2025 18:22:40,137 INFO  ro.mpp2024.utils.JdbcUtils 31 getNewConnection - user: null
29 Mar 2025 18:22:40,138 INFO  ro.mpp2024.utils.JdbcUtils 32 getNewConnection - pass: null
29 Mar 2025 18:22:40,223 TRACE ro.mpp2024.utils.JdbcUtils 57 getConnection - Exit with(org.sqlite.jdbc4.JDBC4Connection@123a475d)
29 Mar 2025 18:25:21,888 INFO  ro.mpp2024.repository.ArbitruRepository 25 <init> - Initializing IArbitruRepository with properties: {} 
29 Mar 2025 18:25:21,891 INFO  ro.mpp2024.repository.ProbaRepository 25 <init> - Initializing ProbaRepository with properties: {} 
29 Mar 2025 18:25:21,893 INFO  ro.mpp2024.repository.ParticipantRepository 25 <init> - Initializing ParticipantRepository with properties: {} 
29 Mar 2025 18:25:21,894 INFO  ro.mpp2024.repository.RezultatRepository 26 <init> - Initializing RezultatRepository with properties: {} 
29 Mar 2025 18:25:21,895 INFO  ro.mpp2024.services.ArbitruService 15 <init> - Initializing ArbitruService
29 Mar 2025 18:25:21,896 INFO  ro.mpp2024.services.RezultatService 21 <init> - Service Rezultat made
29 Mar 2025 18:25:23,523 TRACE ro.mpp2024.utils.JdbcUtils 48 getConnection - Enter
29 Mar 2025 18:25:23,524 TRACE ro.mpp2024.utils.JdbcUtils 25 getNewConnection - Enter
29 Mar 2025 18:25:23,524 INFO  ro.mpp2024.utils.JdbcUtils 30 getNewConnection - trying to connect to database ... jdbc:sqlite:src/main/resources/triatlon.db
29 Mar 2025 18:25:23,525 INFO  ro.mpp2024.utils.JdbcUtils 31 getNewConnection - user: null
29 Mar 2025 18:25:23,525 INFO  ro.mpp2024.utils.JdbcUtils 32 getNewConnection - pass: null
29 Mar 2025 18:25:23,606 TRACE ro.mpp2024.utils.JdbcUtils 57 getConnection - Exit with(org.sqlite.jdbc4.JDBC4Connection@123a475d)
29 Mar 2025 18:26:12,349 INFO  ro.mpp2024.repository.ArbitruRepository 25 <init> - Initializing IArbitruRepository with properties: {} 
29 Mar 2025 18:26:12,352 INFO  ro.mpp2024.repository.ProbaRepository 25 <init> - Initializing ProbaRepository with properties: {} 
29 Mar 2025 18:26:12,353 INFO  ro.mpp2024.repository.ParticipantRepository 25 <init> - Initializing ParticipantRepository with properties: {} 
29 Mar 2025 18:26:12,354 INFO  ro.mpp2024.repository.RezultatRepository 26 <init> - Initializing RezultatRepository with properties: {} 
29 Mar 2025 18:26:12,355 INFO  ro.mpp2024.services.ArbitruService 15 <init> - Initializing ArbitruService
29 Mar 2025 18:26:12,356 INFO  ro.mpp2024.services.RezultatService 21 <init> - Service Rezultat made
29 Mar 2025 18:26:13,553 TRACE ro.mpp2024.utils.JdbcUtils 48 getConnection - Enter
29 Mar 2025 18:26:13,553 TRACE ro.mpp2024.utils.JdbcUtils 25 getNewConnection - Enter
29 Mar 2025 18:26:13,554 INFO  ro.mpp2024.utils.JdbcUtils 30 getNewConnection - trying to connect to database ... jdbc:sqlite:src/main/resources/triatlon.db
29 Mar 2025 18:26:13,554 INFO  ro.mpp2024.utils.JdbcUtils 31 getNewConnection - user: null
29 Mar 2025 18:26:13,554 INFO  ro.mpp2024.utils.JdbcUtils 32 getNewConnection - pass: null
29 Mar 2025 18:26:13,635 TRACE ro.mpp2024.utils.JdbcUtils 57 getConnection - Exit with(org.sqlite.jdbc4.JDBC4Connection@123a475d)
29 Mar 2025 18:27:44,586 INFO  ro.mpp2024.repository.ArbitruRepository 25 <init> - Initializing IArbitruRepository with properties: {} 
29 Mar 2025 18:27:44,589 INFO  ro.mpp2024.repository.ProbaRepository 25 <init> - Initializing ProbaRepository with properties: {} 
29 Mar 2025 18:27:44,590 INFO  ro.mpp2024.repository.ParticipantRepository 25 <init> - Initializing ParticipantRepository with properties: {} 
29 Mar 2025 18:27:44,591 INFO  ro.mpp2024.repository.RezultatRepository 26 <init> - Initializing RezultatRepository with properties: {} 
29 Mar 2025 18:27:44,592 INFO  ro.mpp2024.services.ArbitruService 15 <init> - Initializing ArbitruService
29 Mar 2025 18:27:44,593 INFO  ro.mpp2024.services.RezultatService 21 <init> - Service Rezultat made
29 Mar 2025 18:27:45,602 TRACE ro.mpp2024.utils.JdbcUtils 48 getConnection - Enter
29 Mar 2025 18:27:45,602 TRACE ro.mpp2024.utils.JdbcUtils 25 getNewConnection - Enter
29 Mar 2025 18:27:45,603 INFO  ro.mpp2024.utils.JdbcUtils 30 getNewConnection - trying to connect to database ... jdbc:sqlite:src/main/resources/triatlon.db
29 Mar 2025 18:27:45,603 INFO  ro.mpp2024.utils.JdbcUtils 31 getNewConnection - user: null
29 Mar 2025 18:27:45,603 INFO  ro.mpp2024.utils.JdbcUtils 32 getNewConnection - pass: null
29 Mar 2025 18:27:45,686 TRACE ro.mpp2024.utils.JdbcUtils 57 getConnection - Exit with(org.sqlite.jdbc4.JDBC4Connection@123a475d)
29 Mar 2025 18:27:59,313 INFO  ro.mpp2024.repository.ArbitruRepository 25 <init> - Initializing IArbitruRepository with properties: {} 
29 Mar 2025 18:27:59,317 INFO  ro.mpp2024.repository.ProbaRepository 25 <init> - Initializing ProbaRepository with properties: {} 
29 Mar 2025 18:27:59,318 INFO  ro.mpp2024.repository.ParticipantRepository 25 <init> - Initializing ParticipantRepository with properties: {} 
29 Mar 2025 18:27:59,319 INFO  ro.mpp2024.repository.RezultatRepository 26 <init> - Initializing RezultatRepository with properties: {} 
29 Mar 2025 18:27:59,319 INFO  ro.mpp2024.services.ArbitruService 15 <init> - Initializing ArbitruService
29 Mar 2025 18:27:59,320 INFO  ro.mpp2024.services.RezultatService 21 <init> - Service Rezultat made
29 Mar 2025 18:28:00,443 TRACE ro.mpp2024.utils.JdbcUtils 48 getConnection - Enter
29 Mar 2025 18:28:00,443 TRACE ro.mpp2024.utils.JdbcUtils 25 getNewConnection - Enter
29 Mar 2025 18:28:00,444 INFO  ro.mpp2024.utils.JdbcUtils 30 getNewConnection - trying to connect to database ... jdbc:sqlite:src/main/resources/triatlon.db
29 Mar 2025 18:28:00,444 INFO  ro.mpp2024.utils.JdbcUtils 31 getNewConnection - user: null
29 Mar 2025 18:28:00,445 INFO  ro.mpp2024.utils.JdbcUtils 32 getNewConnection - pass: null
29 Mar 2025 18:28:00,531 TRACE ro.mpp2024.utils.JdbcUtils 57 getConnection - Exit with(org.sqlite.jdbc4.JDBC4Connection@123a475d)
29 Mar 2025 18:28:57,844 INFO  ro.mpp2024.repository.ArbitruRepository 25 <init> - Initializing IArbitruRepository with properties: {} 
29 Mar 2025 18:28:57,848 INFO  ro.mpp2024.repository.ProbaRepository 25 <init> - Initializing ProbaRepository with properties: {} 
29 Mar 2025 18:28:57,849 INFO  ro.mpp2024.repository.ParticipantRepository 25 <init> - Initializing ParticipantRepository with properties: {} 
29 Mar 2025 18:28:57,850 INFO  ro.mpp2024.repository.RezultatRepository 26 <init> - Initializing RezultatRepository with properties: {} 
29 Mar 2025 18:28:57,851 INFO  ro.mpp2024.services.ArbitruService 15 <init> - Initializing ArbitruService
29 Mar 2025 18:28:57,852 INFO  ro.mpp2024.services.RezultatService 21 <init> - Service Rezultat made
29 Mar 2025 18:28:58,907 TRACE ro.mpp2024.utils.JdbcUtils 48 getConnection - Enter
29 Mar 2025 18:28:58,907 TRACE ro.mpp2024.utils.JdbcUtils 25 getNewConnection - Enter
29 Mar 2025 18:28:58,908 INFO  ro.mpp2024.utils.JdbcUtils 30 getNewConnection - trying to connect to database ... jdbc:sqlite:src/main/resources/triatlon.db
29 Mar 2025 18:28:58,908 INFO  ro.mpp2024.utils.JdbcUtils 31 getNewConnection - user: null
29 Mar 2025 18:28:58,909 INFO  ro.mpp2024.utils.JdbcUtils 32 getNewConnection - pass: null
29 Mar 2025 18:28:58,990 TRACE ro.mpp2024.utils.JdbcUtils 57 getConnection - Exit with(org.sqlite.jdbc4.JDBC4Connection@123a475d)
29 Mar 2025 18:29:36,979 INFO  ro.mpp2024.repository.ArbitruRepository 25 <init> - Initializing IArbitruRepository with properties: {} 
29 Mar 2025 18:29:36,982 INFO  ro.mpp2024.repository.ProbaRepository 25 <init> - Initializing ProbaRepository with properties: {} 
29 Mar 2025 18:29:36,983 INFO  ro.mpp2024.repository.ParticipantRepository 25 <init> - Initializing ParticipantRepository with properties: {} 
29 Mar 2025 18:29:36,985 INFO  ro.mpp2024.repository.RezultatRepository 26 <init> - Initializing RezultatRepository with properties: {} 
29 Mar 2025 18:29:36,985 INFO  ro.mpp2024.services.ArbitruService 15 <init> - Initializing ArbitruService
29 Mar 2025 18:29:36,986 INFO  ro.mpp2024.services.RezultatService 21 <init> - Service Rezultat made
29 Mar 2025 18:29:40,040 TRACE ro.mpp2024.utils.JdbcUtils 48 getConnection - Enter
29 Mar 2025 18:29:40,040 TRACE ro.mpp2024.utils.JdbcUtils 25 getNewConnection - Enter
29 Mar 2025 18:29:40,041 INFO  ro.mpp2024.utils.JdbcUtils 30 getNewConnection - trying to connect to database ... jdbc:sqlite:src/main/resources/triatlon.db
29 Mar 2025 18:29:40,041 INFO  ro.mpp2024.utils.JdbcUtils 31 getNewConnection - user: null
29 Mar 2025 18:29:40,042 INFO  ro.mpp2024.utils.JdbcUtils 32 getNewConnection - pass: null
29 Mar 2025 18:29:40,127 TRACE ro.mpp2024.utils.JdbcUtils 57 getConnection - Exit with(org.sqlite.jdbc4.JDBC4Connection@123a475d)
29 Mar 2025 18:30:55,516 INFO  ro.mpp2024.repository.ArbitruRepository 25 <init> - Initializing IArbitruRepository with properties: {} 
29 Mar 2025 18:30:55,519 INFO  ro.mpp2024.repository.ProbaRepository 25 <init> - Initializing ProbaRepository with properties: {} 
29 Mar 2025 18:30:55,520 INFO  ro.mpp2024.repository.ParticipantRepository 25 <init> - Initializing ParticipantRepository with properties: {} 
29 Mar 2025 18:30:55,522 INFO  ro.mpp2024.repository.RezultatRepository 26 <init> - Initializing RezultatRepository with properties: {} 
29 Mar 2025 18:30:55,522 INFO  ro.mpp2024.services.ArbitruService 15 <init> - Initializing ArbitruService
29 Mar 2025 18:30:55,523 INFO  ro.mpp2024.services.RezultatService 21 <init> - Service Rezultat made
29 Mar 2025 18:30:56,730 TRACE ro.mpp2024.utils.JdbcUtils 48 getConnection - Enter
29 Mar 2025 18:30:56,730 TRACE ro.mpp2024.utils.JdbcUtils 25 getNewConnection - Enter
29 Mar 2025 18:30:56,731 INFO  ro.mpp2024.utils.JdbcUtils 30 getNewConnection - trying to connect to database ... jdbc:sqlite:src/main/resources/triatlon.db
29 Mar 2025 18:30:56,731 INFO  ro.mpp2024.utils.JdbcUtils 31 getNewConnection - user: null
29 Mar 2025 18:30:56,731 INFO  ro.mpp2024.utils.JdbcUtils 32 getNewConnection - pass: null
29 Mar 2025 18:30:56,819 TRACE ro.mpp2024.utils.JdbcUtils 57 getConnection - Exit with(org.sqlite.jdbc4.JDBC4Connection@123a475d)
29 Mar 2025 18:31:50,290 INFO  ro.mpp2024.repository.ArbitruRepository 25 <init> - Initializing IArbitruRepository with properties: {} 
29 Mar 2025 18:31:50,294 INFO  ro.mpp2024.repository.ProbaRepository 25 <init> - Initializing ProbaRepository with properties: {} 
29 Mar 2025 18:31:50,295 INFO  ro.mpp2024.repository.ParticipantRepository 25 <init> - Initializing ParticipantRepository with properties: {} 
29 Mar 2025 18:31:50,297 INFO  ro.mpp2024.repository.RezultatRepository 26 <init> - Initializing RezultatRepository with properties: {} 
29 Mar 2025 18:31:50,297 INFO  ro.mpp2024.services.ArbitruService 15 <init> - Initializing ArbitruService
29 Mar 2025 18:31:50,298 INFO  ro.mpp2024.services.RezultatService 21 <init> - Service Rezultat made
29 Mar 2025 18:31:51,487 TRACE ro.mpp2024.utils.JdbcUtils 48 getConnection - Enter
29 Mar 2025 18:31:51,487 TRACE ro.mpp2024.utils.JdbcUtils 25 getNewConnection - Enter
29 Mar 2025 18:31:51,488 INFO  ro.mpp2024.utils.JdbcUtils 30 getNewConnection - trying to connect to database ... jdbc:sqlite:src/main/resources/triatlon.db
29 Mar 2025 18:31:51,488 INFO  ro.mpp2024.utils.JdbcUtils 31 getNewConnection - user: null
29 Mar 2025 18:31:51,488 INFO  ro.mpp2024.utils.JdbcUtils 32 getNewConnection - pass: null
29 Mar 2025 18:31:51,569 TRACE ro.mpp2024.utils.JdbcUtils 57 getConnection - Exit with(org.sqlite.jdbc4.JDBC4Connection@123a475d)
29 Mar 2025 18:32:00,760 TRACE ro.mpp2024.utils.JdbcUtils 48 getConnection - Enter
29 Mar 2025 18:32:00,760 TRACE ro.mpp2024.utils.JdbcUtils 57 getConnection - Exit with(org.sqlite.jdbc4.JDBC4Connection@123a475d)
29 Mar 2025 18:32:22,618 INFO  ro.mpp2024.repository.ArbitruRepository 25 <init> - Initializing IArbitruRepository with properties: {} 
29 Mar 2025 18:32:22,621 INFO  ro.mpp2024.repository.ProbaRepository 25 <init> - Initializing ProbaRepository with properties: {} 
29 Mar 2025 18:32:22,622 INFO  ro.mpp2024.repository.ParticipantRepository 25 <init> - Initializing ParticipantRepository with properties: {} 
29 Mar 2025 18:32:22,623 INFO  ro.mpp2024.repository.RezultatRepository 26 <init> - Initializing RezultatRepository with properties: {} 
29 Mar 2025 18:32:22,624 INFO  ro.mpp2024.services.ArbitruService 15 <init> - Initializing ArbitruService
29 Mar 2025 18:32:22,625 INFO  ro.mpp2024.services.RezultatService 21 <init> - Service Rezultat made
29 Mar 2025 18:32:24,581 TRACE ro.mpp2024.utils.JdbcUtils 48 getConnection - Enter
29 Mar 2025 18:32:24,581 TRACE ro.mpp2024.utils.JdbcUtils 25 getNewConnection - Enter
29 Mar 2025 18:32:24,582 INFO  ro.mpp2024.utils.JdbcUtils 30 getNewConnection - trying to connect to database ... jdbc:sqlite:src/main/resources/triatlon.db
29 Mar 2025 18:32:24,582 INFO  ro.mpp2024.utils.JdbcUtils 31 getNewConnection - user: null
29 Mar 2025 18:32:24,582 INFO  ro.mpp2024.utils.JdbcUtils 32 getNewConnection - pass: null
29 Mar 2025 18:32:24,668 TRACE ro.mpp2024.utils.JdbcUtils 57 getConnection - Exit with(org.sqlite.jdbc4.JDBC4Connection@123a475d)
29 Mar 2025 18:33:05,071 INFO  ro.mpp2024.repository.ArbitruRepository 25 <init> - Initializing IArbitruRepository with properties: {} 
29 Mar 2025 18:33:05,075 INFO  ro.mpp2024.repository.ProbaRepository 25 <init> - Initializing ProbaRepository with properties: {} 
29 Mar 2025 18:33:05,076 INFO  ro.mpp2024.repository.ParticipantRepository 25 <init> - Initializing ParticipantRepository with properties: {} 
29 Mar 2025 18:33:05,077 INFO  ro.mpp2024.repository.RezultatRepository 26 <init> - Initializing RezultatRepository with properties: {} 
29 Mar 2025 18:33:05,078 INFO  ro.mpp2024.services.ArbitruService 15 <init> - Initializing ArbitruService
29 Mar 2025 18:33:05,079 INFO  ro.mpp2024.services.RezultatService 21 <init> - Service Rezultat made
29 Mar 2025 18:33:06,274 TRACE ro.mpp2024.utils.JdbcUtils 48 getConnection - Enter
29 Mar 2025 18:33:06,274 TRACE ro.mpp2024.utils.JdbcUtils 25 getNewConnection - Enter
29 Mar 2025 18:33:06,275 INFO  ro.mpp2024.utils.JdbcUtils 30 getNewConnection - trying to connect to database ... jdbc:sqlite:src/main/resources/triatlon.db
29 Mar 2025 18:33:06,275 INFO  ro.mpp2024.utils.JdbcUtils 31 getNewConnection - user: null
29 Mar 2025 18:33:06,276 INFO  ro.mpp2024.utils.JdbcUtils 32 getNewConnection - pass: null
29 Mar 2025 18:33:06,358 TRACE ro.mpp2024.utils.JdbcUtils 57 getConnection - Exit with(org.sqlite.jdbc4.JDBC4Connection@123a475d)
29 Mar 2025 18:33:42,276 INFO  ro.mpp2024.repository.ArbitruRepository 25 <init> - Initializing IArbitruRepository with properties: {} 
29 Mar 2025 18:33:42,280 INFO  ro.mpp2024.repository.ProbaRepository 25 <init> - Initializing ProbaRepository with properties: {} 
29 Mar 2025 18:33:42,281 INFO  ro.mpp2024.repository.ParticipantRepository 25 <init> - Initializing ParticipantRepository with properties: {} 
29 Mar 2025 18:33:42,282 INFO  ro.mpp2024.repository.RezultatRepository 26 <init> - Initializing RezultatRepository with properties: {} 
29 Mar 2025 18:33:42,283 INFO  ro.mpp2024.services.ArbitruService 15 <init> - Initializing ArbitruService
29 Mar 2025 18:33:42,283 INFO  ro.mpp2024.services.RezultatService 21 <init> - Service Rezultat made
29 Mar 2025 18:33:45,841 TRACE ro.mpp2024.utils.JdbcUtils 48 getConnection - Enter
29 Mar 2025 18:33:45,841 TRACE ro.mpp2024.utils.JdbcUtils 25 getNewConnection - Enter
29 Mar 2025 18:33:45,842 INFO  ro.mpp2024.utils.JdbcUtils 30 getNewConnection - trying to connect to database ... jdbc:sqlite:src/main/resources/triatlon.db
29 Mar 2025 18:33:45,842 INFO  ro.mpp2024.utils.JdbcUtils 31 getNewConnection - user: null
29 Mar 2025 18:33:45,842 INFO  ro.mpp2024.utils.JdbcUtils 32 getNewConnection - pass: null
29 Mar 2025 18:33:45,928 TRACE ro.mpp2024.utils.JdbcUtils 57 getConnection - Exit with(org.sqlite.jdbc4.JDBC4Connection@25546745)
30 Mar 2025 14:06:34,294 INFO  ro.mpp2024.repository.ArbitruRepository 25 <init> - Initializing IArbitruRepository with properties: {} 
30 Mar 2025 14:06:34,299 INFO  ro.mpp2024.repository.ProbaRepository 25 <init> - Initializing ProbaRepository with properties: {} 
30 Mar 2025 14:06:34,300 INFO  ro.mpp2024.repository.ParticipantRepository 25 <init> - Initializing ParticipantRepository with properties: {} 
30 Mar 2025 14:06:34,301 INFO  ro.mpp2024.repository.RezultatRepository 26 <init> - Initializing RezultatRepository with properties: {} 
30 Mar 2025 14:06:34,302 INFO  ro.mpp2024.services.ArbitruService 15 <init> - Initializing ArbitruService
30 Mar 2025 14:06:34,303 INFO  ro.mpp2024.services.RezultatService 21 <init> - Service Rezultat made
30 Mar 2025 14:06:37,840 TRACE ro.mpp2024.utils.JdbcUtils 48 getConnection - Enter
30 Mar 2025 14:06:37,840 TRACE ro.mpp2024.utils.JdbcUtils 25 getNewConnection - Enter
30 Mar 2025 14:06:37,841 INFO  ro.mpp2024.utils.JdbcUtils 30 getNewConnection - trying to connect to database ... jdbc:sqlite:src/main/resources/triatlon.db
30 Mar 2025 14:06:37,841 INFO  ro.mpp2024.utils.JdbcUtils 31 getNewConnection - user: null
30 Mar 2025 14:06:37,841 INFO  ro.mpp2024.utils.JdbcUtils 32 getNewConnection - pass: null
30 Mar 2025 14:06:37,931 TRACE ro.mpp2024.utils.JdbcUtils 57 getConnection - Exit with(org.sqlite.jdbc4.JDBC4Connection@25546745)
30 Mar 2025 14:07:45,035 INFO  ro.mpp2024.repository.ArbitruRepository 25 <init> - Initializing IArbitruRepository with properties: {} 
30 Mar 2025 14:07:45,043 INFO  ro.mpp2024.repository.ProbaRepository 25 <init> - Initializing ProbaRepository with properties: {} 
30 Mar 2025 14:07:45,050 INFO  ro.mpp2024.repository.ParticipantRepository 25 <init> - Initializing ParticipantRepository with properties: {} 
30 Mar 2025 14:07:45,054 INFO  ro.mpp2024.repository.RezultatRepository 26 <init> - Initializing RezultatRepository with properties: {} 
30 Mar 2025 14:07:45,056 INFO  ro.mpp2024.services.ArbitruService 15 <init> - Initializing ArbitruService
30 Mar 2025 14:07:45,059 INFO  ro.mpp2024.services.RezultatService 21 <init> - Service Rezultat made
30 Mar 2025 14:08:31,260 INFO  ro.mpp2024.repository.ArbitruRepository 25 <init> - Initializing IArbitruRepository with properties: {} 
30 Mar 2025 14:08:31,264 INFO  ro.mpp2024.repository.ProbaRepository 25 <init> - Initializing ProbaRepository with properties: {} 
30 Mar 2025 14:08:31,265 INFO  ro.mpp2024.repository.ParticipantRepository 25 <init> - Initializing ParticipantRepository with properties: {} 
30 Mar 2025 14:08:31,266 INFO  ro.mpp2024.repository.RezultatRepository 26 <init> - Initializing RezultatRepository with properties: {} 
30 Mar 2025 14:08:31,267 INFO  ro.mpp2024.services.ArbitruService 15 <init> - Initializing ArbitruService
30 Mar 2025 14:08:31,267 INFO  ro.mpp2024.services.RezultatService 21 <init> - Service Rezultat made
30 Mar 2025 14:08:32,760 TRACE ro.mpp2024.utils.JdbcUtils 48 getConnection - Enter
30 Mar 2025 14:08:32,760 TRACE ro.mpp2024.utils.JdbcUtils 25 getNewConnection - Enter
30 Mar 2025 14:08:32,760 INFO  ro.mpp2024.utils.JdbcUtils 30 getNewConnection - trying to connect to database ... jdbc:sqlite:src/main/resources/triatlon.db
30 Mar 2025 14:08:32,761 INFO  ro.mpp2024.utils.JdbcUtils 31 getNewConnection - user: null
30 Mar 2025 14:08:32,761 INFO  ro.mpp2024.utils.JdbcUtils 32 getNewConnection - pass: null
30 Mar 2025 14:08:32,847 TRACE ro.mpp2024.utils.JdbcUtils 57 getConnection - Exit with(org.sqlite.jdbc4.JDBC4Connection@c21ce1)
30 Mar 2025 14:51:59,568 INFO  ro.mpp2024.repository.ArbitruRepository 25 <init> - Initializing IArbitruRepository with properties: {} 
30 Mar 2025 14:51:59,571 INFO  ro.mpp2024.repository.ProbaRepository 25 <init> - Initializing ProbaRepository with properties: {} 
30 Mar 2025 14:51:59,572 INFO  ro.mpp2024.repository.ParticipantRepository 25 <init> - Initializing ParticipantRepository with properties: {} 
30 Mar 2025 14:51:59,574 INFO  ro.mpp2024.repository.RezultatRepository 26 <init> - Initializing RezultatRepository with properties: {} 
30 Mar 2025 14:51:59,574 INFO  ro.mpp2024.services.ArbitruService 15 <init> - Initializing ArbitruService
30 Mar 2025 14:51:59,575 INFO  ro.mpp2024.services.RezultatService 21 <init> - Service Rezultat made
30 Mar 2025 14:52:01,186 TRACE ro.mpp2024.utils.JdbcUtils 48 getConnection - Enter
30 Mar 2025 14:52:01,187 TRACE ro.mpp2024.utils.JdbcUtils 25 getNewConnection - Enter
30 Mar 2025 14:52:01,187 INFO  ro.mpp2024.utils.JdbcUtils 30 getNewConnection - trying to connect to database ... jdbc:sqlite:src/main/resources/triatlon.db
30 Mar 2025 14:52:01,188 INFO  ro.mpp2024.utils.JdbcUtils 31 getNewConnection - user: null
30 Mar 2025 14:52:01,188 INFO  ro.mpp2024.utils.JdbcUtils 32 getNewConnection - pass: null
30 Mar 2025 14:52:01,275 TRACE ro.mpp2024.utils.JdbcUtils 57 getConnection - Exit with(org.sqlite.jdbc4.JDBC4Connection@c21ce1)
30 Mar 2025 14:52:24,543 INFO  ro.mpp2024.repository.ArbitruRepository 25 <init> - Initializing IArbitruRepository with properties: {} 
30 Mar 2025 14:52:24,546 INFO  ro.mpp2024.repository.ProbaRepository 25 <init> - Initializing ProbaRepository with properties: {} 
30 Mar 2025 14:52:24,548 INFO  ro.mpp2024.repository.ParticipantRepository 25 <init> - Initializing ParticipantRepository with properties: {} 
30 Mar 2025 14:52:24,549 INFO  ro.mpp2024.repository.RezultatRepository 26 <init> - Initializing RezultatRepository with properties: {} 
30 Mar 2025 14:52:24,550 INFO  ro.mpp2024.services.ArbitruService 15 <init> - Initializing ArbitruService
30 Mar 2025 14:52:24,551 INFO  ro.mpp2024.services.RezultatService 21 <init> - Service Rezultat made
30 Mar 2025 14:52:26,016 TRACE ro.mpp2024.utils.JdbcUtils 48 getConnection - Enter
30 Mar 2025 14:52:26,016 TRACE ro.mpp2024.utils.JdbcUtils 25 getNewConnection - Enter
30 Mar 2025 14:52:26,017 INFO  ro.mpp2024.utils.JdbcUtils 30 getNewConnection - trying to connect to database ... jdbc:sqlite:src/main/resources/triatlon.db
30 Mar 2025 14:52:26,017 INFO  ro.mpp2024.utils.JdbcUtils 31 getNewConnection - user: null
30 Mar 2025 14:52:26,017 INFO  ro.mpp2024.utils.JdbcUtils 32 getNewConnection - pass: null
30 Mar 2025 14:52:26,101 TRACE ro.mpp2024.utils.JdbcUtils 57 getConnection - Exit with(org.sqlite.jdbc4.JDBC4Connection@25546745)
30 Mar 2025 14:54:29,038 INFO  ro.mpp2024.repository.ArbitruRepository 25 <init> - Initializing IArbitruRepository with properties: {} 
30 Mar 2025 14:54:29,041 INFO  ro.mpp2024.repository.ProbaRepository 25 <init> - Initializing ProbaRepository with properties: {} 
30 Mar 2025 14:54:29,043 INFO  ro.mpp2024.repository.ParticipantRepository 25 <init> - Initializing ParticipantRepository with properties: {} 
30 Mar 2025 14:54:29,044 INFO  ro.mpp2024.repository.RezultatRepository 26 <init> - Initializing RezultatRepository with properties: {} 
30 Mar 2025 14:54:29,044 INFO  ro.mpp2024.services.ArbitruService 15 <init> - Initializing ArbitruService
30 Mar 2025 14:54:29,045 INFO  ro.mpp2024.services.RezultatService 21 <init> - Service Rezultat made
30 Mar 2025 14:54:30,017 TRACE ro.mpp2024.utils.JdbcUtils 48 getConnection - Enter
30 Mar 2025 14:54:30,017 TRACE ro.mpp2024.utils.JdbcUtils 25 getNewConnection - Enter
30 Mar 2025 14:54:30,018 INFO  ro.mpp2024.utils.JdbcUtils 30 getNewConnection - trying to connect to database ... jdbc:sqlite:src/main/resources/triatlon.db
30 Mar 2025 14:54:30,018 INFO  ro.mpp2024.utils.JdbcUtils 31 getNewConnection - user: null
30 Mar 2025 14:54:30,018 INFO  ro.mpp2024.utils.JdbcUtils 32 getNewConnection - pass: null
30 Mar 2025 14:54:30,106 TRACE ro.mpp2024.utils.JdbcUtils 57 getConnection - Exit with(org.sqlite.jdbc4.JDBC4Connection@490de2eb)
30 Mar 2025 14:55:46,004 INFO  ro.mpp2024.repository.ArbitruRepository 25 <init> - Initializing IArbitruRepository with properties: {} 
30 Mar 2025 14:55:46,008 INFO  ro.mpp2024.repository.ProbaRepository 25 <init> - Initializing ProbaRepository with properties: {} 
30 Mar 2025 14:55:46,009 INFO  ro.mpp2024.repository.ParticipantRepository 25 <init> - Initializing ParticipantRepository with properties: {} 
30 Mar 2025 14:55:46,010 INFO  ro.mpp2024.repository.RezultatRepository 26 <init> - Initializing RezultatRepository with properties: {} 
30 Mar 2025 14:55:46,011 INFO  ro.mpp2024.services.ArbitruService 15 <init> - Initializing ArbitruService
30 Mar 2025 14:55:46,011 INFO  ro.mpp2024.services.RezultatService 21 <init> - Service Rezultat made
30 Mar 2025 14:55:47,342 TRACE ro.mpp2024.utils.JdbcUtils 48 getConnection - Enter
30 Mar 2025 14:55:47,342 TRACE ro.mpp2024.utils.JdbcUtils 25 getNewConnection - Enter
30 Mar 2025 14:55:47,343 INFO  ro.mpp2024.utils.JdbcUtils 30 getNewConnection - trying to connect to database ... jdbc:sqlite:src/main/resources/triatlon.db
30 Mar 2025 14:55:47,343 INFO  ro.mpp2024.utils.JdbcUtils 31 getNewConnection - user: null
30 Mar 2025 14:55:47,343 INFO  ro.mpp2024.utils.JdbcUtils 32 getNewConnection - pass: null
30 Mar 2025 14:55:47,430 TRACE ro.mpp2024.utils.JdbcUtils 57 getConnection - Exit with(org.sqlite.jdbc4.JDBC4Connection@25546745)
30 Mar 2025 14:56:26,506 INFO  ro.mpp2024.repository.ArbitruRepository 25 <init> - Initializing IArbitruRepository with properties: {} 
30 Mar 2025 14:56:26,510 INFO  ro.mpp2024.repository.ProbaRepository 25 <init> - Initializing ProbaRepository with properties: {} 
30 Mar 2025 14:56:26,511 INFO  ro.mpp2024.repository.ParticipantRepository 25 <init> - Initializing ParticipantRepository with properties: {} 
30 Mar 2025 14:56:26,512 INFO  ro.mpp2024.repository.RezultatRepository 26 <init> - Initializing RezultatRepository with properties: {} 
30 Mar 2025 14:56:26,513 INFO  ro.mpp2024.services.ArbitruService 15 <init> - Initializing ArbitruService
30 Mar 2025 14:56:26,513 INFO  ro.mpp2024.services.RezultatService 21 <init> - Service Rezultat made
30 Mar 2025 14:56:28,184 TRACE ro.mpp2024.utils.JdbcUtils 48 getConnection - Enter
30 Mar 2025 14:56:28,184 TRACE ro.mpp2024.utils.JdbcUtils 25 getNewConnection - Enter
30 Mar 2025 14:56:28,185 INFO  ro.mpp2024.utils.JdbcUtils 30 getNewConnection - trying to connect to database ... jdbc:sqlite:src/main/resources/triatlon.db
30 Mar 2025 14:56:28,185 INFO  ro.mpp2024.utils.JdbcUtils 31 getNewConnection - user: null
30 Mar 2025 14:56:28,185 INFO  ro.mpp2024.utils.JdbcUtils 32 getNewConnection - pass: null
30 Mar 2025 14:56:28,270 TRACE ro.mpp2024.utils.JdbcUtils 57 getConnection - Exit with(org.sqlite.jdbc4.JDBC4Connection@25546745)
30 Mar 2025 14:57:02,167 INFO  ro.mpp2024.repository.ArbitruRepository 25 <init> - Initializing IArbitruRepository with properties: {} 
30 Mar 2025 14:57:02,171 INFO  ro.mpp2024.repository.ProbaRepository 25 <init> - Initializing ProbaRepository with properties: {} 
30 Mar 2025 14:57:02,173 INFO  ro.mpp2024.repository.ParticipantRepository 25 <init> - Initializing ParticipantRepository with properties: {} 
30 Mar 2025 14:57:02,174 INFO  ro.mpp2024.repository.RezultatRepository 26 <init> - Initializing RezultatRepository with properties: {} 
30 Mar 2025 14:57:02,176 INFO  ro.mpp2024.services.ArbitruService 15 <init> - Initializing ArbitruService
30 Mar 2025 14:57:02,176 INFO  ro.mpp2024.services.RezultatService 21 <init> - Service Rezultat made
30 Mar 2025 14:57:03,318 TRACE ro.mpp2024.utils.JdbcUtils 48 getConnection - Enter
30 Mar 2025 14:57:03,318 TRACE ro.mpp2024.utils.JdbcUtils 25 getNewConnection - Enter
30 Mar 2025 14:57:03,319 INFO  ro.mpp2024.utils.JdbcUtils 30 getNewConnection - trying to connect to database ... jdbc:sqlite:src/main/resources/triatlon.db
30 Mar 2025 14:57:03,319 INFO  ro.mpp2024.utils.JdbcUtils 31 getNewConnection - user: null
30 Mar 2025 14:57:03,319 INFO  ro.mpp2024.utils.JdbcUtils 32 getNewConnection - pass: null
30 Mar 2025 14:57:03,406 TRACE ro.mpp2024.utils.JdbcUtils 57 getConnection - Exit with(org.sqlite.jdbc4.JDBC4Connection@25546745)
30 Mar 2025 14:57:31,447 INFO  ro.mpp2024.repository.ArbitruRepository 25 <init> - Initializing IArbitruRepository with properties: {} 
30 Mar 2025 14:57:31,451 INFO  ro.mpp2024.repository.ProbaRepository 25 <init> - Initializing ProbaRepository with properties: {} 
30 Mar 2025 14:57:31,452 INFO  ro.mpp2024.repository.ParticipantRepository 25 <init> - Initializing ParticipantRepository with properties: {} 
30 Mar 2025 14:57:31,453 INFO  ro.mpp2024.repository.RezultatRepository 26 <init> - Initializing RezultatRepository with properties: {} 
30 Mar 2025 14:57:31,453 INFO  ro.mpp2024.services.ArbitruService 15 <init> - Initializing ArbitruService
30 Mar 2025 14:57:31,454 INFO  ro.mpp2024.services.RezultatService 21 <init> - Service Rezultat made
30 Mar 2025 14:58:03,571 INFO  ro.mpp2024.repository.ArbitruRepository 25 <init> - Initializing IArbitruRepository with properties: {} 
30 Mar 2025 14:58:03,574 INFO  ro.mpp2024.repository.ProbaRepository 25 <init> - Initializing ProbaRepository with properties: {} 
30 Mar 2025 14:58:03,575 INFO  ro.mpp2024.repository.ParticipantRepository 25 <init> - Initializing ParticipantRepository with properties: {} 
30 Mar 2025 14:58:03,577 INFO  ro.mpp2024.repository.RezultatRepository 26 <init> - Initializing RezultatRepository with properties: {} 
30 Mar 2025 14:58:03,577 INFO  ro.mpp2024.services.ArbitruService 15 <init> - Initializing ArbitruService
30 Mar 2025 14:58:03,578 INFO  ro.mpp2024.services.RezultatService 21 <init> - Service Rezultat made
30 Mar 2025 14:58:04,767 TRACE ro.mpp2024.utils.JdbcUtils 48 getConnection - Enter
30 Mar 2025 14:58:04,767 TRACE ro.mpp2024.utils.JdbcUtils 25 getNewConnection - Enter
30 Mar 2025 14:58:04,768 INFO  ro.mpp2024.utils.JdbcUtils 30 getNewConnection - trying to connect to database ... jdbc:sqlite:src/main/resources/triatlon.db
30 Mar 2025 14:58:04,768 INFO  ro.mpp2024.utils.JdbcUtils 31 getNewConnection - user: null
30 Mar 2025 14:58:04,768 INFO  ro.mpp2024.utils.JdbcUtils 32 getNewConnection - pass: null
30 Mar 2025 14:58:04,854 TRACE ro.mpp2024.utils.JdbcUtils 57 getConnection - Exit with(org.sqlite.jdbc4.JDBC4Connection@25546745)
30 Mar 2025 14:58:37,414 INFO  ro.mpp2024.repository.ArbitruRepository 25 <init> - Initializing IArbitruRepository with properties: {} 
30 Mar 2025 14:58:37,417 INFO  ro.mpp2024.repository.ProbaRepository 25 <init> - Initializing ProbaRepository with properties: {} 
30 Mar 2025 14:58:37,418 INFO  ro.mpp2024.repository.ParticipantRepository 25 <init> - Initializing ParticipantRepository with properties: {} 
30 Mar 2025 14:58:37,419 INFO  ro.mpp2024.repository.RezultatRepository 26 <init> - Initializing RezultatRepository with properties: {} 
30 Mar 2025 14:58:37,420 INFO  ro.mpp2024.services.ArbitruService 15 <init> - Initializing ArbitruService
30 Mar 2025 14:58:37,420 INFO  ro.mpp2024.services.RezultatService 21 <init> - Service Rezultat made
30 Mar 2025 14:58:38,499 TRACE ro.mpp2024.utils.JdbcUtils 48 getConnection - Enter
30 Mar 2025 14:58:38,499 TRACE ro.mpp2024.utils.JdbcUtils 25 getNewConnection - Enter
30 Mar 2025 14:58:38,500 INFO  ro.mpp2024.utils.JdbcUtils 30 getNewConnection - trying to connect to database ... jdbc:sqlite:src/main/resources/triatlon.db
30 Mar 2025 14:58:38,500 INFO  ro.mpp2024.utils.JdbcUtils 31 getNewConnection - user: null
30 Mar 2025 14:58:38,500 INFO  ro.mpp2024.utils.JdbcUtils 32 getNewConnection - pass: null
30 Mar 2025 14:58:38,587 TRACE ro.mpp2024.utils.JdbcUtils 57 getConnection - Exit with(org.sqlite.jdbc4.JDBC4Connection@25546745)
30 Mar 2025 14:58:48,498 INFO  ro.mpp2024.repository.ArbitruRepository 25 <init> - Initializing IArbitruRepository with properties: {} 
30 Mar 2025 14:58:48,501 INFO  ro.mpp2024.repository.ProbaRepository 25 <init> - Initializing ProbaRepository with properties: {} 
30 Mar 2025 14:58:48,502 INFO  ro.mpp2024.repository.ParticipantRepository 25 <init> - Initializing ParticipantRepository with properties: {} 
30 Mar 2025 14:58:48,503 INFO  ro.mpp2024.repository.RezultatRepository 26 <init> - Initializing RezultatRepository with properties: {} 
30 Mar 2025 14:58:48,504 INFO  ro.mpp2024.services.ArbitruService 15 <init> - Initializing ArbitruService
30 Mar 2025 14:58:48,504 INFO  ro.mpp2024.services.RezultatService 21 <init> - Service Rezultat made
30 Mar 2025 14:58:49,817 TRACE ro.mpp2024.utils.JdbcUtils 48 getConnection - Enter
30 Mar 2025 14:58:49,817 TRACE ro.mpp2024.utils.JdbcUtils 25 getNewConnection - Enter
30 Mar 2025 14:58:49,818 INFO  ro.mpp2024.utils.JdbcUtils 30 getNewConnection - trying to connect to database ... jdbc:sqlite:src/main/resources/triatlon.db
30 Mar 2025 14:58:49,818 INFO  ro.mpp2024.utils.JdbcUtils 31 getNewConnection - user: null
30 Mar 2025 14:58:49,818 INFO  ro.mpp2024.utils.JdbcUtils 32 getNewConnection - pass: null
30 Mar 2025 14:58:49,908 TRACE ro.mpp2024.utils.JdbcUtils 57 getConnection - Exit with(org.sqlite.jdbc4.JDBC4Connection@25546745)
30 Mar 2025 15:20:06,223 INFO  ro.mpp2024.repository.ArbitruRepository 25 <init> - Initializing IArbitruRepository with properties: {} 
30 Mar 2025 15:20:06,226 INFO  ro.mpp2024.repository.ProbaRepository 25 <init> - Initializing ProbaRepository with properties: {} 
30 Mar 2025 15:20:06,228 INFO  ro.mpp2024.repository.ParticipantRepository 25 <init> - Initializing ParticipantRepository with properties: {} 
30 Mar 2025 15:20:06,229 INFO  ro.mpp2024.repository.RezultatRepository 26 <init> - Initializing RezultatRepository with properties: {} 
30 Mar 2025 15:20:06,229 INFO  ro.mpp2024.services.ArbitruService 15 <init> - Initializing ArbitruService
30 Mar 2025 15:20:06,230 INFO  ro.mpp2024.services.RezultatService 26 <init> - Service Rezultat made
30 Mar 2025 15:20:07,558 TRACE ro.mpp2024.utils.JdbcUtils 48 getConnection - Enter
30 Mar 2025 15:20:07,558 TRACE ro.mpp2024.utils.JdbcUtils 25 getNewConnection - Enter
30 Mar 2025 15:20:07,558 INFO  ro.mpp2024.utils.JdbcUtils 30 getNewConnection - trying to connect to database ... jdbc:sqlite:src/main/resources/triatlon.db
30 Mar 2025 15:20:07,559 INFO  ro.mpp2024.utils.JdbcUtils 31 getNewConnection - user: null
30 Mar 2025 15:20:07,559 INFO  ro.mpp2024.utils.JdbcUtils 32 getNewConnection - pass: null
30 Mar 2025 15:20:07,641 TRACE ro.mpp2024.utils.JdbcUtils 57 getConnection - Exit with(org.sqlite.jdbc4.JDBC4Connection@25546745)
30 Mar 2025 15:20:21,539 INFO  ro.mpp2024.repository.ArbitruRepository 25 <init> - Initializing IArbitruRepository with properties: {} 
30 Mar 2025 15:20:21,543 INFO  ro.mpp2024.repository.ProbaRepository 25 <init> - Initializing ProbaRepository with properties: {} 
30 Mar 2025 15:20:21,545 INFO  ro.mpp2024.repository.ParticipantRepository 25 <init> - Initializing ParticipantRepository with properties: {} 
30 Mar 2025 15:20:21,546 INFO  ro.mpp2024.repository.RezultatRepository 26 <init> - Initializing RezultatRepository with properties: {} 
30 Mar 2025 15:20:21,547 INFO  ro.mpp2024.services.ArbitruService 15 <init> - Initializing ArbitruService
30 Mar 2025 15:20:21,547 INFO  ro.mpp2024.services.RezultatService 26 <init> - Service Rezultat made
30 Mar 2025 15:20:23,129 TRACE ro.mpp2024.utils.JdbcUtils 48 getConnection - Enter
30 Mar 2025 15:20:23,129 TRACE ro.mpp2024.utils.JdbcUtils 25 getNewConnection - Enter
30 Mar 2025 15:20:23,130 INFO  ro.mpp2024.utils.JdbcUtils 30 getNewConnection - trying to connect to database ... jdbc:sqlite:src/main/resources/triatlon.db
30 Mar 2025 15:20:23,130 INFO  ro.mpp2024.utils.JdbcUtils 31 getNewConnection - user: null
30 Mar 2025 15:20:23,130 INFO  ro.mpp2024.utils.JdbcUtils 32 getNewConnection - pass: null
30 Mar 2025 15:20:23,219 TRACE ro.mpp2024.utils.JdbcUtils 57 getConnection - Exit with(org.sqlite.jdbc4.JDBC4Connection@25546745)
30 Mar 2025 15:20:23,253 TRACE ro.mpp2024.repository.RezultatRepository 143 listaParticipantiPuncteAlfabetic - Enter listaParticipantiPuncteAlfabetic
30 Mar 2025 15:20:23,253 TRACE ro.mpp2024.utils.JdbcUtils 48 getConnection - Enter
30 Mar 2025 15:20:23,253 TRACE ro.mpp2024.utils.JdbcUtils 57 getConnection - Exit with(org.sqlite.jdbc4.JDBC4Connection@25546745)
30 Mar 2025 15:20:23,254 TRACE ro.mpp2024.repository.RezultatRepository 161 listaParticipantiPuncteAlfabetic - Enter Terminat dictionar
30 Mar 2025 15:20:23,254 TRACE ro.mpp2024.repository.RezultatRepository 167 listaParticiapntPuncteProbaDescrescator - Enter listaParticiapntPuncteProbaDescrescator
30 Mar 2025 15:20:23,254 TRACE ro.mpp2024.utils.JdbcUtils 48 getConnection - Enter
30 Mar 2025 15:20:23,255 TRACE ro.mpp2024.utils.JdbcUtils 57 getConnection - Exit with(org.sqlite.jdbc4.JDBC4Connection@25546745)
30 Mar 2025 15:20:23,257 ERROR ro.mpp2024.repository.RezultatRepository 182 listaParticiapntPuncteProbaDescrescator - org.sqlite.SQLiteException: [SQLITE_ERROR] SQL error or missing database (no such column: total_puncte)
30 Mar 2025 15:20:23,257 TRACE ro.mpp2024.repository.RezultatRepository 185 listaParticiapntPuncteProbaDescrescator - Enter Terminat dictionar
30 Mar 2025 15:21:45,398 INFO  ro.mpp2024.repository.ArbitruRepository 25 <init> - Initializing IArbitruRepository with properties: {} 
30 Mar 2025 15:21:45,401 INFO  ro.mpp2024.repository.ProbaRepository 25 <init> - Initializing ProbaRepository with properties: {} 
30 Mar 2025 15:21:45,402 INFO  ro.mpp2024.repository.ParticipantRepository 25 <init> - Initializing ParticipantRepository with properties: {} 
30 Mar 2025 15:21:45,403 INFO  ro.mpp2024.repository.RezultatRepository 26 <init> - Initializing RezultatRepository with properties: {} 
30 Mar 2025 15:21:45,404 INFO  ro.mpp2024.services.ArbitruService 15 <init> - Initializing ArbitruService
30 Mar 2025 15:21:45,405 INFO  ro.mpp2024.services.RezultatService 26 <init> - Service Rezultat made
30 Mar 2025 15:21:46,509 TRACE ro.mpp2024.utils.JdbcUtils 48 getConnection - Enter
30 Mar 2025 15:21:46,510 TRACE ro.mpp2024.utils.JdbcUtils 25 getNewConnection - Enter
30 Mar 2025 15:21:46,510 INFO  ro.mpp2024.utils.JdbcUtils 30 getNewConnection - trying to connect to database ... jdbc:sqlite:src/main/resources/triatlon.db
30 Mar 2025 15:21:46,511 INFO  ro.mpp2024.utils.JdbcUtils 31 getNewConnection - user: null
30 Mar 2025 15:21:46,511 INFO  ro.mpp2024.utils.JdbcUtils 32 getNewConnection - pass: null
30 Mar 2025 15:21:46,599 TRACE ro.mpp2024.utils.JdbcUtils 57 getConnection - Exit with(org.sqlite.jdbc4.JDBC4Connection@25546745)
30 Mar 2025 15:21:46,632 TRACE ro.mpp2024.repository.RezultatRepository 143 listaParticipantiPuncteAlfabetic - Enter listaParticipantiPuncteAlfabetic
30 Mar 2025 15:21:46,633 TRACE ro.mpp2024.utils.JdbcUtils 48 getConnection - Enter
30 Mar 2025 15:21:46,633 TRACE ro.mpp2024.utils.JdbcUtils 57 getConnection - Exit with(org.sqlite.jdbc4.JDBC4Connection@25546745)
30 Mar 2025 15:21:46,634 TRACE ro.mpp2024.repository.RezultatRepository 161 listaParticipantiPuncteAlfabetic - Enter Terminat dictionar
30 Mar 2025 15:21:46,634 TRACE ro.mpp2024.repository.RezultatRepository 167 listaParticiapntPuncteProbaDescrescator - Enter listaParticiapntPuncteProbaDescrescator
30 Mar 2025 15:21:46,634 TRACE ro.mpp2024.utils.JdbcUtils 48 getConnection - Enter
30 Mar 2025 15:21:46,634 TRACE ro.mpp2024.utils.JdbcUtils 57 getConnection - Exit with(org.sqlite.jdbc4.JDBC4Connection@25546745)
30 Mar 2025 15:21:46,636 ERROR ro.mpp2024.repository.RezultatRepository 182 listaParticiapntPuncteProbaDescrescator - org.sqlite.SQLiteException: [SQLITE_ERROR] SQL error or missing database (no such column: total_puncte)
30 Mar 2025 15:21:46,636 TRACE ro.mpp2024.repository.RezultatRepository 185 listaParticiapntPuncteProbaDescrescator - Enter Terminat dictionar
30 Mar 2025 15:25:02,601 INFO  ro.mpp2024.repository.ArbitruRepository 25 <init> - Initializing IArbitruRepository with properties: {} 
30 Mar 2025 15:25:02,605 INFO  ro.mpp2024.repository.ProbaRepository 25 <init> - Initializing ProbaRepository with properties: {} 
30 Mar 2025 15:25:02,607 INFO  ro.mpp2024.repository.ParticipantRepository 25 <init> - Initializing ParticipantRepository with properties: {} 
30 Mar 2025 15:25:02,608 INFO  ro.mpp2024.repository.RezultatRepository 26 <init> - Initializing RezultatRepository with properties: {} 
30 Mar 2025 15:25:02,609 INFO  ro.mpp2024.services.ArbitruService 15 <init> - Initializing ArbitruService
30 Mar 2025 15:25:02,610 INFO  ro.mpp2024.services.RezultatService 26 <init> - Service Rezultat made
30 Mar 2025 15:25:03,875 TRACE ro.mpp2024.utils.JdbcUtils 48 getConnection - Enter
30 Mar 2025 15:25:03,875 TRACE ro.mpp2024.utils.JdbcUtils 25 getNewConnection - Enter
30 Mar 2025 15:25:03,876 INFO  ro.mpp2024.utils.JdbcUtils 30 getNewConnection - trying to connect to database ... jdbc:sqlite:src/main/resources/triatlon.db
30 Mar 2025 15:25:03,876 INFO  ro.mpp2024.utils.JdbcUtils 31 getNewConnection - user: null
30 Mar 2025 15:25:03,877 INFO  ro.mpp2024.utils.JdbcUtils 32 getNewConnection - pass: null
30 Mar 2025 15:25:03,967 TRACE ro.mpp2024.utils.JdbcUtils 57 getConnection - Exit with(org.sqlite.jdbc4.JDBC4Connection@c21ce1)
30 Mar 2025 15:25:04,001 TRACE ro.mpp2024.repository.RezultatRepository 143 listaParticipantiPuncteAlfabetic - Enter listaParticipantiPuncteAlfabetic
30 Mar 2025 15:25:04,001 TRACE ro.mpp2024.utils.JdbcUtils 48 getConnection - Enter
30 Mar 2025 15:25:04,002 TRACE ro.mpp2024.utils.JdbcUtils 57 getConnection - Exit with(org.sqlite.jdbc4.JDBC4Connection@c21ce1)
30 Mar 2025 15:25:04,003 TRACE ro.mpp2024.repository.RezultatRepository 161 listaParticipantiPuncteAlfabetic - Enter Terminat dictionar
30 Mar 2025 15:25:04,003 TRACE ro.mpp2024.repository.RezultatRepository 167 listaParticiapntPuncteProbaDescrescator - Enter listaParticiapntPuncteProbaDescrescator
30 Mar 2025 15:25:04,003 TRACE ro.mpp2024.utils.JdbcUtils 48 getConnection - Enter
30 Mar 2025 15:25:04,003 TRACE ro.mpp2024.utils.JdbcUtils 57 getConnection - Exit with(org.sqlite.jdbc4.JDBC4Connection@c21ce1)
30 Mar 2025 15:25:04,005 ERROR ro.mpp2024.repository.RezultatRepository 182 listaParticiapntPuncteProbaDescrescator - org.sqlite.SQLiteException: [SQLITE_ERROR] SQL error or missing database (no such column: total_puncte)
30 Mar 2025 15:25:04,005 TRACE ro.mpp2024.repository.RezultatRepository 185 listaParticiapntPuncteProbaDescrescator - Enter Terminat dictionar
30 Mar 2025 15:28:44,530 INFO  ro.mpp2024.repository.ArbitruRepository 25 <init> - Initializing IArbitruRepository with properties: {} 
30 Mar 2025 15:28:44,534 INFO  ro.mpp2024.repository.ProbaRepository 25 <init> - Initializing ProbaRepository with properties: {} 
30 Mar 2025 15:28:44,536 INFO  ro.mpp2024.repository.ParticipantRepository 25 <init> - Initializing ParticipantRepository with properties: {} 
30 Mar 2025 15:28:44,537 INFO  ro.mpp2024.repository.RezultatRepository 26 <init> - Initializing RezultatRepository with properties: {} 
30 Mar 2025 15:28:44,537 INFO  ro.mpp2024.services.ArbitruService 15 <init> - Initializing ArbitruService
30 Mar 2025 15:28:44,538 INFO  ro.mpp2024.services.RezultatService 26 <init> - Service Rezultat made
30 Mar 2025 15:28:45,655 TRACE ro.mpp2024.utils.JdbcUtils 48 getConnection - Enter
30 Mar 2025 15:28:45,655 TRACE ro.mpp2024.utils.JdbcUtils 25 getNewConnection - Enter
30 Mar 2025 15:28:45,655 INFO  ro.mpp2024.utils.JdbcUtils 30 getNewConnection - trying to connect to database ... jdbc:sqlite:src/main/resources/triatlon.db
30 Mar 2025 15:28:45,656 INFO  ro.mpp2024.utils.JdbcUtils 31 getNewConnection - user: null
30 Mar 2025 15:28:45,656 INFO  ro.mpp2024.utils.JdbcUtils 32 getNewConnection - pass: null
30 Mar 2025 15:28:45,740 TRACE ro.mpp2024.utils.JdbcUtils 57 getConnection - Exit with(org.sqlite.jdbc4.JDBC4Connection@25546745)
30 Mar 2025 15:28:45,774 TRACE ro.mpp2024.repository.RezultatRepository 143 listaParticipantiPuncteAlfabetic - Enter listaParticipantiPuncteAlfabetic
30 Mar 2025 15:28:45,774 TRACE ro.mpp2024.utils.JdbcUtils 48 getConnection - Enter
30 Mar 2025 15:28:45,774 TRACE ro.mpp2024.utils.JdbcUtils 57 getConnection - Exit with(org.sqlite.jdbc4.JDBC4Connection@25546745)
30 Mar 2025 15:28:45,775 TRACE ro.mpp2024.repository.RezultatRepository 161 listaParticipantiPuncteAlfabetic - Enter Terminat dictionar
30 Mar 2025 15:28:45,776 TRACE ro.mpp2024.repository.RezultatRepository 167 listaParticiapntPuncteProbaDescrescator - Enter listaParticiapntPuncteProbaDescrescator
30 Mar 2025 15:28:45,776 TRACE ro.mpp2024.utils.JdbcUtils 48 getConnection - Enter
30 Mar 2025 15:28:45,776 TRACE ro.mpp2024.utils.JdbcUtils 57 getConnection - Exit with(org.sqlite.jdbc4.JDBC4Connection@25546745)
30 Mar 2025 15:28:45,778 ERROR ro.mpp2024.repository.RezultatRepository 182 listaParticiapntPuncteProbaDescrescator - org.sqlite.SQLiteException: [SQLITE_ERROR] SQL error or missing database (no such column: total_puncte)
30 Mar 2025 15:28:45,778 TRACE ro.mpp2024.repository.RezultatRepository 185 listaParticiapntPuncteProbaDescrescator - Enter Terminat dictionar
30 Mar 2025 15:29:46,613 INFO  ro.mpp2024.repository.ArbitruRepository 25 <init> - Initializing IArbitruRepository with properties: {} 
30 Mar 2025 15:29:46,616 INFO  ro.mpp2024.repository.ProbaRepository 25 <init> - Initializing ProbaRepository with properties: {} 
30 Mar 2025 15:29:46,617 INFO  ro.mpp2024.repository.ParticipantRepository 25 <init> - Initializing ParticipantRepository with properties: {} 
30 Mar 2025 15:29:46,618 INFO  ro.mpp2024.repository.RezultatRepository 26 <init> - Initializing RezultatRepository with properties: {} 
30 Mar 2025 15:29:46,618 INFO  ro.mpp2024.services.ArbitruService 15 <init> - Initializing ArbitruService
30 Mar 2025 15:29:46,619 INFO  ro.mpp2024.services.RezultatService 26 <init> - Service Rezultat made
30 Mar 2025 15:29:49,079 TRACE ro.mpp2024.utils.JdbcUtils 48 getConnection - Enter
30 Mar 2025 15:29:49,079 TRACE ro.mpp2024.utils.JdbcUtils 25 getNewConnection - Enter
30 Mar 2025 15:29:49,080 INFO  ro.mpp2024.utils.JdbcUtils 30 getNewConnection - trying to connect to database ... jdbc:sqlite:src/main/resources/triatlon.db
30 Mar 2025 15:29:49,080 INFO  ro.mpp2024.utils.JdbcUtils 31 getNewConnection - user: null
30 Mar 2025 15:29:49,080 INFO  ro.mpp2024.utils.JdbcUtils 32 getNewConnection - pass: null
30 Mar 2025 15:29:49,171 TRACE ro.mpp2024.utils.JdbcUtils 57 getConnection - Exit with(org.sqlite.jdbc4.JDBC4Connection@23d7ac52)
30 Mar 2025 15:29:49,205 TRACE ro.mpp2024.repository.RezultatRepository 143 listaParticipantiPuncteAlfabetic - Enter listaParticipantiPuncteAlfabetic
30 Mar 2025 15:29:49,206 TRACE ro.mpp2024.utils.JdbcUtils 48 getConnection - Enter
30 Mar 2025 15:29:49,206 TRACE ro.mpp2024.utils.JdbcUtils 57 getConnection - Exit with(org.sqlite.jdbc4.JDBC4Connection@23d7ac52)
30 Mar 2025 15:29:49,207 TRACE ro.mpp2024.repository.RezultatRepository 161 listaParticipantiPuncteAlfabetic - Enter Terminat dictionar
30 Mar 2025 15:29:49,207 TRACE ro.mpp2024.repository.RezultatRepository 167 listaParticiapntPuncteProbaDescrescator - Enter listaParticiapntPuncteProbaDescrescator
30 Mar 2025 15:29:49,207 TRACE ro.mpp2024.utils.JdbcUtils 48 getConnection - Enter
30 Mar 2025 15:29:49,207 TRACE ro.mpp2024.utils.JdbcUtils 57 getConnection - Exit with(org.sqlite.jdbc4.JDBC4Connection@23d7ac52)
30 Mar 2025 15:29:49,212 ERROR ro.mpp2024.repository.RezultatRepository 182 listaParticiapntPuncteProbaDescrescator - org.sqlite.SQLiteException: [SQLITE_ERROR] SQL error or missing database (no such column: total_puncte)
30 Mar 2025 15:29:49,213 TRACE ro.mpp2024.repository.RezultatRepository 185 listaParticiapntPuncteProbaDescrescator - Enter Terminat dictionar
30 Mar 2025 15:30:03,914 INFO  ro.mpp2024.repository.ArbitruRepository 25 <init> - Initializing IArbitruRepository with properties: {} 
30 Mar 2025 15:30:03,918 INFO  ro.mpp2024.repository.ProbaRepository 25 <init> - Initializing ProbaRepository with properties: {} 
30 Mar 2025 15:30:03,919 INFO  ro.mpp2024.repository.ParticipantRepository 25 <init> - Initializing ParticipantRepository with properties: {} 
30 Mar 2025 15:30:03,920 INFO  ro.mpp2024.repository.RezultatRepository 26 <init> - Initializing RezultatRepository with properties: {} 
30 Mar 2025 15:30:03,921 INFO  ro.mpp2024.services.ArbitruService 15 <init> - Initializing ArbitruService
30 Mar 2025 15:30:03,921 INFO  ro.mpp2024.services.RezultatService 26 <init> - Service Rezultat made
30 Mar 2025 15:30:05,985 TRACE ro.mpp2024.utils.JdbcUtils 48 getConnection - Enter
30 Mar 2025 15:30:05,985 TRACE ro.mpp2024.utils.JdbcUtils 25 getNewConnection - Enter
30 Mar 2025 15:30:05,986 INFO  ro.mpp2024.utils.JdbcUtils 30 getNewConnection - trying to connect to database ... jdbc:sqlite:src/main/resources/triatlon.db
30 Mar 2025 15:30:05,986 INFO  ro.mpp2024.utils.JdbcUtils 31 getNewConnection - user: null
30 Mar 2025 15:30:05,986 INFO  ro.mpp2024.utils.JdbcUtils 32 getNewConnection - pass: null
30 Mar 2025 15:30:06,072 TRACE ro.mpp2024.utils.JdbcUtils 57 getConnection - Exit with(org.sqlite.jdbc4.JDBC4Connection@25546745)
30 Mar 2025 15:30:06,107 TRACE ro.mpp2024.repository.RezultatRepository 143 listaParticipantiPuncteAlfabetic - Enter listaParticipantiPuncteAlfabetic
30 Mar 2025 15:30:06,107 TRACE ro.mpp2024.utils.JdbcUtils 48 getConnection - Enter
30 Mar 2025 15:30:06,108 TRACE ro.mpp2024.utils.JdbcUtils 57 getConnection - Exit with(org.sqlite.jdbc4.JDBC4Connection@25546745)
30 Mar 2025 15:30:06,109 TRACE ro.mpp2024.repository.RezultatRepository 161 listaParticipantiPuncteAlfabetic - Enter Terminat dictionar
30 Mar 2025 15:30:06,109 TRACE ro.mpp2024.repository.RezultatRepository 167 listaParticiapntPuncteProbaDescrescator - Enter listaParticiapntPuncteProbaDescrescator
30 Mar 2025 15:30:06,109 TRACE ro.mpp2024.utils.JdbcUtils 48 getConnection - Enter
30 Mar 2025 15:30:06,109 TRACE ro.mpp2024.utils.JdbcUtils 57 getConnection - Exit with(org.sqlite.jdbc4.JDBC4Connection@25546745)
30 Mar 2025 15:30:06,111 ERROR ro.mpp2024.repository.RezultatRepository 182 listaParticiapntPuncteProbaDescrescator - org.sqlite.SQLiteException: [SQLITE_ERROR] SQL error or missing database (no such column: total_puncte)
30 Mar 2025 15:30:06,111 TRACE ro.mpp2024.repository.RezultatRepository 185 listaParticiapntPuncteProbaDescrescator - Enter Terminat dictionar
30 Mar 2025 15:31:35,594 INFO  ro.mpp2024.repository.ArbitruRepository 25 <init> - Initializing IArbitruRepository with properties: {} 
30 Mar 2025 15:31:35,597 INFO  ro.mpp2024.repository.ProbaRepository 25 <init> - Initializing ProbaRepository with properties: {} 
30 Mar 2025 15:31:35,598 INFO  ro.mpp2024.repository.ParticipantRepository 25 <init> - Initializing ParticipantRepository with properties: {} 
30 Mar 2025 15:31:35,599 INFO  ro.mpp2024.repository.RezultatRepository 26 <init> - Initializing RezultatRepository with properties: {} 
30 Mar 2025 15:31:35,600 INFO  ro.mpp2024.services.ArbitruService 15 <init> - Initializing ArbitruService
30 Mar 2025 15:31:35,600 INFO  ro.mpp2024.services.RezultatService 26 <init> - Service Rezultat made
30 Mar 2025 15:31:35,602 TRACE ro.mpp2024.repository.RezultatRepository 167 listaParticiapntPuncteProbaDescrescator - Enter listaParticiapntPuncteProbaDescrescator
30 Mar 2025 15:31:35,602 TRACE ro.mpp2024.utils.JdbcUtils 48 getConnection - Enter
30 Mar 2025 15:31:35,602 TRACE ro.mpp2024.utils.JdbcUtils 25 getNewConnection - Enter
30 Mar 2025 15:31:35,603 INFO  ro.mpp2024.utils.JdbcUtils 30 getNewConnection - trying to connect to database ... jdbc:sqlite:src/main/resources/triatlon.db
30 Mar 2025 15:31:35,603 INFO  ro.mpp2024.utils.JdbcUtils 31 getNewConnection - user: null
30 Mar 2025 15:31:35,603 INFO  ro.mpp2024.utils.JdbcUtils 32 getNewConnection - pass: null
30 Mar 2025 15:31:35,684 TRACE ro.mpp2024.utils.JdbcUtils 57 getConnection - Exit with(org.sqlite.jdbc4.JDBC4Connection@242db37f)
30 Mar 2025 15:31:35,688 ERROR ro.mpp2024.repository.RezultatRepository 182 listaParticiapntPuncteProbaDescrescator - org.sqlite.SQLiteException: [SQLITE_ERROR] SQL error or missing database (no such column: total_puncte)
30 Mar 2025 15:31:35,688 TRACE ro.mpp2024.repository.RezultatRepository 185 listaParticiapntPuncteProbaDescrescator - Enter Terminat dictionar
30 Mar 2025 15:32:03,647 INFO  ro.mpp2024.repository.ArbitruRepository 25 <init> - Initializing IArbitruRepository with properties: {} 
30 Mar 2025 15:32:03,650 INFO  ro.mpp2024.repository.ProbaRepository 25 <init> - Initializing ProbaRepository with properties: {} 
30 Mar 2025 15:32:03,651 INFO  ro.mpp2024.repository.ParticipantRepository 25 <init> - Initializing ParticipantRepository with properties: {} 
30 Mar 2025 15:32:03,652 INFO  ro.mpp2024.repository.RezultatRepository 26 <init> - Initializing RezultatRepository with properties: {} 
30 Mar 2025 15:32:03,653 INFO  ro.mpp2024.services.ArbitruService 15 <init> - Initializing ArbitruService
30 Mar 2025 15:32:03,654 INFO  ro.mpp2024.services.RezultatService 26 <init> - Service Rezultat made
30 Mar 2025 15:32:03,655 TRACE ro.mpp2024.repository.RezultatRepository 167 listaParticiapntPuncteProbaDescrescator - Enter listaParticiapntPuncteProbaDescrescator
30 Mar 2025 15:32:03,655 TRACE ro.mpp2024.utils.JdbcUtils 48 getConnection - Enter
30 Mar 2025 15:32:03,655 TRACE ro.mpp2024.utils.JdbcUtils 25 getNewConnection - Enter
30 Mar 2025 15:32:03,656 INFO  ro.mpp2024.utils.JdbcUtils 30 getNewConnection - trying to connect to database ... jdbc:sqlite:src/main/resources/triatlon.db
30 Mar 2025 15:32:03,656 INFO  ro.mpp2024.utils.JdbcUtils 31 getNewConnection - user: null
30 Mar 2025 15:32:03,656 INFO  ro.mpp2024.utils.JdbcUtils 32 getNewConnection - pass: null
30 Mar 2025 15:32:03,746 TRACE ro.mpp2024.utils.JdbcUtils 57 getConnection - Exit with(org.sqlite.jdbc4.JDBC4Connection@242db37f)
30 Mar 2025 15:32:03,749 TRACE ro.mpp2024.repository.RezultatRepository 185 listaParticiapntPuncteProbaDescrescator - Enter Terminat dictionar
30 Mar 2025 15:32:05,249 TRACE ro.mpp2024.utils.JdbcUtils 48 getConnection - Enter
30 Mar 2025 15:32:05,249 TRACE ro.mpp2024.utils.JdbcUtils 57 getConnection - Exit with(org.sqlite.jdbc4.JDBC4Connection@242db37f)
30 Mar 2025 15:32:05,283 TRACE ro.mpp2024.repository.RezultatRepository 143 listaParticipantiPuncteAlfabetic - Enter listaParticipantiPuncteAlfabetic
30 Mar 2025 15:32:05,284 TRACE ro.mpp2024.utils.JdbcUtils 48 getConnection - Enter
30 Mar 2025 15:32:05,284 TRACE ro.mpp2024.utils.JdbcUtils 57 getConnection - Exit with(org.sqlite.jdbc4.JDBC4Connection@242db37f)
30 Mar 2025 15:32:05,285 TRACE ro.mpp2024.repository.RezultatRepository 161 listaParticipantiPuncteAlfabetic - Enter Terminat dictionar
30 Mar 2025 15:32:05,285 TRACE ro.mpp2024.repository.RezultatRepository 167 listaParticiapntPuncteProbaDescrescator - Enter listaParticiapntPuncteProbaDescrescator
30 Mar 2025 15:32:05,285 TRACE ro.mpp2024.utils.JdbcUtils 48 getConnection - Enter
30 Mar 2025 15:32:05,285 TRACE ro.mpp2024.utils.JdbcUtils 57 getConnection - Exit with(org.sqlite.jdbc4.JDBC4Connection@242db37f)
30 Mar 2025 15:32:05,285 TRACE ro.mpp2024.repository.RezultatRepository 185 listaParticiapntPuncteProbaDescrescator - Enter Terminat dictionar
30 Mar 2025 15:34:55,142 INFO  ro.mpp2024.repository.ArbitruRepository 25 <init> - Initializing IArbitruRepository with properties: {} 
30 Mar 2025 15:34:55,147 INFO  ro.mpp2024.repository.ProbaRepository 25 <init> - Initializing ProbaRepository with properties: {} 
30 Mar 2025 15:34:55,148 INFO  ro.mpp2024.repository.ParticipantRepository 25 <init> - Initializing ParticipantRepository with properties: {} 
30 Mar 2025 15:34:55,150 INFO  ro.mpp2024.repository.RezultatRepository 26 <init> - Initializing RezultatRepository with properties: {} 
30 Mar 2025 15:34:55,151 INFO  ro.mpp2024.services.ArbitruService 15 <init> - Initializing ArbitruService
30 Mar 2025 15:34:55,151 INFO  ro.mpp2024.services.RezultatService 26 <init> - Service Rezultat made
30 Mar 2025 15:34:55,153 TRACE ro.mpp2024.repository.RezultatRepository 167 listaParticiapntPuncteProbaDescrescator - Enter listaParticiapntPuncteProbaDescrescator
30 Mar 2025 15:34:55,153 TRACE ro.mpp2024.utils.JdbcUtils 48 getConnection - Enter
30 Mar 2025 15:34:55,153 TRACE ro.mpp2024.utils.JdbcUtils 25 getNewConnection - Enter
30 Mar 2025 15:34:55,154 INFO  ro.mpp2024.utils.JdbcUtils 30 getNewConnection - trying to connect to database ... jdbc:sqlite:src/main/resources/triatlon.db
30 Mar 2025 15:34:55,154 INFO  ro.mpp2024.utils.JdbcUtils 31 getNewConnection - user: null
30 Mar 2025 15:34:55,154 INFO  ro.mpp2024.utils.JdbcUtils 32 getNewConnection - pass: null
30 Mar 2025 15:34:55,236 TRACE ro.mpp2024.utils.JdbcUtils 57 getConnection - Exit with(org.sqlite.jdbc4.JDBC4Connection@242db37f)
30 Mar 2025 15:34:55,239 TRACE ro.mpp2024.repository.RezultatRepository 185 listaParticiapntPuncteProbaDescrescator - Enter Terminat dictionar
30 Mar 2025 15:34:56,451 TRACE ro.mpp2024.utils.JdbcUtils 48 getConnection - Enter
30 Mar 2025 15:34:56,451 TRACE ro.mpp2024.utils.JdbcUtils 57 getConnection - Exit with(org.sqlite.jdbc4.JDBC4Connection@242db37f)
30 Mar 2025 15:34:56,485 TRACE ro.mpp2024.repository.RezultatRepository 143 listaParticipantiPuncteAlfabetic - Enter listaParticipantiPuncteAlfabetic
30 Mar 2025 15:34:56,485 TRACE ro.mpp2024.utils.JdbcUtils 48 getConnection - Enter
30 Mar 2025 15:34:56,485 TRACE ro.mpp2024.utils.JdbcUtils 57 getConnection - Exit with(org.sqlite.jdbc4.JDBC4Connection@242db37f)
30 Mar 2025 15:34:56,486 TRACE ro.mpp2024.repository.RezultatRepository 161 listaParticipantiPuncteAlfabetic - Enter Terminat dictionar
30 Mar 2025 15:34:56,486 TRACE ro.mpp2024.repository.RezultatRepository 167 listaParticiapntPuncteProbaDescrescator - Enter listaParticiapntPuncteProbaDescrescator
30 Mar 2025 15:34:56,486 TRACE ro.mpp2024.utils.JdbcUtils 48 getConnection - Enter
30 Mar 2025 15:34:56,486 TRACE ro.mpp2024.utils.JdbcUtils 57 getConnection - Exit with(org.sqlite.jdbc4.JDBC4Connection@242db37f)
30 Mar 2025 15:34:56,487 TRACE ro.mpp2024.repository.RezultatRepository 185 listaParticiapntPuncteProbaDescrescator - Enter Terminat dictionar
30 Mar 2025 15:41:01,372 INFO  ro.mpp2024.repository.ArbitruRepository 25 <init> - Initializing IArbitruRepository with properties: {} 
30 Mar 2025 15:41:01,376 INFO  ro.mpp2024.repository.ProbaRepository 25 <init> - Initializing ProbaRepository with properties: {} 
30 Mar 2025 15:41:01,377 INFO  ro.mpp2024.repository.ParticipantRepository 25 <init> - Initializing ParticipantRepository with properties: {} 
30 Mar 2025 15:41:01,378 INFO  ro.mpp2024.repository.RezultatRepository 26 <init> - Initializing RezultatRepository with properties: {} 
30 Mar 2025 15:41:01,379 INFO  ro.mpp2024.services.ArbitruService 15 <init> - Initializing ArbitruService
30 Mar 2025 15:41:01,379 INFO  ro.mpp2024.services.RezultatService 26 <init> - Service Rezultat made
30 Mar 2025 15:41:01,381 TRACE ro.mpp2024.repository.RezultatRepository 167 listaParticiapntPuncteProbaDescrescator - Enter listaParticiapntPuncteProbaDescrescator
30 Mar 2025 15:41:01,381 TRACE ro.mpp2024.utils.JdbcUtils 48 getConnection - Enter
30 Mar 2025 15:41:01,381 TRACE ro.mpp2024.utils.JdbcUtils 25 getNewConnection - Enter
30 Mar 2025 15:41:01,382 INFO  ro.mpp2024.utils.JdbcUtils 30 getNewConnection - trying to connect to database ... jdbc:sqlite:src/main/resources/triatlon.db
30 Mar 2025 15:41:01,382 INFO  ro.mpp2024.utils.JdbcUtils 31 getNewConnection - user: null
30 Mar 2025 15:41:01,382 INFO  ro.mpp2024.utils.JdbcUtils 32 getNewConnection - pass: null
30 Mar 2025 15:41:01,472 TRACE ro.mpp2024.utils.JdbcUtils 57 getConnection - Exit with(org.sqlite.jdbc4.JDBC4Connection@242db37f)
30 Mar 2025 15:41:01,475 TRACE ro.mpp2024.repository.RezultatRepository 185 listaParticiapntPuncteProbaDescrescator - Enter Terminat dictionar
30 Mar 2025 15:41:02,847 TRACE ro.mpp2024.utils.JdbcUtils 48 getConnection - Enter
30 Mar 2025 15:41:02,848 TRACE ro.mpp2024.utils.JdbcUtils 57 getConnection - Exit with(org.sqlite.jdbc4.JDBC4Connection@242db37f)
30 Mar 2025 15:41:02,880 TRACE ro.mpp2024.repository.RezultatRepository 143 listaParticipantiPuncteAlfabetic - Enter listaParticipantiPuncteAlfabetic
30 Mar 2025 15:41:02,881 TRACE ro.mpp2024.utils.JdbcUtils 48 getConnection - Enter
30 Mar 2025 15:41:02,881 TRACE ro.mpp2024.utils.JdbcUtils 57 getConnection - Exit with(org.sqlite.jdbc4.JDBC4Connection@242db37f)
30 Mar 2025 15:41:02,881 TRACE ro.mpp2024.repository.RezultatRepository 161 listaParticipantiPuncteAlfabetic - Enter Terminat dictionar
30 Mar 2025 15:41:02,882 TRACE ro.mpp2024.repository.RezultatRepository 167 listaParticiapntPuncteProbaDescrescator - Enter listaParticiapntPuncteProbaDescrescator
30 Mar 2025 15:41:02,882 TRACE ro.mpp2024.utils.JdbcUtils 48 getConnection - Enter
30 Mar 2025 15:41:02,882 TRACE ro.mpp2024.utils.JdbcUtils 57 getConnection - Exit with(org.sqlite.jdbc4.JDBC4Connection@242db37f)
30 Mar 2025 15:41:02,882 TRACE ro.mpp2024.repository.RezultatRepository 185 listaParticiapntPuncteProbaDescrescator - Enter Terminat dictionar
30 Mar 2025 15:41:02,885 TRACE ro.mpp2024.repository.ParticipantRepository 43 findAll - Enter
30 Mar 2025 15:41:02,885 TRACE ro.mpp2024.utils.JdbcUtils 48 getConnection - Enter
30 Mar 2025 15:41:02,885 TRACE ro.mpp2024.utils.JdbcUtils 57 getConnection - Exit with(org.sqlite.jdbc4.JDBC4Connection@242db37f)
30 Mar 2025 15:41:02,885 TRACE ro.mpp2024.repository.ParticipantRepository 31 createEntityFromResultSet - Enter createEntityFromResultSet
30 Mar 2025 15:41:02,885 TRACE ro.mpp2024.repository.ParticipantRepository 37 createEntityFromResultSet - Exit with(Popescu Ion)
30 Mar 2025 15:41:02,886 TRACE ro.mpp2024.repository.ParticipantRepository 31 createEntityFromResultSet - Enter createEntityFromResultSet
30 Mar 2025 15:41:02,886 TRACE ro.mpp2024.repository.ParticipantRepository 37 createEntityFromResultSet - Exit with(Ionescu Maria)
30 Mar 2025 15:41:02,886 TRACE ro.mpp2024.repository.ParticipantRepository 31 createEntityFromResultSet - Enter createEntityFromResultSet
30 Mar 2025 15:41:02,886 TRACE ro.mpp2024.repository.ParticipantRepository 37 createEntityFromResultSet - Exit with(Georgescu Andrei)
30 Mar 2025 15:41:02,886 TRACE ro.mpp2024.repository.ParticipantRepository 31 createEntityFromResultSet - Enter createEntityFromResultSet
30 Mar 2025 15:41:02,886 TRACE ro.mpp2024.repository.ParticipantRepository 37 createEntityFromResultSet - Exit with(Dumitrescu Elena)
30 Mar 2025 15:41:02,886 TRACE ro.mpp2024.repository.ParticipantRepository 31 createEntityFromResultSet - Enter createEntityFromResultSet
30 Mar 2025 15:41:02,886 TRACE ro.mpp2024.repository.ParticipantRepository 37 createEntityFromResultSet - Exit with(Popa Mihai)
30 Mar 2025 15:41:02,886 TRACE ro.mpp2024.repository.ParticipantRepository 31 createEntityFromResultSet - Enter createEntityFromResultSet
30 Mar 2025 15:41:02,887 TRACE ro.mpp2024.repository.ParticipantRepository 37 createEntityFromResultSet - Exit with(Stan Ioana)
30 Mar 2025 15:41:02,887 TRACE ro.mpp2024.repository.ParticipantRepository 31 createEntityFromResultSet - Enter createEntityFromResultSet
30 Mar 2025 15:41:02,887 TRACE ro.mpp2024.repository.ParticipantRepository 37 createEntityFromResultSet - Exit with(Radu Cristian)
30 Mar 2025 15:41:02,887 TRACE ro.mpp2024.repository.ParticipantRepository 31 createEntityFromResultSet - Enter createEntityFromResultSet
30 Mar 2025 15:41:02,887 TRACE ro.mpp2024.repository.ParticipantRepository 37 createEntityFromResultSet - Exit with(Marin Ana)
30 Mar 2025 15:41:02,887 TRACE ro.mpp2024.repository.ParticipantRepository 31 createEntityFromResultSet - Enter createEntityFromResultSet
30 Mar 2025 15:41:02,887 TRACE ro.mpp2024.repository.ParticipantRepository 37 createEntityFromResultSet - Exit with(Tudor Alexandru)
30 Mar 2025 15:41:02,888 TRACE ro.mpp2024.repository.ParticipantRepository 31 createEntityFromResultSet - Enter createEntityFromResultSet
30 Mar 2025 15:41:02,888 TRACE ro.mpp2024.repository.ParticipantRepository 37 createEntityFromResultSet - Exit with(Petrescu Gabriel)
30 Mar 2025 15:41:02,888 TRACE ro.mpp2024.repository.ParticipantRepository 31 createEntityFromResultSet - Enter createEntityFromResultSet
30 Mar 2025 15:41:02,888 TRACE ro.mpp2024.repository.ParticipantRepository 37 createEntityFromResultSet - Exit with(Iliescu Daniela)
30 Mar 2025 15:41:02,888 TRACE ro.mpp2024.repository.ParticipantRepository 31 createEntityFromResultSet - Enter createEntityFromResultSet
30 Mar 2025 15:41:02,888 TRACE ro.mpp2024.repository.ParticipantRepository 37 createEntityFromResultSet - Exit with(Vasilescu Florin)
30 Mar 2025 15:41:02,888 TRACE ro.mpp2024.repository.ParticipantRepository 31 createEntityFromResultSet - Enter createEntityFromResultSet
30 Mar 2025 15:41:02,888 TRACE ro.mpp2024.repository.ParticipantRepository 37 createEntityFromResultSet - Exit with(Dobre Adriana)
30 Mar 2025 15:41:02,888 TRACE ro.mpp2024.repository.ParticipantRepository 31 createEntityFromResultSet - Enter createEntityFromResultSet
30 Mar 2025 15:41:02,889 TRACE ro.mpp2024.repository.ParticipantRepository 37 createEntityFromResultSet - Exit with(Munteanu Sorin)
30 Mar 2025 15:41:02,889 TRACE ro.mpp2024.repository.ParticipantRepository 31 createEntityFromResultSet - Enter createEntityFromResultSet
30 Mar 2025 15:41:02,889 TRACE ro.mpp2024.repository.ParticipantRepository 37 createEntityFromResultSet - Exit with(Nistor Carmen)
30 Mar 2025 15:41:02,889 TRACE ro.mpp2024.repository.ParticipantRepository 31 createEntityFromResultSet - Enter createEntityFromResultSet
30 Mar 2025 15:41:02,889 TRACE ro.mpp2024.repository.ParticipantRepository 37 createEntityFromResultSet - Exit with(Lazar Roxana)
30 Mar 2025 15:41:02,889 TRACE ro.mpp2024.repository.ParticipantRepository 31 createEntityFromResultSet - Enter createEntityFromResultSet
30 Mar 2025 15:41:02,889 TRACE ro.mpp2024.repository.ParticipantRepository 37 createEntityFromResultSet - Exit with(Gheorghe Vlad)
30 Mar 2025 15:41:02,889 TRACE ro.mpp2024.repository.ParticipantRepository 31 createEntityFromResultSet - Enter createEntityFromResultSet
30 Mar 2025 15:41:02,889 TRACE ro.mpp2024.repository.ParticipantRepository 37 createEntityFromResultSet - Exit with(Barbu Irina)
30 Mar 2025 15:41:02,889 TRACE ro.mpp2024.repository.ParticipantRepository 31 createEntityFromResultSet - Enter createEntityFromResultSet
30 Mar 2025 15:41:02,890 TRACE ro.mpp2024.repository.ParticipantRepository 37 createEntityFromResultSet - Exit with(Constantin Marius)
30 Mar 2025 15:41:02,890 TRACE ro.mpp2024.repository.ParticipantRepository 31 createEntityFromResultSet - Enter createEntityFromResultSet
30 Mar 2025 15:41:02,890 TRACE ro.mpp2024.repository.ParticipantRepository 37 createEntityFromResultSet - Exit with(Enache Laura)
30 Mar 2025 15:41:02,890 TRACE ro.mpp2024.repository.ParticipantRepository 31 createEntityFromResultSet - Enter createEntityFromResultSet
30 Mar 2025 15:41:02,890 TRACE ro.mpp2024.repository.ParticipantRepository 37 createEntityFromResultSet - Exit with(Dragomir Adrian)
30 Mar 2025 15:41:02,890 TRACE ro.mpp2024.repository.ParticipantRepository 31 createEntityFromResultSet - Enter createEntityFromResultSet
30 Mar 2025 15:41:02,890 TRACE ro.mpp2024.repository.ParticipantRepository 37 createEntityFromResultSet - Exit with(Filip Bianca)
30 Mar 2025 15:41:02,890 TRACE ro.mpp2024.repository.ParticipantRepository 31 createEntityFromResultSet - Enter createEntityFromResultSet
30 Mar 2025 15:41:02,890 TRACE ro.mpp2024.repository.ParticipantRepository 37 createEntityFromResultSet - Exit with(Grigore Stefan)
30 Mar 2025 15:41:02,891 TRACE ro.mpp2024.repository.ParticipantRepository 31 createEntityFromResultSet - Enter createEntityFromResultSet
30 Mar 2025 15:41:02,891 TRACE ro.mpp2024.repository.ParticipantRepository 37 createEntityFromResultSet - Exit with(Hagi Diana)
30 Mar 2025 15:41:02,891 TRACE ro.mpp2024.repository.ParticipantRepository 31 createEntityFromResultSet - Enter createEntityFromResultSet
30 Mar 2025 15:41:02,891 TRACE ro.mpp2024.repository.ParticipantRepository 37 createEntityFromResultSet - Exit with(Iacob Radu)
30 Mar 2025 15:41:02,891 TRACE ro.mpp2024.repository.ParticipantRepository 31 createEntityFromResultSet - Enter createEntityFromResultSet
30 Mar 2025 15:41:02,891 TRACE ro.mpp2024.repository.ParticipantRepository 37 createEntityFromResultSet - Exit with(Jianu Oana)
30 Mar 2025 15:41:02,891 TRACE ro.mpp2024.repository.ParticipantRepository 31 createEntityFromResultSet - Enter createEntityFromResultSet
30 Mar 2025 15:41:02,891 TRACE ro.mpp2024.repository.ParticipantRepository 37 createEntityFromResultSet - Exit with(Kovacs Cristina)
30 Mar 2025 15:41:02,891 TRACE ro.mpp2024.repository.ParticipantRepository 31 createEntityFromResultSet - Enter createEntityFromResultSet
30 Mar 2025 15:41:02,891 TRACE ro.mpp2024.repository.ParticipantRepository 37 createEntityFromResultSet - Exit with(Lupu George)
30 Mar 2025 15:41:02,892 TRACE ro.mpp2024.repository.ParticipantRepository 31 createEntityFromResultSet - Enter createEntityFromResultSet
30 Mar 2025 15:41:02,892 TRACE ro.mpp2024.repository.ParticipantRepository 37 createEntityFromResultSet - Exit with(Manole Simona)
30 Mar 2025 15:41:02,892 TRACE ro.mpp2024.repository.ParticipantRepository 31 createEntityFromResultSet - Enter createEntityFromResultSet
30 Mar 2025 15:41:02,892 TRACE ro.mpp2024.repository.ParticipantRepository 37 createEntityFromResultSet - Exit with(Nedelcu Alexandra)
30 Mar 2025 15:41:02,892 TRACE ro.mpp2024.repository.ParticipantRepository 31 createEntityFromResultSet - Enter createEntityFromResultSet
30 Mar 2025 15:41:02,892 TRACE ro.mpp2024.repository.ParticipantRepository 37 createEntityFromResultSet - Exit with(Oprea Bogdan)
30 Mar 2025 15:41:02,892 TRACE ro.mpp2024.repository.ParticipantRepository 31 createEntityFromResultSet - Enter createEntityFromResultSet
30 Mar 2025 15:41:02,892 TRACE ro.mpp2024.repository.ParticipantRepository 37 createEntityFromResultSet - Exit with(Pavel Monica)
30 Mar 2025 15:41:02,892 TRACE ro.mpp2024.repository.ParticipantRepository 31 createEntityFromResultSet - Enter createEntityFromResultSet
30 Mar 2025 15:41:02,892 TRACE ro.mpp2024.repository.ParticipantRepository 37 createEntityFromResultSet - Exit with(Rusu Andreea)
30 Mar 2025 15:41:02,893 TRACE ro.mpp2024.repository.ParticipantRepository 31 createEntityFromResultSet - Enter createEntityFromResultSet
30 Mar 2025 15:41:02,893 TRACE ro.mpp2024.repository.ParticipantRepository 37 createEntityFromResultSet - Exit with(Sandu Victor)
30 Mar 2025 15:41:02,893 TRACE ro.mpp2024.repository.ParticipantRepository 31 createEntityFromResultSet - Enter createEntityFromResultSet
30 Mar 2025 15:41:02,893 TRACE ro.mpp2024.repository.ParticipantRepository 37 createEntityFromResultSet - Exit with(Toma Gabriela)
30 Mar 2025 15:41:02,893 TRACE ro.mpp2024.repository.ParticipantRepository 31 createEntityFromResultSet - Enter createEntityFromResultSet
30 Mar 2025 15:41:02,893 TRACE ro.mpp2024.repository.ParticipantRepository 37 createEntityFromResultSet - Exit with(Ursu Mihail)
30 Mar 2025 15:41:02,893 TRACE ro.mpp2024.repository.ParticipantRepository 31 createEntityFromResultSet - Enter createEntityFromResultSet
30 Mar 2025 15:41:02,893 TRACE ro.mpp2024.repository.ParticipantRepository 37 createEntityFromResultSet - Exit with(Vlad Anca)
30 Mar 2025 15:41:02,893 TRACE ro.mpp2024.repository.ParticipantRepository 31 createEntityFromResultSet - Enter createEntityFromResultSet
30 Mar 2025 15:41:02,893 TRACE ro.mpp2024.repository.ParticipantRepository 37 createEntityFromResultSet - Exit with(Zamfir Lucian)
30 Mar 2025 15:41:02,894 TRACE ro.mpp2024.repository.ParticipantRepository 31 createEntityFromResultSet - Enter createEntityFromResultSet
30 Mar 2025 15:41:02,894 TRACE ro.mpp2024.repository.ParticipantRepository 37 createEntityFromResultSet - Exit with(Voicu Raluca)
30 Mar 2025 15:41:02,894 TRACE ro.mpp2024.repository.ParticipantRepository 31 createEntityFromResultSet - Enter createEntityFromResultSet
30 Mar 2025 15:41:02,894 TRACE ro.mpp2024.repository.ParticipantRepository 37 createEntityFromResultSet - Exit with(nume prenume)
30 Mar 2025 15:41:02,894 TRACE ro.mpp2024.repository.ParticipantRepository 57 findAll - Exit with([Popescu Ion, Ionescu Maria, Georgescu Andrei, Dumitrescu Elena, Popa Mihai, Stan Ioana, Radu Cristian, Marin Ana, Tudor Alexandru, Petrescu Gabriel, Iliescu Daniela, Vasilescu Florin, Dobre Adriana, Munteanu Sorin, Nistor Carmen, Lazar Roxana, Gheorghe Vlad, Barbu Irina, Constantin Marius, Enache Laura, Dragomir Adrian, Filip Bianca, Grigore Stefan, Hagi Diana, Iacob Radu, Jianu Oana, Kovacs Cristina, Lupu George, Manole Simona, Nedelcu Alexandra, Oprea Bogdan, Pavel Monica, Rusu Andreea, Sandu Victor, Toma Gabriela, Ursu Mihail, Vlad Anca, Zamfir Lucian, Voicu Raluca, nume prenume])
30 Mar 2025 15:41:40,341 INFO  ro.mpp2024.repository.ArbitruRepository 25 <init> - Initializing IArbitruRepository with properties: {} 
30 Mar 2025 15:41:40,344 INFO  ro.mpp2024.repository.ProbaRepository 25 <init> - Initializing ProbaRepository with properties: {} 
30 Mar 2025 15:41:40,345 INFO  ro.mpp2024.repository.ParticipantRepository 25 <init> - Initializing ParticipantRepository with properties: {} 
30 Mar 2025 15:41:40,346 INFO  ro.mpp2024.repository.RezultatRepository 26 <init> - Initializing RezultatRepository with properties: {} 
30 Mar 2025 15:41:40,347 INFO  ro.mpp2024.services.ArbitruService 15 <init> - Initializing ArbitruService
30 Mar 2025 15:41:40,347 INFO  ro.mpp2024.services.RezultatService 26 <init> - Service Rezultat made
30 Mar 2025 15:41:40,349 TRACE ro.mpp2024.repository.RezultatRepository 167 listaParticiapntPuncteProbaDescrescator - Enter listaParticiapntPuncteProbaDescrescator
30 Mar 2025 15:41:40,349 TRACE ro.mpp2024.utils.JdbcUtils 48 getConnection - Enter
30 Mar 2025 15:41:40,349 TRACE ro.mpp2024.utils.JdbcUtils 25 getNewConnection - Enter
30 Mar 2025 15:41:40,349 INFO  ro.mpp2024.utils.JdbcUtils 30 getNewConnection - trying to connect to database ... jdbc:sqlite:src/main/resources/triatlon.db
30 Mar 2025 15:41:40,350 INFO  ro.mpp2024.utils.JdbcUtils 31 getNewConnection - user: null
30 Mar 2025 15:41:40,350 INFO  ro.mpp2024.utils.JdbcUtils 32 getNewConnection - pass: null
30 Mar 2025 15:41:40,439 TRACE ro.mpp2024.utils.JdbcUtils 57 getConnection - Exit with(org.sqlite.jdbc4.JDBC4Connection@242db37f)
30 Mar 2025 15:41:40,442 TRACE ro.mpp2024.repository.RezultatRepository 185 listaParticiapntPuncteProbaDescrescator - Enter Terminat dictionar
30 Mar 2025 15:41:41,710 TRACE ro.mpp2024.utils.JdbcUtils 48 getConnection - Enter
30 Mar 2025 15:41:41,710 TRACE ro.mpp2024.utils.JdbcUtils 57 getConnection - Exit with(org.sqlite.jdbc4.JDBC4Connection@242db37f)
30 Mar 2025 15:41:41,743 TRACE ro.mpp2024.repository.RezultatRepository 143 listaParticipantiPuncteAlfabetic - Enter listaParticipantiPuncteAlfabetic
30 Mar 2025 15:41:41,743 TRACE ro.mpp2024.utils.JdbcUtils 48 getConnection - Enter
30 Mar 2025 15:41:41,743 TRACE ro.mpp2024.utils.JdbcUtils 57 getConnection - Exit with(org.sqlite.jdbc4.JDBC4Connection@242db37f)
30 Mar 2025 15:41:41,744 TRACE ro.mpp2024.repository.RezultatRepository 161 listaParticipantiPuncteAlfabetic - Enter Terminat dictionar
30 Mar 2025 15:41:41,744 TRACE ro.mpp2024.repository.RezultatRepository 167 listaParticiapntPuncteProbaDescrescator - Enter listaParticiapntPuncteProbaDescrescator
30 Mar 2025 15:41:41,744 TRACE ro.mpp2024.utils.JdbcUtils 48 getConnection - Enter
30 Mar 2025 15:41:41,744 TRACE ro.mpp2024.utils.JdbcUtils 57 getConnection - Exit with(org.sqlite.jdbc4.JDBC4Connection@242db37f)
30 Mar 2025 15:41:41,745 TRACE ro.mpp2024.repository.RezultatRepository 185 listaParticiapntPuncteProbaDescrescator - Enter Terminat dictionar
30 Mar 2025 15:41:41,748 TRACE ro.mpp2024.repository.ParticipantRepository 43 findAll - Enter
30 Mar 2025 15:41:41,748 TRACE ro.mpp2024.utils.JdbcUtils 48 getConnection - Enter
30 Mar 2025 15:41:41,748 TRACE ro.mpp2024.utils.JdbcUtils 57 getConnection - Exit with(org.sqlite.jdbc4.JDBC4Connection@242db37f)
30 Mar 2025 15:41:41,749 TRACE ro.mpp2024.repository.ParticipantRepository 31 createEntityFromResultSet - Enter createEntityFromResultSet
30 Mar 2025 15:41:41,749 TRACE ro.mpp2024.repository.ParticipantRepository 37 createEntityFromResultSet - Exit with(Popescu Ion)
30 Mar 2025 15:41:41,749 TRACE ro.mpp2024.repository.ParticipantRepository 31 createEntityFromResultSet - Enter createEntityFromResultSet
30 Mar 2025 15:41:41,749 TRACE ro.mpp2024.repository.ParticipantRepository 37 createEntityFromResultSet - Exit with(Ionescu Maria)
30 Mar 2025 15:41:41,749 TRACE ro.mpp2024.repository.ParticipantRepository 31 createEntityFromResultSet - Enter createEntityFromResultSet
30 Mar 2025 15:41:41,749 TRACE ro.mpp2024.repository.ParticipantRepository 37 createEntityFromResultSet - Exit with(Georgescu Andrei)
30 Mar 2025 15:41:41,749 TRACE ro.mpp2024.repository.ParticipantRepository 31 createEntityFromResultSet - Enter createEntityFromResultSet
30 Mar 2025 15:41:41,749 TRACE ro.mpp2024.repository.ParticipantRepository 37 createEntityFromResultSet - Exit with(Dumitrescu Elena)
30 Mar 2025 15:41:41,750 TRACE ro.mpp2024.repository.ParticipantRepository 31 createEntityFromResultSet - Enter createEntityFromResultSet
30 Mar 2025 15:41:41,750 TRACE ro.mpp2024.repository.ParticipantRepository 37 createEntityFromResultSet - Exit with(Popa Mihai)
30 Mar 2025 15:41:41,750 TRACE ro.mpp2024.repository.ParticipantRepository 31 createEntityFromResultSet - Enter createEntityFromResultSet
30 Mar 2025 15:41:41,750 TRACE ro.mpp2024.repository.ParticipantRepository 37 createEntityFromResultSet - Exit with(Stan Ioana)
30 Mar 2025 15:41:41,750 TRACE ro.mpp2024.repository.ParticipantRepository 31 createEntityFromResultSet - Enter createEntityFromResultSet
30 Mar 2025 15:41:41,750 TRACE ro.mpp2024.repository.ParticipantRepository 37 createEntityFromResultSet - Exit with(Radu Cristian)
30 Mar 2025 15:41:41,750 TRACE ro.mpp2024.repository.ParticipantRepository 31 createEntityFromResultSet - Enter createEntityFromResultSet
30 Mar 2025 15:41:41,750 TRACE ro.mpp2024.repository.ParticipantRepository 37 createEntityFromResultSet - Exit with(Marin Ana)
30 Mar 2025 15:41:41,751 TRACE ro.mpp2024.repository.ParticipantRepository 31 createEntityFromResultSet - Enter createEntityFromResultSet
30 Mar 2025 15:41:41,751 TRACE ro.mpp2024.repository.ParticipantRepository 37 createEntityFromResultSet - Exit with(Tudor Alexandru)
30 Mar 2025 15:41:41,751 TRACE ro.mpp2024.repository.ParticipantRepository 31 createEntityFromResultSet - Enter createEntityFromResultSet
30 Mar 2025 15:41:41,751 TRACE ro.mpp2024.repository.ParticipantRepository 37 createEntityFromResultSet - Exit with(Petrescu Gabriel)
30 Mar 2025 15:41:41,751 TRACE ro.mpp2024.repository.ParticipantRepository 31 createEntityFromResultSet - Enter createEntityFromResultSet
30 Mar 2025 15:41:41,751 TRACE ro.mpp2024.repository.ParticipantRepository 37 createEntityFromResultSet - Exit with(Iliescu Daniela)
30 Mar 2025 15:41:41,751 TRACE ro.mpp2024.repository.ParticipantRepository 31 createEntityFromResultSet - Enter createEntityFromResultSet
30 Mar 2025 15:41:41,751 TRACE ro.mpp2024.repository.ParticipantRepository 37 createEntityFromResultSet - Exit with(Vasilescu Florin)
30 Mar 2025 15:41:41,751 TRACE ro.mpp2024.repository.ParticipantRepository 31 createEntityFromResultSet - Enter createEntityFromResultSet
30 Mar 2025 15:41:41,752 TRACE ro.mpp2024.repository.ParticipantRepository 37 createEntityFromResultSet - Exit with(Dobre Adriana)
30 Mar 2025 15:41:41,752 TRACE ro.mpp2024.repository.ParticipantRepository 31 createEntityFromResultSet - Enter createEntityFromResultSet
30 Mar 2025 15:41:41,752 TRACE ro.mpp2024.repository.ParticipantRepository 37 createEntityFromResultSet - Exit with(Munteanu Sorin)
30 Mar 2025 15:41:41,752 TRACE ro.mpp2024.repository.ParticipantRepository 31 createEntityFromResultSet - Enter createEntityFromResultSet
30 Mar 2025 15:41:41,752 TRACE ro.mpp2024.repository.ParticipantRepository 37 createEntityFromResultSet - Exit with(Nistor Carmen)
30 Mar 2025 15:41:41,752 TRACE ro.mpp2024.repository.ParticipantRepository 31 createEntityFromResultSet - Enter createEntityFromResultSet
30 Mar 2025 15:41:41,752 TRACE ro.mpp2024.repository.ParticipantRepository 37 createEntityFromResultSet - Exit with(Lazar Roxana)
30 Mar 2025 15:41:41,752 TRACE ro.mpp2024.repository.ParticipantRepository 31 createEntityFromResultSet - Enter createEntityFromResultSet
30 Mar 2025 15:41:41,753 TRACE ro.mpp2024.repository.ParticipantRepository 37 createEntityFromResultSet - Exit with(Gheorghe Vlad)
30 Mar 2025 15:41:41,753 TRACE ro.mpp2024.repository.ParticipantRepository 31 createEntityFromResultSet - Enter createEntityFromResultSet
30 Mar 2025 15:41:41,753 TRACE ro.mpp2024.repository.ParticipantRepository 37 createEntityFromResultSet - Exit with(Barbu Irina)
30 Mar 2025 15:41:41,753 TRACE ro.mpp2024.repository.ParticipantRepository 31 createEntityFromResultSet - Enter createEntityFromResultSet
30 Mar 2025 15:41:41,753 TRACE ro.mpp2024.repository.ParticipantRepository 37 createEntityFromResultSet - Exit with(Constantin Marius)
30 Mar 2025 15:41:41,753 TRACE ro.mpp2024.repository.ParticipantRepository 31 createEntityFromResultSet - Enter createEntityFromResultSet
30 Mar 2025 15:41:41,753 TRACE ro.mpp2024.repository.ParticipantRepository 37 createEntityFromResultSet - Exit with(Enache Laura)
30 Mar 2025 15:41:41,753 TRACE ro.mpp2024.repository.ParticipantRepository 31 createEntityFromResultSet - Enter createEntityFromResultSet
30 Mar 2025 15:41:41,753 TRACE ro.mpp2024.repository.ParticipantRepository 37 createEntityFromResultSet - Exit with(Dragomir Adrian)
30 Mar 2025 15:41:41,753 TRACE ro.mpp2024.repository.ParticipantRepository 31 createEntityFromResultSet - Enter createEntityFromResultSet
30 Mar 2025 15:41:41,754 TRACE ro.mpp2024.repository.ParticipantRepository 37 createEntityFromResultSet - Exit with(Filip Bianca)
30 Mar 2025 15:41:41,754 TRACE ro.mpp2024.repository.ParticipantRepository 31 createEntityFromResultSet - Enter createEntityFromResultSet
30 Mar 2025 15:41:41,754 TRACE ro.mpp2024.repository.ParticipantRepository 37 createEntityFromResultSet - Exit with(Grigore Stefan)
30 Mar 2025 15:41:41,754 TRACE ro.mpp2024.repository.ParticipantRepository 31 createEntityFromResultSet - Enter createEntityFromResultSet
30 Mar 2025 15:41:41,754 TRACE ro.mpp2024.repository.ParticipantRepository 37 createEntityFromResultSet - Exit with(Hagi Diana)
30 Mar 2025 15:41:41,754 TRACE ro.mpp2024.repository.ParticipantRepository 31 createEntityFromResultSet - Enter createEntityFromResultSet
30 Mar 2025 15:41:41,754 TRACE ro.mpp2024.repository.ParticipantRepository 37 createEntityFromResultSet - Exit with(Iacob Radu)
30 Mar 2025 15:41:41,754 TRACE ro.mpp2024.repository.ParticipantRepository 31 createEntityFromResultSet - Enter createEntityFromResultSet
30 Mar 2025 15:41:41,754 TRACE ro.mpp2024.repository.ParticipantRepository 37 createEntityFromResultSet - Exit with(Jianu Oana)
30 Mar 2025 15:41:41,755 TRACE ro.mpp2024.repository.ParticipantRepository 31 createEntityFromResultSet - Enter createEntityFromResultSet
30 Mar 2025 15:41:41,755 TRACE ro.mpp2024.repository.ParticipantRepository 37 createEntityFromResultSet - Exit with(Kovacs Cristina)
30 Mar 2025 15:41:41,755 TRACE ro.mpp2024.repository.ParticipantRepository 31 createEntityFromResultSet - Enter createEntityFromResultSet
30 Mar 2025 15:41:41,755 TRACE ro.mpp2024.repository.ParticipantRepository 37 createEntityFromResultSet - Exit with(Lupu George)
30 Mar 2025 15:41:41,755 TRACE ro.mpp2024.repository.ParticipantRepository 31 createEntityFromResultSet - Enter createEntityFromResultSet
30 Mar 2025 15:41:41,755 TRACE ro.mpp2024.repository.ParticipantRepository 37 createEntityFromResultSet - Exit with(Manole Simona)
30 Mar 2025 15:41:41,755 TRACE ro.mpp2024.repository.ParticipantRepository 31 createEntityFromResultSet - Enter createEntityFromResultSet
30 Mar 2025 15:41:41,755 TRACE ro.mpp2024.repository.ParticipantRepository 37 createEntityFromResultSet - Exit with(Nedelcu Alexandra)
30 Mar 2025 15:41:41,755 TRACE ro.mpp2024.repository.ParticipantRepository 31 createEntityFromResultSet - Enter createEntityFromResultSet
30 Mar 2025 15:41:41,756 TRACE ro.mpp2024.repository.ParticipantRepository 37 createEntityFromResultSet - Exit with(Oprea Bogdan)
30 Mar 2025 15:41:41,756 TRACE ro.mpp2024.repository.ParticipantRepository 31 createEntityFromResultSet - Enter createEntityFromResultSet
30 Mar 2025 15:41:41,756 TRACE ro.mpp2024.repository.ParticipantRepository 37 createEntityFromResultSet - Exit with(Pavel Monica)
30 Mar 2025 15:41:41,756 TRACE ro.mpp2024.repository.ParticipantRepository 31 createEntityFromResultSet - Enter createEntityFromResultSet
30 Mar 2025 15:41:41,756 TRACE ro.mpp2024.repository.ParticipantRepository 37 createEntityFromResultSet - Exit with(Rusu Andreea)
30 Mar 2025 15:41:41,756 TRACE ro.mpp2024.repository.ParticipantRepository 31 createEntityFromResultSet - Enter createEntityFromResultSet
30 Mar 2025 15:41:41,757 TRACE ro.mpp2024.repository.ParticipantRepository 37 createEntityFromResultSet - Exit with(Sandu Victor)
30 Mar 2025 15:41:41,757 TRACE ro.mpp2024.repository.ParticipantRepository 31 createEntityFromResultSet - Enter createEntityFromResultSet
30 Mar 2025 15:41:41,757 TRACE ro.mpp2024.repository.ParticipantRepository 37 createEntityFromResultSet - Exit with(Toma Gabriela)
30 Mar 2025 15:41:41,757 TRACE ro.mpp2024.repository.ParticipantRepository 31 createEntityFromResultSet - Enter createEntityFromResultSet
30 Mar 2025 15:41:41,757 TRACE ro.mpp2024.repository.ParticipantRepository 37 createEntityFromResultSet - Exit with(Ursu Mihail)
30 Mar 2025 15:41:41,757 TRACE ro.mpp2024.repository.ParticipantRepository 31 createEntityFromResultSet - Enter createEntityFromResultSet
30 Mar 2025 15:41:41,757 TRACE ro.mpp2024.repository.ParticipantRepository 37 createEntityFromResultSet - Exit with(Vlad Anca)
30 Mar 2025 15:41:41,757 TRACE ro.mpp2024.repository.ParticipantRepository 31 createEntityFromResultSet - Enter createEntityFromResultSet
30 Mar 2025 15:41:41,757 TRACE ro.mpp2024.repository.ParticipantRepository 37 createEntityFromResultSet - Exit with(Zamfir Lucian)
30 Mar 2025 15:41:41,757 TRACE ro.mpp2024.repository.ParticipantRepository 31 createEntityFromResultSet - Enter createEntityFromResultSet
30 Mar 2025 15:41:41,758 TRACE ro.mpp2024.repository.ParticipantRepository 37 createEntityFromResultSet - Exit with(Voicu Raluca)
30 Mar 2025 15:41:41,758 TRACE ro.mpp2024.repository.ParticipantRepository 31 createEntityFromResultSet - Enter createEntityFromResultSet
30 Mar 2025 15:41:41,758 TRACE ro.mpp2024.repository.ParticipantRepository 37 createEntityFromResultSet - Exit with(nume prenume)
30 Mar 2025 15:41:41,758 TRACE ro.mpp2024.repository.ParticipantRepository 57 findAll - Exit with([Popescu Ion, Ionescu Maria, Georgescu Andrei, Dumitrescu Elena, Popa Mihai, Stan Ioana, Radu Cristian, Marin Ana, Tudor Alexandru, Petrescu Gabriel, Iliescu Daniela, Vasilescu Florin, Dobre Adriana, Munteanu Sorin, Nistor Carmen, Lazar Roxana, Gheorghe Vlad, Barbu Irina, Constantin Marius, Enache Laura, Dragomir Adrian, Filip Bianca, Grigore Stefan, Hagi Diana, Iacob Radu, Jianu Oana, Kovacs Cristina, Lupu George, Manole Simona, Nedelcu Alexandra, Oprea Bogdan, Pavel Monica, Rusu Andreea, Sandu Victor, Toma Gabriela, Ursu Mihail, Vlad Anca, Zamfir Lucian, Voicu Raluca, nume prenume])
30 Mar 2025 15:43:09,914 INFO  ro.mpp2024.repository.ArbitruRepository 25 <init> - Initializing IArbitruRepository with properties: {} 
30 Mar 2025 15:43:09,917 INFO  ro.mpp2024.repository.ProbaRepository 25 <init> - Initializing ProbaRepository with properties: {} 
30 Mar 2025 15:43:09,919 INFO  ro.mpp2024.repository.ParticipantRepository 25 <init> - Initializing ParticipantRepository with properties: {} 
30 Mar 2025 15:43:09,920 INFO  ro.mpp2024.repository.RezultatRepository 26 <init> - Initializing RezultatRepository with properties: {} 
30 Mar 2025 15:43:09,921 INFO  ro.mpp2024.services.ArbitruService 15 <init> - Initializing ArbitruService
30 Mar 2025 15:43:09,921 INFO  ro.mpp2024.services.RezultatService 26 <init> - Service Rezultat made
30 Mar 2025 15:43:09,923 TRACE ro.mpp2024.repository.RezultatRepository 167 listaParticiapntPuncteProbaDescrescator - Enter listaParticiapntPuncteProbaDescrescator
30 Mar 2025 15:43:09,923 TRACE ro.mpp2024.utils.JdbcUtils 48 getConnection - Enter
30 Mar 2025 15:43:09,923 TRACE ro.mpp2024.utils.JdbcUtils 25 getNewConnection - Enter
30 Mar 2025 15:43:09,924 INFO  ro.mpp2024.utils.JdbcUtils 30 getNewConnection - trying to connect to database ... jdbc:sqlite:src/main/resources/triatlon.db
30 Mar 2025 15:43:09,924 INFO  ro.mpp2024.utils.JdbcUtils 31 getNewConnection - user: null
30 Mar 2025 15:43:09,924 INFO  ro.mpp2024.utils.JdbcUtils 32 getNewConnection - pass: null
30 Mar 2025 15:43:10,006 TRACE ro.mpp2024.utils.JdbcUtils 57 getConnection - Exit with(org.sqlite.jdbc4.JDBC4Connection@242db37f)
30 Mar 2025 15:43:10,009 TRACE ro.mpp2024.repository.RezultatRepository 185 listaParticiapntPuncteProbaDescrescator - Enter Terminat dictionar
30 Mar 2025 15:43:11,357 TRACE ro.mpp2024.utils.JdbcUtils 48 getConnection - Enter
30 Mar 2025 15:43:11,358 TRACE ro.mpp2024.utils.JdbcUtils 57 getConnection - Exit with(org.sqlite.jdbc4.JDBC4Connection@242db37f)
30 Mar 2025 15:43:11,391 TRACE ro.mpp2024.repository.RezultatRepository 143 listaParticipantiPuncteAlfabetic - Enter listaParticipantiPuncteAlfabetic
30 Mar 2025 15:43:11,392 TRACE ro.mpp2024.utils.JdbcUtils 48 getConnection - Enter
30 Mar 2025 15:43:11,392 TRACE ro.mpp2024.utils.JdbcUtils 57 getConnection - Exit with(org.sqlite.jdbc4.JDBC4Connection@242db37f)
30 Mar 2025 15:43:11,392 TRACE ro.mpp2024.repository.RezultatRepository 161 listaParticipantiPuncteAlfabetic - Enter Terminat dictionar
30 Mar 2025 15:43:11,393 TRACE ro.mpp2024.repository.RezultatRepository 167 listaParticiapntPuncteProbaDescrescator - Enter listaParticiapntPuncteProbaDescrescator
30 Mar 2025 15:43:11,393 TRACE ro.mpp2024.utils.JdbcUtils 48 getConnection - Enter
30 Mar 2025 15:43:11,393 TRACE ro.mpp2024.utils.JdbcUtils 57 getConnection - Exit with(org.sqlite.jdbc4.JDBC4Connection@242db37f)
30 Mar 2025 15:43:11,393 TRACE ro.mpp2024.repository.RezultatRepository 185 listaParticiapntPuncteProbaDescrescator - Enter Terminat dictionar
30 Mar 2025 15:43:11,396 TRACE ro.mpp2024.repository.ParticipantRepository 43 findAll - Enter
30 Mar 2025 15:43:11,396 TRACE ro.mpp2024.utils.JdbcUtils 48 getConnection - Enter
30 Mar 2025 15:43:11,396 TRACE ro.mpp2024.utils.JdbcUtils 57 getConnection - Exit with(org.sqlite.jdbc4.JDBC4Connection@242db37f)
30 Mar 2025 15:43:11,396 TRACE ro.mpp2024.repository.ParticipantRepository 31 createEntityFromResultSet - Enter createEntityFromResultSet
30 Mar 2025 15:43:11,396 TRACE ro.mpp2024.repository.ParticipantRepository 37 createEntityFromResultSet - Exit with(Popescu Ion)
30 Mar 2025 15:43:11,396 TRACE ro.mpp2024.repository.ParticipantRepository 31 createEntityFromResultSet - Enter createEntityFromResultSet
30 Mar 2025 15:43:11,397 TRACE ro.mpp2024.repository.ParticipantRepository 37 createEntityFromResultSet - Exit with(Ionescu Maria)
30 Mar 2025 15:43:11,397 TRACE ro.mpp2024.repository.ParticipantRepository 31 createEntityFromResultSet - Enter createEntityFromResultSet
30 Mar 2025 15:43:11,397 TRACE ro.mpp2024.repository.ParticipantRepository 37 createEntityFromResultSet - Exit with(Georgescu Andrei)
30 Mar 2025 15:43:11,397 TRACE ro.mpp2024.repository.ParticipantRepository 31 createEntityFromResultSet - Enter createEntityFromResultSet
30 Mar 2025 15:43:11,397 TRACE ro.mpp2024.repository.ParticipantRepository 37 createEntityFromResultSet - Exit with(Dumitrescu Elena)
30 Mar 2025 15:43:11,397 TRACE ro.mpp2024.repository.ParticipantRepository 31 createEntityFromResultSet - Enter createEntityFromResultSet
30 Mar 2025 15:43:11,397 TRACE ro.mpp2024.repository.ParticipantRepository 37 createEntityFromResultSet - Exit with(Popa Mihai)
30 Mar 2025 15:43:11,397 TRACE ro.mpp2024.repository.ParticipantRepository 31 createEntityFromResultSet - Enter createEntityFromResultSet
30 Mar 2025 15:43:11,398 TRACE ro.mpp2024.repository.ParticipantRepository 37 createEntityFromResultSet - Exit with(Stan Ioana)
30 Mar 2025 15:43:11,398 TRACE ro.mpp2024.repository.ParticipantRepository 31 createEntityFromResultSet - Enter createEntityFromResultSet
30 Mar 2025 15:43:11,398 TRACE ro.mpp2024.repository.ParticipantRepository 37 createEntityFromResultSet - Exit with(Radu Cristian)
30 Mar 2025 15:43:11,398 TRACE ro.mpp2024.repository.ParticipantRepository 31 createEntityFromResultSet - Enter createEntityFromResultSet
30 Mar 2025 15:43:11,398 TRACE ro.mpp2024.repository.ParticipantRepository 37 createEntityFromResultSet - Exit with(Marin Ana)
30 Mar 2025 15:43:11,398 TRACE ro.mpp2024.repository.ParticipantRepository 31 createEntityFromResultSet - Enter createEntityFromResultSet
30 Mar 2025 15:43:11,402 TRACE ro.mpp2024.repository.ParticipantRepository 37 createEntityFromResultSet - Exit with(Tudor Alexandru)
30 Mar 2025 15:43:11,402 TRACE ro.mpp2024.repository.ParticipantRepository 31 createEntityFromResultSet - Enter createEntityFromResultSet
30 Mar 2025 15:43:11,402 TRACE ro.mpp2024.repository.ParticipantRepository 37 createEntityFromResultSet - Exit with(Petrescu Gabriel)
30 Mar 2025 15:43:11,402 TRACE ro.mpp2024.repository.ParticipantRepository 31 createEntityFromResultSet - Enter createEntityFromResultSet
30 Mar 2025 15:43:11,402 TRACE ro.mpp2024.repository.ParticipantRepository 37 createEntityFromResultSet - Exit with(Iliescu Daniela)
30 Mar 2025 15:43:11,403 TRACE ro.mpp2024.repository.ParticipantRepository 31 createEntityFromResultSet - Enter createEntityFromResultSet
30 Mar 2025 15:43:11,403 TRACE ro.mpp2024.repository.ParticipantRepository 37 createEntityFromResultSet - Exit with(Vasilescu Florin)
30 Mar 2025 15:43:11,403 TRACE ro.mpp2024.repository.ParticipantRepository 31 createEntityFromResultSet - Enter createEntityFromResultSet
30 Mar 2025 15:43:11,403 TRACE ro.mpp2024.repository.ParticipantRepository 37 createEntityFromResultSet - Exit with(Dobre Adriana)
30 Mar 2025 15:43:11,403 TRACE ro.mpp2024.repository.ParticipantRepository 31 createEntityFromResultSet - Enter createEntityFromResultSet
30 Mar 2025 15:43:11,403 TRACE ro.mpp2024.repository.ParticipantRepository 37 createEntityFromResultSet - Exit with(Munteanu Sorin)
30 Mar 2025 15:43:11,403 TRACE ro.mpp2024.repository.ParticipantRepository 31 createEntityFromResultSet - Enter createEntityFromResultSet
30 Mar 2025 15:43:11,403 TRACE ro.mpp2024.repository.ParticipantRepository 37 createEntityFromResultSet - Exit with(Nistor Carmen)
30 Mar 2025 15:43:11,403 TRACE ro.mpp2024.repository.ParticipantRepository 31 createEntityFromResultSet - Enter createEntityFromResultSet
30 Mar 2025 15:43:11,404 TRACE ro.mpp2024.repository.ParticipantRepository 37 createEntityFromResultSet - Exit with(Lazar Roxana)
30 Mar 2025 15:43:11,404 TRACE ro.mpp2024.repository.ParticipantRepository 31 createEntityFromResultSet - Enter createEntityFromResultSet
30 Mar 2025 15:43:11,404 TRACE ro.mpp2024.repository.ParticipantRepository 37 createEntityFromResultSet - Exit with(Gheorghe Vlad)
30 Mar 2025 15:43:11,404 TRACE ro.mpp2024.repository.ParticipantRepository 31 createEntityFromResultSet - Enter createEntityFromResultSet
30 Mar 2025 15:43:11,404 TRACE ro.mpp2024.repository.ParticipantRepository 37 createEntityFromResultSet - Exit with(Barbu Irina)
30 Mar 2025 15:43:11,404 TRACE ro.mpp2024.repository.ParticipantRepository 31 createEntityFromResultSet - Enter createEntityFromResultSet
30 Mar 2025 15:43:11,405 TRACE ro.mpp2024.repository.ParticipantRepository 37 createEntityFromResultSet - Exit with(Constantin Marius)
30 Mar 2025 15:43:11,405 TRACE ro.mpp2024.repository.ParticipantRepository 31 createEntityFromResultSet - Enter createEntityFromResultSet
30 Mar 2025 15:43:11,405 TRACE ro.mpp2024.repository.ParticipantRepository 37 createEntityFromResultSet - Exit with(Enache Laura)
30 Mar 2025 15:43:11,406 TRACE ro.mpp2024.repository.ParticipantRepository 31 createEntityFromResultSet - Enter createEntityFromResultSet
30 Mar 2025 15:43:11,406 TRACE ro.mpp2024.repository.ParticipantRepository 37 createEntityFromResultSet - Exit with(Dragomir Adrian)
30 Mar 2025 15:43:11,406 TRACE ro.mpp2024.repository.ParticipantRepository 31 createEntityFromResultSet - Enter createEntityFromResultSet
30 Mar 2025 15:43:11,406 TRACE ro.mpp2024.repository.ParticipantRepository 37 createEntityFromResultSet - Exit with(Filip Bianca)
30 Mar 2025 15:43:11,406 TRACE ro.mpp2024.repository.ParticipantRepository 31 createEntityFromResultSet - Enter createEntityFromResultSet
30 Mar 2025 15:43:11,406 TRACE ro.mpp2024.repository.ParticipantRepository 37 createEntityFromResultSet - Exit with(Grigore Stefan)
30 Mar 2025 15:43:11,406 TRACE ro.mpp2024.repository.ParticipantRepository 31 createEntityFromResultSet - Enter createEntityFromResultSet
30 Mar 2025 15:43:11,406 TRACE ro.mpp2024.repository.ParticipantRepository 37 createEntityFromResultSet - Exit with(Hagi Diana)
30 Mar 2025 15:43:11,406 TRACE ro.mpp2024.repository.ParticipantRepository 31 createEntityFromResultSet - Enter createEntityFromResultSet
30 Mar 2025 15:43:11,407 TRACE ro.mpp2024.repository.ParticipantRepository 37 createEntityFromResultSet - Exit with(Iacob Radu)
30 Mar 2025 15:43:11,407 TRACE ro.mpp2024.repository.ParticipantRepository 31 createEntityFromResultSet - Enter createEntityFromResultSet
30 Mar 2025 15:43:11,407 TRACE ro.mpp2024.repository.ParticipantRepository 37 createEntityFromResultSet - Exit with(Jianu Oana)
30 Mar 2025 15:43:11,407 TRACE ro.mpp2024.repository.ParticipantRepository 31 createEntityFromResultSet - Enter createEntityFromResultSet
30 Mar 2025 15:43:11,407 TRACE ro.mpp2024.repository.ParticipantRepository 37 createEntityFromResultSet - Exit with(Kovacs Cristina)
30 Mar 2025 15:43:11,407 TRACE ro.mpp2024.repository.ParticipantRepository 31 createEntityFromResultSet - Enter createEntityFromResultSet
30 Mar 2025 15:43:11,407 TRACE ro.mpp2024.repository.ParticipantRepository 37 createEntityFromResultSet - Exit with(Lupu George)
30 Mar 2025 15:43:11,407 TRACE ro.mpp2024.repository.ParticipantRepository 31 createEntityFromResultSet - Enter createEntityFromResultSet
30 Mar 2025 15:43:11,407 TRACE ro.mpp2024.repository.ParticipantRepository 37 createEntityFromResultSet - Exit with(Manole Simona)
30 Mar 2025 15:43:11,407 TRACE ro.mpp2024.repository.ParticipantRepository 31 createEntityFromResultSet - Enter createEntityFromResultSet
30 Mar 2025 15:43:11,408 TRACE ro.mpp2024.repository.ParticipantRepository 37 createEntityFromResultSet - Exit with(Nedelcu Alexandra)
30 Mar 2025 15:43:11,408 TRACE ro.mpp2024.repository.ParticipantRepository 31 createEntityFromResultSet - Enter createEntityFromResultSet
30 Mar 2025 15:43:11,408 TRACE ro.mpp2024.repository.ParticipantRepository 37 createEntityFromResultSet - Exit with(Oprea Bogdan)
30 Mar 2025 15:43:11,408 TRACE ro.mpp2024.repository.ParticipantRepository 31 createEntityFromResultSet - Enter createEntityFromResultSet
30 Mar 2025 15:43:11,408 TRACE ro.mpp2024.repository.ParticipantRepository 37 createEntityFromResultSet - Exit with(Pavel Monica)
30 Mar 2025 15:43:11,408 TRACE ro.mpp2024.repository.ParticipantRepository 31 createEntityFromResultSet - Enter createEntityFromResultSet
30 Mar 2025 15:43:11,408 TRACE ro.mpp2024.repository.ParticipantRepository 37 createEntityFromResultSet - Exit with(Rusu Andreea)
30 Mar 2025 15:43:11,408 TRACE ro.mpp2024.repository.ParticipantRepository 31 createEntityFromResultSet - Enter createEntityFromResultSet
30 Mar 2025 15:43:11,408 TRACE ro.mpp2024.repository.ParticipantRepository 37 createEntityFromResultSet - Exit with(Sandu Victor)
30 Mar 2025 15:43:11,408 TRACE ro.mpp2024.repository.ParticipantRepository 31 createEntityFromResultSet - Enter createEntityFromResultSet
30 Mar 2025 15:43:11,409 TRACE ro.mpp2024.repository.ParticipantRepository 37 createEntityFromResultSet - Exit with(Toma Gabriela)
30 Mar 2025 15:43:11,409 TRACE ro.mpp2024.repository.ParticipantRepository 31 createEntityFromResultSet - Enter createEntityFromResultSet
30 Mar 2025 15:43:11,409 TRACE ro.mpp2024.repository.ParticipantRepository 37 createEntityFromResultSet - Exit with(Ursu Mihail)
30 Mar 2025 15:43:11,409 TRACE ro.mpp2024.repository.ParticipantRepository 31 createEntityFromResultSet - Enter createEntityFromResultSet
30 Mar 2025 15:43:11,409 TRACE ro.mpp2024.repository.ParticipantRepository 37 createEntityFromResultSet - Exit with(Vlad Anca)
30 Mar 2025 15:43:11,409 TRACE ro.mpp2024.repository.ParticipantRepository 31 createEntityFromResultSet - Enter createEntityFromResultSet
30 Mar 2025 15:43:11,409 TRACE ro.mpp2024.repository.ParticipantRepository 37 createEntityFromResultSet - Exit with(Zamfir Lucian)
30 Mar 2025 15:43:11,409 TRACE ro.mpp2024.repository.ParticipantRepository 31 createEntityFromResultSet - Enter createEntityFromResultSet
30 Mar 2025 15:43:11,409 TRACE ro.mpp2024.repository.ParticipantRepository 37 createEntityFromResultSet - Exit with(Voicu Raluca)
30 Mar 2025 15:43:11,409 TRACE ro.mpp2024.repository.ParticipantRepository 31 createEntityFromResultSet - Enter createEntityFromResultSet
30 Mar 2025 15:43:11,410 TRACE ro.mpp2024.repository.ParticipantRepository 37 createEntityFromResultSet - Exit with(nume prenume)
30 Mar 2025 15:43:11,410 TRACE ro.mpp2024.repository.ParticipantRepository 57 findAll - Exit with([Popescu Ion, Ionescu Maria, Georgescu Andrei, Dumitrescu Elena, Popa Mihai, Stan Ioana, Radu Cristian, Marin Ana, Tudor Alexandru, Petrescu Gabriel, Iliescu Daniela, Vasilescu Florin, Dobre Adriana, Munteanu Sorin, Nistor Carmen, Lazar Roxana, Gheorghe Vlad, Barbu Irina, Constantin Marius, Enache Laura, Dragomir Adrian, Filip Bianca, Grigore Stefan, Hagi Diana, Iacob Radu, Jianu Oana, Kovacs Cristina, Lupu George, Manole Simona, Nedelcu Alexandra, Oprea Bogdan, Pavel Monica, Rusu Andreea, Sandu Victor, Toma Gabriela, Ursu Mihail, Vlad Anca, Zamfir Lucian, Voicu Raluca, nume prenume])
30 Mar 2025 15:43:49,304 INFO  ro.mpp2024.repository.ArbitruRepository 25 <init> - Initializing IArbitruRepository with properties: {} 
30 Mar 2025 15:43:49,307 INFO  ro.mpp2024.repository.ProbaRepository 25 <init> - Initializing ProbaRepository with properties: {} 
30 Mar 2025 15:43:49,308 INFO  ro.mpp2024.repository.ParticipantRepository 25 <init> - Initializing ParticipantRepository with properties: {} 
30 Mar 2025 15:43:49,309 INFO  ro.mpp2024.repository.RezultatRepository 26 <init> - Initializing RezultatRepository with properties: {} 
30 Mar 2025 15:43:49,310 INFO  ro.mpp2024.services.ArbitruService 15 <init> - Initializing ArbitruService
30 Mar 2025 15:43:49,310 INFO  ro.mpp2024.services.RezultatService 26 <init> - Service Rezultat made
30 Mar 2025 15:43:49,312 TRACE ro.mpp2024.repository.RezultatRepository 167 listaParticiapntPuncteProbaDescrescator - Enter listaParticiapntPuncteProbaDescrescator
30 Mar 2025 15:43:49,312 TRACE ro.mpp2024.utils.JdbcUtils 48 getConnection - Enter
30 Mar 2025 15:43:49,312 TRACE ro.mpp2024.utils.JdbcUtils 25 getNewConnection - Enter
30 Mar 2025 15:43:49,313 INFO  ro.mpp2024.utils.JdbcUtils 30 getNewConnection - trying to connect to database ... jdbc:sqlite:src/main/resources/triatlon.db
30 Mar 2025 15:43:49,313 INFO  ro.mpp2024.utils.JdbcUtils 31 getNewConnection - user: null
30 Mar 2025 15:43:49,313 INFO  ro.mpp2024.utils.JdbcUtils 32 getNewConnection - pass: null
30 Mar 2025 15:43:49,397 TRACE ro.mpp2024.utils.JdbcUtils 57 getConnection - Exit with(org.sqlite.jdbc4.JDBC4Connection@242db37f)
30 Mar 2025 15:43:49,400 TRACE ro.mpp2024.repository.RezultatRepository 185 listaParticiapntPuncteProbaDescrescator - Enter Terminat dictionar
30 Mar 2025 15:43:51,614 TRACE ro.mpp2024.utils.JdbcUtils 48 getConnection - Enter
30 Mar 2025 15:43:51,614 TRACE ro.mpp2024.utils.JdbcUtils 57 getConnection - Exit with(org.sqlite.jdbc4.JDBC4Connection@242db37f)
30 Mar 2025 15:43:51,648 TRACE ro.mpp2024.repository.RezultatRepository 143 listaParticipantiPuncteAlfabetic - Enter listaParticipantiPuncteAlfabetic
30 Mar 2025 15:43:51,648 TRACE ro.mpp2024.utils.JdbcUtils 48 getConnection - Enter
30 Mar 2025 15:43:51,648 TRACE ro.mpp2024.utils.JdbcUtils 57 getConnection - Exit with(org.sqlite.jdbc4.JDBC4Connection@242db37f)
30 Mar 2025 15:43:51,649 TRACE ro.mpp2024.repository.RezultatRepository 161 listaParticipantiPuncteAlfabetic - Enter Terminat dictionar
30 Mar 2025 15:43:51,649 TRACE ro.mpp2024.repository.RezultatRepository 167 listaParticiapntPuncteProbaDescrescator - Enter listaParticiapntPuncteProbaDescrescator
30 Mar 2025 15:43:51,649 TRACE ro.mpp2024.utils.JdbcUtils 48 getConnection - Enter
30 Mar 2025 15:43:51,650 TRACE ro.mpp2024.utils.JdbcUtils 57 getConnection - Exit with(org.sqlite.jdbc4.JDBC4Connection@242db37f)
30 Mar 2025 15:43:51,650 TRACE ro.mpp2024.repository.RezultatRepository 185 listaParticiapntPuncteProbaDescrescator - Enter Terminat dictionar
30 Mar 2025 15:43:51,656 TRACE ro.mpp2024.repository.ParticipantRepository 43 findAll - Enter
30 Mar 2025 15:43:51,656 TRACE ro.mpp2024.utils.JdbcUtils 48 getConnection - Enter
30 Mar 2025 15:43:51,656 TRACE ro.mpp2024.utils.JdbcUtils 57 getConnection - Exit with(org.sqlite.jdbc4.JDBC4Connection@242db37f)
30 Mar 2025 15:43:51,658 TRACE ro.mpp2024.repository.ParticipantRepository 31 createEntityFromResultSet - Enter createEntityFromResultSet
30 Mar 2025 15:43:51,658 TRACE ro.mpp2024.repository.ParticipantRepository 37 createEntityFromResultSet - Exit with(Popescu Ion)
30 Mar 2025 15:43:51,658 TRACE ro.mpp2024.repository.ParticipantRepository 31 createEntityFromResultSet - Enter createEntityFromResultSet
30 Mar 2025 15:43:51,658 TRACE ro.mpp2024.repository.ParticipantRepository 37 createEntityFromResultSet - Exit with(Ionescu Maria)
30 Mar 2025 15:43:51,658 TRACE ro.mpp2024.repository.ParticipantRepository 31 createEntityFromResultSet - Enter createEntityFromResultSet
30 Mar 2025 15:43:51,659 TRACE ro.mpp2024.repository.ParticipantRepository 37 createEntityFromResultSet - Exit with(Georgescu Andrei)
30 Mar 2025 15:43:51,659 TRACE ro.mpp2024.repository.ParticipantRepository 31 createEntityFromResultSet - Enter createEntityFromResultSet
30 Mar 2025 15:43:51,659 TRACE ro.mpp2024.repository.ParticipantRepository 37 createEntityFromResultSet - Exit with(Dumitrescu Elena)
30 Mar 2025 15:43:51,659 TRACE ro.mpp2024.repository.ParticipantRepository 31 createEntityFromResultSet - Enter createEntityFromResultSet
30 Mar 2025 15:43:51,659 TRACE ro.mpp2024.repository.ParticipantRepository 37 createEntityFromResultSet - Exit with(Popa Mihai)
30 Mar 2025 15:43:51,659 TRACE ro.mpp2024.repository.ParticipantRepository 31 createEntityFromResultSet - Enter createEntityFromResultSet
30 Mar 2025 15:43:51,659 TRACE ro.mpp2024.repository.ParticipantRepository 37 createEntityFromResultSet - Exit with(Stan Ioana)
30 Mar 2025 15:43:51,659 TRACE ro.mpp2024.repository.ParticipantRepository 31 createEntityFromResultSet - Enter createEntityFromResultSet
30 Mar 2025 15:43:51,659 TRACE ro.mpp2024.repository.ParticipantRepository 37 createEntityFromResultSet - Exit with(Radu Cristian)
30 Mar 2025 15:43:51,660 TRACE ro.mpp2024.repository.ParticipantRepository 31 createEntityFromResultSet - Enter createEntityFromResultSet
30 Mar 2025 15:43:51,660 TRACE ro.mpp2024.repository.ParticipantRepository 37 createEntityFromResultSet - Exit with(Marin Ana)
30 Mar 2025 15:43:51,660 TRACE ro.mpp2024.repository.ParticipantRepository 31 createEntityFromResultSet - Enter createEntityFromResultSet
30 Mar 2025 15:43:51,660 TRACE ro.mpp2024.repository.ParticipantRepository 37 createEntityFromResultSet - Exit with(Tudor Alexandru)
30 Mar 2025 15:43:51,660 TRACE ro.mpp2024.repository.ParticipantRepository 31 createEntityFromResultSet - Enter createEntityFromResultSet
30 Mar 2025 15:43:51,660 TRACE ro.mpp2024.repository.ParticipantRepository 37 createEntityFromResultSet - Exit with(Petrescu Gabriel)
30 Mar 2025 15:43:51,660 TRACE ro.mpp2024.repository.ParticipantRepository 31 createEntityFromResultSet - Enter createEntityFromResultSet
30 Mar 2025 15:43:51,661 TRACE ro.mpp2024.repository.ParticipantRepository 37 createEntityFromResultSet - Exit with(Iliescu Daniela)
30 Mar 2025 15:43:51,661 TRACE ro.mpp2024.repository.ParticipantRepository 31 createEntityFromResultSet - Enter createEntityFromResultSet
30 Mar 2025 15:43:51,661 TRACE ro.mpp2024.repository.ParticipantRepository 37 createEntityFromResultSet - Exit with(Vasilescu Florin)
30 Mar 2025 15:43:51,661 TRACE ro.mpp2024.repository.ParticipantRepository 31 createEntityFromResultSet - Enter createEntityFromResultSet
30 Mar 2025 15:43:51,661 TRACE ro.mpp2024.repository.ParticipantRepository 37 createEntityFromResultSet - Exit with(Dobre Adriana)
30 Mar 2025 15:43:51,661 TRACE ro.mpp2024.repository.ParticipantRepository 31 createEntityFromResultSet - Enter createEntityFromResultSet
30 Mar 2025 15:43:51,661 TRACE ro.mpp2024.repository.ParticipantRepository 37 createEntityFromResultSet - Exit with(Munteanu Sorin)
30 Mar 2025 15:43:51,661 TRACE ro.mpp2024.repository.ParticipantRepository 31 createEntityFromResultSet - Enter createEntityFromResultSet
30 Mar 2025 15:43:51,662 TRACE ro.mpp2024.repository.ParticipantRepository 37 createEntityFromResultSet - Exit with(Nistor Carmen)
30 Mar 2025 15:43:51,662 TRACE ro.mpp2024.repository.ParticipantRepository 31 createEntityFromResultSet - Enter createEntityFromResultSet
30 Mar 2025 15:43:51,662 TRACE ro.mpp2024.repository.ParticipantRepository 37 createEntityFromResultSet - Exit with(Lazar Roxana)
30 Mar 2025 15:43:51,662 TRACE ro.mpp2024.repository.ParticipantRepository 31 createEntityFromResultSet - Enter createEntityFromResultSet
30 Mar 2025 15:43:51,662 TRACE ro.mpp2024.repository.ParticipantRepository 37 createEntityFromResultSet - Exit with(Gheorghe Vlad)
30 Mar 2025 15:43:51,662 TRACE ro.mpp2024.repository.ParticipantRepository 31 createEntityFromResultSet - Enter createEntityFromResultSet
30 Mar 2025 15:43:51,662 TRACE ro.mpp2024.repository.ParticipantRepository 37 createEntityFromResultSet - Exit with(Barbu Irina)
30 Mar 2025 15:43:51,662 TRACE ro.mpp2024.repository.ParticipantRepository 31 createEntityFromResultSet - Enter createEntityFromResultSet
30 Mar 2025 15:43:51,662 TRACE ro.mpp2024.repository.ParticipantRepository 37 createEntityFromResultSet - Exit with(Constantin Marius)
30 Mar 2025 15:43:51,663 TRACE ro.mpp2024.repository.ParticipantRepository 31 createEntityFromResultSet - Enter createEntityFromResultSet
30 Mar 2025 15:43:51,663 TRACE ro.mpp2024.repository.ParticipantRepository 37 createEntityFromResultSet - Exit with(Enache Laura)
30 Mar 2025 15:43:51,663 TRACE ro.mpp2024.repository.ParticipantRepository 31 createEntityFromResultSet - Enter createEntityFromResultSet
30 Mar 2025 15:43:51,663 TRACE ro.mpp2024.repository.ParticipantRepository 37 createEntityFromResultSet - Exit with(Dragomir Adrian)
30 Mar 2025 15:43:51,663 TRACE ro.mpp2024.repository.ParticipantRepository 31 createEntityFromResultSet - Enter createEntityFromResultSet
30 Mar 2025 15:43:51,663 TRACE ro.mpp2024.repository.ParticipantRepository 37 createEntityFromResultSet - Exit with(Filip Bianca)
30 Mar 2025 15:43:51,663 TRACE ro.mpp2024.repository.ParticipantRepository 31 createEntityFromResultSet - Enter createEntityFromResultSet
30 Mar 2025 15:43:51,663 TRACE ro.mpp2024.repository.ParticipantRepository 37 createEntityFromResultSet - Exit with(Grigore Stefan)
30 Mar 2025 15:43:51,663 TRACE ro.mpp2024.repository.ParticipantRepository 31 createEntityFromResultSet - Enter createEntityFromResultSet
30 Mar 2025 15:43:51,663 TRACE ro.mpp2024.repository.ParticipantRepository 37 createEntityFromResultSet - Exit with(Hagi Diana)
30 Mar 2025 15:43:51,664 TRACE ro.mpp2024.repository.ParticipantRepository 31 createEntityFromResultSet - Enter createEntityFromResultSet
30 Mar 2025 15:43:51,664 TRACE ro.mpp2024.repository.ParticipantRepository 37 createEntityFromResultSet - Exit with(Iacob Radu)
30 Mar 2025 15:43:51,664 TRACE ro.mpp2024.repository.ParticipantRepository 31 createEntityFromResultSet - Enter createEntityFromResultSet
30 Mar 2025 15:43:51,664 TRACE ro.mpp2024.repository.ParticipantRepository 37 createEntityFromResultSet - Exit with(Jianu Oana)
30 Mar 2025 15:43:51,664 TRACE ro.mpp2024.repository.ParticipantRepository 31 createEntityFromResultSet - Enter createEntityFromResultSet
30 Mar 2025 15:43:51,664 TRACE ro.mpp2024.repository.ParticipantRepository 37 createEntityFromResultSet - Exit with(Kovacs Cristina)
30 Mar 2025 15:43:51,664 TRACE ro.mpp2024.repository.ParticipantRepository 31 createEntityFromResultSet - Enter createEntityFromResultSet
30 Mar 2025 15:43:51,664 TRACE ro.mpp2024.repository.ParticipantRepository 37 createEntityFromResultSet - Exit with(Lupu George)
30 Mar 2025 15:43:51,664 TRACE ro.mpp2024.repository.ParticipantRepository 31 createEntityFromResultSet - Enter createEntityFromResultSet
30 Mar 2025 15:43:51,665 TRACE ro.mpp2024.repository.ParticipantRepository 37 createEntityFromResultSet - Exit with(Manole Simona)
30 Mar 2025 15:43:51,665 TRACE ro.mpp2024.repository.ParticipantRepository 31 createEntityFromResultSet - Enter createEntityFromResultSet
30 Mar 2025 15:43:51,665 TRACE ro.mpp2024.repository.ParticipantRepository 37 createEntityFromResultSet - Exit with(Nedelcu Alexandra)
30 Mar 2025 15:43:51,665 TRACE ro.mpp2024.repository.ParticipantRepository 31 createEntityFromResultSet - Enter createEntityFromResultSet
30 Mar 2025 15:43:51,665 TRACE ro.mpp2024.repository.ParticipantRepository 37 createEntityFromResultSet - Exit with(Oprea Bogdan)
30 Mar 2025 15:43:51,665 TRACE ro.mpp2024.repository.ParticipantRepository 31 createEntityFromResultSet - Enter createEntityFromResultSet
30 Mar 2025 15:43:51,665 TRACE ro.mpp2024.repository.ParticipantRepository 37 createEntityFromResultSet - Exit with(Pavel Monica)
30 Mar 2025 15:43:51,665 TRACE ro.mpp2024.repository.ParticipantRepository 31 createEntityFromResultSet - Enter createEntityFromResultSet
30 Mar 2025 15:43:51,665 TRACE ro.mpp2024.repository.ParticipantRepository 37 createEntityFromResultSet - Exit with(Rusu Andreea)
30 Mar 2025 15:43:51,665 TRACE ro.mpp2024.repository.ParticipantRepository 31 createEntityFromResultSet - Enter createEntityFromResultSet
30 Mar 2025 15:43:51,665 TRACE ro.mpp2024.repository.ParticipantRepository 37 createEntityFromResultSet - Exit with(Sandu Victor)
30 Mar 2025 15:43:51,666 TRACE ro.mpp2024.repository.ParticipantRepository 31 createEntityFromResultSet - Enter createEntityFromResultSet
30 Mar 2025 15:43:51,666 TRACE ro.mpp2024.repository.ParticipantRepository 37 createEntityFromResultSet - Exit with(Toma Gabriela)
30 Mar 2025 15:43:51,666 TRACE ro.mpp2024.repository.ParticipantRepository 31 createEntityFromResultSet - Enter createEntityFromResultSet
30 Mar 2025 15:43:51,666 TRACE ro.mpp2024.repository.ParticipantRepository 37 createEntityFromResultSet - Exit with(Ursu Mihail)
30 Mar 2025 15:43:51,666 TRACE ro.mpp2024.repository.ParticipantRepository 31 createEntityFromResultSet - Enter createEntityFromResultSet
30 Mar 2025 15:43:51,666 TRACE ro.mpp2024.repository.ParticipantRepository 37 createEntityFromResultSet - Exit with(Vlad Anca)
30 Mar 2025 15:43:51,666 TRACE ro.mpp2024.repository.ParticipantRepository 31 createEntityFromResultSet - Enter createEntityFromResultSet
30 Mar 2025 15:43:51,666 TRACE ro.mpp2024.repository.ParticipantRepository 37 createEntityFromResultSet - Exit with(Zamfir Lucian)
30 Mar 2025 15:43:51,666 TRACE ro.mpp2024.repository.ParticipantRepository 31 createEntityFromResultSet - Enter createEntityFromResultSet
30 Mar 2025 15:43:51,666 TRACE ro.mpp2024.repository.ParticipantRepository 37 createEntityFromResultSet - Exit with(Voicu Raluca)
30 Mar 2025 15:43:51,667 TRACE ro.mpp2024.repository.ParticipantRepository 31 createEntityFromResultSet - Enter createEntityFromResultSet
30 Mar 2025 15:43:51,667 TRACE ro.mpp2024.repository.ParticipantRepository 37 createEntityFromResultSet - Exit with(nume prenume)
30 Mar 2025 15:43:51,667 TRACE ro.mpp2024.repository.ParticipantRepository 57 findAll - Exit with([Popescu Ion, Ionescu Maria, Georgescu Andrei, Dumitrescu Elena, Popa Mihai, Stan Ioana, Radu Cristian, Marin Ana, Tudor Alexandru, Petrescu Gabriel, Iliescu Daniela, Vasilescu Florin, Dobre Adriana, Munteanu Sorin, Nistor Carmen, Lazar Roxana, Gheorghe Vlad, Barbu Irina, Constantin Marius, Enache Laura, Dragomir Adrian, Filip Bianca, Grigore Stefan, Hagi Diana, Iacob Radu, Jianu Oana, Kovacs Cristina, Lupu George, Manole Simona, Nedelcu Alexandra, Oprea Bogdan, Pavel Monica, Rusu Andreea, Sandu Victor, Toma Gabriela, Ursu Mihail, Vlad Anca, Zamfir Lucian, Voicu Raluca, nume prenume])
30 Mar 2025 15:52:43,438 INFO  ro.mpp2024.repository.ArbitruRepository 25 <init> - Initializing IArbitruRepository with properties: {} 
30 Mar 2025 15:52:43,442 INFO  ro.mpp2024.repository.ProbaRepository 25 <init> - Initializing ProbaRepository with properties: {} 
30 Mar 2025 15:52:43,443 INFO  ro.mpp2024.repository.ParticipantRepository 25 <init> - Initializing ParticipantRepository with properties: {} 
30 Mar 2025 15:52:43,444 INFO  ro.mpp2024.repository.RezultatRepository 26 <init> - Initializing RezultatRepository with properties: {} 
30 Mar 2025 15:52:43,445 INFO  ro.mpp2024.services.ArbitruService 15 <init> - Initializing ArbitruService
30 Mar 2025 15:52:43,445 INFO  ro.mpp2024.services.RezultatService 26 <init> - Service Rezultat made
30 Mar 2025 15:52:43,447 TRACE ro.mpp2024.repository.RezultatRepository 167 listaParticiapntPuncteProbaDescrescator - Enter listaParticiapntPuncteProbaDescrescator
30 Mar 2025 15:52:43,447 TRACE ro.mpp2024.utils.JdbcUtils 48 getConnection - Enter
30 Mar 2025 15:52:43,447 TRACE ro.mpp2024.utils.JdbcUtils 25 getNewConnection - Enter
30 Mar 2025 15:52:43,448 INFO  ro.mpp2024.utils.JdbcUtils 30 getNewConnection - trying to connect to database ... jdbc:sqlite:src/main/resources/triatlon.db
30 Mar 2025 15:52:43,448 INFO  ro.mpp2024.utils.JdbcUtils 31 getNewConnection - user: null
30 Mar 2025 15:52:43,448 INFO  ro.mpp2024.utils.JdbcUtils 32 getNewConnection - pass: null
30 Mar 2025 15:52:43,533 TRACE ro.mpp2024.utils.JdbcUtils 57 getConnection - Exit with(org.sqlite.jdbc4.JDBC4Connection@242db37f)
30 Mar 2025 15:52:43,536 TRACE ro.mpp2024.repository.RezultatRepository 185 listaParticiapntPuncteProbaDescrescator - Enter Terminat dictionar
30 Mar 2025 15:52:46,839 TRACE ro.mpp2024.utils.JdbcUtils 48 getConnection - Enter
30 Mar 2025 15:52:46,840 TRACE ro.mpp2024.utils.JdbcUtils 57 getConnection - Exit with(org.sqlite.jdbc4.JDBC4Connection@242db37f)
30 Mar 2025 15:52:46,878 TRACE ro.mpp2024.repository.RezultatRepository 143 listaParticipantiPuncteAlfabetic - Enter listaParticipantiPuncteAlfabetic
30 Mar 2025 15:52:46,879 TRACE ro.mpp2024.utils.JdbcUtils 48 getConnection - Enter
30 Mar 2025 15:52:46,879 TRACE ro.mpp2024.utils.JdbcUtils 57 getConnection - Exit with(org.sqlite.jdbc4.JDBC4Connection@242db37f)
30 Mar 2025 15:52:46,879 TRACE ro.mpp2024.repository.RezultatRepository 161 listaParticipantiPuncteAlfabetic - Enter Terminat dictionar
30 Mar 2025 15:52:46,880 TRACE ro.mpp2024.repository.RezultatRepository 167 listaParticiapntPuncteProbaDescrescator - Enter listaParticiapntPuncteProbaDescrescator
30 Mar 2025 15:52:46,880 TRACE ro.mpp2024.utils.JdbcUtils 48 getConnection - Enter
30 Mar 2025 15:52:46,880 TRACE ro.mpp2024.utils.JdbcUtils 57 getConnection - Exit with(org.sqlite.jdbc4.JDBC4Connection@242db37f)
30 Mar 2025 15:52:46,880 TRACE ro.mpp2024.repository.RezultatRepository 185 listaParticiapntPuncteProbaDescrescator - Enter Terminat dictionar
30 Mar 2025 15:52:46,890 TRACE ro.mpp2024.repository.ParticipantRepository 43 findAll - Enter
30 Mar 2025 15:52:46,890 TRACE ro.mpp2024.utils.JdbcUtils 48 getConnection - Enter
30 Mar 2025 15:52:46,890 TRACE ro.mpp2024.utils.JdbcUtils 57 getConnection - Exit with(org.sqlite.jdbc4.JDBC4Connection@242db37f)
30 Mar 2025 15:52:46,890 TRACE ro.mpp2024.repository.ParticipantRepository 31 createEntityFromResultSet - Enter createEntityFromResultSet
30 Mar 2025 15:52:46,890 TRACE ro.mpp2024.repository.ParticipantRepository 37 createEntityFromResultSet - Exit with(Popescu Ion)
30 Mar 2025 15:52:46,891 TRACE ro.mpp2024.repository.ParticipantRepository 31 createEntityFromResultSet - Enter createEntityFromResultSet
30 Mar 2025 15:52:46,891 TRACE ro.mpp2024.repository.ParticipantRepository 37 createEntityFromResultSet - Exit with(Ionescu Maria)
30 Mar 2025 15:52:46,891 TRACE ro.mpp2024.repository.ParticipantRepository 31 createEntityFromResultSet - Enter createEntityFromResultSet
30 Mar 2025 15:52:46,891 TRACE ro.mpp2024.repository.ParticipantRepository 37 createEntityFromResultSet - Exit with(Georgescu Andrei)
30 Mar 2025 15:52:46,891 TRACE ro.mpp2024.repository.ParticipantRepository 31 createEntityFromResultSet - Enter createEntityFromResultSet
30 Mar 2025 15:52:46,891 TRACE ro.mpp2024.repository.ParticipantRepository 37 createEntityFromResultSet - Exit with(Dumitrescu Elena)
30 Mar 2025 15:52:46,891 TRACE ro.mpp2024.repository.ParticipantRepository 31 createEntityFromResultSet - Enter createEntityFromResultSet
30 Mar 2025 15:52:46,891 TRACE ro.mpp2024.repository.ParticipantRepository 37 createEntityFromResultSet - Exit with(Popa Mihai)
30 Mar 2025 15:52:46,892 TRACE ro.mpp2024.repository.ParticipantRepository 31 createEntityFromResultSet - Enter createEntityFromResultSet
30 Mar 2025 15:52:46,892 TRACE ro.mpp2024.repository.ParticipantRepository 37 createEntityFromResultSet - Exit with(Stan Ioana)
30 Mar 2025 15:52:46,892 TRACE ro.mpp2024.repository.ParticipantRepository 31 createEntityFromResultSet - Enter createEntityFromResultSet
30 Mar 2025 15:52:46,892 TRACE ro.mpp2024.repository.ParticipantRepository 37 createEntityFromResultSet - Exit with(Radu Cristian)
30 Mar 2025 15:52:46,892 TRACE ro.mpp2024.repository.ParticipantRepository 31 createEntityFromResultSet - Enter createEntityFromResultSet
30 Mar 2025 15:52:46,892 TRACE ro.mpp2024.repository.ParticipantRepository 37 createEntityFromResultSet - Exit with(Marin Ana)
30 Mar 2025 15:52:46,892 TRACE ro.mpp2024.repository.ParticipantRepository 31 createEntityFromResultSet - Enter createEntityFromResultSet
30 Mar 2025 15:52:46,892 TRACE ro.mpp2024.repository.ParticipantRepository 37 createEntityFromResultSet - Exit with(Tudor Alexandru)
30 Mar 2025 15:52:46,893 TRACE ro.mpp2024.repository.ParticipantRepository 31 createEntityFromResultSet - Enter createEntityFromResultSet
30 Mar 2025 15:52:46,893 TRACE ro.mpp2024.repository.ParticipantRepository 37 createEntityFromResultSet - Exit with(Petrescu Gabriel)
30 Mar 2025 15:52:46,893 TRACE ro.mpp2024.repository.ParticipantRepository 31 createEntityFromResultSet - Enter createEntityFromResultSet
30 Mar 2025 15:52:46,893 TRACE ro.mpp2024.repository.ParticipantRepository 37 createEntityFromResultSet - Exit with(Iliescu Daniela)
30 Mar 2025 15:52:46,893 TRACE ro.mpp2024.repository.ParticipantRepository 31 createEntityFromResultSet - Enter createEntityFromResultSet
30 Mar 2025 15:52:46,893 TRACE ro.mpp2024.repository.ParticipantRepository 37 createEntityFromResultSet - Exit with(Vasilescu Florin)
30 Mar 2025 15:52:46,893 TRACE ro.mpp2024.repository.ParticipantRepository 31 createEntityFromResultSet - Enter createEntityFromResultSet
30 Mar 2025 15:52:46,893 TRACE ro.mpp2024.repository.ParticipantRepository 37 createEntityFromResultSet - Exit with(Dobre Adriana)
30 Mar 2025 15:52:46,893 TRACE ro.mpp2024.repository.ParticipantRepository 31 createEntityFromResultSet - Enter createEntityFromResultSet
30 Mar 2025 15:52:46,894 TRACE ro.mpp2024.repository.ParticipantRepository 37 createEntityFromResultSet - Exit with(Munteanu Sorin)
30 Mar 2025 15:52:46,894 TRACE ro.mpp2024.repository.ParticipantRepository 31 createEntityFromResultSet - Enter createEntityFromResultSet
30 Mar 2025 15:52:46,894 TRACE ro.mpp2024.repository.ParticipantRepository 37 createEntityFromResultSet - Exit with(Nistor Carmen)
30 Mar 2025 15:52:46,894 TRACE ro.mpp2024.repository.ParticipantRepository 31 createEntityFromResultSet - Enter createEntityFromResultSet
30 Mar 2025 15:52:46,894 TRACE ro.mpp2024.repository.ParticipantRepository 37 createEntityFromResultSet - Exit with(Lazar Roxana)
30 Mar 2025 15:52:46,894 TRACE ro.mpp2024.repository.ParticipantRepository 31 createEntityFromResultSet - Enter createEntityFromResultSet
30 Mar 2025 15:52:46,894 TRACE ro.mpp2024.repository.ParticipantRepository 37 createEntityFromResultSet - Exit with(Gheorghe Vlad)
30 Mar 2025 15:52:46,894 TRACE ro.mpp2024.repository.ParticipantRepository 31 createEntityFromResultSet - Enter createEntityFromResultSet
30 Mar 2025 15:52:46,894 TRACE ro.mpp2024.repository.ParticipantRepository 37 createEntityFromResultSet - Exit with(Barbu Irina)
30 Mar 2025 15:52:46,895 TRACE ro.mpp2024.repository.ParticipantRepository 31 createEntityFromResultSet - Enter createEntityFromResultSet
30 Mar 2025 15:52:46,895 TRACE ro.mpp2024.repository.ParticipantRepository 37 createEntityFromResultSet - Exit with(Constantin Marius)
30 Mar 2025 15:52:46,895 TRACE ro.mpp2024.repository.ParticipantRepository 31 createEntityFromResultSet - Enter createEntityFromResultSet
30 Mar 2025 15:52:46,895 TRACE ro.mpp2024.repository.ParticipantRepository 37 createEntityFromResultSet - Exit with(Enache Laura)
30 Mar 2025 15:52:46,895 TRACE ro.mpp2024.repository.ParticipantRepository 31 createEntityFromResultSet - Enter createEntityFromResultSet
30 Mar 2025 15:52:46,895 TRACE ro.mpp2024.repository.ParticipantRepository 37 createEntityFromResultSet - Exit with(Dragomir Adrian)
30 Mar 2025 15:52:46,895 TRACE ro.mpp2024.repository.ParticipantRepository 31 createEntityFromResultSet - Enter createEntityFromResultSet
30 Mar 2025 15:52:46,895 TRACE ro.mpp2024.repository.ParticipantRepository 37 createEntityFromResultSet - Exit with(Filip Bianca)
30 Mar 2025 15:52:46,895 TRACE ro.mpp2024.repository.ParticipantRepository 31 createEntityFromResultSet - Enter createEntityFromResultSet
30 Mar 2025 15:52:46,895 TRACE ro.mpp2024.repository.ParticipantRepository 37 createEntityFromResultSet - Exit with(Grigore Stefan)
30 Mar 2025 15:52:46,896 TRACE ro.mpp2024.repository.ParticipantRepository 31 createEntityFromResultSet - Enter createEntityFromResultSet
30 Mar 2025 15:52:46,896 TRACE ro.mpp2024.repository.ParticipantRepository 37 createEntityFromResultSet - Exit with(Hagi Diana)
30 Mar 2025 15:52:46,896 TRACE ro.mpp2024.repository.ParticipantRepository 31 createEntityFromResultSet - Enter createEntityFromResultSet
30 Mar 2025 15:52:46,896 TRACE ro.mpp2024.repository.ParticipantRepository 37 createEntityFromResultSet - Exit with(Iacob Radu)
30 Mar 2025 15:52:46,896 TRACE ro.mpp2024.repository.ParticipantRepository 31 createEntityFromResultSet - Enter createEntityFromResultSet
30 Mar 2025 15:52:46,896 TRACE ro.mpp2024.repository.ParticipantRepository 37 createEntityFromResultSet - Exit with(Jianu Oana)
30 Mar 2025 15:52:46,896 TRACE ro.mpp2024.repository.ParticipantRepository 31 createEntityFromResultSet - Enter createEntityFromResultSet
30 Mar 2025 15:52:46,896 TRACE ro.mpp2024.repository.ParticipantRepository 37 createEntityFromResultSet - Exit with(Kovacs Cristina)
30 Mar 2025 15:52:46,896 TRACE ro.mpp2024.repository.ParticipantRepository 31 createEntityFromResultSet - Enter createEntityFromResultSet
30 Mar 2025 15:52:46,896 TRACE ro.mpp2024.repository.ParticipantRepository 37 createEntityFromResultSet - Exit with(Lupu George)
30 Mar 2025 15:52:46,897 TRACE ro.mpp2024.repository.ParticipantRepository 31 createEntityFromResultSet - Enter createEntityFromResultSet
30 Mar 2025 15:52:46,897 TRACE ro.mpp2024.repository.ParticipantRepository 37 createEntityFromResultSet - Exit with(Manole Simona)
30 Mar 2025 15:52:46,897 TRACE ro.mpp2024.repository.ParticipantRepository 31 createEntityFromResultSet - Enter createEntityFromResultSet
30 Mar 2025 15:52:46,897 TRACE ro.mpp2024.repository.ParticipantRepository 37 createEntityFromResultSet - Exit with(Nedelcu Alexandra)
30 Mar 2025 15:52:46,897 TRACE ro.mpp2024.repository.ParticipantRepository 31 createEntityFromResultSet - Enter createEntityFromResultSet
30 Mar 2025 15:52:46,897 TRACE ro.mpp2024.repository.ParticipantRepository 37 createEntityFromResultSet - Exit with(Oprea Bogdan)
30 Mar 2025 15:52:46,897 TRACE ro.mpp2024.repository.ParticipantRepository 31 createEntityFromResultSet - Enter createEntityFromResultSet
30 Mar 2025 15:52:46,897 TRACE ro.mpp2024.repository.ParticipantRepository 37 createEntityFromResultSet - Exit with(Pavel Monica)
30 Mar 2025 15:52:46,897 TRACE ro.mpp2024.repository.ParticipantRepository 31 createEntityFromResultSet - Enter createEntityFromResultSet
30 Mar 2025 15:52:46,898 TRACE ro.mpp2024.repository.ParticipantRepository 37 createEntityFromResultSet - Exit with(Rusu Andreea)
30 Mar 2025 15:52:46,898 TRACE ro.mpp2024.repository.ParticipantRepository 31 createEntityFromResultSet - Enter createEntityFromResultSet
30 Mar 2025 15:52:46,898 TRACE ro.mpp2024.repository.ParticipantRepository 37 createEntityFromResultSet - Exit with(Sandu Victor)
30 Mar 2025 15:52:46,898 TRACE ro.mpp2024.repository.ParticipantRepository 31 createEntityFromResultSet - Enter createEntityFromResultSet
30 Mar 2025 15:52:46,898 TRACE ro.mpp2024.repository.ParticipantRepository 37 createEntityFromResultSet - Exit with(Toma Gabriela)
30 Mar 2025 15:52:46,898 TRACE ro.mpp2024.repository.ParticipantRepository 31 createEntityFromResultSet - Enter createEntityFromResultSet
30 Mar 2025 15:52:46,898 TRACE ro.mpp2024.repository.ParticipantRepository 37 createEntityFromResultSet - Exit with(Ursu Mihail)
30 Mar 2025 15:52:46,898 TRACE ro.mpp2024.repository.ParticipantRepository 31 createEntityFromResultSet - Enter createEntityFromResultSet
30 Mar 2025 15:52:46,898 TRACE ro.mpp2024.repository.ParticipantRepository 37 createEntityFromResultSet - Exit with(Vlad Anca)
30 Mar 2025 15:52:46,899 TRACE ro.mpp2024.repository.ParticipantRepository 31 createEntityFromResultSet - Enter createEntityFromResultSet
30 Mar 2025 15:52:46,899 TRACE ro.mpp2024.repository.ParticipantRepository 37 createEntityFromResultSet - Exit with(Zamfir Lucian)
30 Mar 2025 15:52:46,899 TRACE ro.mpp2024.repository.ParticipantRepository 31 createEntityFromResultSet - Enter createEntityFromResultSet
30 Mar 2025 15:52:46,899 TRACE ro.mpp2024.repository.ParticipantRepository 37 createEntityFromResultSet - Exit with(Voicu Raluca)
30 Mar 2025 15:52:46,899 TRACE ro.mpp2024.repository.ParticipantRepository 31 createEntityFromResultSet - Enter createEntityFromResultSet
30 Mar 2025 15:52:46,899 TRACE ro.mpp2024.repository.ParticipantRepository 37 createEntityFromResultSet - Exit with(nume prenume)
30 Mar 2025 15:52:46,899 TRACE ro.mpp2024.repository.ParticipantRepository 57 findAll - Exit with([Popescu Ion, Ionescu Maria, Georgescu Andrei, Dumitrescu Elena, Popa Mihai, Stan Ioana, Radu Cristian, Marin Ana, Tudor Alexandru, Petrescu Gabriel, Iliescu Daniela, Vasilescu Florin, Dobre Adriana, Munteanu Sorin, Nistor Carmen, Lazar Roxana, Gheorghe Vlad, Barbu Irina, Constantin Marius, Enache Laura, Dragomir Adrian, Filip Bianca, Grigore Stefan, Hagi Diana, Iacob Radu, Jianu Oana, Kovacs Cristina, Lupu George, Manole Simona, Nedelcu Alexandra, Oprea Bogdan, Pavel Monica, Rusu Andreea, Sandu Victor, Toma Gabriela, Ursu Mihail, Vlad Anca, Zamfir Lucian, Voicu Raluca, nume prenume])
30 Mar 2025 15:52:58,474 TRACE ro.mpp2024.services.RezultatService 30 addRezultat - Enter
30 Mar 2025 15:52:58,474 TRACE ro.mpp2024.repository.ParticipantRepository 63 findOne - Enter
30 Mar 2025 15:52:58,474 TRACE ro.mpp2024.utils.JdbcUtils 48 getConnection - Enter
30 Mar 2025 15:52:58,474 TRACE ro.mpp2024.utils.JdbcUtils 57 getConnection - Exit with(org.sqlite.jdbc4.JDBC4Connection@242db37f)
30 Mar 2025 15:52:58,475 TRACE ro.mpp2024.repository.ParticipantRepository 31 createEntityFromResultSet - Enter createEntityFromResultSet
30 Mar 2025 15:52:58,475 TRACE ro.mpp2024.repository.ParticipantRepository 37 createEntityFromResultSet - Exit with(Gheorghe Vlad)
30 Mar 2025 15:52:58,475 TRACE ro.mpp2024.repository.ParticipantRepository 77 findOne - Exit with(Gheorghe Vlad)
30 Mar 2025 15:52:58,475 TRACE ro.mpp2024.repository.ProbaRepository 63 findOne - Enter findOne
30 Mar 2025 15:52:58,475 TRACE ro.mpp2024.utils.JdbcUtils 48 getConnection - Enter
30 Mar 2025 15:52:58,476 TRACE ro.mpp2024.utils.JdbcUtils 57 getConnection - Exit with(org.sqlite.jdbc4.JDBC4Connection@242db37f)
30 Mar 2025 15:52:58,476 TRACE ro.mpp2024.repository.ProbaRepository 77 findOne - Exit
30 Mar 2025 15:52:58,476 TRACE ro.mpp2024.repository.RezultatRepository 115 save - Enter save
30 Mar 2025 15:52:58,476 TRACE ro.mpp2024.utils.JdbcUtils 48 getConnection - Enter
30 Mar 2025 15:52:58,476 TRACE ro.mpp2024.utils.JdbcUtils 57 getConnection - Exit with(org.sqlite.jdbc4.JDBC4Connection@242db37f)
30 Mar 2025 16:02:32,688 INFO  ro.mpp2024.repository.ArbitruRepository 25 <init> - Initializing IArbitruRepository with properties: {} 
30 Mar 2025 16:02:32,692 INFO  ro.mpp2024.repository.ProbaRepository 25 <init> - Initializing ProbaRepository with properties: {} 
30 Mar 2025 16:02:32,693 INFO  ro.mpp2024.repository.ParticipantRepository 25 <init> - Initializing ParticipantRepository with properties: {} 
30 Mar 2025 16:02:32,694 INFO  ro.mpp2024.repository.RezultatRepository 26 <init> - Initializing RezultatRepository with properties: {} 
30 Mar 2025 16:02:32,695 INFO  ro.mpp2024.services.ArbitruService 16 <init> - Initializing ArbitruService
30 Mar 2025 16:02:32,697 TRACE ro.mpp2024.repository.ArbitruRepository 44 findAll - Enter findAll
30 Mar 2025 16:02:32,697 TRACE ro.mpp2024.utils.JdbcUtils 48 getConnection - Enter
30 Mar 2025 16:02:32,697 TRACE ro.mpp2024.utils.JdbcUtils 25 getNewConnection - Enter
30 Mar 2025 16:02:32,698 INFO  ro.mpp2024.utils.JdbcUtils 30 getNewConnection - trying to connect to database ... jdbc:sqlite:src/main/resources/triatlon.db
30 Mar 2025 16:02:32,698 INFO  ro.mpp2024.utils.JdbcUtils 31 getNewConnection - user: null
30 Mar 2025 16:02:32,698 INFO  ro.mpp2024.utils.JdbcUtils 32 getNewConnection - pass: null
30 Mar 2025 16:02:32,781 TRACE ro.mpp2024.utils.JdbcUtils 57 getConnection - Exit with(org.sqlite.jdbc4.JDBC4Connection@d723ea4)
30 Mar 2025 16:02:32,783 TRACE ro.mpp2024.repository.ArbitruRepository 31 createEntityFromResultSet - Enter createEntityFromResultSet
30 Mar 2025 16:02:32,787 TRACE ro.mpp2024.repository.ArbitruRepository 38 createEntityFromResultSet - Exit with(Arbitru{nume='Mihai', username='mihai03', password='ualul', id_proba=s1})
30 Mar 2025 16:02:32,787 TRACE ro.mpp2024.repository.ArbitruRepository 31 createEntityFromResultSet - Enter createEntityFromResultSet
30 Mar 2025 16:02:32,787 TRACE ro.mpp2024.repository.ArbitruRepository 38 createEntityFromResultSet - Exit with(Arbitru{nume='Ion', username='ion04', password='pass1', id_proba=c1})
30 Mar 2025 16:02:32,787 TRACE ro.mpp2024.repository.ArbitruRepository 31 createEntityFromResultSet - Enter createEntityFromResultSet
30 Mar 2025 16:02:32,788 TRACE ro.mpp2024.repository.ArbitruRepository 38 createEntityFromResultSet - Exit with(Arbitru{nume='George', username='george05', password='pass2', id_proba=i1})
30 Mar 2025 16:02:32,788 TRACE ro.mpp2024.repository.ArbitruRepository 31 createEntityFromResultSet - Enter createEntityFromResultSet
30 Mar 2025 16:02:32,788 TRACE ro.mpp2024.repository.ArbitruRepository 38 createEntityFromResultSet - Exit with(Arbitru{nume='Andrei', username='andrei06', password='pass3', id_proba=s2})
30 Mar 2025 16:02:32,788 TRACE ro.mpp2024.repository.ArbitruRepository 31 createEntityFromResultSet - Enter createEntityFromResultSet
30 Mar 2025 16:02:32,788 TRACE ro.mpp2024.repository.ArbitruRepository 38 createEntityFromResultSet - Exit with(Arbitru{nume='Vasile', username='vasile07', password='pass4', id_proba=c2})
30 Mar 2025 16:02:32,788 TRACE ro.mpp2024.repository.ArbitruRepository 31 createEntityFromResultSet - Enter createEntityFromResultSet
30 Mar 2025 16:02:32,788 TRACE ro.mpp2024.repository.ArbitruRepository 38 createEntityFromResultSet - Exit with(Arbitru{nume='Cristian', username='cristian08', password='pass5', id_proba=i2})
30 Mar 2025 16:02:32,789 TRACE ro.mpp2024.repository.ArbitruRepository 31 createEntityFromResultSet - Enter createEntityFromResultSet
30 Mar 2025 16:02:32,789 TRACE ro.mpp2024.repository.ArbitruRepository 38 createEntityFromResultSet - Exit with(Arbitru{nume='Alex', username='alex09', password='pass6', id_proba=s3})
30 Mar 2025 16:02:32,789 TRACE ro.mpp2024.repository.ArbitruRepository 31 createEntityFromResultSet - Enter createEntityFromResultSet
30 Mar 2025 16:02:32,789 TRACE ro.mpp2024.repository.ArbitruRepository 38 createEntityFromResultSet - Exit with(Arbitru{nume='Stefan', username='stefan10', password='pass7', id_proba=c3})
30 Mar 2025 16:02:32,789 TRACE ro.mpp2024.repository.ArbitruRepository 31 createEntityFromResultSet - Enter createEntityFromResultSet
30 Mar 2025 16:02:32,790 TRACE ro.mpp2024.repository.ArbitruRepository 38 createEntityFromResultSet - Exit with(Arbitru{nume='Florin', username='florin11', password='pass8', id_proba=i3})
30 Mar 2025 16:02:32,790 TRACE ro.mpp2024.repository.ArbitruRepository 31 createEntityFromResultSet - Enter createEntityFromResultSet
30 Mar 2025 16:02:32,790 TRACE ro.mpp2024.repository.ArbitruRepository 38 createEntityFromResultSet - Exit with(Arbitru{nume='Daniel', username='daniel12', password='pass9', id_proba=s4})
30 Mar 2025 16:02:32,790 TRACE ro.mpp2024.repository.ArbitruRepository 31 createEntityFromResultSet - Enter createEntityFromResultSet
30 Mar 2025 16:02:32,790 TRACE ro.mpp2024.repository.ArbitruRepository 38 createEntityFromResultSet - Exit with(Arbitru{nume='Marius', username='marius13', password='pass10', id_proba=c4})
30 Mar 2025 16:02:32,790 TRACE ro.mpp2024.repository.ArbitruRepository 31 createEntityFromResultSet - Enter createEntityFromResultSet
30 Mar 2025 16:02:32,790 TRACE ro.mpp2024.repository.ArbitruRepository 38 createEntityFromResultSet - Exit with(Arbitru{nume='Adrian', username='adrian14', password='pass11', id_proba=i4})
30 Mar 2025 16:02:32,790 TRACE ro.mpp2024.repository.ArbitruRepository 31 createEntityFromResultSet - Enter createEntityFromResultSet
30 Mar 2025 16:02:32,791 TRACE ro.mpp2024.repository.ArbitruRepository 38 createEntityFromResultSet - Exit with(Arbitru{nume='Radu', username='radu15', password='pass12', id_proba=s5})
30 Mar 2025 16:02:32,791 TRACE ro.mpp2024.repository.ArbitruRepository 31 createEntityFromResultSet - Enter createEntityFromResultSet
30 Mar 2025 16:02:32,791 TRACE ro.mpp2024.repository.ArbitruRepository 38 createEntityFromResultSet - Exit with(Arbitru{nume='Bogdan', username='bogdan16', password='pass13', id_proba=c5})
30 Mar 2025 16:02:32,791 TRACE ro.mpp2024.repository.ArbitruRepository 31 createEntityFromResultSet - Enter createEntityFromResultSet
30 Mar 2025 16:02:32,791 TRACE ro.mpp2024.repository.ArbitruRepository 38 createEntityFromResultSet - Exit with(Arbitru{nume='Sorin', username='sorin17', password='pass14', id_proba=i5})
30 Mar 2025 16:02:32,791 TRACE ro.mpp2024.repository.ArbitruRepository 31 createEntityFromResultSet - Enter createEntityFromResultSet
30 Mar 2025 16:02:32,792 TRACE ro.mpp2024.repository.ArbitruRepository 38 createEntityFromResultSet - Exit with(Arbitru{nume='Doru', username='doru18', password='pass15', id_proba=s6})
30 Mar 2025 16:02:32,792 TRACE ro.mpp2024.repository.ArbitruRepository 31 createEntityFromResultSet - Enter createEntityFromResultSet
30 Mar 2025 16:02:32,792 TRACE ro.mpp2024.repository.ArbitruRepository 38 createEntityFromResultSet - Exit with(Arbitru{nume='Lucian', username='lucian19', password='pass16', id_proba=c6})
30 Mar 2025 16:02:32,792 TRACE ro.mpp2024.repository.ArbitruRepository 31 createEntityFromResultSet - Enter createEntityFromResultSet
30 Mar 2025 16:02:32,792 TRACE ro.mpp2024.repository.ArbitruRepository 38 createEntityFromResultSet - Exit with(Arbitru{nume='Emil', username='emil20', password='pass17', id_proba=i6})
30 Mar 2025 16:02:32,792 TRACE ro.mpp2024.repository.ArbitruRepository 31 createEntityFromResultSet - Enter createEntityFromResultSet
30 Mar 2025 16:02:32,792 TRACE ro.mpp2024.repository.ArbitruRepository 38 createEntityFromResultSet - Exit with(Arbitru{nume='nume', username='username', password='password', id_proba=c8})
30 Mar 2025 16:02:32,793 TRACE ro.mpp2024.repository.ArbitruRepository 60 findAll - Exit
30 Mar 2025 16:02:32,794 INFO  ro.mpp2024.services.ArbitruService 18 lambda$new$0 - dWFsdWw=
30 Mar 2025 16:02:32,794 INFO  ro.mpp2024.services.ArbitruService 18 lambda$new$0 - cGFzczE=
30 Mar 2025 16:02:32,794 INFO  ro.mpp2024.services.ArbitruService 18 lambda$new$0 - cGFzczI=
30 Mar 2025 16:02:32,794 INFO  ro.mpp2024.services.ArbitruService 18 lambda$new$0 - cGFzczM=
30 Mar 2025 16:02:32,794 INFO  ro.mpp2024.services.ArbitruService 18 lambda$new$0 - cGFzczQ=
30 Mar 2025 16:02:32,794 INFO  ro.mpp2024.services.ArbitruService 18 lambda$new$0 - cGFzczU=
30 Mar 2025 16:02:32,795 INFO  ro.mpp2024.services.ArbitruService 18 lambda$new$0 - cGFzczY=
30 Mar 2025 16:02:32,795 INFO  ro.mpp2024.services.ArbitruService 18 lambda$new$0 - cGFzczc=
30 Mar 2025 16:02:32,795 INFO  ro.mpp2024.services.ArbitruService 18 lambda$new$0 - cGFzczg=
30 Mar 2025 16:02:32,795 INFO  ro.mpp2024.services.ArbitruService 18 lambda$new$0 - cGFzczk=
30 Mar 2025 16:02:32,795 INFO  ro.mpp2024.services.ArbitruService 18 lambda$new$0 - cGFzczEw
30 Mar 2025 16:02:32,795 INFO  ro.mpp2024.services.ArbitruService 18 lambda$new$0 - cGFzczEx
30 Mar 2025 16:02:32,795 INFO  ro.mpp2024.services.ArbitruService 18 lambda$new$0 - cGFzczEy
30 Mar 2025 16:02:32,795 INFO  ro.mpp2024.services.ArbitruService 18 lambda$new$0 - cGFzczEz
30 Mar 2025 16:02:32,795 INFO  ro.mpp2024.services.ArbitruService 18 lambda$new$0 - cGFzczE0
30 Mar 2025 16:02:32,795 INFO  ro.mpp2024.services.ArbitruService 18 lambda$new$0 - cGFzczE1
30 Mar 2025 16:02:32,796 INFO  ro.mpp2024.services.ArbitruService 18 lambda$new$0 - cGFzczE2
30 Mar 2025 16:02:32,796 INFO  ro.mpp2024.services.ArbitruService 18 lambda$new$0 - cGFzczE3
30 Mar 2025 16:02:32,796 INFO  ro.mpp2024.services.ArbitruService 18 lambda$new$0 - cGFzc3dvcmQ=
30 Mar 2025 16:02:32,796 INFO  ro.mpp2024.services.RezultatService 26 <init> - Service Rezultat made
30 Mar 2025 16:02:32,797 TRACE ro.mpp2024.repository.RezultatRepository 167 listaParticiapntPuncteProbaDescrescator - Enter listaParticiapntPuncteProbaDescrescator
30 Mar 2025 16:02:32,797 TRACE ro.mpp2024.utils.JdbcUtils 48 getConnection - Enter
30 Mar 2025 16:02:32,797 TRACE ro.mpp2024.utils.JdbcUtils 57 getConnection - Exit with(org.sqlite.jdbc4.JDBC4Connection@d723ea4)
30 Mar 2025 16:02:32,798 TRACE ro.mpp2024.repository.RezultatRepository 185 listaParticiapntPuncteProbaDescrescator - Enter Terminat dictionar
30 Mar 2025 16:15:04,878 INFO  ro.mpp2024.repository.ArbitruRepository 26 <init> - Initializing IArbitruRepository with properties: {} 
30 Mar 2025 16:15:04,882 TRACE ro.mpp2024.repository.ArbitruRepository 109 save - Enter save
30 Mar 2025 16:15:04,883 TRACE ro.mpp2024.utils.JdbcUtils 48 getConnection - Enter
30 Mar 2025 16:15:04,883 TRACE ro.mpp2024.utils.JdbcUtils 25 getNewConnection - Enter
30 Mar 2025 16:15:04,884 INFO  ro.mpp2024.utils.JdbcUtils 30 getNewConnection - trying to connect to database ... jdbc:sqlite:src/main/resources/triatlon.db
30 Mar 2025 16:15:04,884 INFO  ro.mpp2024.utils.JdbcUtils 31 getNewConnection - user: null
30 Mar 2025 16:15:04,884 INFO  ro.mpp2024.utils.JdbcUtils 32 getNewConnection - pass: null
30 Mar 2025 16:15:04,979 TRACE ro.mpp2024.utils.JdbcUtils 57 getConnection - Exit with(org.sqlite.jdbc4.JDBC4Connection@462216bb)
30 Mar 2025 16:15:04,984 TRACE ro.mpp2024.repository.ArbitruRepository 121 save - Exit with(S-a adaugat)
30 Mar 2025 16:15:04,985 TRACE ro.mpp2024.repository.ArbitruRepository 109 save - Enter save
30 Mar 2025 16:15:04,985 TRACE ro.mpp2024.utils.JdbcUtils 48 getConnection - Enter
30 Mar 2025 16:15:04,985 TRACE ro.mpp2024.utils.JdbcUtils 57 getConnection - Exit with(org.sqlite.jdbc4.JDBC4Connection@462216bb)
30 Mar 2025 16:15:04,988 TRACE ro.mpp2024.repository.ArbitruRepository 121 save - Exit with(S-a adaugat)
30 Mar 2025 16:15:04,988 TRACE ro.mpp2024.repository.ArbitruRepository 109 save - Enter save
30 Mar 2025 16:15:04,988 TRACE ro.mpp2024.utils.JdbcUtils 48 getConnection - Enter
30 Mar 2025 16:15:04,988 TRACE ro.mpp2024.utils.JdbcUtils 57 getConnection - Exit with(org.sqlite.jdbc4.JDBC4Connection@462216bb)
30 Mar 2025 16:15:04,991 TRACE ro.mpp2024.repository.ArbitruRepository 121 save - Exit with(S-a adaugat)
30 Mar 2025 16:15:04,991 TRACE ro.mpp2024.repository.ArbitruRepository 109 save - Enter save
30 Mar 2025 16:15:04,992 TRACE ro.mpp2024.utils.JdbcUtils 48 getConnection - Enter
30 Mar 2025 16:15:04,992 TRACE ro.mpp2024.utils.JdbcUtils 57 getConnection - Exit with(org.sqlite.jdbc4.JDBC4Connection@462216bb)
30 Mar 2025 16:15:04,994 TRACE ro.mpp2024.repository.ArbitruRepository 121 save - Exit with(S-a adaugat)
30 Mar 2025 16:15:04,995 TRACE ro.mpp2024.repository.ArbitruRepository 109 save - Enter save
30 Mar 2025 16:15:04,995 TRACE ro.mpp2024.utils.JdbcUtils 48 getConnection - Enter
30 Mar 2025 16:15:04,995 TRACE ro.mpp2024.utils.JdbcUtils 57 getConnection - Exit with(org.sqlite.jdbc4.JDBC4Connection@462216bb)
30 Mar 2025 16:15:04,999 TRACE ro.mpp2024.repository.ArbitruRepository 121 save - Exit with(S-a adaugat)
30 Mar 2025 16:15:04,999 TRACE ro.mpp2024.repository.ArbitruRepository 109 save - Enter save
30 Mar 2025 16:15:04,999 TRACE ro.mpp2024.utils.JdbcUtils 48 getConnection - Enter
30 Mar 2025 16:15:05,000 TRACE ro.mpp2024.utils.JdbcUtils 57 getConnection - Exit with(org.sqlite.jdbc4.JDBC4Connection@462216bb)
30 Mar 2025 16:15:05,003 TRACE ro.mpp2024.repository.ArbitruRepository 121 save - Exit with(S-a adaugat)
30 Mar 2025 16:15:05,003 TRACE ro.mpp2024.repository.ArbitruRepository 109 save - Enter save
30 Mar 2025 16:15:05,004 TRACE ro.mpp2024.utils.JdbcUtils 48 getConnection - Enter
30 Mar 2025 16:15:05,004 TRACE ro.mpp2024.utils.JdbcUtils 57 getConnection - Exit with(org.sqlite.jdbc4.JDBC4Connection@462216bb)
30 Mar 2025 16:15:05,007 TRACE ro.mpp2024.repository.ArbitruRepository 121 save - Exit with(S-a adaugat)
30 Mar 2025 16:15:05,008 TRACE ro.mpp2024.repository.ArbitruRepository 109 save - Enter save
30 Mar 2025 16:15:05,008 TRACE ro.mpp2024.utils.JdbcUtils 48 getConnection - Enter
30 Mar 2025 16:15:05,008 TRACE ro.mpp2024.utils.JdbcUtils 57 getConnection - Exit with(org.sqlite.jdbc4.JDBC4Connection@462216bb)
30 Mar 2025 16:15:05,011 TRACE ro.mpp2024.repository.ArbitruRepository 121 save - Exit with(S-a adaugat)
30 Mar 2025 16:15:05,012 TRACE ro.mpp2024.repository.ArbitruRepository 109 save - Enter save
30 Mar 2025 16:15:05,012 TRACE ro.mpp2024.utils.JdbcUtils 48 getConnection - Enter
30 Mar 2025 16:15:05,012 TRACE ro.mpp2024.utils.JdbcUtils 57 getConnection - Exit with(org.sqlite.jdbc4.JDBC4Connection@462216bb)
30 Mar 2025 16:15:05,016 TRACE ro.mpp2024.repository.ArbitruRepository 121 save - Exit with(S-a adaugat)
30 Mar 2025 16:15:05,016 TRACE ro.mpp2024.repository.ArbitruRepository 109 save - Enter save
30 Mar 2025 16:15:05,016 TRACE ro.mpp2024.utils.JdbcUtils 48 getConnection - Enter
30 Mar 2025 16:15:05,016 TRACE ro.mpp2024.utils.JdbcUtils 57 getConnection - Exit with(org.sqlite.jdbc4.JDBC4Connection@462216bb)
30 Mar 2025 16:15:05,019 TRACE ro.mpp2024.repository.ArbitruRepository 121 save - Exit with(S-a adaugat)
30 Mar 2025 16:15:05,020 TRACE ro.mpp2024.repository.ArbitruRepository 109 save - Enter save
30 Mar 2025 16:15:05,020 TRACE ro.mpp2024.utils.JdbcUtils 48 getConnection - Enter
30 Mar 2025 16:15:05,020 TRACE ro.mpp2024.utils.JdbcUtils 57 getConnection - Exit with(org.sqlite.jdbc4.JDBC4Connection@462216bb)
30 Mar 2025 16:15:05,023 TRACE ro.mpp2024.repository.ArbitruRepository 121 save - Exit with(S-a adaugat)
30 Mar 2025 16:15:05,023 TRACE ro.mpp2024.repository.ArbitruRepository 109 save - Enter save
30 Mar 2025 16:15:05,023 TRACE ro.mpp2024.utils.JdbcUtils 48 getConnection - Enter
30 Mar 2025 16:15:05,023 TRACE ro.mpp2024.utils.JdbcUtils 57 getConnection - Exit with(org.sqlite.jdbc4.JDBC4Connection@462216bb)
30 Mar 2025 16:15:05,026 TRACE ro.mpp2024.repository.ArbitruRepository 121 save - Exit with(S-a adaugat)
30 Mar 2025 16:15:05,027 TRACE ro.mpp2024.repository.ArbitruRepository 109 save - Enter save
30 Mar 2025 16:15:05,027 TRACE ro.mpp2024.utils.JdbcUtils 48 getConnection - Enter
30 Mar 2025 16:15:05,027 TRACE ro.mpp2024.utils.JdbcUtils 57 getConnection - Exit with(org.sqlite.jdbc4.JDBC4Connection@462216bb)
30 Mar 2025 16:15:05,030 TRACE ro.mpp2024.repository.ArbitruRepository 121 save - Exit with(S-a adaugat)
30 Mar 2025 16:15:05,030 TRACE ro.mpp2024.repository.ArbitruRepository 109 save - Enter save
30 Mar 2025 16:15:05,030 TRACE ro.mpp2024.utils.JdbcUtils 48 getConnection - Enter
30 Mar 2025 16:15:05,031 TRACE ro.mpp2024.utils.JdbcUtils 57 getConnection - Exit with(org.sqlite.jdbc4.JDBC4Connection@462216bb)
30 Mar 2025 16:15:05,034 TRACE ro.mpp2024.repository.ArbitruRepository 121 save - Exit with(S-a adaugat)
30 Mar 2025 16:15:05,034 TRACE ro.mpp2024.repository.ArbitruRepository 109 save - Enter save
30 Mar 2025 16:15:05,034 TRACE ro.mpp2024.utils.JdbcUtils 48 getConnection - Enter
30 Mar 2025 16:15:05,034 TRACE ro.mpp2024.utils.JdbcUtils 57 getConnection - Exit with(org.sqlite.jdbc4.JDBC4Connection@462216bb)
30 Mar 2025 16:15:05,038 TRACE ro.mpp2024.repository.ArbitruRepository 121 save - Exit with(S-a adaugat)
30 Mar 2025 16:15:05,038 TRACE ro.mpp2024.repository.ArbitruRepository 109 save - Enter save
30 Mar 2025 16:15:05,038 TRACE ro.mpp2024.utils.JdbcUtils 48 getConnection - Enter
30 Mar 2025 16:15:05,038 TRACE ro.mpp2024.utils.JdbcUtils 57 getConnection - Exit with(org.sqlite.jdbc4.JDBC4Connection@462216bb)
30 Mar 2025 16:15:05,041 TRACE ro.mpp2024.repository.ArbitruRepository 121 save - Exit with(S-a adaugat)
30 Mar 2025 16:15:05,042 TRACE ro.mpp2024.repository.ArbitruRepository 109 save - Enter save
30 Mar 2025 16:15:05,042 TRACE ro.mpp2024.utils.JdbcUtils 48 getConnection - Enter
30 Mar 2025 16:15:05,042 TRACE ro.mpp2024.utils.JdbcUtils 57 getConnection - Exit with(org.sqlite.jdbc4.JDBC4Connection@462216bb)
30 Mar 2025 16:15:05,046 TRACE ro.mpp2024.repository.ArbitruRepository 121 save - Exit with(S-a adaugat)
30 Mar 2025 16:15:05,046 TRACE ro.mpp2024.repository.ArbitruRepository 109 save - Enter save
30 Mar 2025 16:15:05,046 TRACE ro.mpp2024.utils.JdbcUtils 48 getConnection - Enter
30 Mar 2025 16:15:05,046 TRACE ro.mpp2024.utils.JdbcUtils 57 getConnection - Exit with(org.sqlite.jdbc4.JDBC4Connection@462216bb)
30 Mar 2025 16:15:05,050 TRACE ro.mpp2024.repository.ArbitruRepository 121 save - Exit with(S-a adaugat)
30 Mar 2025 16:15:05,051 TRACE ro.mpp2024.repository.ArbitruRepository 109 save - Enter save
30 Mar 2025 16:15:05,051 TRACE ro.mpp2024.utils.JdbcUtils 48 getConnection - Enter
30 Mar 2025 16:15:05,051 TRACE ro.mpp2024.utils.JdbcUtils 57 getConnection - Exit with(org.sqlite.jdbc4.JDBC4Connection@462216bb)
30 Mar 2025 16:15:05,054 TRACE ro.mpp2024.repository.ArbitruRepository 121 save - Exit with(S-a adaugat)
30 Mar 2025 16:15:05,056 INFO  ro.mpp2024.repository.ProbaRepository 25 <init> - Initializing ProbaRepository with properties: {} 
30 Mar 2025 16:15:05,058 INFO  ro.mpp2024.repository.ParticipantRepository 25 <init> - Initializing ParticipantRepository with properties: {} 
30 Mar 2025 16:15:05,060 INFO  ro.mpp2024.repository.RezultatRepository 26 <init> - Initializing RezultatRepository with properties: {} 
30 Mar 2025 16:15:05,061 INFO  ro.mpp2024.services.ArbitruService 16 <init> - Initializing ArbitruService
30 Mar 2025 16:15:05,061 TRACE ro.mpp2024.repository.ArbitruRepository 67 findAll - Enter findAll
30 Mar 2025 16:15:05,061 TRACE ro.mpp2024.utils.JdbcUtils 48 getConnection - Enter
30 Mar 2025 16:15:05,061 TRACE ro.mpp2024.utils.JdbcUtils 57 getConnection - Exit with(org.sqlite.jdbc4.JDBC4Connection@462216bb)
30 Mar 2025 16:15:05,062 TRACE ro.mpp2024.repository.ArbitruRepository 54 createEntityFromResultSet - Enter createEntityFromResultSet
30 Mar 2025 16:15:05,067 TRACE ro.mpp2024.repository.ArbitruRepository 61 createEntityFromResultSet - Exit with(Arbitru{nume='Alice Johnson', username='alice.j', password='UGFzc3cwcmQxIQ==', id_proba=s1})
30 Mar 2025 16:15:05,068 TRACE ro.mpp2024.repository.ArbitruRepository 54 createEntityFromResultSet - Enter createEntityFromResultSet
30 Mar 2025 16:15:05,068 TRACE ro.mpp2024.repository.ArbitruRepository 61 createEntityFromResultSet - Exit with(Arbitru{nume='Bob Smith', username='bob.smith', password='U2VjdXJlUEBzczI=', id_proba=c1})
30 Mar 2025 16:15:05,068 TRACE ro.mpp2024.repository.ArbitruRepository 54 createEntityFromResultSet - Enter createEntityFromResultSet
30 Mar 2025 16:15:05,068 TRACE ro.mpp2024.repository.ArbitruRepository 61 createEntityFromResultSet - Exit with(Arbitru{nume='Charlie Brown', username='charlie.b', password='TXlQQHNzdzNyZA==', id_proba=i1})
30 Mar 2025 16:15:05,069 TRACE ro.mpp2024.repository.ArbitruRepository 54 createEntityFromResultSet - Enter createEntityFromResultSet
30 Mar 2025 16:15:05,069 TRACE ro.mpp2024.repository.ArbitruRepository 61 createEntityFromResultSet - Exit with(Arbitru{nume='David Wilson', username='david.w', password='UEBzc3cwcmQ0VQ==', id_proba=s2})
30 Mar 2025 16:15:05,069 TRACE ro.mpp2024.repository.ArbitruRepository 54 createEntityFromResultSet - Enter createEntityFromResultSet
30 Mar 2025 16:15:05,069 TRACE ro.mpp2024.repository.ArbitruRepository 61 createEntityFromResultSet - Exit with(Arbitru{nume='Emma Davis', username='emma.d', password='UEBzc3dvcmQjNQ==', id_proba=c2})
30 Mar 2025 16:15:05,069 TRACE ro.mpp2024.repository.ArbitruRepository 54 createEntityFromResultSet - Enter createEntityFromResultSet
30 Mar 2025 16:15:05,069 TRACE ro.mpp2024.repository.ArbitruRepository 61 createEntityFromResultSet - Exit with(Arbitru{nume='Fiona Clark', username='fiona.c', password='U2VjcjN0UEBzczY=', id_proba=i2})
30 Mar 2025 16:15:05,069 TRACE ro.mpp2024.repository.ArbitruRepository 54 createEntityFromResultSet - Enter createEntityFromResultSet
30 Mar 2025 16:15:05,070 TRACE ro.mpp2024.repository.ArbitruRepository 61 createEntityFromResultSet - Exit with(Arbitru{nume='George Hall', username='george.h', password='UEBzc3cwcmQ3IQ==', id_proba=s3})
30 Mar 2025 16:15:05,070 TRACE ro.mpp2024.repository.ArbitruRepository 54 createEntityFromResultSet - Enter createEntityFromResultSet
30 Mar 2025 16:15:05,070 TRACE ro.mpp2024.repository.ArbitruRepository 61 createEntityFromResultSet - Exit with(Arbitru{nume='Hannah Lewis', username='hannah.l', password='TXlwQHNzdzhyZA==', id_proba=c3})
30 Mar 2025 16:15:05,070 TRACE ro.mpp2024.repository.ArbitruRepository 54 createEntityFromResultSet - Enter createEntityFromResultSet
30 Mar 2025 16:15:05,070 TRACE ro.mpp2024.repository.ArbitruRepository 61 createEntityFromResultSet - Exit with(Arbitru{nume='Ian Walker', username='ian.w', password='UEBzc3cwcmQ5Iw==', id_proba=i3})
30 Mar 2025 16:15:05,070 TRACE ro.mpp2024.repository.ArbitruRepository 54 createEntityFromResultSet - Enter createEntityFromResultSet
30 Mar 2025 16:15:05,070 TRACE ro.mpp2024.repository.ArbitruRepository 61 createEntityFromResultSet - Exit with(Arbitru{nume='Jack Martinez', username='jack.m', password='UEBzc3cwcmQxMA==', id_proba=s4})
30 Mar 2025 16:15:05,070 TRACE ro.mpp2024.repository.ArbitruRepository 54 createEntityFromResultSet - Enter createEntityFromResultSet
30 Mar 2025 16:15:05,071 TRACE ro.mpp2024.repository.ArbitruRepository 61 createEntityFromResultSet - Exit with(Arbitru{nume='Kara Young', username='kara.y', password='UEBzc3dvcmQxMSE=', id_proba=c4})
30 Mar 2025 16:15:05,071 TRACE ro.mpp2024.repository.ArbitruRepository 54 createEntityFromResultSet - Enter createEntityFromResultSet
30 Mar 2025 16:15:05,071 TRACE ro.mpp2024.repository.ArbitruRepository 61 createEntityFromResultSet - Exit with(Arbitru{nume='Liam King', username='liam.k', password='U2VjdXIzUEBzczEy', id_proba=i4})
30 Mar 2025 16:15:05,071 TRACE ro.mpp2024.repository.ArbitruRepository 54 createEntityFromResultSet - Enter createEntityFromResultSet
30 Mar 2025 16:15:05,071 TRACE ro.mpp2024.repository.ArbitruRepository 61 createEntityFromResultSet - Exit with(Arbitru{nume='Mia Scott', username='mia.s', password='UEBzc3dvcmQxMyM=', id_proba=s5})
30 Mar 2025 16:15:05,071 TRACE ro.mpp2024.repository.ArbitruRepository 54 createEntityFromResultSet - Enter createEntityFromResultSet
30 Mar 2025 16:15:05,071 TRACE ro.mpp2024.repository.ArbitruRepository 61 createEntityFromResultSet - Exit with(Arbitru{nume='Noah Green', username='noah.g', password='TXlQQHNzdzE0cmQ=', id_proba=c5})
30 Mar 2025 16:15:05,072 TRACE ro.mpp2024.repository.ArbitruRepository 54 createEntityFromResultSet - Enter createEntityFromResultSet
30 Mar 2025 16:15:05,072 TRACE ro.mpp2024.repository.ArbitruRepository 61 createEntityFromResultSet - Exit with(Arbitru{nume='Olivia Adams', username='olivia.a', password='UEBzc3dvcmQxNSE=', id_proba=i5})
30 Mar 2025 16:15:05,072 TRACE ro.mpp2024.repository.ArbitruRepository 54 createEntityFromResultSet - Enter createEntityFromResultSet
30 Mar 2025 16:15:05,072 TRACE ro.mpp2024.repository.ArbitruRepository 61 createEntityFromResultSet - Exit with(Arbitru{nume='Paul Baker', username='paul.b', password='U2VjdXJpN3lQQHNzMTY=', id_proba=s6})
30 Mar 2025 16:15:05,072 TRACE ro.mpp2024.repository.ArbitruRepository 54 createEntityFromResultSet - Enter createEntityFromResultSet
30 Mar 2025 16:15:05,072 TRACE ro.mpp2024.repository.ArbitruRepository 61 createEntityFromResultSet - Exit with(Arbitru{nume='Quinn Harris', username='quinn.h', password='UEBzc3dvcmQxNyM=', id_proba=c6})
30 Mar 2025 16:15:05,072 TRACE ro.mpp2024.repository.ArbitruRepository 54 createEntityFromResultSet - Enter createEntityFromResultSet
30 Mar 2025 16:15:05,073 TRACE ro.mpp2024.repository.ArbitruRepository 61 createEntityFromResultSet - Exit with(Arbitru{nume='Rachel Nelson', username='rachel.n', password='UEBzc3cwcmQxOCE=', id_proba=i6})
30 Mar 2025 16:15:05,073 TRACE ro.mpp2024.repository.ArbitruRepository 54 createEntityFromResultSet - Enter createEntityFromResultSet
30 Mar 2025 16:15:05,073 TRACE ro.mpp2024.repository.ArbitruRepository 61 createEntityFromResultSet - Exit with(Arbitru{nume='Sam Perez', username='sam.p', password='TXlQQHNzdzE5cmQ=', id_proba=c8})
30 Mar 2025 16:15:05,073 TRACE ro.mpp2024.repository.ArbitruRepository 83 findAll - Exit
30 Mar 2025 16:15:05,074 INFO  ro.mpp2024.services.ArbitruService 18 lambda$new$0 - VUdGemMzY3djbVF4SVE9PQ==
30 Mar 2025 16:15:05,074 INFO  ro.mpp2024.services.ArbitruService 18 lambda$new$0 - VTJWamRYSmxVRUJ6Y3pJPQ==
30 Mar 2025 16:15:05,074 INFO  ro.mpp2024.services.ArbitruService 18 lambda$new$0 - VFhsUVFITnpkek55WkE9PQ==
30 Mar 2025 16:15:05,074 INFO  ro.mpp2024.services.ArbitruService 18 lambda$new$0 - VUVCemMzY3djbVEwVlE9PQ==
30 Mar 2025 16:15:05,075 INFO  ro.mpp2024.services.ArbitruService 18 lambda$new$0 - VUVCemMzZHZjbVFqTlE9PQ==
30 Mar 2025 16:15:05,075 INFO  ro.mpp2024.services.ArbitruService 18 lambda$new$0 - VTJWamNqTjBVRUJ6Y3pZPQ==
30 Mar 2025 16:15:05,075 INFO  ro.mpp2024.services.ArbitruService 18 lambda$new$0 - VUVCemMzY3djbVEzSVE9PQ==
30 Mar 2025 16:15:05,075 INFO  ro.mpp2024.services.ArbitruService 18 lambda$new$0 - VFhsd1FITnpkemh5WkE9PQ==
30 Mar 2025 16:15:05,075 INFO  ro.mpp2024.services.ArbitruService 18 lambda$new$0 - VUVCemMzY3djbVE1SXc9PQ==
30 Mar 2025 16:15:05,075 INFO  ro.mpp2024.services.ArbitruService 18 lambda$new$0 - VUVCemMzY3djbVF4TUE9PQ==
30 Mar 2025 16:15:05,075 INFO  ro.mpp2024.services.ArbitruService 18 lambda$new$0 - VUVCemMzZHZjbVF4TVNFPQ==
30 Mar 2025 16:15:05,076 INFO  ro.mpp2024.services.ArbitruService 18 lambda$new$0 - VTJWamRYSXpVRUJ6Y3pFeQ==
30 Mar 2025 16:15:05,076 INFO  ro.mpp2024.services.ArbitruService 18 lambda$new$0 - VUVCemMzZHZjbVF4TXlNPQ==
30 Mar 2025 16:15:05,076 INFO  ro.mpp2024.services.ArbitruService 18 lambda$new$0 - VFhsUVFITnpkekUwY21RPQ==
30 Mar 2025 16:15:05,076 INFO  ro.mpp2024.services.ArbitruService 18 lambda$new$0 - VUVCemMzZHZjbVF4TlNFPQ==
30 Mar 2025 16:15:05,076 INFO  ro.mpp2024.services.ArbitruService 18 lambda$new$0 - VTJWamRYSnBOM2xRUUhOek1UWT0=
30 Mar 2025 16:15:05,076 INFO  ro.mpp2024.services.ArbitruService 18 lambda$new$0 - VUVCemMzZHZjbVF4TnlNPQ==
30 Mar 2025 16:15:05,076 INFO  ro.mpp2024.services.ArbitruService 18 lambda$new$0 - VUVCemMzY3djbVF4T0NFPQ==
30 Mar 2025 16:15:05,077 INFO  ro.mpp2024.services.ArbitruService 18 lambda$new$0 - VFhsUVFITnpkekU1Y21RPQ==
30 Mar 2025 16:15:05,078 INFO  ro.mpp2024.services.RezultatService 26 <init> - Service Rezultat made
30 Mar 2025 16:15:05,078 TRACE ro.mpp2024.repository.RezultatRepository 169 listaParticiapntPuncteProbaDescrescator - Enter listaParticiapntPuncteProbaDescrescator
30 Mar 2025 16:15:05,078 TRACE ro.mpp2024.utils.JdbcUtils 48 getConnection - Enter
30 Mar 2025 16:15:05,078 TRACE ro.mpp2024.utils.JdbcUtils 57 getConnection - Exit with(org.sqlite.jdbc4.JDBC4Connection@462216bb)
30 Mar 2025 16:15:05,080 TRACE ro.mpp2024.repository.RezultatRepository 187 listaParticiapntPuncteProbaDescrescator - Enter Terminat dictionar
30 Mar 2025 16:15:39,467 INFO  ro.mpp2024.repository.ArbitruRepository 26 <init> - Initializing IArbitruRepository with properties: {} 
30 Mar 2025 16:15:39,471 INFO  ro.mpp2024.repository.ProbaRepository 25 <init> - Initializing ProbaRepository with properties: {} 
30 Mar 2025 16:15:39,473 INFO  ro.mpp2024.repository.ParticipantRepository 25 <init> - Initializing ParticipantRepository with properties: {} 
30 Mar 2025 16:15:39,476 INFO  ro.mpp2024.repository.RezultatRepository 26 <init> - Initializing RezultatRepository with properties: {} 
30 Mar 2025 16:15:39,479 INFO  ro.mpp2024.services.ArbitruService 16 <init> - Initializing ArbitruService
30 Mar 2025 16:15:39,483 TRACE ro.mpp2024.repository.ArbitruRepository 45 findAll - Enter findAll
30 Mar 2025 16:15:39,483 TRACE ro.mpp2024.utils.JdbcUtils 48 getConnection - Enter
30 Mar 2025 16:15:39,483 TRACE ro.mpp2024.utils.JdbcUtils 25 getNewConnection - Enter
30 Mar 2025 16:15:39,486 INFO  ro.mpp2024.utils.JdbcUtils 30 getNewConnection - trying to connect to database ... jdbc:sqlite:src/main/resources/triatlon.db
30 Mar 2025 16:15:39,486 INFO  ro.mpp2024.utils.JdbcUtils 31 getNewConnection - user: null
30 Mar 2025 16:15:39,486 INFO  ro.mpp2024.utils.JdbcUtils 32 getNewConnection - pass: null
30 Mar 2025 16:15:39,574 TRACE ro.mpp2024.utils.JdbcUtils 57 getConnection - Exit with(org.sqlite.jdbc4.JDBC4Connection@d723ea4)
30 Mar 2025 16:15:39,576 TRACE ro.mpp2024.repository.ArbitruRepository 32 createEntityFromResultSet - Enter createEntityFromResultSet
30 Mar 2025 16:15:39,580 TRACE ro.mpp2024.repository.ArbitruRepository 39 createEntityFromResultSet - Exit with(Arbitru{nume='Alice Johnson', username='alice.j', password='UGFzc3cwcmQxIQ==', id_proba=s1})
30 Mar 2025 16:15:39,580 TRACE ro.mpp2024.repository.ArbitruRepository 32 createEntityFromResultSet - Enter createEntityFromResultSet
30 Mar 2025 16:15:39,580 TRACE ro.mpp2024.repository.ArbitruRepository 39 createEntityFromResultSet - Exit with(Arbitru{nume='Bob Smith', username='bob.smith', password='U2VjdXJlUEBzczI=', id_proba=c1})
30 Mar 2025 16:15:39,580 TRACE ro.mpp2024.repository.ArbitruRepository 32 createEntityFromResultSet - Enter createEntityFromResultSet
30 Mar 2025 16:15:39,580 TRACE ro.mpp2024.repository.ArbitruRepository 39 createEntityFromResultSet - Exit with(Arbitru{nume='Charlie Brown', username='charlie.b', password='TXlQQHNzdzNyZA==', id_proba=i1})
30 Mar 2025 16:15:39,581 TRACE ro.mpp2024.repository.ArbitruRepository 32 createEntityFromResultSet - Enter createEntityFromResultSet
30 Mar 2025 16:15:39,581 TRACE ro.mpp2024.repository.ArbitruRepository 39 createEntityFromResultSet - Exit with(Arbitru{nume='David Wilson', username='david.w', password='UEBzc3cwcmQ0VQ==', id_proba=s2})
30 Mar 2025 16:15:39,581 TRACE ro.mpp2024.repository.ArbitruRepository 32 createEntityFromResultSet - Enter createEntityFromResultSet
30 Mar 2025 16:15:39,581 TRACE ro.mpp2024.repository.ArbitruRepository 39 createEntityFromResultSet - Exit with(Arbitru{nume='Emma Davis', username='emma.d', password='UEBzc3dvcmQjNQ==', id_proba=c2})
30 Mar 2025 16:15:39,581 TRACE ro.mpp2024.repository.ArbitruRepository 32 createEntityFromResultSet - Enter createEntityFromResultSet
30 Mar 2025 16:15:39,581 TRACE ro.mpp2024.repository.ArbitruRepository 39 createEntityFromResultSet - Exit with(Arbitru{nume='Fiona Clark', username='fiona.c', password='U2VjcjN0UEBzczY=', id_proba=i2})
30 Mar 2025 16:15:39,581 TRACE ro.mpp2024.repository.ArbitruRepository 32 createEntityFromResultSet - Enter createEntityFromResultSet
30 Mar 2025 16:15:39,582 TRACE ro.mpp2024.repository.ArbitruRepository 39 createEntityFromResultSet - Exit with(Arbitru{nume='George Hall', username='george.h', password='UEBzc3cwcmQ3IQ==', id_proba=s3})
30 Mar 2025 16:15:39,582 TRACE ro.mpp2024.repository.ArbitruRepository 32 createEntityFromResultSet - Enter createEntityFromResultSet
30 Mar 2025 16:15:39,582 TRACE ro.mpp2024.repository.ArbitruRepository 39 createEntityFromResultSet - Exit with(Arbitru{nume='Hannah Lewis', username='hannah.l', password='TXlwQHNzdzhyZA==', id_proba=c3})
30 Mar 2025 16:15:39,582 TRACE ro.mpp2024.repository.ArbitruRepository 32 createEntityFromResultSet - Enter createEntityFromResultSet
30 Mar 2025 16:15:39,582 TRACE ro.mpp2024.repository.ArbitruRepository 39 createEntityFromResultSet - Exit with(Arbitru{nume='Ian Walker', username='ian.w', password='UEBzc3cwcmQ5Iw==', id_proba=i3})
30 Mar 2025 16:15:39,582 TRACE ro.mpp2024.repository.ArbitruRepository 32 createEntityFromResultSet - Enter createEntityFromResultSet
30 Mar 2025 16:15:39,583 TRACE ro.mpp2024.repository.ArbitruRepository 39 createEntityFromResultSet - Exit with(Arbitru{nume='Jack Martinez', username='jack.m', password='UEBzc3cwcmQxMA==', id_proba=s4})
30 Mar 2025 16:15:39,583 TRACE ro.mpp2024.repository.ArbitruRepository 32 createEntityFromResultSet - Enter createEntityFromResultSet
30 Mar 2025 16:15:39,583 TRACE ro.mpp2024.repository.ArbitruRepository 39 createEntityFromResultSet - Exit with(Arbitru{nume='Kara Young', username='kara.y', password='UEBzc3dvcmQxMSE=', id_proba=c4})
30 Mar 2025 16:15:39,583 TRACE ro.mpp2024.repository.ArbitruRepository 32 createEntityFromResultSet - Enter createEntityFromResultSet
30 Mar 2025 16:15:39,583 TRACE ro.mpp2024.repository.ArbitruRepository 39 createEntityFromResultSet - Exit with(Arbitru{nume='Liam King', username='liam.k', password='U2VjdXIzUEBzczEy', id_proba=i4})
30 Mar 2025 16:15:39,583 TRACE ro.mpp2024.repository.ArbitruRepository 32 createEntityFromResultSet - Enter createEntityFromResultSet
30 Mar 2025 16:15:39,583 TRACE ro.mpp2024.repository.ArbitruRepository 39 createEntityFromResultSet - Exit with(Arbitru{nume='Mia Scott', username='mia.s', password='UEBzc3dvcmQxMyM=', id_proba=s5})
30 Mar 2025 16:15:39,584 TRACE ro.mpp2024.repository.ArbitruRepository 32 createEntityFromResultSet - Enter createEntityFromResultSet
30 Mar 2025 16:15:39,584 TRACE ro.mpp2024.repository.ArbitruRepository 39 createEntityFromResultSet - Exit with(Arbitru{nume='Noah Green', username='noah.g', password='TXlQQHNzdzE0cmQ=', id_proba=c5})
30 Mar 2025 16:15:39,584 TRACE ro.mpp2024.repository.ArbitruRepository 32 createEntityFromResultSet - Enter createEntityFromResultSet
30 Mar 2025 16:15:39,584 TRACE ro.mpp2024.repository.ArbitruRepository 39 createEntityFromResultSet - Exit with(Arbitru{nume='Olivia Adams', username='olivia.a', password='UEBzc3dvcmQxNSE=', id_proba=i5})
30 Mar 2025 16:15:39,584 TRACE ro.mpp2024.repository.ArbitruRepository 32 createEntityFromResultSet - Enter createEntityFromResultSet
30 Mar 2025 16:15:39,584 TRACE ro.mpp2024.repository.ArbitruRepository 39 createEntityFromResultSet - Exit with(Arbitru{nume='Paul Baker', username='paul.b', password='U2VjdXJpN3lQQHNzMTY=', id_proba=s6})
30 Mar 2025 16:15:39,585 TRACE ro.mpp2024.repository.ArbitruRepository 32 createEntityFromResultSet - Enter createEntityFromResultSet
30 Mar 2025 16:15:39,585 TRACE ro.mpp2024.repository.ArbitruRepository 39 createEntityFromResultSet - Exit with(Arbitru{nume='Quinn Harris', username='quinn.h', password='UEBzc3dvcmQxNyM=', id_proba=c6})
30 Mar 2025 16:15:39,585 TRACE ro.mpp2024.repository.ArbitruRepository 32 createEntityFromResultSet - Enter createEntityFromResultSet
30 Mar 2025 16:15:39,585 TRACE ro.mpp2024.repository.ArbitruRepository 39 createEntityFromResultSet - Exit with(Arbitru{nume='Rachel Nelson', username='rachel.n', password='UEBzc3cwcmQxOCE=', id_proba=i6})
30 Mar 2025 16:15:39,585 TRACE ro.mpp2024.repository.ArbitruRepository 32 createEntityFromResultSet - Enter createEntityFromResultSet
30 Mar 2025 16:15:39,585 TRACE ro.mpp2024.repository.ArbitruRepository 39 createEntityFromResultSet - Exit with(Arbitru{nume='Sam Perez', username='sam.p', password='TXlQQHNzdzE5cmQ=', id_proba=c8})
30 Mar 2025 16:15:39,586 TRACE ro.mpp2024.repository.ArbitruRepository 61 findAll - Exit
30 Mar 2025 16:15:39,587 INFO  ro.mpp2024.services.ArbitruService 18 lambda$new$0 - VUdGemMzY3djbVF4SVE9PQ==
30 Mar 2025 16:15:39,587 INFO  ro.mpp2024.services.ArbitruService 18 lambda$new$0 - VTJWamRYSmxVRUJ6Y3pJPQ==
30 Mar 2025 16:15:39,587 INFO  ro.mpp2024.services.ArbitruService 18 lambda$new$0 - VFhsUVFITnpkek55WkE9PQ==
30 Mar 2025 16:15:39,588 INFO  ro.mpp2024.services.ArbitruService 18 lambda$new$0 - VUVCemMzY3djbVEwVlE9PQ==
30 Mar 2025 16:15:39,588 INFO  ro.mpp2024.services.ArbitruService 18 lambda$new$0 - VUVCemMzZHZjbVFqTlE9PQ==
30 Mar 2025 16:15:39,588 INFO  ro.mpp2024.services.ArbitruService 18 lambda$new$0 - VTJWamNqTjBVRUJ6Y3pZPQ==
30 Mar 2025 16:15:39,588 INFO  ro.mpp2024.services.ArbitruService 18 lambda$new$0 - VUVCemMzY3djbVEzSVE9PQ==
30 Mar 2025 16:15:39,588 INFO  ro.mpp2024.services.ArbitruService 18 lambda$new$0 - VFhsd1FITnpkemh5WkE9PQ==
30 Mar 2025 16:15:39,588 INFO  ro.mpp2024.services.ArbitruService 18 lambda$new$0 - VUVCemMzY3djbVE1SXc9PQ==
30 Mar 2025 16:15:39,588 INFO  ro.mpp2024.services.ArbitruService 18 lambda$new$0 - VUVCemMzY3djbVF4TUE9PQ==
30 Mar 2025 16:15:39,588 INFO  ro.mpp2024.services.ArbitruService 18 lambda$new$0 - VUVCemMzZHZjbVF4TVNFPQ==
30 Mar 2025 16:15:39,588 INFO  ro.mpp2024.services.ArbitruService 18 lambda$new$0 - VTJWamRYSXpVRUJ6Y3pFeQ==
30 Mar 2025 16:15:39,589 INFO  ro.mpp2024.services.ArbitruService 18 lambda$new$0 - VUVCemMzZHZjbVF4TXlNPQ==
30 Mar 2025 16:15:39,589 INFO  ro.mpp2024.services.ArbitruService 18 lambda$new$0 - VFhsUVFITnpkekUwY21RPQ==
30 Mar 2025 16:15:39,589 INFO  ro.mpp2024.services.ArbitruService 18 lambda$new$0 - VUVCemMzZHZjbVF4TlNFPQ==
30 Mar 2025 16:15:39,589 INFO  ro.mpp2024.services.ArbitruService 18 lambda$new$0 - VTJWamRYSnBOM2xRUUhOek1UWT0=
30 Mar 2025 16:15:39,589 INFO  ro.mpp2024.services.ArbitruService 18 lambda$new$0 - VUVCemMzZHZjbVF4TnlNPQ==
30 Mar 2025 16:15:39,589 INFO  ro.mpp2024.services.ArbitruService 18 lambda$new$0 - VUVCemMzY3djbVF4T0NFPQ==
30 Mar 2025 16:15:39,589 INFO  ro.mpp2024.services.ArbitruService 18 lambda$new$0 - VFhsUVFITnpkekU1Y21RPQ==
30 Mar 2025 16:15:39,590 INFO  ro.mpp2024.services.RezultatService 26 <init> - Service Rezultat made
30 Mar 2025 16:15:39,590 TRACE ro.mpp2024.repository.RezultatRepository 169 listaParticiapntPuncteProbaDescrescator - Enter listaParticiapntPuncteProbaDescrescator
30 Mar 2025 16:15:39,590 TRACE ro.mpp2024.utils.JdbcUtils 48 getConnection - Enter
30 Mar 2025 16:15:39,591 TRACE ro.mpp2024.utils.JdbcUtils 57 getConnection - Exit with(org.sqlite.jdbc4.JDBC4Connection@d723ea4)
30 Mar 2025 16:15:39,591 TRACE ro.mpp2024.repository.RezultatRepository 187 listaParticiapntPuncteProbaDescrescator - Enter Terminat dictionar
30 Mar 2025 16:15:56,663 INFO  ro.mpp2024.repository.ArbitruRepository 26 <init> - Initializing IArbitruRepository with properties: {} 
30 Mar 2025 16:15:56,666 INFO  ro.mpp2024.repository.ProbaRepository 25 <init> - Initializing ProbaRepository with properties: {} 
30 Mar 2025 16:15:56,667 INFO  ro.mpp2024.repository.ParticipantRepository 25 <init> - Initializing ParticipantRepository with properties: {} 
30 Mar 2025 16:15:56,668 INFO  ro.mpp2024.repository.RezultatRepository 26 <init> - Initializing RezultatRepository with properties: {} 
30 Mar 2025 16:15:56,669 INFO  ro.mpp2024.services.ArbitruService 16 <init> - Initializing ArbitruService
30 Mar 2025 16:15:56,671 TRACE ro.mpp2024.repository.ArbitruRepository 45 findAll - Enter findAll
30 Mar 2025 16:15:56,671 TRACE ro.mpp2024.utils.JdbcUtils 48 getConnection - Enter
30 Mar 2025 16:15:56,671 TRACE ro.mpp2024.utils.JdbcUtils 25 getNewConnection - Enter
30 Mar 2025 16:15:56,672 INFO  ro.mpp2024.utils.JdbcUtils 30 getNewConnection - trying to connect to database ... jdbc:sqlite:src/main/resources/triatlon.db
30 Mar 2025 16:15:56,672 INFO  ro.mpp2024.utils.JdbcUtils 31 getNewConnection - user: null
30 Mar 2025 16:15:56,672 INFO  ro.mpp2024.utils.JdbcUtils 32 getNewConnection - pass: null
30 Mar 2025 16:15:56,760 TRACE ro.mpp2024.utils.JdbcUtils 57 getConnection - Exit with(org.sqlite.jdbc4.JDBC4Connection@d723ea4)
30 Mar 2025 16:15:56,762 TRACE ro.mpp2024.repository.ArbitruRepository 32 createEntityFromResultSet - Enter createEntityFromResultSet
30 Mar 2025 16:15:56,766 TRACE ro.mpp2024.repository.ArbitruRepository 39 createEntityFromResultSet - Exit with(Arbitru{nume='Alice Johnson', username='alice.j', password='UGFzc3cwcmQxIQ==', id_proba=s1})
30 Mar 2025 16:15:56,766 TRACE ro.mpp2024.repository.ArbitruRepository 32 createEntityFromResultSet - Enter createEntityFromResultSet
30 Mar 2025 16:15:56,767 TRACE ro.mpp2024.repository.ArbitruRepository 39 createEntityFromResultSet - Exit with(Arbitru{nume='Bob Smith', username='bob.smith', password='U2VjdXJlUEBzczI=', id_proba=c1})
30 Mar 2025 16:15:56,767 TRACE ro.mpp2024.repository.ArbitruRepository 32 createEntityFromResultSet - Enter createEntityFromResultSet
30 Mar 2025 16:15:56,767 TRACE ro.mpp2024.repository.ArbitruRepository 39 createEntityFromResultSet - Exit with(Arbitru{nume='Charlie Brown', username='charlie.b', password='TXlQQHNzdzNyZA==', id_proba=i1})
30 Mar 2025 16:15:56,767 TRACE ro.mpp2024.repository.ArbitruRepository 32 createEntityFromResultSet - Enter createEntityFromResultSet
30 Mar 2025 16:15:56,767 TRACE ro.mpp2024.repository.ArbitruRepository 39 createEntityFromResultSet - Exit with(Arbitru{nume='David Wilson', username='david.w', password='UEBzc3cwcmQ0VQ==', id_proba=s2})
30 Mar 2025 16:15:56,767 TRACE ro.mpp2024.repository.ArbitruRepository 32 createEntityFromResultSet - Enter createEntityFromResultSet
30 Mar 2025 16:15:56,767 TRACE ro.mpp2024.repository.ArbitruRepository 39 createEntityFromResultSet - Exit with(Arbitru{nume='Emma Davis', username='emma.d', password='UEBzc3dvcmQjNQ==', id_proba=c2})
30 Mar 2025 16:15:56,768 TRACE ro.mpp2024.repository.ArbitruRepository 32 createEntityFromResultSet - Enter createEntityFromResultSet
30 Mar 2025 16:15:56,768 TRACE ro.mpp2024.repository.ArbitruRepository 39 createEntityFromResultSet - Exit with(Arbitru{nume='Fiona Clark', username='fiona.c', password='U2VjcjN0UEBzczY=', id_proba=i2})
30 Mar 2025 16:15:56,768 TRACE ro.mpp2024.repository.ArbitruRepository 32 createEntityFromResultSet - Enter createEntityFromResultSet
30 Mar 2025 16:15:56,768 TRACE ro.mpp2024.repository.ArbitruRepository 39 createEntityFromResultSet - Exit with(Arbitru{nume='George Hall', username='george.h', password='UEBzc3cwcmQ3IQ==', id_proba=s3})
30 Mar 2025 16:15:56,768 TRACE ro.mpp2024.repository.ArbitruRepository 32 createEntityFromResultSet - Enter createEntityFromResultSet
30 Mar 2025 16:15:56,769 TRACE ro.mpp2024.repository.ArbitruRepository 39 createEntityFromResultSet - Exit with(Arbitru{nume='Hannah Lewis', username='hannah.l', password='TXlwQHNzdzhyZA==', id_proba=c3})
30 Mar 2025 16:15:56,769 TRACE ro.mpp2024.repository.ArbitruRepository 32 createEntityFromResultSet - Enter createEntityFromResultSet
30 Mar 2025 16:15:56,769 TRACE ro.mpp2024.repository.ArbitruRepository 39 createEntityFromResultSet - Exit with(Arbitru{nume='Ian Walker', username='ian.w', password='UEBzc3cwcmQ5Iw==', id_proba=i3})
30 Mar 2025 16:15:56,769 TRACE ro.mpp2024.repository.ArbitruRepository 32 createEntityFromResultSet - Enter createEntityFromResultSet
30 Mar 2025 16:15:56,769 TRACE ro.mpp2024.repository.ArbitruRepository 39 createEntityFromResultSet - Exit with(Arbitru{nume='Jack Martinez', username='jack.m', password='UEBzc3cwcmQxMA==', id_proba=s4})
30 Mar 2025 16:15:56,770 TRACE ro.mpp2024.repository.ArbitruRepository 32 createEntityFromResultSet - Enter createEntityFromResultSet
30 Mar 2025 16:15:56,770 TRACE ro.mpp2024.repository.ArbitruRepository 39 createEntityFromResultSet - Exit with(Arbitru{nume='Kara Young', username='kara.y', password='UEBzc3dvcmQxMSE=', id_proba=c4})
30 Mar 2025 16:15:56,770 TRACE ro.mpp2024.repository.ArbitruRepository 32 createEntityFromResultSet - Enter createEntityFromResultSet
30 Mar 2025 16:15:56,770 TRACE ro.mpp2024.repository.ArbitruRepository 39 createEntityFromResultSet - Exit with(Arbitru{nume='Liam King', username='liam.k', password='U2VjdXIzUEBzczEy', id_proba=i4})
30 Mar 2025 16:15:56,770 TRACE ro.mpp2024.repository.ArbitruRepository 32 createEntityFromResultSet - Enter createEntityFromResultSet
30 Mar 2025 16:15:56,770 TRACE ro.mpp2024.repository.ArbitruRepository 39 createEntityFromResultSet - Exit with(Arbitru{nume='Mia Scott', username='mia.s', password='UEBzc3dvcmQxMyM=', id_proba=s5})
30 Mar 2025 16:15:56,771 TRACE ro.mpp2024.repository.ArbitruRepository 32 createEntityFromResultSet - Enter createEntityFromResultSet
30 Mar 2025 16:15:56,771 TRACE ro.mpp2024.repository.ArbitruRepository 39 createEntityFromResultSet - Exit with(Arbitru{nume='Noah Green', username='noah.g', password='TXlQQHNzdzE0cmQ=', id_proba=c5})
30 Mar 2025 16:15:56,771 TRACE ro.mpp2024.repository.ArbitruRepository 32 createEntityFromResultSet - Enter createEntityFromResultSet
30 Mar 2025 16:15:56,771 TRACE ro.mpp2024.repository.ArbitruRepository 39 createEntityFromResultSet - Exit with(Arbitru{nume='Olivia Adams', username='olivia.a', password='UEBzc3dvcmQxNSE=', id_proba=i5})
30 Mar 2025 16:15:56,771 TRACE ro.mpp2024.repository.ArbitruRepository 32 createEntityFromResultSet - Enter createEntityFromResultSet
30 Mar 2025 16:15:56,771 TRACE ro.mpp2024.repository.ArbitruRepository 39 createEntityFromResultSet - Exit with(Arbitru{nume='Paul Baker', username='paul.b', password='U2VjdXJpN3lQQHNzMTY=', id_proba=s6})
30 Mar 2025 16:15:56,771 TRACE ro.mpp2024.repository.ArbitruRepository 32 createEntityFromResultSet - Enter createEntityFromResultSet
30 Mar 2025 16:15:56,772 TRACE ro.mpp2024.repository.ArbitruRepository 39 createEntityFromResultSet - Exit with(Arbitru{nume='Quinn Harris', username='quinn.h', password='UEBzc3dvcmQxNyM=', id_proba=c6})
30 Mar 2025 16:15:56,772 TRACE ro.mpp2024.repository.ArbitruRepository 32 createEntityFromResultSet - Enter createEntityFromResultSet
30 Mar 2025 16:15:56,772 TRACE ro.mpp2024.repository.ArbitruRepository 39 createEntityFromResultSet - Exit with(Arbitru{nume='Rachel Nelson', username='rachel.n', password='UEBzc3cwcmQxOCE=', id_proba=i6})
30 Mar 2025 16:15:56,772 TRACE ro.mpp2024.repository.ArbitruRepository 32 createEntityFromResultSet - Enter createEntityFromResultSet
30 Mar 2025 16:15:56,772 TRACE ro.mpp2024.repository.ArbitruRepository 39 createEntityFromResultSet - Exit with(Arbitru{nume='Sam Perez', username='sam.p', password='TXlQQHNzdzE5cmQ=', id_proba=c8})
30 Mar 2025 16:15:56,772 TRACE ro.mpp2024.repository.ArbitruRepository 61 findAll - Exit
30 Mar 2025 16:15:56,774 INFO  ro.mpp2024.services.ArbitruService 18 lambda$new$0 - VUdGemMzY3djbVF4SVE9PQ==
30 Mar 2025 16:15:56,774 INFO  ro.mpp2024.services.ArbitruService 18 lambda$new$0 - VTJWamRYSmxVRUJ6Y3pJPQ==
30 Mar 2025 16:15:56,774 INFO  ro.mpp2024.services.ArbitruService 18 lambda$new$0 - VFhsUVFITnpkek55WkE9PQ==
30 Mar 2025 16:15:56,774 INFO  ro.mpp2024.services.ArbitruService 18 lambda$new$0 - VUVCemMzY3djbVEwVlE9PQ==
30 Mar 2025 16:15:56,774 INFO  ro.mpp2024.services.ArbitruService 18 lambda$new$0 - VUVCemMzZHZjbVFqTlE9PQ==
30 Mar 2025 16:15:56,774 INFO  ro.mpp2024.services.ArbitruService 18 lambda$new$0 - VTJWamNqTjBVRUJ6Y3pZPQ==
30 Mar 2025 16:15:56,774 INFO  ro.mpp2024.services.ArbitruService 18 lambda$new$0 - VUVCemMzY3djbVEzSVE9PQ==
30 Mar 2025 16:15:56,775 INFO  ro.mpp2024.services.ArbitruService 18 lambda$new$0 - VFhsd1FITnpkemh5WkE9PQ==
30 Mar 2025 16:15:56,775 INFO  ro.mpp2024.services.ArbitruService 18 lambda$new$0 - VUVCemMzY3djbVE1SXc9PQ==
30 Mar 2025 16:15:56,775 INFO  ro.mpp2024.services.ArbitruService 18 lambda$new$0 - VUVCemMzY3djbVF4TUE9PQ==
30 Mar 2025 16:15:56,775 INFO  ro.mpp2024.services.ArbitruService 18 lambda$new$0 - VUVCemMzZHZjbVF4TVNFPQ==
30 Mar 2025 16:15:56,775 INFO  ro.mpp2024.services.ArbitruService 18 lambda$new$0 - VTJWamRYSXpVRUJ6Y3pFeQ==
30 Mar 2025 16:15:56,775 INFO  ro.mpp2024.services.ArbitruService 18 lambda$new$0 - VUVCemMzZHZjbVF4TXlNPQ==
30 Mar 2025 16:15:56,775 INFO  ro.mpp2024.services.ArbitruService 18 lambda$new$0 - VFhsUVFITnpkekUwY21RPQ==
30 Mar 2025 16:15:56,775 INFO  ro.mpp2024.services.ArbitruService 18 lambda$new$0 - VUVCemMzZHZjbVF4TlNFPQ==
30 Mar 2025 16:15:56,776 INFO  ro.mpp2024.services.ArbitruService 18 lambda$new$0 - VTJWamRYSnBOM2xRUUhOek1UWT0=
30 Mar 2025 16:15:56,776 INFO  ro.mpp2024.services.ArbitruService 18 lambda$new$0 - VUVCemMzZHZjbVF4TnlNPQ==
30 Mar 2025 16:15:56,776 INFO  ro.mpp2024.services.ArbitruService 18 lambda$new$0 - VUVCemMzY3djbVF4T0NFPQ==
30 Mar 2025 16:15:56,776 INFO  ro.mpp2024.services.ArbitruService 18 lambda$new$0 - VFhsUVFITnpkekU1Y21RPQ==
30 Mar 2025 16:15:56,777 INFO  ro.mpp2024.services.RezultatService 26 <init> - Service Rezultat made
30 Mar 2025 16:15:56,777 TRACE ro.mpp2024.repository.RezultatRepository 169 listaParticiapntPuncteProbaDescrescator - Enter listaParticiapntPuncteProbaDescrescator
30 Mar 2025 16:15:56,777 TRACE ro.mpp2024.utils.JdbcUtils 48 getConnection - Enter
30 Mar 2025 16:15:56,777 TRACE ro.mpp2024.utils.JdbcUtils 57 getConnection - Exit with(org.sqlite.jdbc4.JDBC4Connection@d723ea4)
30 Mar 2025 16:15:56,778 TRACE ro.mpp2024.repository.RezultatRepository 187 listaParticiapntPuncteProbaDescrescator - Enter Terminat dictionar
30 Mar 2025 16:16:15,514 TRACE ro.mpp2024.utils.JdbcUtils 48 getConnection - Enter
30 Mar 2025 16:16:15,514 TRACE ro.mpp2024.utils.JdbcUtils 57 getConnection - Exit with(org.sqlite.jdbc4.JDBC4Connection@d723ea4)
30 Mar 2025 16:16:15,515 TRACE ro.mpp2024.repository.ArbitruRepository 32 createEntityFromResultSet - Enter createEntityFromResultSet
30 Mar 2025 16:16:15,515 TRACE ro.mpp2024.repository.ArbitruRepository 39 createEntityFromResultSet - Exit with(Arbitru{nume='Alice Johnson', username='alice.j', password='UGFzc3cwcmQxIQ==', id_proba=s1})
30 Mar 2025 16:16:15,576 TRACE ro.mpp2024.repository.RezultatRepository 145 listaParticipantiPuncteAlfabetic - Enter listaParticipantiPuncteAlfabetic
30 Mar 2025 16:16:15,576 TRACE ro.mpp2024.utils.JdbcUtils 48 getConnection - Enter
30 Mar 2025 16:16:15,577 TRACE ro.mpp2024.utils.JdbcUtils 57 getConnection - Exit with(org.sqlite.jdbc4.JDBC4Connection@d723ea4)
30 Mar 2025 16:16:15,577 TRACE ro.mpp2024.repository.RezultatRepository 163 listaParticipantiPuncteAlfabetic - Enter Terminat dictionar
30 Mar 2025 16:16:15,577 TRACE ro.mpp2024.repository.RezultatRepository 169 listaParticiapntPuncteProbaDescrescator - Enter listaParticiapntPuncteProbaDescrescator
30 Mar 2025 16:16:15,577 TRACE ro.mpp2024.utils.JdbcUtils 48 getConnection - Enter
30 Mar 2025 16:16:15,578 TRACE ro.mpp2024.utils.JdbcUtils 57 getConnection - Exit with(org.sqlite.jdbc4.JDBC4Connection@d723ea4)
30 Mar 2025 16:16:15,578 TRACE ro.mpp2024.repository.RezultatRepository 187 listaParticiapntPuncteProbaDescrescator - Enter Terminat dictionar
30 Mar 2025 16:16:15,582 TRACE ro.mpp2024.repository.ParticipantRepository 43 findAll - Enter
30 Mar 2025 16:16:15,583 TRACE ro.mpp2024.utils.JdbcUtils 48 getConnection - Enter
30 Mar 2025 16:16:15,583 TRACE ro.mpp2024.utils.JdbcUtils 57 getConnection - Exit with(org.sqlite.jdbc4.JDBC4Connection@d723ea4)
30 Mar 2025 16:16:15,583 TRACE ro.mpp2024.repository.ParticipantRepository 31 createEntityFromResultSet - Enter createEntityFromResultSet
30 Mar 2025 16:16:15,583 TRACE ro.mpp2024.repository.ParticipantRepository 37 createEntityFromResultSet - Exit with(Popescu Ion)
30 Mar 2025 16:16:15,583 TRACE ro.mpp2024.repository.ParticipantRepository 31 createEntityFromResultSet - Enter createEntityFromResultSet
30 Mar 2025 16:16:15,583 TRACE ro.mpp2024.repository.ParticipantRepository 37 createEntityFromResultSet - Exit with(Ionescu Maria)
30 Mar 2025 16:16:15,583 TRACE ro.mpp2024.repository.ParticipantRepository 31 createEntityFromResultSet - Enter createEntityFromResultSet
30 Mar 2025 16:16:15,584 TRACE ro.mpp2024.repository.ParticipantRepository 37 createEntityFromResultSet - Exit with(Georgescu Andrei)
30 Mar 2025 16:16:15,584 TRACE ro.mpp2024.repository.ParticipantRepository 31 createEntityFromResultSet - Enter createEntityFromResultSet
30 Mar 2025 16:16:15,584 TRACE ro.mpp2024.repository.ParticipantRepository 37 createEntityFromResultSet - Exit with(Dumitrescu Elena)
30 Mar 2025 16:16:15,584 TRACE ro.mpp2024.repository.ParticipantRepository 31 createEntityFromResultSet - Enter createEntityFromResultSet
30 Mar 2025 16:16:15,584 TRACE ro.mpp2024.repository.ParticipantRepository 37 createEntityFromResultSet - Exit with(Popa Mihai)
30 Mar 2025 16:16:15,584 TRACE ro.mpp2024.repository.ParticipantRepository 31 createEntityFromResultSet - Enter createEntityFromResultSet
30 Mar 2025 16:16:15,584 TRACE ro.mpp2024.repository.ParticipantRepository 37 createEntityFromResultSet - Exit with(Stan Ioana)
30 Mar 2025 16:16:15,584 TRACE ro.mpp2024.repository.ParticipantRepository 31 createEntityFromResultSet - Enter createEntityFromResultSet
30 Mar 2025 16:16:15,584 TRACE ro.mpp2024.repository.ParticipantRepository 37 createEntityFromResultSet - Exit with(Radu Cristian)
30 Mar 2025 16:16:15,584 TRACE ro.mpp2024.repository.ParticipantRepository 31 createEntityFromResultSet - Enter createEntityFromResultSet
30 Mar 2025 16:16:15,585 TRACE ro.mpp2024.repository.ParticipantRepository 37 createEntityFromResultSet - Exit with(Marin Ana)
30 Mar 2025 16:16:15,585 TRACE ro.mpp2024.repository.ParticipantRepository 31 createEntityFromResultSet - Enter createEntityFromResultSet
30 Mar 2025 16:16:15,585 TRACE ro.mpp2024.repository.ParticipantRepository 37 createEntityFromResultSet - Exit with(Tudor Alexandru)
30 Mar 2025 16:16:15,585 TRACE ro.mpp2024.repository.ParticipantRepository 31 createEntityFromResultSet - Enter createEntityFromResultSet
30 Mar 2025 16:16:15,585 TRACE ro.mpp2024.repository.ParticipantRepository 37 createEntityFromResultSet - Exit with(Petrescu Gabriel)
30 Mar 2025 16:16:15,585 TRACE ro.mpp2024.repository.ParticipantRepository 31 createEntityFromResultSet - Enter createEntityFromResultSet
30 Mar 2025 16:16:15,585 TRACE ro.mpp2024.repository.ParticipantRepository 37 createEntityFromResultSet - Exit with(Iliescu Daniela)
30 Mar 2025 16:16:15,585 TRACE ro.mpp2024.repository.ParticipantRepository 31 createEntityFromResultSet - Enter createEntityFromResultSet
30 Mar 2025 16:16:15,585 TRACE ro.mpp2024.repository.ParticipantRepository 37 createEntityFromResultSet - Exit with(Vasilescu Florin)
30 Mar 2025 16:16:15,585 TRACE ro.mpp2024.repository.ParticipantRepository 31 createEntityFromResultSet - Enter createEntityFromResultSet
30 Mar 2025 16:16:15,586 TRACE ro.mpp2024.repository.ParticipantRepository 37 createEntityFromResultSet - Exit with(Dobre Adriana)
30 Mar 2025 16:16:15,586 TRACE ro.mpp2024.repository.ParticipantRepository 31 createEntityFromResultSet - Enter createEntityFromResultSet
30 Mar 2025 16:16:15,586 TRACE ro.mpp2024.repository.ParticipantRepository 37 createEntityFromResultSet - Exit with(Munteanu Sorin)
30 Mar 2025 16:16:15,586 TRACE ro.mpp2024.repository.ParticipantRepository 31 createEntityFromResultSet - Enter createEntityFromResultSet
30 Mar 2025 16:16:15,586 TRACE ro.mpp2024.repository.ParticipantRepository 37 createEntityFromResultSet - Exit with(Nistor Carmen)
30 Mar 2025 16:16:15,586 TRACE ro.mpp2024.repository.ParticipantRepository 31 createEntityFromResultSet - Enter createEntityFromResultSet
30 Mar 2025 16:16:15,586 TRACE ro.mpp2024.repository.ParticipantRepository 37 createEntityFromResultSet - Exit with(Lazar Roxana)
30 Mar 2025 16:16:15,587 TRACE ro.mpp2024.repository.ParticipantRepository 31 createEntityFromResultSet - Enter createEntityFromResultSet
30 Mar 2025 16:16:15,587 TRACE ro.mpp2024.repository.ParticipantRepository 37 createEntityFromResultSet - Exit with(Gheorghe Vlad)
30 Mar 2025 16:16:15,587 TRACE ro.mpp2024.repository.ParticipantRepository 31 createEntityFromResultSet - Enter createEntityFromResultSet
30 Mar 2025 16:16:15,587 TRACE ro.mpp2024.repository.ParticipantRepository 37 createEntityFromResultSet - Exit with(Barbu Irina)
30 Mar 2025 16:16:15,587 TRACE ro.mpp2024.repository.ParticipantRepository 31 createEntityFromResultSet - Enter createEntityFromResultSet
30 Mar 2025 16:16:15,587 TRACE ro.mpp2024.repository.ParticipantRepository 37 createEntityFromResultSet - Exit with(Constantin Marius)
30 Mar 2025 16:16:15,587 TRACE ro.mpp2024.repository.ParticipantRepository 31 createEntityFromResultSet - Enter createEntityFromResultSet
30 Mar 2025 16:16:15,588 TRACE ro.mpp2024.repository.ParticipantRepository 37 createEntityFromResultSet - Exit with(Enache Laura)
30 Mar 2025 16:16:15,588 TRACE ro.mpp2024.repository.ParticipantRepository 31 createEntityFromResultSet - Enter createEntityFromResultSet
30 Mar 2025 16:16:15,588 TRACE ro.mpp2024.repository.ParticipantRepository 37 createEntityFromResultSet - Exit with(Dragomir Adrian)
30 Mar 2025 16:16:15,588 TRACE ro.mpp2024.repository.ParticipantRepository 31 createEntityFromResultSet - Enter createEntityFromResultSet
30 Mar 2025 16:16:15,588 TRACE ro.mpp2024.repository.ParticipantRepository 37 createEntityFromResultSet - Exit with(Filip Bianca)
30 Mar 2025 16:16:15,588 TRACE ro.mpp2024.repository.ParticipantRepository 31 createEntityFromResultSet - Enter createEntityFromResultSet
30 Mar 2025 16:16:15,588 TRACE ro.mpp2024.repository.ParticipantRepository 37 createEntityFromResultSet - Exit with(Grigore Stefan)
30 Mar 2025 16:16:15,588 TRACE ro.mpp2024.repository.ParticipantRepository 31 createEntityFromResultSet - Enter createEntityFromResultSet
30 Mar 2025 16:16:15,588 TRACE ro.mpp2024.repository.ParticipantRepository 37 createEntityFromResultSet - Exit with(Hagi Diana)
30 Mar 2025 16:16:15,588 TRACE ro.mpp2024.repository.ParticipantRepository 31 createEntityFromResultSet - Enter createEntityFromResultSet
30 Mar 2025 16:16:15,588 TRACE ro.mpp2024.repository.ParticipantRepository 37 createEntityFromResultSet - Exit with(Iacob Radu)
30 Mar 2025 16:16:15,589 TRACE ro.mpp2024.repository.ParticipantRepository 31 createEntityFromResultSet - Enter createEntityFromResultSet
30 Mar 2025 16:16:15,589 TRACE ro.mpp2024.repository.ParticipantRepository 37 createEntityFromResultSet - Exit with(Jianu Oana)
30 Mar 2025 16:16:15,589 TRACE ro.mpp2024.repository.ParticipantRepository 31 createEntityFromResultSet - Enter createEntityFromResultSet
30 Mar 2025 16:16:15,589 TRACE ro.mpp2024.repository.ParticipantRepository 37 createEntityFromResultSet - Exit with(Kovacs Cristina)
30 Mar 2025 16:16:15,589 TRACE ro.mpp2024.repository.ParticipantRepository 31 createEntityFromResultSet - Enter createEntityFromResultSet
30 Mar 2025 16:16:15,589 TRACE ro.mpp2024.repository.ParticipantRepository 37 createEntityFromResultSet - Exit with(Lupu George)
30 Mar 2025 16:16:15,589 TRACE ro.mpp2024.repository.ParticipantRepository 31 createEntityFromResultSet - Enter createEntityFromResultSet
30 Mar 2025 16:16:15,589 TRACE ro.mpp2024.repository.ParticipantRepository 37 createEntityFromResultSet - Exit with(Manole Simona)
30 Mar 2025 16:16:15,589 TRACE ro.mpp2024.repository.ParticipantRepository 31 createEntityFromResultSet - Enter createEntityFromResultSet
30 Mar 2025 16:16:15,589 TRACE ro.mpp2024.repository.ParticipantRepository 37 createEntityFromResultSet - Exit with(Nedelcu Alexandra)
30 Mar 2025 16:16:15,589 TRACE ro.mpp2024.repository.ParticipantRepository 31 createEntityFromResultSet - Enter createEntityFromResultSet
30 Mar 2025 16:16:15,590 TRACE ro.mpp2024.repository.ParticipantRepository 37 createEntityFromResultSet - Exit with(Oprea Bogdan)
30 Mar 2025 16:16:15,590 TRACE ro.mpp2024.repository.ParticipantRepository 31 createEntityFromResultSet - Enter createEntityFromResultSet
30 Mar 2025 16:16:15,590 TRACE ro.mpp2024.repository.ParticipantRepository 37 createEntityFromResultSet - Exit with(Pavel Monica)
30 Mar 2025 16:16:15,590 TRACE ro.mpp2024.repository.ParticipantRepository 31 createEntityFromResultSet - Enter createEntityFromResultSet
30 Mar 2025 16:16:15,590 TRACE ro.mpp2024.repository.ParticipantRepository 37 createEntityFromResultSet - Exit with(Rusu Andreea)
30 Mar 2025 16:16:15,590 TRACE ro.mpp2024.repository.ParticipantRepository 31 createEntityFromResultSet - Enter createEntityFromResultSet
30 Mar 2025 16:16:15,590 TRACE ro.mpp2024.repository.ParticipantRepository 37 createEntityFromResultSet - Exit with(Sandu Victor)
30 Mar 2025 16:16:15,590 TRACE ro.mpp2024.repository.ParticipantRepository 31 createEntityFromResultSet - Enter createEntityFromResultSet
30 Mar 2025 16:16:15,590 TRACE ro.mpp2024.repository.ParticipantRepository 37 createEntityFromResultSet - Exit with(Toma Gabriela)
30 Mar 2025 16:16:15,590 TRACE ro.mpp2024.repository.ParticipantRepository 31 createEntityFromResultSet - Enter createEntityFromResultSet
30 Mar 2025 16:16:15,590 TRACE ro.mpp2024.repository.ParticipantRepository 37 createEntityFromResultSet - Exit with(Ursu Mihail)
30 Mar 2025 16:16:15,591 TRACE ro.mpp2024.repository.ParticipantRepository 31 createEntityFromResultSet - Enter createEntityFromResultSet
30 Mar 2025 16:16:15,591 TRACE ro.mpp2024.repository.ParticipantRepository 37 createEntityFromResultSet - Exit with(Vlad Anca)
30 Mar 2025 16:16:15,591 TRACE ro.mpp2024.repository.ParticipantRepository 31 createEntityFromResultSet - Enter createEntityFromResultSet
30 Mar 2025 16:16:15,591 TRACE ro.mpp2024.repository.ParticipantRepository 37 createEntityFromResultSet - Exit with(Zamfir Lucian)
30 Mar 2025 16:16:15,591 TRACE ro.mpp2024.repository.ParticipantRepository 31 createEntityFromResultSet - Enter createEntityFromResultSet
30 Mar 2025 16:16:15,591 TRACE ro.mpp2024.repository.ParticipantRepository 37 createEntityFromResultSet - Exit with(Voicu Raluca)
30 Mar 2025 16:16:15,591 TRACE ro.mpp2024.repository.ParticipantRepository 31 createEntityFromResultSet - Enter createEntityFromResultSet
30 Mar 2025 16:16:15,591 TRACE ro.mpp2024.repository.ParticipantRepository 37 createEntityFromResultSet - Exit with(nume prenume)
30 Mar 2025 16:16:15,592 TRACE ro.mpp2024.repository.ParticipantRepository 57 findAll - Exit with([Popescu Ion, Ionescu Maria, Georgescu Andrei, Dumitrescu Elena, Popa Mihai, Stan Ioana, Radu Cristian, Marin Ana, Tudor Alexandru, Petrescu Gabriel, Iliescu Daniela, Vasilescu Florin, Dobre Adriana, Munteanu Sorin, Nistor Carmen, Lazar Roxana, Gheorghe Vlad, Barbu Irina, Constantin Marius, Enache Laura, Dragomir Adrian, Filip Bianca, Grigore Stefan, Hagi Diana, Iacob Radu, Jianu Oana, Kovacs Cristina, Lupu George, Manole Simona, Nedelcu Alexandra, Oprea Bogdan, Pavel Monica, Rusu Andreea, Sandu Victor, Toma Gabriela, Ursu Mihail, Vlad Anca, Zamfir Lucian, Voicu Raluca, nume prenume])
30 Mar 2025 16:16:32,052 TRACE ro.mpp2024.services.RezultatService 30 addRezultat - Enter
30 Mar 2025 16:16:32,052 TRACE ro.mpp2024.repository.ParticipantRepository 63 findOne - Enter
30 Mar 2025 16:16:32,052 TRACE ro.mpp2024.utils.JdbcUtils 48 getConnection - Enter
30 Mar 2025 16:16:32,052 TRACE ro.mpp2024.utils.JdbcUtils 57 getConnection - Exit with(org.sqlite.jdbc4.JDBC4Connection@d723ea4)
30 Mar 2025 16:16:32,053 TRACE ro.mpp2024.repository.ParticipantRepository 31 createEntityFromResultSet - Enter createEntityFromResultSet
30 Mar 2025 16:16:32,053 TRACE ro.mpp2024.repository.ParticipantRepository 37 createEntityFromResultSet - Exit with(Barbu Irina)
30 Mar 2025 16:16:32,053 TRACE ro.mpp2024.repository.ParticipantRepository 77 findOne - Exit with(Barbu Irina)
30 Mar 2025 16:16:32,053 TRACE ro.mpp2024.repository.ProbaRepository 63 findOne - Enter findOne
30 Mar 2025 16:16:32,053 TRACE ro.mpp2024.utils.JdbcUtils 48 getConnection - Enter
30 Mar 2025 16:16:32,053 TRACE ro.mpp2024.utils.JdbcUtils 57 getConnection - Exit with(org.sqlite.jdbc4.JDBC4Connection@d723ea4)
30 Mar 2025 16:16:32,054 TRACE ro.mpp2024.repository.ProbaRepository 31 createEntityFromResultSet - Enter createEntityFromResultSet
30 Mar 2025 16:16:32,058 TRACE ro.mpp2024.repository.ProbaRepository 37 createEntityFromResultSet - Exit with(Proba{nume='Cursa 100 de m', arbitru=1, categorie=alergat})
30 Mar 2025 16:16:32,058 TRACE ro.mpp2024.repository.ProbaRepository 77 findOne - Exit with(Proba{nume='Cursa 100 de m', arbitru=1, categorie=alergat})
30 Mar 2025 16:16:32,058 TRACE ro.mpp2024.repository.RezultatRepository 117 save - Enter save
30 Mar 2025 16:16:32,058 TRACE ro.mpp2024.utils.JdbcUtils 48 getConnection - Enter
30 Mar 2025 16:16:32,058 TRACE ro.mpp2024.utils.JdbcUtils 57 getConnection - Exit with(org.sqlite.jdbc4.JDBC4Connection@d723ea4)
30 Mar 2025 16:16:32,066 TRACE ro.mpp2024.repository.RezultatRepository 128 save - Exit
30 Mar 2025 16:16:32,066 TRACE ro.mpp2024.services.RezultatService 34 addRezultat - Exit
30 Mar 2025 16:16:32,068 TRACE ro.mpp2024.repository.RezultatRepository 145 listaParticipantiPuncteAlfabetic - Enter listaParticipantiPuncteAlfabetic
30 Mar 2025 16:16:32,068 TRACE ro.mpp2024.utils.JdbcUtils 48 getConnection - Enter
30 Mar 2025 16:16:32,068 TRACE ro.mpp2024.utils.JdbcUtils 57 getConnection - Exit with(org.sqlite.jdbc4.JDBC4Connection@d723ea4)
30 Mar 2025 16:16:32,069 TRACE ro.mpp2024.repository.RezultatRepository 163 listaParticipantiPuncteAlfabetic - Enter Terminat dictionar
30 Mar 2025 16:16:32,069 TRACE ro.mpp2024.repository.RezultatRepository 169 listaParticiapntPuncteProbaDescrescator - Enter listaParticiapntPuncteProbaDescrescator
30 Mar 2025 16:16:32,069 TRACE ro.mpp2024.utils.JdbcUtils 48 getConnection - Enter
30 Mar 2025 16:16:32,069 TRACE ro.mpp2024.utils.JdbcUtils 57 getConnection - Exit with(org.sqlite.jdbc4.JDBC4Connection@d723ea4)
30 Mar 2025 16:16:32,069 TRACE ro.mpp2024.repository.RezultatRepository 187 listaParticiapntPuncteProbaDescrescator - Enter Terminat dictionar
30 Mar 2025 16:16:32,070 TRACE ro.mpp2024.repository.ParticipantRepository 43 findAll - Enter
30 Mar 2025 16:16:32,070 TRACE ro.mpp2024.utils.JdbcUtils 48 getConnection - Enter
30 Mar 2025 16:16:32,070 TRACE ro.mpp2024.utils.JdbcUtils 57 getConnection - Exit with(org.sqlite.jdbc4.JDBC4Connection@d723ea4)
30 Mar 2025 16:16:32,070 TRACE ro.mpp2024.repository.ParticipantRepository 31 createEntityFromResultSet - Enter createEntityFromResultSet
30 Mar 2025 16:16:32,070 TRACE ro.mpp2024.repository.ParticipantRepository 37 createEntityFromResultSet - Exit with(Popescu Ion)
30 Mar 2025 16:16:32,070 TRACE ro.mpp2024.repository.ParticipantRepository 31 createEntityFromResultSet - Enter createEntityFromResultSet
30 Mar 2025 16:16:32,071 TRACE ro.mpp2024.repository.ParticipantRepository 37 createEntityFromResultSet - Exit with(Ionescu Maria)
30 Mar 2025 16:16:32,071 TRACE ro.mpp2024.repository.ParticipantRepository 31 createEntityFromResultSet - Enter createEntityFromResultSet
30 Mar 2025 16:16:32,071 TRACE ro.mpp2024.repository.ParticipantRepository 37 createEntityFromResultSet - Exit with(Georgescu Andrei)
30 Mar 2025 16:16:32,071 TRACE ro.mpp2024.repository.ParticipantRepository 31 createEntityFromResultSet - Enter createEntityFromResultSet
30 Mar 2025 16:16:32,071 TRACE ro.mpp2024.repository.ParticipantRepository 37 createEntityFromResultSet - Exit with(Dumitrescu Elena)
30 Mar 2025 16:16:32,071 TRACE ro.mpp2024.repository.ParticipantRepository 31 createEntityFromResultSet - Enter createEntityFromResultSet
30 Mar 2025 16:16:32,071 TRACE ro.mpp2024.repository.ParticipantRepository 37 createEntityFromResultSet - Exit with(Popa Mihai)
30 Mar 2025 16:16:32,071 TRACE ro.mpp2024.repository.ParticipantRepository 31 createEntityFromResultSet - Enter createEntityFromResultSet
30 Mar 2025 16:16:32,071 TRACE ro.mpp2024.repository.ParticipantRepository 37 createEntityFromResultSet - Exit with(Stan Ioana)
30 Mar 2025 16:16:32,071 TRACE ro.mpp2024.repository.ParticipantRepository 31 createEntityFromResultSet - Enter createEntityFromResultSet
30 Mar 2025 16:16:32,071 TRACE ro.mpp2024.repository.ParticipantRepository 37 createEntityFromResultSet - Exit with(Radu Cristian)
30 Mar 2025 16:16:32,072 TRACE ro.mpp2024.repository.ParticipantRepository 31 createEntityFromResultSet - Enter createEntityFromResultSet
30 Mar 2025 16:16:32,072 TRACE ro.mpp2024.repository.ParticipantRepository 37 createEntityFromResultSet - Exit with(Marin Ana)
30 Mar 2025 16:16:32,072 TRACE ro.mpp2024.repository.ParticipantRepository 31 createEntityFromResultSet - Enter createEntityFromResultSet
30 Mar 2025 16:16:32,072 TRACE ro.mpp2024.repository.ParticipantRepository 37 createEntityFromResultSet - Exit with(Tudor Alexandru)
30 Mar 2025 16:16:32,072 TRACE ro.mpp2024.repository.ParticipantRepository 31 createEntityFromResultSet - Enter createEntityFromResultSet
30 Mar 2025 16:16:32,072 TRACE ro.mpp2024.repository.ParticipantRepository 37 createEntityFromResultSet - Exit with(Petrescu Gabriel)
30 Mar 2025 16:16:32,072 TRACE ro.mpp2024.repository.ParticipantRepository 31 createEntityFromResultSet - Enter createEntityFromResultSet
30 Mar 2025 16:16:32,072 TRACE ro.mpp2024.repository.ParticipantRepository 37 createEntityFromResultSet - Exit with(Iliescu Daniela)
30 Mar 2025 16:16:32,072 TRACE ro.mpp2024.repository.ParticipantRepository 31 createEntityFromResultSet - Enter createEntityFromResultSet
30 Mar 2025 16:16:32,073 TRACE ro.mpp2024.repository.ParticipantRepository 37 createEntityFromResultSet - Exit with(Vasilescu Florin)
30 Mar 2025 16:16:32,073 TRACE ro.mpp2024.repository.ParticipantRepository 31 createEntityFromResultSet - Enter createEntityFromResultSet
30 Mar 2025 16:16:32,073 TRACE ro.mpp2024.repository.ParticipantRepository 37 createEntityFromResultSet - Exit with(Dobre Adriana)
30 Mar 2025 16:16:32,073 TRACE ro.mpp2024.repository.ParticipantRepository 31 createEntityFromResultSet - Enter createEntityFromResultSet
30 Mar 2025 16:16:32,073 TRACE ro.mpp2024.repository.ParticipantRepository 37 createEntityFromResultSet - Exit with(Munteanu Sorin)
30 Mar 2025 16:16:32,073 TRACE ro.mpp2024.repository.ParticipantRepository 31 createEntityFromResultSet - Enter createEntityFromResultSet
30 Mar 2025 16:16:32,073 TRACE ro.mpp2024.repository.ParticipantRepository 37 createEntityFromResultSet - Exit with(Nistor Carmen)
30 Mar 2025 16:16:32,073 TRACE ro.mpp2024.repository.ParticipantRepository 31 createEntityFromResultSet - Enter createEntityFromResultSet
30 Mar 2025 16:16:32,073 TRACE ro.mpp2024.repository.ParticipantRepository 37 createEntityFromResultSet - Exit with(Lazar Roxana)
30 Mar 2025 16:16:32,073 TRACE ro.mpp2024.repository.ParticipantRepository 31 createEntityFromResultSet - Enter createEntityFromResultSet
30 Mar 2025 16:16:32,073 TRACE ro.mpp2024.repository.ParticipantRepository 37 createEntityFromResultSet - Exit with(Gheorghe Vlad)
30 Mar 2025 16:16:32,073 TRACE ro.mpp2024.repository.ParticipantRepository 31 createEntityFromResultSet - Enter createEntityFromResultSet
30 Mar 2025 16:16:32,074 TRACE ro.mpp2024.repository.ParticipantRepository 37 createEntityFromResultSet - Exit with(Barbu Irina)
30 Mar 2025 16:16:32,074 TRACE ro.mpp2024.repository.ParticipantRepository 31 createEntityFromResultSet - Enter createEntityFromResultSet
30 Mar 2025 16:16:32,074 TRACE ro.mpp2024.repository.ParticipantRepository 37 createEntityFromResultSet - Exit with(Constantin Marius)
30 Mar 2025 16:16:32,074 TRACE ro.mpp2024.repository.ParticipantRepository 31 createEntityFromResultSet - Enter createEntityFromResultSet
30 Mar 2025 16:16:32,074 TRACE ro.mpp2024.repository.ParticipantRepository 37 createEntityFromResultSet - Exit with(Enache Laura)
30 Mar 2025 16:16:32,074 TRACE ro.mpp2024.repository.ParticipantRepository 31 createEntityFromResultSet - Enter createEntityFromResultSet
30 Mar 2025 16:16:32,074 TRACE ro.mpp2024.repository.ParticipantRepository 37 createEntityFromResultSet - Exit with(Dragomir Adrian)
30 Mar 2025 16:16:32,074 TRACE ro.mpp2024.repository.ParticipantRepository 31 createEntityFromResultSet - Enter createEntityFromResultSet
30 Mar 2025 16:16:32,074 TRACE ro.mpp2024.repository.ParticipantRepository 37 createEntityFromResultSet - Exit with(Filip Bianca)
30 Mar 2025 16:16:32,074 TRACE ro.mpp2024.repository.ParticipantRepository 31 createEntityFromResultSet - Enter createEntityFromResultSet
30 Mar 2025 16:16:32,074 TRACE ro.mpp2024.repository.ParticipantRepository 37 createEntityFromResultSet - Exit with(Grigore Stefan)
30 Mar 2025 16:16:32,074 TRACE ro.mpp2024.repository.ParticipantRepository 31 createEntityFromResultSet - Enter createEntityFromResultSet
30 Mar 2025 16:16:32,075 TRACE ro.mpp2024.repository.ParticipantRepository 37 createEntityFromResultSet - Exit with(Hagi Diana)
30 Mar 2025 16:16:32,075 TRACE ro.mpp2024.repository.ParticipantRepository 31 createEntityFromResultSet - Enter createEntityFromResultSet
30 Mar 2025 16:16:32,075 TRACE ro.mpp2024.repository.ParticipantRepository 37 createEntityFromResultSet - Exit with(Iacob Radu)
30 Mar 2025 16:16:32,075 TRACE ro.mpp2024.repository.ParticipantRepository 31 createEntityFromResultSet - Enter createEntityFromResultSet
30 Mar 2025 16:16:32,075 TRACE ro.mpp2024.repository.ParticipantRepository 37 createEntityFromResultSet - Exit with(Jianu Oana)
30 Mar 2025 16:16:32,075 TRACE ro.mpp2024.repository.ParticipantRepository 31 createEntityFromResultSet - Enter createEntityFromResultSet
30 Mar 2025 16:16:32,075 TRACE ro.mpp2024.repository.ParticipantRepository 37 createEntityFromResultSet - Exit with(Kovacs Cristina)
30 Mar 2025 16:16:32,075 TRACE ro.mpp2024.repository.ParticipantRepository 31 createEntityFromResultSet - Enter createEntityFromResultSet
30 Mar 2025 16:16:32,075 TRACE ro.mpp2024.repository.ParticipantRepository 37 createEntityFromResultSet - Exit with(Lupu George)
30 Mar 2025 16:16:32,076 TRACE ro.mpp2024.repository.ParticipantRepository 31 createEntityFromResultSet - Enter createEntityFromResultSet
30 Mar 2025 16:16:32,076 TRACE ro.mpp2024.repository.ParticipantRepository 37 createEntityFromResultSet - Exit with(Manole Simona)
30 Mar 2025 16:16:32,076 TRACE ro.mpp2024.repository.ParticipantRepository 31 createEntityFromResultSet - Enter createEntityFromResultSet
30 Mar 2025 16:16:32,076 TRACE ro.mpp2024.repository.ParticipantRepository 37 createEntityFromResultSet - Exit with(Nedelcu Alexandra)
30 Mar 2025 16:16:32,076 TRACE ro.mpp2024.repository.ParticipantRepository 31 createEntityFromResultSet - Enter createEntityFromResultSet
30 Mar 2025 16:16:32,076 TRACE ro.mpp2024.repository.ParticipantRepository 37 createEntityFromResultSet - Exit with(Oprea Bogdan)
30 Mar 2025 16:16:32,076 TRACE ro.mpp2024.repository.ParticipantRepository 31 createEntityFromResultSet - Enter createEntityFromResultSet
30 Mar 2025 16:16:32,076 TRACE ro.mpp2024.repository.ParticipantRepository 37 createEntityFromResultSet - Exit with(Pavel Monica)
30 Mar 2025 16:16:32,076 TRACE ro.mpp2024.repository.ParticipantRepository 31 createEntityFromResultSet - Enter createEntityFromResultSet
30 Mar 2025 16:16:32,076 TRACE ro.mpp2024.repository.ParticipantRepository 37 createEntityFromResultSet - Exit with(Rusu Andreea)
30 Mar 2025 16:16:32,076 TRACE ro.mpp2024.repository.ParticipantRepository 31 createEntityFromResultSet - Enter createEntityFromResultSet
30 Mar 2025 16:16:32,076 TRACE ro.mpp2024.repository.ParticipantRepository 37 createEntityFromResultSet - Exit with(Sandu Victor)
30 Mar 2025 16:16:32,076 TRACE ro.mpp2024.repository.ParticipantRepository 31 createEntityFromResultSet - Enter createEntityFromResultSet
30 Mar 2025 16:16:32,077 TRACE ro.mpp2024.repository.ParticipantRepository 37 createEntityFromResultSet - Exit with(Toma Gabriela)
30 Mar 2025 16:16:32,077 TRACE ro.mpp2024.repository.ParticipantRepository 31 createEntityFromResultSet - Enter createEntityFromResultSet
30 Mar 2025 16:16:32,077 TRACE ro.mpp2024.repository.ParticipantRepository 37 createEntityFromResultSet - Exit with(Ursu Mihail)
30 Mar 2025 16:16:32,077 TRACE ro.mpp2024.repository.ParticipantRepository 31 createEntityFromResultSet - Enter createEntityFromResultSet
30 Mar 2025 16:16:32,077 TRACE ro.mpp2024.repository.ParticipantRepository 37 createEntityFromResultSet - Exit with(Vlad Anca)
30 Mar 2025 16:16:32,077 TRACE ro.mpp2024.repository.ParticipantRepository 31 createEntityFromResultSet - Enter createEntityFromResultSet
30 Mar 2025 16:16:32,077 TRACE ro.mpp2024.repository.ParticipantRepository 37 createEntityFromResultSet - Exit with(Zamfir Lucian)
30 Mar 2025 16:16:32,077 TRACE ro.mpp2024.repository.ParticipantRepository 31 createEntityFromResultSet - Enter createEntityFromResultSet
30 Mar 2025 16:16:32,077 TRACE ro.mpp2024.repository.ParticipantRepository 37 createEntityFromResultSet - Exit with(Voicu Raluca)
30 Mar 2025 16:16:32,077 TRACE ro.mpp2024.repository.ParticipantRepository 31 createEntityFromResultSet - Enter createEntityFromResultSet
30 Mar 2025 16:16:32,077 TRACE ro.mpp2024.repository.ParticipantRepository 37 createEntityFromResultSet - Exit with(nume prenume)
30 Mar 2025 16:16:32,078 TRACE ro.mpp2024.repository.ParticipantRepository 57 findAll - Exit with([Popescu Ion, Ionescu Maria, Georgescu Andrei, Dumitrescu Elena, Popa Mihai, Stan Ioana, Radu Cristian, Marin Ana, Tudor Alexandru, Petrescu Gabriel, Iliescu Daniela, Vasilescu Florin, Dobre Adriana, Munteanu Sorin, Nistor Carmen, Lazar Roxana, Gheorghe Vlad, Barbu Irina, Constantin Marius, Enache Laura, Dragomir Adrian, Filip Bianca, Grigore Stefan, Hagi Diana, Iacob Radu, Jianu Oana, Kovacs Cristina, Lupu George, Manole Simona, Nedelcu Alexandra, Oprea Bogdan, Pavel Monica, Rusu Andreea, Sandu Victor, Toma Gabriela, Ursu Mihail, Vlad Anca, Zamfir Lucian, Voicu Raluca, nume prenume])
30 Mar 2025 16:16:39,914 TRACE ro.mpp2024.services.RezultatService 30 addRezultat - Enter
30 Mar 2025 16:16:39,914 TRACE ro.mpp2024.repository.ParticipantRepository 63 findOne - Enter
30 Mar 2025 16:16:39,914 TRACE ro.mpp2024.utils.JdbcUtils 48 getConnection - Enter
30 Mar 2025 16:16:39,914 TRACE ro.mpp2024.utils.JdbcUtils 57 getConnection - Exit with(org.sqlite.jdbc4.JDBC4Connection@d723ea4)
30 Mar 2025 16:16:39,915 TRACE ro.mpp2024.repository.ParticipantRepository 31 createEntityFromResultSet - Enter createEntityFromResultSet
30 Mar 2025 16:16:39,915 TRACE ro.mpp2024.repository.ParticipantRepository 37 createEntityFromResultSet - Exit with(Barbu Irina)
30 Mar 2025 16:16:39,915 TRACE ro.mpp2024.repository.ParticipantRepository 77 findOne - Exit with(Barbu Irina)
30 Mar 2025 16:16:39,915 TRACE ro.mpp2024.repository.ProbaRepository 63 findOne - Enter findOne
30 Mar 2025 16:16:39,915 TRACE ro.mpp2024.utils.JdbcUtils 48 getConnection - Enter
30 Mar 2025 16:16:39,915 TRACE ro.mpp2024.utils.JdbcUtils 57 getConnection - Exit with(org.sqlite.jdbc4.JDBC4Connection@d723ea4)
30 Mar 2025 16:16:39,915 TRACE ro.mpp2024.repository.ProbaRepository 31 createEntityFromResultSet - Enter createEntityFromResultSet
30 Mar 2025 16:16:39,915 TRACE ro.mpp2024.repository.ProbaRepository 37 createEntityFromResultSet - Exit with(Proba{nume='Cursa 100 de m', arbitru=1, categorie=alergat})
30 Mar 2025 16:16:39,916 TRACE ro.mpp2024.repository.ProbaRepository 77 findOne - Exit with(Proba{nume='Cursa 100 de m', arbitru=1, categorie=alergat})
30 Mar 2025 16:16:39,916 TRACE ro.mpp2024.repository.RezultatRepository 117 save - Enter save
30 Mar 2025 16:16:39,916 TRACE ro.mpp2024.utils.JdbcUtils 48 getConnection - Enter
30 Mar 2025 16:16:39,916 TRACE ro.mpp2024.utils.JdbcUtils 57 getConnection - Exit with(org.sqlite.jdbc4.JDBC4Connection@d723ea4)
30 Mar 2025 16:16:39,925 TRACE ro.mpp2024.repository.RezultatRepository 128 save - Exit
30 Mar 2025 16:16:39,925 TRACE ro.mpp2024.services.RezultatService 34 addRezultat - Exit
30 Mar 2025 16:16:39,926 TRACE ro.mpp2024.repository.RezultatRepository 145 listaParticipantiPuncteAlfabetic - Enter listaParticipantiPuncteAlfabetic
30 Mar 2025 16:16:39,926 TRACE ro.mpp2024.utils.JdbcUtils 48 getConnection - Enter
30 Mar 2025 16:16:39,926 TRACE ro.mpp2024.utils.JdbcUtils 57 getConnection - Exit with(org.sqlite.jdbc4.JDBC4Connection@d723ea4)
30 Mar 2025 16:16:39,927 TRACE ro.mpp2024.repository.RezultatRepository 163 listaParticipantiPuncteAlfabetic - Enter Terminat dictionar
30 Mar 2025 16:16:39,927 TRACE ro.mpp2024.repository.RezultatRepository 169 listaParticiapntPuncteProbaDescrescator - Enter listaParticiapntPuncteProbaDescrescator
30 Mar 2025 16:16:39,927 TRACE ro.mpp2024.utils.JdbcUtils 48 getConnection - Enter
30 Mar 2025 16:16:39,927 TRACE ro.mpp2024.utils.JdbcUtils 57 getConnection - Exit with(org.sqlite.jdbc4.JDBC4Connection@d723ea4)
30 Mar 2025 16:16:39,927 TRACE ro.mpp2024.repository.RezultatRepository 187 listaParticiapntPuncteProbaDescrescator - Enter Terminat dictionar
30 Mar 2025 16:16:39,927 TRACE ro.mpp2024.repository.ParticipantRepository 43 findAll - Enter
30 Mar 2025 16:16:39,928 TRACE ro.mpp2024.utils.JdbcUtils 48 getConnection - Enter
30 Mar 2025 16:16:39,928 TRACE ro.mpp2024.utils.JdbcUtils 57 getConnection - Exit with(org.sqlite.jdbc4.JDBC4Connection@d723ea4)
30 Mar 2025 16:16:39,928 TRACE ro.mpp2024.repository.ParticipantRepository 31 createEntityFromResultSet - Enter createEntityFromResultSet
30 Mar 2025 16:16:39,928 TRACE ro.mpp2024.repository.ParticipantRepository 37 createEntityFromResultSet - Exit with(Popescu Ion)
30 Mar 2025 16:16:39,928 TRACE ro.mpp2024.repository.ParticipantRepository 31 createEntityFromResultSet - Enter createEntityFromResultSet
30 Mar 2025 16:16:39,928 TRACE ro.mpp2024.repository.ParticipantRepository 37 createEntityFromResultSet - Exit with(Ionescu Maria)
30 Mar 2025 16:16:39,928 TRACE ro.mpp2024.repository.ParticipantRepository 31 createEntityFromResultSet - Enter createEntityFromResultSet
30 Mar 2025 16:16:39,928 TRACE ro.mpp2024.repository.ParticipantRepository 37 createEntityFromResultSet - Exit with(Georgescu Andrei)
30 Mar 2025 16:16:39,928 TRACE ro.mpp2024.repository.ParticipantRepository 31 createEntityFromResultSet - Enter createEntityFromResultSet
30 Mar 2025 16:16:39,928 TRACE ro.mpp2024.repository.ParticipantRepository 37 createEntityFromResultSet - Exit with(Dumitrescu Elena)
30 Mar 2025 16:16:39,929 TRACE ro.mpp2024.repository.ParticipantRepository 31 createEntityFromResultSet - Enter createEntityFromResultSet
30 Mar 2025 16:16:39,929 TRACE ro.mpp2024.repository.ParticipantRepository 37 createEntityFromResultSet - Exit with(Popa Mihai)
30 Mar 2025 16:16:39,929 TRACE ro.mpp2024.repository.ParticipantRepository 31 createEntityFromResultSet - Enter createEntityFromResultSet
30 Mar 2025 16:16:39,929 TRACE ro.mpp2024.repository.ParticipantRepository 37 createEntityFromResultSet - Exit with(Stan Ioana)
30 Mar 2025 16:16:39,929 TRACE ro.mpp2024.repository.ParticipantRepository 31 createEntityFromResultSet - Enter createEntityFromResultSet
30 Mar 2025 16:16:39,929 TRACE ro.mpp2024.repository.ParticipantRepository 37 createEntityFromResultSet - Exit with(Radu Cristian)
30 Mar 2025 16:16:39,929 TRACE ro.mpp2024.repository.ParticipantRepository 31 createEntityFromResultSet - Enter createEntityFromResultSet
30 Mar 2025 16:16:39,929 TRACE ro.mpp2024.repository.ParticipantRepository 37 createEntityFromResultSet - Exit with(Marin Ana)
30 Mar 2025 16:16:39,929 TRACE ro.mpp2024.repository.ParticipantRepository 31 createEntityFromResultSet - Enter createEntityFromResultSet
30 Mar 2025 16:16:39,929 TRACE ro.mpp2024.repository.ParticipantRepository 37 createEntityFromResultSet - Exit with(Tudor Alexandru)
30 Mar 2025 16:16:39,929 TRACE ro.mpp2024.repository.ParticipantRepository 31 createEntityFromResultSet - Enter createEntityFromResultSet
30 Mar 2025 16:16:39,930 TRACE ro.mpp2024.repository.ParticipantRepository 37 createEntityFromResultSet - Exit with(Petrescu Gabriel)
30 Mar 2025 16:16:39,930 TRACE ro.mpp2024.repository.ParticipantRepository 31 createEntityFromResultSet - Enter createEntityFromResultSet
30 Mar 2025 16:16:39,930 TRACE ro.mpp2024.repository.ParticipantRepository 37 createEntityFromResultSet - Exit with(Iliescu Daniela)
30 Mar 2025 16:16:39,930 TRACE ro.mpp2024.repository.ParticipantRepository 31 createEntityFromResultSet - Enter createEntityFromResultSet
30 Mar 2025 16:16:39,930 TRACE ro.mpp2024.repository.ParticipantRepository 37 createEntityFromResultSet - Exit with(Vasilescu Florin)
30 Mar 2025 16:16:39,930 TRACE ro.mpp2024.repository.ParticipantRepository 31 createEntityFromResultSet - Enter createEntityFromResultSet
30 Mar 2025 16:16:39,930 TRACE ro.mpp2024.repository.ParticipantRepository 37 createEntityFromResultSet - Exit with(Dobre Adriana)
30 Mar 2025 16:16:39,930 TRACE ro.mpp2024.repository.ParticipantRepository 31 createEntityFromResultSet - Enter createEntityFromResultSet
30 Mar 2025 16:16:39,930 TRACE ro.mpp2024.repository.ParticipantRepository 37 createEntityFromResultSet - Exit with(Munteanu Sorin)
30 Mar 2025 16:16:39,930 TRACE ro.mpp2024.repository.ParticipantRepository 31 createEntityFromResultSet - Enter createEntityFromResultSet
30 Mar 2025 16:16:39,930 TRACE ro.mpp2024.repository.ParticipantRepository 37 createEntityFromResultSet - Exit with(Nistor Carmen)
30 Mar 2025 16:16:39,930 TRACE ro.mpp2024.repository.ParticipantRepository 31 createEntityFromResultSet - Enter createEntityFromResultSet
30 Mar 2025 16:16:39,931 TRACE ro.mpp2024.repository.ParticipantRepository 37 createEntityFromResultSet - Exit with(Lazar Roxana)
30 Mar 2025 16:16:39,931 TRACE ro.mpp2024.repository.ParticipantRepository 31 createEntityFromResultSet - Enter createEntityFromResultSet
30 Mar 2025 16:16:39,931 TRACE ro.mpp2024.repository.ParticipantRepository 37 createEntityFromResultSet - Exit with(Gheorghe Vlad)
30 Mar 2025 16:16:39,931 TRACE ro.mpp2024.repository.ParticipantRepository 31 createEntityFromResultSet - Enter createEntityFromResultSet
30 Mar 2025 16:16:39,931 TRACE ro.mpp2024.repository.ParticipantRepository 37 createEntityFromResultSet - Exit with(Barbu Irina)
30 Mar 2025 16:16:39,931 TRACE ro.mpp2024.repository.ParticipantRepository 31 createEntityFromResultSet - Enter createEntityFromResultSet
30 Mar 2025 16:16:39,931 TRACE ro.mpp2024.repository.ParticipantRepository 37 createEntityFromResultSet - Exit with(Constantin Marius)
30 Mar 2025 16:16:39,931 TRACE ro.mpp2024.repository.ParticipantRepository 31 createEntityFromResultSet - Enter createEntityFromResultSet
30 Mar 2025 16:16:39,931 TRACE ro.mpp2024.repository.ParticipantRepository 37 createEntityFromResultSet - Exit with(Enache Laura)
30 Mar 2025 16:16:39,931 TRACE ro.mpp2024.repository.ParticipantRepository 31 createEntityFromResultSet - Enter createEntityFromResultSet
30 Mar 2025 16:16:39,931 TRACE ro.mpp2024.repository.ParticipantRepository 37 createEntityFromResultSet - Exit with(Dragomir Adrian)
30 Mar 2025 16:16:39,931 TRACE ro.mpp2024.repository.ParticipantRepository 31 createEntityFromResultSet - Enter createEntityFromResultSet
30 Mar 2025 16:16:39,931 TRACE ro.mpp2024.repository.ParticipantRepository 37 createEntityFromResultSet - Exit with(Filip Bianca)
30 Mar 2025 16:16:39,932 TRACE ro.mpp2024.repository.ParticipantRepository 31 createEntityFromResultSet - Enter createEntityFromResultSet
30 Mar 2025 16:16:39,932 TRACE ro.mpp2024.repository.ParticipantRepository 37 createEntityFromResultSet - Exit with(Grigore Stefan)
30 Mar 2025 16:16:39,932 TRACE ro.mpp2024.repository.ParticipantRepository 31 createEntityFromResultSet - Enter createEntityFromResultSet
30 Mar 2025 16:16:39,932 TRACE ro.mpp2024.repository.ParticipantRepository 37 createEntityFromResultSet - Exit with(Hagi Diana)
30 Mar 2025 16:16:39,932 TRACE ro.mpp2024.repository.ParticipantRepository 31 createEntityFromResultSet - Enter createEntityFromResultSet
30 Mar 2025 16:16:39,932 TRACE ro.mpp2024.repository.ParticipantRepository 37 createEntityFromResultSet - Exit with(Iacob Radu)
30 Mar 2025 16:16:39,932 TRACE ro.mpp2024.repository.ParticipantRepository 31 createEntityFromResultSet - Enter createEntityFromResultSet
30 Mar 2025 16:16:39,932 TRACE ro.mpp2024.repository.ParticipantRepository 37 createEntityFromResultSet - Exit with(Jianu Oana)
30 Mar 2025 16:16:39,932 TRACE ro.mpp2024.repository.ParticipantRepository 31 createEntityFromResultSet - Enter createEntityFromResultSet
30 Mar 2025 16:16:39,933 TRACE ro.mpp2024.repository.ParticipantRepository 37 createEntityFromResultSet - Exit with(Kovacs Cristina)
30 Mar 2025 16:16:39,933 TRACE ro.mpp2024.repository.ParticipantRepository 31 createEntityFromResultSet - Enter createEntityFromResultSet
30 Mar 2025 16:16:39,933 TRACE ro.mpp2024.repository.ParticipantRepository 37 createEntityFromResultSet - Exit with(Lupu George)
30 Mar 2025 16:16:39,933 TRACE ro.mpp2024.repository.ParticipantRepository 31 createEntityFromResultSet - Enter createEntityFromResultSet
30 Mar 2025 16:16:39,933 TRACE ro.mpp2024.repository.ParticipantRepository 37 createEntityFromResultSet - Exit with(Manole Simona)
30 Mar 2025 16:16:39,933 TRACE ro.mpp2024.repository.ParticipantRepository 31 createEntityFromResultSet - Enter createEntityFromResultSet
30 Mar 2025 16:16:39,933 TRACE ro.mpp2024.repository.ParticipantRepository 37 createEntityFromResultSet - Exit with(Nedelcu Alexandra)
30 Mar 2025 16:16:39,933 TRACE ro.mpp2024.repository.ParticipantRepository 31 createEntityFromResultSet - Enter createEntityFromResultSet
30 Mar 2025 16:16:39,933 TRACE ro.mpp2024.repository.ParticipantRepository 37 createEntityFromResultSet - Exit with(Oprea Bogdan)
30 Mar 2025 16:16:39,933 TRACE ro.mpp2024.repository.ParticipantRepository 31 createEntityFromResultSet - Enter createEntityFromResultSet
30 Mar 2025 16:16:39,933 TRACE ro.mpp2024.repository.ParticipantRepository 37 createEntityFromResultSet - Exit with(Pavel Monica)
30 Mar 2025 16:16:39,934 TRACE ro.mpp2024.repository.ParticipantRepository 31 createEntityFromResultSet - Enter createEntityFromResultSet
30 Mar 2025 16:16:39,934 TRACE ro.mpp2024.repository.ParticipantRepository 37 createEntityFromResultSet - Exit with(Rusu Andreea)
30 Mar 2025 16:16:39,934 TRACE ro.mpp2024.repository.ParticipantRepository 31 createEntityFromResultSet - Enter createEntityFromResultSet
30 Mar 2025 16:16:39,934 TRACE ro.mpp2024.repository.ParticipantRepository 37 createEntityFromResultSet - Exit with(Sandu Victor)
30 Mar 2025 16:16:39,934 TRACE ro.mpp2024.repository.ParticipantRepository 31 createEntityFromResultSet - Enter createEntityFromResultSet
30 Mar 2025 16:16:39,934 TRACE ro.mpp2024.repository.ParticipantRepository 37 createEntityFromResultSet - Exit with(Toma Gabriela)
30 Mar 2025 16:16:39,934 TRACE ro.mpp2024.repository.ParticipantRepository 31 createEntityFromResultSet - Enter createEntityFromResultSet
30 Mar 2025 16:16:39,934 TRACE ro.mpp2024.repository.ParticipantRepository 37 createEntityFromResultSet - Exit with(Ursu Mihail)
30 Mar 2025 16:16:39,934 TRACE ro.mpp2024.repository.ParticipantRepository 31 createEntityFromResultSet - Enter createEntityFromResultSet
30 Mar 2025 16:16:39,934 TRACE ro.mpp2024.repository.ParticipantRepository 37 createEntityFromResultSet - Exit with(Vlad Anca)
30 Mar 2025 16:16:39,934 TRACE ro.mpp2024.repository.ParticipantRepository 31 createEntityFromResultSet - Enter createEntityFromResultSet
30 Mar 2025 16:16:39,935 TRACE ro.mpp2024.repository.ParticipantRepository 37 createEntityFromResultSet - Exit with(Zamfir Lucian)
30 Mar 2025 16:16:39,935 TRACE ro.mpp2024.repository.ParticipantRepository 31 createEntityFromResultSet - Enter createEntityFromResultSet
30 Mar 2025 16:16:39,935 TRACE ro.mpp2024.repository.ParticipantRepository 37 createEntityFromResultSet - Exit with(Voicu Raluca)
30 Mar 2025 16:16:39,935 TRACE ro.mpp2024.repository.ParticipantRepository 31 createEntityFromResultSet - Enter createEntityFromResultSet
30 Mar 2025 16:16:39,935 TRACE ro.mpp2024.repository.ParticipantRepository 37 createEntityFromResultSet - Exit with(nume prenume)
30 Mar 2025 16:16:39,935 TRACE ro.mpp2024.repository.ParticipantRepository 57 findAll - Exit with([Popescu Ion, Ionescu Maria, Georgescu Andrei, Dumitrescu Elena, Popa Mihai, Stan Ioana, Radu Cristian, Marin Ana, Tudor Alexandru, Petrescu Gabriel, Iliescu Daniela, Vasilescu Florin, Dobre Adriana, Munteanu Sorin, Nistor Carmen, Lazar Roxana, Gheorghe Vlad, Barbu Irina, Constantin Marius, Enache Laura, Dragomir Adrian, Filip Bianca, Grigore Stefan, Hagi Diana, Iacob Radu, Jianu Oana, Kovacs Cristina, Lupu George, Manole Simona, Nedelcu Alexandra, Oprea Bogdan, Pavel Monica, Rusu Andreea, Sandu Victor, Toma Gabriela, Ursu Mihail, Vlad Anca, Zamfir Lucian, Voicu Raluca, nume prenume])
30 Mar 2025 16:16:54,255 TRACE ro.mpp2024.utils.JdbcUtils 48 getConnection - Enter
30 Mar 2025 16:16:54,255 TRACE ro.mpp2024.utils.JdbcUtils 57 getConnection - Exit with(org.sqlite.jdbc4.JDBC4Connection@d723ea4)
30 Mar 2025 16:16:57,350 TRACE ro.mpp2024.utils.JdbcUtils 48 getConnection - Enter
30 Mar 2025 16:16:57,350 TRACE ro.mpp2024.utils.JdbcUtils 57 getConnection - Exit with(org.sqlite.jdbc4.JDBC4Connection@d723ea4)
30 Mar 2025 16:16:57,351 TRACE ro.mpp2024.repository.ArbitruRepository 32 createEntityFromResultSet - Enter createEntityFromResultSet
30 Mar 2025 16:16:57,351 TRACE ro.mpp2024.repository.ArbitruRepository 39 createEntityFromResultSet - Exit with(Arbitru{nume='Alice Johnson', username='alice.j', password='UGFzc3cwcmQxIQ==', id_proba=s1})
30 Mar 2025 16:16:57,362 TRACE ro.mpp2024.repository.RezultatRepository 145 listaParticipantiPuncteAlfabetic - Enter listaParticipantiPuncteAlfabetic
30 Mar 2025 16:16:57,362 TRACE ro.mpp2024.utils.JdbcUtils 48 getConnection - Enter
30 Mar 2025 16:16:57,362 TRACE ro.mpp2024.utils.JdbcUtils 57 getConnection - Exit with(org.sqlite.jdbc4.JDBC4Connection@d723ea4)
30 Mar 2025 16:16:57,363 TRACE ro.mpp2024.repository.RezultatRepository 163 listaParticipantiPuncteAlfabetic - Enter Terminat dictionar
30 Mar 2025 16:16:57,363 TRACE ro.mpp2024.repository.RezultatRepository 169 listaParticiapntPuncteProbaDescrescator - Enter listaParticiapntPuncteProbaDescrescator
30 Mar 2025 16:16:57,363 TRACE ro.mpp2024.utils.JdbcUtils 48 getConnection - Enter
30 Mar 2025 16:16:57,363 TRACE ro.mpp2024.utils.JdbcUtils 57 getConnection - Exit with(org.sqlite.jdbc4.JDBC4Connection@d723ea4)
30 Mar 2025 16:16:57,363 TRACE ro.mpp2024.repository.RezultatRepository 187 listaParticiapntPuncteProbaDescrescator - Enter Terminat dictionar
30 Mar 2025 16:16:57,364 TRACE ro.mpp2024.repository.ParticipantRepository 43 findAll - Enter
30 Mar 2025 16:16:57,364 TRACE ro.mpp2024.utils.JdbcUtils 48 getConnection - Enter
30 Mar 2025 16:16:57,364 TRACE ro.mpp2024.utils.JdbcUtils 57 getConnection - Exit with(org.sqlite.jdbc4.JDBC4Connection@d723ea4)
30 Mar 2025 16:16:57,364 TRACE ro.mpp2024.repository.ParticipantRepository 31 createEntityFromResultSet - Enter createEntityFromResultSet
30 Mar 2025 16:16:57,364 TRACE ro.mpp2024.repository.ParticipantRepository 37 createEntityFromResultSet - Exit with(Popescu Ion)
30 Mar 2025 16:16:57,364 TRACE ro.mpp2024.repository.ParticipantRepository 31 createEntityFromResultSet - Enter createEntityFromResultSet
30 Mar 2025 16:16:57,364 TRACE ro.mpp2024.repository.ParticipantRepository 37 createEntityFromResultSet - Exit with(Ionescu Maria)
30 Mar 2025 16:16:57,364 TRACE ro.mpp2024.repository.ParticipantRepository 31 createEntityFromResultSet - Enter createEntityFromResultSet
30 Mar 2025 16:16:57,364 TRACE ro.mpp2024.repository.ParticipantRepository 37 createEntityFromResultSet - Exit with(Georgescu Andrei)
30 Mar 2025 16:16:57,365 TRACE ro.mpp2024.repository.ParticipantRepository 31 createEntityFromResultSet - Enter createEntityFromResultSet
30 Mar 2025 16:16:57,365 TRACE ro.mpp2024.repository.ParticipantRepository 37 createEntityFromResultSet - Exit with(Dumitrescu Elena)
30 Mar 2025 16:16:57,365 TRACE ro.mpp2024.repository.ParticipantRepository 31 createEntityFromResultSet - Enter createEntityFromResultSet
30 Mar 2025 16:16:57,365 TRACE ro.mpp2024.repository.ParticipantRepository 37 createEntityFromResultSet - Exit with(Popa Mihai)
30 Mar 2025 16:16:57,365 TRACE ro.mpp2024.repository.ParticipantRepository 31 createEntityFromResultSet - Enter createEntityFromResultSet
30 Mar 2025 16:16:57,365 TRACE ro.mpp2024.repository.ParticipantRepository 37 createEntityFromResultSet - Exit with(Stan Ioana)
30 Mar 2025 16:16:57,365 TRACE ro.mpp2024.repository.ParticipantRepository 31 createEntityFromResultSet - Enter createEntityFromResultSet
30 Mar 2025 16:16:57,365 TRACE ro.mpp2024.repository.ParticipantRepository 37 createEntityFromResultSet - Exit with(Radu Cristian)
30 Mar 2025 16:16:57,365 TRACE ro.mpp2024.repository.ParticipantRepository 31 createEntityFromResultSet - Enter createEntityFromResultSet
30 Mar 2025 16:16:57,365 TRACE ro.mpp2024.repository.ParticipantRepository 37 createEntityFromResultSet - Exit with(Marin Ana)
30 Mar 2025 16:16:57,365 TRACE ro.mpp2024.repository.ParticipantRepository 31 createEntityFromResultSet - Enter createEntityFromResultSet
30 Mar 2025 16:16:57,365 TRACE ro.mpp2024.repository.ParticipantRepository 37 createEntityFromResultSet - Exit with(Tudor Alexandru)
30 Mar 2025 16:16:57,365 TRACE ro.mpp2024.repository.ParticipantRepository 31 createEntityFromResultSet - Enter createEntityFromResultSet
30 Mar 2025 16:16:57,365 TRACE ro.mpp2024.repository.ParticipantRepository 37 createEntityFromResultSet - Exit with(Petrescu Gabriel)
30 Mar 2025 16:16:57,366 TRACE ro.mpp2024.repository.ParticipantRepository 31 createEntityFromResultSet - Enter createEntityFromResultSet
30 Mar 2025 16:16:57,366 TRACE ro.mpp2024.repository.ParticipantRepository 37 createEntityFromResultSet - Exit with(Iliescu Daniela)
30 Mar 2025 16:16:57,366 TRACE ro.mpp2024.repository.ParticipantRepository 31 createEntityFromResultSet - Enter createEntityFromResultSet
30 Mar 2025 16:16:57,366 TRACE ro.mpp2024.repository.ParticipantRepository 37 createEntityFromResultSet - Exit with(Vasilescu Florin)
30 Mar 2025 16:16:57,366 TRACE ro.mpp2024.repository.ParticipantRepository 31 createEntityFromResultSet - Enter createEntityFromResultSet
30 Mar 2025 16:16:57,366 TRACE ro.mpp2024.repository.ParticipantRepository 37 createEntityFromResultSet - Exit with(Dobre Adriana)
30 Mar 2025 16:16:57,366 TRACE ro.mpp2024.repository.ParticipantRepository 31 createEntityFromResultSet - Enter createEntityFromResultSet
30 Mar 2025 16:16:57,366 TRACE ro.mpp2024.repository.ParticipantRepository 37 createEntityFromResultSet - Exit with(Munteanu Sorin)
30 Mar 2025 16:16:57,366 TRACE ro.mpp2024.repository.ParticipantRepository 31 createEntityFromResultSet - Enter createEntityFromResultSet
30 Mar 2025 16:16:57,366 TRACE ro.mpp2024.repository.ParticipantRepository 37 createEntityFromResultSet - Exit with(Nistor Carmen)
30 Mar 2025 16:16:57,366 TRACE ro.mpp2024.repository.ParticipantRepository 31 createEntityFromResultSet - Enter createEntityFromResultSet
30 Mar 2025 16:16:57,366 TRACE ro.mpp2024.repository.ParticipantRepository 37 createEntityFromResultSet - Exit with(Lazar Roxana)
30 Mar 2025 16:16:57,366 TRACE ro.mpp2024.repository.ParticipantRepository 31 createEntityFromResultSet - Enter createEntityFromResultSet
30 Mar 2025 16:16:57,366 TRACE ro.mpp2024.repository.ParticipantRepository 37 createEntityFromResultSet - Exit with(Gheorghe Vlad)
30 Mar 2025 16:16:57,366 TRACE ro.mpp2024.repository.ParticipantRepository 31 createEntityFromResultSet - Enter createEntityFromResultSet
30 Mar 2025 16:16:57,366 TRACE ro.mpp2024.repository.ParticipantRepository 37 createEntityFromResultSet - Exit with(Barbu Irina)
30 Mar 2025 16:16:57,367 TRACE ro.mpp2024.repository.ParticipantRepository 31 createEntityFromResultSet - Enter createEntityFromResultSet
30 Mar 2025 16:16:57,367 TRACE ro.mpp2024.repository.ParticipantRepository 37 createEntityFromResultSet - Exit with(Constantin Marius)
30 Mar 2025 16:16:57,367 TRACE ro.mpp2024.repository.ParticipantRepository 31 createEntityFromResultSet - Enter createEntityFromResultSet
30 Mar 2025 16:16:57,367 TRACE ro.mpp2024.repository.ParticipantRepository 37 createEntityFromResultSet - Exit with(Enache Laura)
30 Mar 2025 16:16:57,367 TRACE ro.mpp2024.repository.ParticipantRepository 31 createEntityFromResultSet - Enter createEntityFromResultSet
30 Mar 2025 16:16:57,367 TRACE ro.mpp2024.repository.ParticipantRepository 37 createEntityFromResultSet - Exit with(Dragomir Adrian)
30 Mar 2025 16:16:57,367 TRACE ro.mpp2024.repository.ParticipantRepository 31 createEntityFromResultSet - Enter createEntityFromResultSet
30 Mar 2025 16:16:57,367 TRACE ro.mpp2024.repository.ParticipantRepository 37 createEntityFromResultSet - Exit with(Filip Bianca)
30 Mar 2025 16:16:57,367 TRACE ro.mpp2024.repository.ParticipantRepository 31 createEntityFromResultSet - Enter createEntityFromResultSet
30 Mar 2025 16:16:57,367 TRACE ro.mpp2024.repository.ParticipantRepository 37 createEntityFromResultSet - Exit with(Grigore Stefan)
30 Mar 2025 16:16:57,367 TRACE ro.mpp2024.repository.ParticipantRepository 31 createEntityFromResultSet - Enter createEntityFromResultSet
30 Mar 2025 16:16:57,367 TRACE ro.mpp2024.repository.ParticipantRepository 37 createEntityFromResultSet - Exit with(Hagi Diana)
30 Mar 2025 16:16:57,368 TRACE ro.mpp2024.repository.ParticipantRepository 31 createEntityFromResultSet - Enter createEntityFromResultSet
30 Mar 2025 16:16:57,368 TRACE ro.mpp2024.repository.ParticipantRepository 37 createEntityFromResultSet - Exit with(Iacob Radu)
30 Mar 2025 16:16:57,368 TRACE ro.mpp2024.repository.ParticipantRepository 31 createEntityFromResultSet - Enter createEntityFromResultSet
30 Mar 2025 16:16:57,368 TRACE ro.mpp2024.repository.ParticipantRepository 37 createEntityFromResultSet - Exit with(Jianu Oana)
30 Mar 2025 16:16:57,368 TRACE ro.mpp2024.repository.ParticipantRepository 31 createEntityFromResultSet - Enter createEntityFromResultSet
30 Mar 2025 16:16:57,368 TRACE ro.mpp2024.repository.ParticipantRepository 37 createEntityFromResultSet - Exit with(Kovacs Cristina)
30 Mar 2025 16:16:57,368 TRACE ro.mpp2024.repository.ParticipantRepository 31 createEntityFromResultSet - Enter createEntityFromResultSet
30 Mar 2025 16:16:57,368 TRACE ro.mpp2024.repository.ParticipantRepository 37 createEntityFromResultSet - Exit with(Lupu George)
30 Mar 2025 16:16:57,368 TRACE ro.mpp2024.repository.ParticipantRepository 31 createEntityFromResultSet - Enter createEntityFromResultSet
30 Mar 2025 16:16:57,368 TRACE ro.mpp2024.repository.ParticipantRepository 37 createEntityFromResultSet - Exit with(Manole Simona)
30 Mar 2025 16:16:57,368 TRACE ro.mpp2024.repository.ParticipantRepository 31 createEntityFromResultSet - Enter createEntityFromResultSet
30 Mar 2025 16:16:57,368 TRACE ro.mpp2024.repository.ParticipantRepository 37 createEntityFromResultSet - Exit with(Nedelcu Alexandra)
30 Mar 2025 16:16:57,368 TRACE ro.mpp2024.repository.ParticipantRepository 31 createEntityFromResultSet - Enter createEntityFromResultSet
30 Mar 2025 16:16:57,368 TRACE ro.mpp2024.repository.ParticipantRepository 37 createEntityFromResultSet - Exit with(Oprea Bogdan)
30 Mar 2025 16:16:57,369 TRACE ro.mpp2024.repository.ParticipantRepository 31 createEntityFromResultSet - Enter createEntityFromResultSet
30 Mar 2025 16:16:57,369 TRACE ro.mpp2024.repository.ParticipantRepository 37 createEntityFromResultSet - Exit with(Pavel Monica)
30 Mar 2025 16:16:57,369 TRACE ro.mpp2024.repository.ParticipantRepository 31 createEntityFromResultSet - Enter createEntityFromResultSet
30 Mar 2025 16:16:57,369 TRACE ro.mpp2024.repository.ParticipantRepository 37 createEntityFromResultSet - Exit with(Rusu Andreea)
30 Mar 2025 16:16:57,369 TRACE ro.mpp2024.repository.ParticipantRepository 31 createEntityFromResultSet - Enter createEntityFromResultSet
30 Mar 2025 16:16:57,369 TRACE ro.mpp2024.repository.ParticipantRepository 37 createEntityFromResultSet - Exit with(Sandu Victor)
30 Mar 2025 16:16:57,369 TRACE ro.mpp2024.repository.ParticipantRepository 31 createEntityFromResultSet - Enter createEntityFromResultSet
30 Mar 2025 16:16:57,369 TRACE ro.mpp2024.repository.ParticipantRepository 37 createEntityFromResultSet - Exit with(Toma Gabriela)
30 Mar 2025 16:16:57,369 TRACE ro.mpp2024.repository.ParticipantRepository 31 createEntityFromResultSet - Enter createEntityFromResultSet
30 Mar 2025 16:16:57,369 TRACE ro.mpp2024.repository.ParticipantRepository 37 createEntityFromResultSet - Exit with(Ursu Mihail)
30 Mar 2025 16:16:57,369 TRACE ro.mpp2024.repository.ParticipantRepository 31 createEntityFromResultSet - Enter createEntityFromResultSet
30 Mar 2025 16:16:57,369 TRACE ro.mpp2024.repository.ParticipantRepository 37 createEntityFromResultSet - Exit with(Vlad Anca)
30 Mar 2025 16:16:57,369 TRACE ro.mpp2024.repository.ParticipantRepository 31 createEntityFromResultSet - Enter createEntityFromResultSet
30 Mar 2025 16:16:57,369 TRACE ro.mpp2024.repository.ParticipantRepository 37 createEntityFromResultSet - Exit with(Zamfir Lucian)
30 Mar 2025 16:16:57,370 TRACE ro.mpp2024.repository.ParticipantRepository 31 createEntityFromResultSet - Enter createEntityFromResultSet
30 Mar 2025 16:16:57,370 TRACE ro.mpp2024.repository.ParticipantRepository 37 createEntityFromResultSet - Exit with(Voicu Raluca)
30 Mar 2025 16:16:57,370 TRACE ro.mpp2024.repository.ParticipantRepository 31 createEntityFromResultSet - Enter createEntityFromResultSet
30 Mar 2025 16:16:57,370 TRACE ro.mpp2024.repository.ParticipantRepository 37 createEntityFromResultSet - Exit with(nume prenume)
30 Mar 2025 16:16:57,370 TRACE ro.mpp2024.repository.ParticipantRepository 57 findAll - Exit with([Popescu Ion, Ionescu Maria, Georgescu Andrei, Dumitrescu Elena, Popa Mihai, Stan Ioana, Radu Cristian, Marin Ana, Tudor Alexandru, Petrescu Gabriel, Iliescu Daniela, Vasilescu Florin, Dobre Adriana, Munteanu Sorin, Nistor Carmen, Lazar Roxana, Gheorghe Vlad, Barbu Irina, Constantin Marius, Enache Laura, Dragomir Adrian, Filip Bianca, Grigore Stefan, Hagi Diana, Iacob Radu, Jianu Oana, Kovacs Cristina, Lupu George, Manole Simona, Nedelcu Alexandra, Oprea Bogdan, Pavel Monica, Rusu Andreea, Sandu Victor, Toma Gabriela, Ursu Mihail, Vlad Anca, Zamfir Lucian, Voicu Raluca, nume prenume])
30 Mar 2025 16:19:53,136 INFO  ro.mpp2024.repository.ArbitruRepository 26 <init> - Initializing IArbitruRepository with properties: {} 
30 Mar 2025 16:19:53,139 INFO  ro.mpp2024.repository.ProbaRepository 25 <init> - Initializing ProbaRepository with properties: {} 
30 Mar 2025 16:19:53,140 INFO  ro.mpp2024.repository.ParticipantRepository 25 <init> - Initializing ParticipantRepository with properties: {} 
30 Mar 2025 16:19:53,141 INFO  ro.mpp2024.repository.RezultatRepository 26 <init> - Initializing RezultatRepository with properties: {} 
30 Mar 2025 16:19:53,142 INFO  ro.mpp2024.services.ArbitruService 16 <init> - Initializing ArbitruService
30 Mar 2025 16:19:53,143 TRACE ro.mpp2024.repository.ArbitruRepository 45 findAll - Enter findAll
30 Mar 2025 16:19:53,144 TRACE ro.mpp2024.utils.JdbcUtils 48 getConnection - Enter
30 Mar 2025 16:19:53,144 TRACE ro.mpp2024.utils.JdbcUtils 25 getNewConnection - Enter
30 Mar 2025 16:19:53,144 INFO  ro.mpp2024.utils.JdbcUtils 30 getNewConnection - trying to connect to database ... jdbc:sqlite:src/main/resources/triatlon.db
30 Mar 2025 16:19:53,145 INFO  ro.mpp2024.utils.JdbcUtils 31 getNewConnection - user: null
30 Mar 2025 16:19:53,145 INFO  ro.mpp2024.utils.JdbcUtils 32 getNewConnection - pass: null
30 Mar 2025 16:19:53,236 TRACE ro.mpp2024.utils.JdbcUtils 57 getConnection - Exit with(org.sqlite.jdbc4.JDBC4Connection@379be7a0)
30 Mar 2025 16:19:53,238 TRACE ro.mpp2024.repository.ArbitruRepository 32 createEntityFromResultSet - Enter createEntityFromResultSet
30 Mar 2025 16:19:53,242 TRACE ro.mpp2024.repository.ArbitruRepository 39 createEntityFromResultSet - Exit with(Arbitru{nume='Alice Johnson', username='alice.j', password='UGFzc3cwcmQxIQ==', id_proba=s1})
30 Mar 2025 16:19:53,242 TRACE ro.mpp2024.repository.ArbitruRepository 32 createEntityFromResultSet - Enter createEntityFromResultSet
30 Mar 2025 16:19:53,242 TRACE ro.mpp2024.repository.ArbitruRepository 39 createEntityFromResultSet - Exit with(Arbitru{nume='Bob Smith', username='bob.smith', password='U2VjdXJlUEBzczI=', id_proba=c1})
30 Mar 2025 16:19:53,242 TRACE ro.mpp2024.repository.ArbitruRepository 32 createEntityFromResultSet - Enter createEntityFromResultSet
30 Mar 2025 16:19:53,242 TRACE ro.mpp2024.repository.ArbitruRepository 39 createEntityFromResultSet - Exit with(Arbitru{nume='Charlie Brown', username='charlie.b', password='TXlQQHNzdzNyZA==', id_proba=i1})
30 Mar 2025 16:19:53,243 TRACE ro.mpp2024.repository.ArbitruRepository 32 createEntityFromResultSet - Enter createEntityFromResultSet
30 Mar 2025 16:19:53,243 TRACE ro.mpp2024.repository.ArbitruRepository 39 createEntityFromResultSet - Exit with(Arbitru{nume='David Wilson', username='david.w', password='UEBzc3cwcmQ0VQ==', id_proba=s2})
30 Mar 2025 16:19:53,243 TRACE ro.mpp2024.repository.ArbitruRepository 32 createEntityFromResultSet - Enter createEntityFromResultSet
30 Mar 2025 16:19:53,243 TRACE ro.mpp2024.repository.ArbitruRepository 39 createEntityFromResultSet - Exit with(Arbitru{nume='Emma Davis', username='emma.d', password='UEBzc3dvcmQjNQ==', id_proba=c2})
30 Mar 2025 16:19:53,243 TRACE ro.mpp2024.repository.ArbitruRepository 32 createEntityFromResultSet - Enter createEntityFromResultSet
30 Mar 2025 16:19:53,243 TRACE ro.mpp2024.repository.ArbitruRepository 39 createEntityFromResultSet - Exit with(Arbitru{nume='Fiona Clark', username='fiona.c', password='U2VjcjN0UEBzczY=', id_proba=i2})
30 Mar 2025 16:19:53,243 TRACE ro.mpp2024.repository.ArbitruRepository 32 createEntityFromResultSet - Enter createEntityFromResultSet
30 Mar 2025 16:19:53,244 TRACE ro.mpp2024.repository.ArbitruRepository 39 createEntityFromResultSet - Exit with(Arbitru{nume='George Hall', username='george.h', password='UEBzc3cwcmQ3IQ==', id_proba=s3})
30 Mar 2025 16:19:53,244 TRACE ro.mpp2024.repository.ArbitruRepository 32 createEntityFromResultSet - Enter createEntityFromResultSet
30 Mar 2025 16:19:53,244 TRACE ro.mpp2024.repository.ArbitruRepository 39 createEntityFromResultSet - Exit with(Arbitru{nume='Hannah Lewis', username='hannah.l', password='TXlwQHNzdzhyZA==', id_proba=c3})
30 Mar 2025 16:19:53,244 TRACE ro.mpp2024.repository.ArbitruRepository 32 createEntityFromResultSet - Enter createEntityFromResultSet
30 Mar 2025 16:19:53,244 TRACE ro.mpp2024.repository.ArbitruRepository 39 createEntityFromResultSet - Exit with(Arbitru{nume='Ian Walker', username='ian.w', password='UEBzc3cwcmQ5Iw==', id_proba=i3})
30 Mar 2025 16:19:53,244 TRACE ro.mpp2024.repository.ArbitruRepository 32 createEntityFromResultSet - Enter createEntityFromResultSet
30 Mar 2025 16:19:53,244 TRACE ro.mpp2024.repository.ArbitruRepository 39 createEntityFromResultSet - Exit with(Arbitru{nume='Jack Martinez', username='jack.m', password='UEBzc3cwcmQxMA==', id_proba=s4})
30 Mar 2025 16:19:53,245 TRACE ro.mpp2024.repository.ArbitruRepository 32 createEntityFromResultSet - Enter createEntityFromResultSet
30 Mar 2025 16:19:53,245 TRACE ro.mpp2024.repository.ArbitruRepository 39 createEntityFromResultSet - Exit with(Arbitru{nume='Kara Young', username='kara.y', password='UEBzc3dvcmQxMSE=', id_proba=c4})
30 Mar 2025 16:19:53,245 TRACE ro.mpp2024.repository.ArbitruRepository 32 createEntityFromResultSet - Enter createEntityFromResultSet
30 Mar 2025 16:19:53,245 TRACE ro.mpp2024.repository.ArbitruRepository 39 createEntityFromResultSet - Exit with(Arbitru{nume='Liam King', username='liam.k', password='U2VjdXIzUEBzczEy', id_proba=i4})
30 Mar 2025 16:19:53,245 TRACE ro.mpp2024.repository.ArbitruRepository 32 createEntityFromResultSet - Enter createEntityFromResultSet
30 Mar 2025 16:19:53,245 TRACE ro.mpp2024.repository.ArbitruRepository 39 createEntityFromResultSet - Exit with(Arbitru{nume='Mia Scott', username='mia.s', password='UEBzc3dvcmQxMyM=', id_proba=s5})
30 Mar 2025 16:19:53,245 TRACE ro.mpp2024.repository.ArbitruRepository 32 createEntityFromResultSet - Enter createEntityFromResultSet
30 Mar 2025 16:19:53,245 TRACE ro.mpp2024.repository.ArbitruRepository 39 createEntityFromResultSet - Exit with(Arbitru{nume='Noah Green', username='noah.g', password='TXlQQHNzdzE0cmQ=', id_proba=c5})
30 Mar 2025 16:19:53,246 TRACE ro.mpp2024.repository.ArbitruRepository 32 createEntityFromResultSet - Enter createEntityFromResultSet
30 Mar 2025 16:19:53,246 TRACE ro.mpp2024.repository.ArbitruRepository 39 createEntityFromResultSet - Exit with(Arbitru{nume='Olivia Adams', username='olivia.a', password='UEBzc3dvcmQxNSE=', id_proba=i5})
30 Mar 2025 16:19:53,246 TRACE ro.mpp2024.repository.ArbitruRepository 32 createEntityFromResultSet - Enter createEntityFromResultSet
30 Mar 2025 16:19:53,246 TRACE ro.mpp2024.repository.ArbitruRepository 39 createEntityFromResultSet - Exit with(Arbitru{nume='Paul Baker', username='paul.b', password='U2VjdXJpN3lQQHNzMTY=', id_proba=s6})
30 Mar 2025 16:19:53,246 TRACE ro.mpp2024.repository.ArbitruRepository 32 createEntityFromResultSet - Enter createEntityFromResultSet
30 Mar 2025 16:19:53,246 TRACE ro.mpp2024.repository.ArbitruRepository 39 createEntityFromResultSet - Exit with(Arbitru{nume='Quinn Harris', username='quinn.h', password='UEBzc3dvcmQxNyM=', id_proba=c6})
30 Mar 2025 16:19:53,246 TRACE ro.mpp2024.repository.ArbitruRepository 32 createEntityFromResultSet - Enter createEntityFromResultSet
30 Mar 2025 16:19:53,247 TRACE ro.mpp2024.repository.ArbitruRepository 39 createEntityFromResultSet - Exit with(Arbitru{nume='Rachel Nelson', username='rachel.n', password='UEBzc3cwcmQxOCE=', id_proba=i6})
30 Mar 2025 16:19:53,247 TRACE ro.mpp2024.repository.ArbitruRepository 32 createEntityFromResultSet - Enter createEntityFromResultSet
30 Mar 2025 16:19:53,247 TRACE ro.mpp2024.repository.ArbitruRepository 39 createEntityFromResultSet - Exit with(Arbitru{nume='Sam Perez', username='sam.p', password='TXlQQHNzdzE5cmQ=', id_proba=c8})
30 Mar 2025 16:19:53,247 TRACE ro.mpp2024.repository.ArbitruRepository 61 findAll - Exit
30 Mar 2025 16:19:53,248 INFO  ro.mpp2024.services.ArbitruService 18 lambda$new$0 - VUdGemMzY3djbVF4SVE9PQ==
30 Mar 2025 16:19:53,248 INFO  ro.mpp2024.services.ArbitruService 18 lambda$new$0 - VTJWamRYSmxVRUJ6Y3pJPQ==
30 Mar 2025 16:19:53,249 INFO  ro.mpp2024.services.ArbitruService 18 lambda$new$0 - VFhsUVFITnpkek55WkE9PQ==
30 Mar 2025 16:19:53,249 INFO  ro.mpp2024.services.ArbitruService 18 lambda$new$0 - VUVCemMzY3djbVEwVlE9PQ==
30 Mar 2025 16:19:53,249 INFO  ro.mpp2024.services.ArbitruService 18 lambda$new$0 - VUVCemMzZHZjbVFqTlE9PQ==
30 Mar 2025 16:19:53,249 INFO  ro.mpp2024.services.ArbitruService 18 lambda$new$0 - VTJWamNqTjBVRUJ6Y3pZPQ==
30 Mar 2025 16:19:53,249 INFO  ro.mpp2024.services.ArbitruService 18 lambda$new$0 - VUVCemMzY3djbVEzSVE9PQ==
30 Mar 2025 16:19:53,249 INFO  ro.mpp2024.services.ArbitruService 18 lambda$new$0 - VFhsd1FITnpkemh5WkE9PQ==
30 Mar 2025 16:19:53,249 INFO  ro.mpp2024.services.ArbitruService 18 lambda$new$0 - VUVCemMzY3djbVE1SXc9PQ==
30 Mar 2025 16:19:53,249 INFO  ro.mpp2024.services.ArbitruService 18 lambda$new$0 - VUVCemMzY3djbVF4TUE9PQ==
30 Mar 2025 16:19:53,250 INFO  ro.mpp2024.services.ArbitruService 18 lambda$new$0 - VUVCemMzZHZjbVF4TVNFPQ==
30 Mar 2025 16:19:53,250 INFO  ro.mpp2024.services.ArbitruService 18 lambda$new$0 - VTJWamRYSXpVRUJ6Y3pFeQ==
30 Mar 2025 16:19:53,250 INFO  ro.mpp2024.services.ArbitruService 18 lambda$new$0 - VUVCemMzZHZjbVF4TXlNPQ==
30 Mar 2025 16:19:53,250 INFO  ro.mpp2024.services.ArbitruService 18 lambda$new$0 - VFhsUVFITnpkekUwY21RPQ==
30 Mar 2025 16:19:53,250 INFO  ro.mpp2024.services.ArbitruService 18 lambda$new$0 - VUVCemMzZHZjbVF4TlNFPQ==
30 Mar 2025 16:19:53,250 INFO  ro.mpp2024.services.ArbitruService 18 lambda$new$0 - VTJWamRYSnBOM2xRUUhOek1UWT0=
30 Mar 2025 16:19:53,250 INFO  ro.mpp2024.services.ArbitruService 18 lambda$new$0 - VUVCemMzZHZjbVF4TnlNPQ==
30 Mar 2025 16:19:53,250 INFO  ro.mpp2024.services.ArbitruService 18 lambda$new$0 - VUVCemMzY3djbVF4T0NFPQ==
30 Mar 2025 16:19:53,250 INFO  ro.mpp2024.services.ArbitruService 18 lambda$new$0 - VFhsUVFITnpkekU1Y21RPQ==
30 Mar 2025 16:19:53,251 INFO  ro.mpp2024.services.RezultatService 26 <init> - Service Rezultat made
30 Mar 2025 16:19:53,251 TRACE ro.mpp2024.repository.RezultatRepository 169 listaParticiapntPuncteProbaDescrescator - Enter listaParticiapntPuncteProbaDescrescator
30 Mar 2025 16:19:53,251 TRACE ro.mpp2024.utils.JdbcUtils 48 getConnection - Enter
30 Mar 2025 16:19:53,252 TRACE ro.mpp2024.utils.JdbcUtils 57 getConnection - Exit with(org.sqlite.jdbc4.JDBC4Connection@379be7a0)
30 Mar 2025 16:19:53,252 TRACE ro.mpp2024.repository.RezultatRepository 187 listaParticiapntPuncteProbaDescrescator - Enter Terminat dictionar
30 Mar 2025 16:20:14,401 TRACE ro.mpp2024.utils.JdbcUtils 48 getConnection - Enter
30 Mar 2025 16:20:14,401 TRACE ro.mpp2024.utils.JdbcUtils 57 getConnection - Exit with(org.sqlite.jdbc4.JDBC4Connection@379be7a0)
30 Mar 2025 16:20:14,401 TRACE ro.mpp2024.repository.ArbitruRepository 32 createEntityFromResultSet - Enter createEntityFromResultSet
30 Mar 2025 16:20:14,401 TRACE ro.mpp2024.repository.ArbitruRepository 39 createEntityFromResultSet - Exit with(Arbitru{nume='Alice Johnson', username='alice.j', password='UGFzc3cwcmQxIQ==', id_proba=s1})
30 Mar 2025 16:20:14,444 TRACE ro.mpp2024.repository.RezultatRepository 145 listaParticipantiPuncteAlfabetic - Enter listaParticipantiPuncteAlfabetic
30 Mar 2025 16:20:14,444 TRACE ro.mpp2024.utils.JdbcUtils 48 getConnection - Enter
30 Mar 2025 16:20:14,444 TRACE ro.mpp2024.utils.JdbcUtils 57 getConnection - Exit with(org.sqlite.jdbc4.JDBC4Connection@379be7a0)
30 Mar 2025 16:20:14,445 TRACE ro.mpp2024.repository.RezultatRepository 163 listaParticipantiPuncteAlfabetic - Enter Terminat dictionar
30 Mar 2025 16:20:14,445 TRACE ro.mpp2024.repository.RezultatRepository 169 listaParticiapntPuncteProbaDescrescator - Enter listaParticiapntPuncteProbaDescrescator
30 Mar 2025 16:20:14,445 TRACE ro.mpp2024.utils.JdbcUtils 48 getConnection - Enter
30 Mar 2025 16:20:14,445 TRACE ro.mpp2024.utils.JdbcUtils 57 getConnection - Exit with(org.sqlite.jdbc4.JDBC4Connection@379be7a0)
30 Mar 2025 16:20:14,445 TRACE ro.mpp2024.repository.RezultatRepository 187 listaParticiapntPuncteProbaDescrescator - Enter Terminat dictionar
30 Mar 2025 16:20:14,447 TRACE ro.mpp2024.repository.ParticipantRepository 43 findAll - Enter
30 Mar 2025 16:20:14,447 TRACE ro.mpp2024.utils.JdbcUtils 48 getConnection - Enter
30 Mar 2025 16:20:14,447 TRACE ro.mpp2024.utils.JdbcUtils 57 getConnection - Exit with(org.sqlite.jdbc4.JDBC4Connection@379be7a0)
30 Mar 2025 16:20:14,447 TRACE ro.mpp2024.repository.ParticipantRepository 31 createEntityFromResultSet - Enter createEntityFromResultSet
30 Mar 2025 16:20:14,447 TRACE ro.mpp2024.repository.ParticipantRepository 37 createEntityFromResultSet - Exit with(Popescu Ion)
30 Mar 2025 16:20:14,449 TRACE ro.mpp2024.repository.ParticipantRepository 31 createEntityFromResultSet - Enter createEntityFromResultSet
30 Mar 2025 16:20:14,449 TRACE ro.mpp2024.repository.ParticipantRepository 37 createEntityFromResultSet - Exit with(Ionescu Maria)
30 Mar 2025 16:20:14,449 TRACE ro.mpp2024.repository.ParticipantRepository 31 createEntityFromResultSet - Enter createEntityFromResultSet
30 Mar 2025 16:20:14,449 TRACE ro.mpp2024.repository.ParticipantRepository 37 createEntityFromResultSet - Exit with(Georgescu Andrei)
30 Mar 2025 16:20:14,449 TRACE ro.mpp2024.repository.ParticipantRepository 31 createEntityFromResultSet - Enter createEntityFromResultSet
30 Mar 2025 16:20:14,449 TRACE ro.mpp2024.repository.ParticipantRepository 37 createEntityFromResultSet - Exit with(Dumitrescu Elena)
30 Mar 2025 16:20:14,449 TRACE ro.mpp2024.repository.ParticipantRepository 31 createEntityFromResultSet - Enter createEntityFromResultSet
30 Mar 2025 16:20:14,449 TRACE ro.mpp2024.repository.ParticipantRepository 37 createEntityFromResultSet - Exit with(Popa Mihai)
30 Mar 2025 16:20:14,449 TRACE ro.mpp2024.repository.ParticipantRepository 31 createEntityFromResultSet - Enter createEntityFromResultSet
30 Mar 2025 16:20:14,449 TRACE ro.mpp2024.repository.ParticipantRepository 37 createEntityFromResultSet - Exit with(Stan Ioana)
30 Mar 2025 16:20:14,449 TRACE ro.mpp2024.repository.ParticipantRepository 31 createEntityFromResultSet - Enter createEntityFromResultSet
30 Mar 2025 16:20:14,449 TRACE ro.mpp2024.repository.ParticipantRepository 37 createEntityFromResultSet - Exit with(Radu Cristian)
30 Mar 2025 16:20:14,449 TRACE ro.mpp2024.repository.ParticipantRepository 31 createEntityFromResultSet - Enter createEntityFromResultSet
30 Mar 2025 16:20:14,449 TRACE ro.mpp2024.repository.ParticipantRepository 37 createEntityFromResultSet - Exit with(Marin Ana)
30 Mar 2025 16:20:14,449 TRACE ro.mpp2024.repository.ParticipantRepository 31 createEntityFromResultSet - Enter createEntityFromResultSet
30 Mar 2025 16:20:14,449 TRACE ro.mpp2024.repository.ParticipantRepository 37 createEntityFromResultSet - Exit with(Tudor Alexandru)
30 Mar 2025 16:20:14,449 TRACE ro.mpp2024.repository.ParticipantRepository 31 createEntityFromResultSet - Enter createEntityFromResultSet
30 Mar 2025 16:20:14,449 TRACE ro.mpp2024.repository.ParticipantRepository 37 createEntityFromResultSet - Exit with(Petrescu Gabriel)
30 Mar 2025 16:20:14,449 TRACE ro.mpp2024.repository.ParticipantRepository 31 createEntityFromResultSet - Enter createEntityFromResultSet
30 Mar 2025 16:20:14,449 TRACE ro.mpp2024.repository.ParticipantRepository 37 createEntityFromResultSet - Exit with(Iliescu Daniela)
30 Mar 2025 16:20:14,450 TRACE ro.mpp2024.repository.ParticipantRepository 31 createEntityFromResultSet - Enter createEntityFromResultSet
30 Mar 2025 16:20:14,450 TRACE ro.mpp2024.repository.ParticipantRepository 37 createEntityFromResultSet - Exit with(Vasilescu Florin)
30 Mar 2025 16:20:14,450 TRACE ro.mpp2024.repository.ParticipantRepository 31 createEntityFromResultSet - Enter createEntityFromResultSet
30 Mar 2025 16:20:14,450 TRACE ro.mpp2024.repository.ParticipantRepository 37 createEntityFromResultSet - Exit with(Dobre Adriana)
30 Mar 2025 16:20:14,450 TRACE ro.mpp2024.repository.ParticipantRepository 31 createEntityFromResultSet - Enter createEntityFromResultSet
30 Mar 2025 16:20:14,450 TRACE ro.mpp2024.repository.ParticipantRepository 37 createEntityFromResultSet - Exit with(Munteanu Sorin)
30 Mar 2025 16:20:14,450 TRACE ro.mpp2024.repository.ParticipantRepository 31 createEntityFromResultSet - Enter createEntityFromResultSet
30 Mar 2025 16:20:14,450 TRACE ro.mpp2024.repository.ParticipantRepository 37 createEntityFromResultSet - Exit with(Nistor Carmen)
30 Mar 2025 16:20:14,450 TRACE ro.mpp2024.repository.ParticipantRepository 31 createEntityFromResultSet - Enter createEntityFromResultSet
30 Mar 2025 16:20:14,451 TRACE ro.mpp2024.repository.ParticipantRepository 37 createEntityFromResultSet - Exit with(Lazar Roxana)
30 Mar 2025 16:20:14,451 TRACE ro.mpp2024.repository.ParticipantRepository 31 createEntityFromResultSet - Enter createEntityFromResultSet
30 Mar 2025 16:20:14,451 TRACE ro.mpp2024.repository.ParticipantRepository 37 createEntityFromResultSet - Exit with(Gheorghe Vlad)
30 Mar 2025 16:20:14,451 TRACE ro.mpp2024.repository.ParticipantRepository 31 createEntityFromResultSet - Enter createEntityFromResultSet
30 Mar 2025 16:20:14,451 TRACE ro.mpp2024.repository.ParticipantRepository 37 createEntityFromResultSet - Exit with(Barbu Irina)
30 Mar 2025 16:20:14,451 TRACE ro.mpp2024.repository.ParticipantRepository 31 createEntityFromResultSet - Enter createEntityFromResultSet
30 Mar 2025 16:20:14,451 TRACE ro.mpp2024.repository.ParticipantRepository 37 createEntityFromResultSet - Exit with(Constantin Marius)
30 Mar 2025 16:20:14,451 TRACE ro.mpp2024.repository.ParticipantRepository 31 createEntityFromResultSet - Enter createEntityFromResultSet
30 Mar 2025 16:20:14,451 TRACE ro.mpp2024.repository.ParticipantRepository 37 createEntityFromResultSet - Exit with(Enache Laura)
30 Mar 2025 16:20:14,451 TRACE ro.mpp2024.repository.ParticipantRepository 31 createEntityFromResultSet - Enter createEntityFromResultSet
30 Mar 2025 16:20:14,453 TRACE ro.mpp2024.repository.ParticipantRepository 37 createEntityFromResultSet - Exit with(Dragomir Adrian)
30 Mar 2025 16:20:14,453 TRACE ro.mpp2024.repository.ParticipantRepository 31 createEntityFromResultSet - Enter createEntityFromResultSet
30 Mar 2025 16:20:14,453 TRACE ro.mpp2024.repository.ParticipantRepository 37 createEntityFromResultSet - Exit with(Filip Bianca)
30 Mar 2025 16:20:14,453 TRACE ro.mpp2024.repository.ParticipantRepository 31 createEntityFromResultSet - Enter createEntityFromResultSet
30 Mar 2025 16:20:14,453 TRACE ro.mpp2024.repository.ParticipantRepository 37 createEntityFromResultSet - Exit with(Grigore Stefan)
30 Mar 2025 16:20:14,453 TRACE ro.mpp2024.repository.ParticipantRepository 31 createEntityFromResultSet - Enter createEntityFromResultSet
30 Mar 2025 16:20:14,453 TRACE ro.mpp2024.repository.ParticipantRepository 37 createEntityFromResultSet - Exit with(Hagi Diana)
30 Mar 2025 16:20:14,453 TRACE ro.mpp2024.repository.ParticipantRepository 31 createEntityFromResultSet - Enter createEntityFromResultSet
30 Mar 2025 16:20:14,453 TRACE ro.mpp2024.repository.ParticipantRepository 37 createEntityFromResultSet - Exit with(Iacob Radu)
30 Mar 2025 16:20:14,453 TRACE ro.mpp2024.repository.ParticipantRepository 31 createEntityFromResultSet - Enter createEntityFromResultSet
30 Mar 2025 16:20:14,453 TRACE ro.mpp2024.repository.ParticipantRepository 37 createEntityFromResultSet - Exit with(Jianu Oana)
30 Mar 2025 16:20:14,453 TRACE ro.mpp2024.repository.ParticipantRepository 31 createEntityFromResultSet - Enter createEntityFromResultSet
30 Mar 2025 16:20:14,453 TRACE ro.mpp2024.repository.ParticipantRepository 37 createEntityFromResultSet - Exit with(Kovacs Cristina)
30 Mar 2025 16:20:14,453 TRACE ro.mpp2024.repository.ParticipantRepository 31 createEntityFromResultSet - Enter createEntityFromResultSet
30 Mar 2025 16:20:14,453 TRACE ro.mpp2024.repository.ParticipantRepository 37 createEntityFromResultSet - Exit with(Lupu George)
30 Mar 2025 16:20:14,453 TRACE ro.mpp2024.repository.ParticipantRepository 31 createEntityFromResultSet - Enter createEntityFromResultSet
30 Mar 2025 16:20:14,453 TRACE ro.mpp2024.repository.ParticipantRepository 37 createEntityFromResultSet - Exit with(Manole Simona)
30 Mar 2025 16:20:14,453 TRACE ro.mpp2024.repository.ParticipantRepository 31 createEntityFromResultSet - Enter createEntityFromResultSet
30 Mar 2025 16:20:14,453 TRACE ro.mpp2024.repository.ParticipantRepository 37 createEntityFromResultSet - Exit with(Nedelcu Alexandra)
30 Mar 2025 16:20:14,453 TRACE ro.mpp2024.repository.ParticipantRepository 31 createEntityFromResultSet - Enter createEntityFromResultSet
30 Mar 2025 16:20:14,453 TRACE ro.mpp2024.repository.ParticipantRepository 37 createEntityFromResultSet - Exit with(Oprea Bogdan)
30 Mar 2025 16:20:14,453 TRACE ro.mpp2024.repository.ParticipantRepository 31 createEntityFromResultSet - Enter createEntityFromResultSet
30 Mar 2025 16:20:14,454 TRACE ro.mpp2024.repository.ParticipantRepository 37 createEntityFromResultSet - Exit with(Pavel Monica)
30 Mar 2025 16:20:14,454 TRACE ro.mpp2024.repository.ParticipantRepository 31 createEntityFromResultSet - Enter createEntityFromResultSet
30 Mar 2025 16:20:14,454 TRACE ro.mpp2024.repository.ParticipantRepository 37 createEntityFromResultSet - Exit with(Rusu Andreea)
30 Mar 2025 16:20:14,454 TRACE ro.mpp2024.repository.ParticipantRepository 31 createEntityFromResultSet - Enter createEntityFromResultSet
30 Mar 2025 16:20:14,454 TRACE ro.mpp2024.repository.ParticipantRepository 37 createEntityFromResultSet - Exit with(Sandu Victor)
30 Mar 2025 16:20:14,454 TRACE ro.mpp2024.repository.ParticipantRepository 31 createEntityFromResultSet - Enter createEntityFromResultSet
30 Mar 2025 16:20:14,454 TRACE ro.mpp2024.repository.ParticipantRepository 37 createEntityFromResultSet - Exit with(Toma Gabriela)
30 Mar 2025 16:20:14,454 TRACE ro.mpp2024.repository.ParticipantRepository 31 createEntityFromResultSet - Enter createEntityFromResultSet
30 Mar 2025 16:20:14,454 TRACE ro.mpp2024.repository.ParticipantRepository 37 createEntityFromResultSet - Exit with(Ursu Mihail)
30 Mar 2025 16:20:14,454 TRACE ro.mpp2024.repository.ParticipantRepository 31 createEntityFromResultSet - Enter createEntityFromResultSet
30 Mar 2025 16:20:14,454 TRACE ro.mpp2024.repository.ParticipantRepository 37 createEntityFromResultSet - Exit with(Vlad Anca)
30 Mar 2025 16:20:14,455 TRACE ro.mpp2024.repository.ParticipantRepository 31 createEntityFromResultSet - Enter createEntityFromResultSet
30 Mar 2025 16:20:14,455 TRACE ro.mpp2024.repository.ParticipantRepository 37 createEntityFromResultSet - Exit with(Zamfir Lucian)
30 Mar 2025 16:20:14,455 TRACE ro.mpp2024.repository.ParticipantRepository 31 createEntityFromResultSet - Enter createEntityFromResultSet
30 Mar 2025 16:20:14,455 TRACE ro.mpp2024.repository.ParticipantRepository 37 createEntityFromResultSet - Exit with(Voicu Raluca)
30 Mar 2025 16:20:14,455 TRACE ro.mpp2024.repository.ParticipantRepository 31 createEntityFromResultSet - Enter createEntityFromResultSet
30 Mar 2025 16:20:14,455 TRACE ro.mpp2024.repository.ParticipantRepository 37 createEntityFromResultSet - Exit with(nume prenume)
30 Mar 2025 16:20:14,455 TRACE ro.mpp2024.repository.ParticipantRepository 57 findAll - Exit with([Popescu Ion, Ionescu Maria, Georgescu Andrei, Dumitrescu Elena, Popa Mihai, Stan Ioana, Radu Cristian, Marin Ana, Tudor Alexandru, Petrescu Gabriel, Iliescu Daniela, Vasilescu Florin, Dobre Adriana, Munteanu Sorin, Nistor Carmen, Lazar Roxana, Gheorghe Vlad, Barbu Irina, Constantin Marius, Enache Laura, Dragomir Adrian, Filip Bianca, Grigore Stefan, Hagi Diana, Iacob Radu, Jianu Oana, Kovacs Cristina, Lupu George, Manole Simona, Nedelcu Alexandra, Oprea Bogdan, Pavel Monica, Rusu Andreea, Sandu Victor, Toma Gabriela, Ursu Mihail, Vlad Anca, Zamfir Lucian, Voicu Raluca, nume prenume])
30 Mar 2025 16:27:35,515 INFO  ro.mpp2024.repository.ArbitruRepository 26 <init> - Initializing IArbitruRepository with properties: {} 
30 Mar 2025 16:27:35,519 INFO  ro.mpp2024.repository.ProbaRepository 25 <init> - Initializing ProbaRepository with properties: {} 
30 Mar 2025 16:27:35,520 INFO  ro.mpp2024.repository.ParticipantRepository 25 <init> - Initializing ParticipantRepository with properties: {} 
30 Mar 2025 16:27:35,521 INFO  ro.mpp2024.repository.RezultatRepository 26 <init> - Initializing RezultatRepository with properties: {} 
30 Mar 2025 16:27:35,522 INFO  ro.mpp2024.services.ArbitruService 16 <init> - Initializing ArbitruService
30 Mar 2025 16:27:35,524 TRACE ro.mpp2024.repository.ArbitruRepository 45 findAll - Enter findAll
30 Mar 2025 16:27:35,524 TRACE ro.mpp2024.utils.JdbcUtils 48 getConnection - Enter
30 Mar 2025 16:27:35,524 TRACE ro.mpp2024.utils.JdbcUtils 25 getNewConnection - Enter
30 Mar 2025 16:27:35,525 INFO  ro.mpp2024.utils.JdbcUtils 30 getNewConnection - trying to connect to database ... jdbc:sqlite:src/main/resources/triatlon.db
30 Mar 2025 16:27:35,525 INFO  ro.mpp2024.utils.JdbcUtils 31 getNewConnection - user: null
30 Mar 2025 16:27:35,525 INFO  ro.mpp2024.utils.JdbcUtils 32 getNewConnection - pass: null
30 Mar 2025 16:27:35,616 TRACE ro.mpp2024.utils.JdbcUtils 57 getConnection - Exit with(org.sqlite.jdbc4.JDBC4Connection@2a8593e1)
30 Mar 2025 16:27:35,618 TRACE ro.mpp2024.repository.ArbitruRepository 32 createEntityFromResultSet - Enter createEntityFromResultSet
30 Mar 2025 16:27:35,623 TRACE ro.mpp2024.repository.ArbitruRepository 39 createEntityFromResultSet - Exit with(Arbitru{nume='Alice Johnson', username='alice.j', password='UGFzc3cwcmQxIQ==', id_proba=s1})
30 Mar 2025 16:27:35,623 TRACE ro.mpp2024.repository.ArbitruRepository 32 createEntityFromResultSet - Enter createEntityFromResultSet
30 Mar 2025 16:27:35,623 TRACE ro.mpp2024.repository.ArbitruRepository 39 createEntityFromResultSet - Exit with(Arbitru{nume='Bob Smith', username='bob.smith', password='U2VjdXJlUEBzczI=', id_proba=c1})
30 Mar 2025 16:27:35,623 TRACE ro.mpp2024.repository.ArbitruRepository 32 createEntityFromResultSet - Enter createEntityFromResultSet
30 Mar 2025 16:27:35,624 TRACE ro.mpp2024.repository.ArbitruRepository 39 createEntityFromResultSet - Exit with(Arbitru{nume='Charlie Brown', username='charlie.b', password='TXlQQHNzdzNyZA==', id_proba=i1})
30 Mar 2025 16:27:35,624 TRACE ro.mpp2024.repository.ArbitruRepository 32 createEntityFromResultSet - Enter createEntityFromResultSet
30 Mar 2025 16:27:35,624 TRACE ro.mpp2024.repository.ArbitruRepository 39 createEntityFromResultSet - Exit with(Arbitru{nume='David Wilson', username='david.w', password='UEBzc3cwcmQ0VQ==', id_proba=s2})
30 Mar 2025 16:27:35,624 TRACE ro.mpp2024.repository.ArbitruRepository 32 createEntityFromResultSet - Enter createEntityFromResultSet
30 Mar 2025 16:27:35,624 TRACE ro.mpp2024.repository.ArbitruRepository 39 createEntityFromResultSet - Exit with(Arbitru{nume='Emma Davis', username='emma.d', password='UEBzc3dvcmQjNQ==', id_proba=c2})
30 Mar 2025 16:27:35,624 TRACE ro.mpp2024.repository.ArbitruRepository 32 createEntityFromResultSet - Enter createEntityFromResultSet
30 Mar 2025 16:27:35,625 TRACE ro.mpp2024.repository.ArbitruRepository 39 createEntityFromResultSet - Exit with(Arbitru{nume='Fiona Clark', username='fiona.c', password='U2VjcjN0UEBzczY=', id_proba=i2})
30 Mar 2025 16:27:35,625 TRACE ro.mpp2024.repository.ArbitruRepository 32 createEntityFromResultSet - Enter createEntityFromResultSet
30 Mar 2025 16:27:35,625 TRACE ro.mpp2024.repository.ArbitruRepository 39 createEntityFromResultSet - Exit with(Arbitru{nume='George Hall', username='george.h', password='UEBzc3cwcmQ3IQ==', id_proba=s3})
30 Mar 2025 16:27:35,625 TRACE ro.mpp2024.repository.ArbitruRepository 32 createEntityFromResultSet - Enter createEntityFromResultSet
30 Mar 2025 16:27:35,625 TRACE ro.mpp2024.repository.ArbitruRepository 39 createEntityFromResultSet - Exit with(Arbitru{nume='Hannah Lewis', username='hannah.l', password='TXlwQHNzdzhyZA==', id_proba=c3})
30 Mar 2025 16:27:35,626 TRACE ro.mpp2024.repository.ArbitruRepository 32 createEntityFromResultSet - Enter createEntityFromResultSet
30 Mar 2025 16:27:35,626 TRACE ro.mpp2024.repository.ArbitruRepository 39 createEntityFromResultSet - Exit with(Arbitru{nume='Ian Walker', username='ian.w', password='UEBzc3cwcmQ5Iw==', id_proba=i3})
30 Mar 2025 16:27:35,626 TRACE ro.mpp2024.repository.ArbitruRepository 32 createEntityFromResultSet - Enter createEntityFromResultSet
30 Mar 2025 16:27:35,626 TRACE ro.mpp2024.repository.ArbitruRepository 39 createEntityFromResultSet - Exit with(Arbitru{nume='Jack Martinez', username='jack.m', password='UEBzc3cwcmQxMA==', id_proba=s4})
30 Mar 2025 16:27:35,626 TRACE ro.mpp2024.repository.ArbitruRepository 32 createEntityFromResultSet - Enter createEntityFromResultSet
30 Mar 2025 16:27:35,627 TRACE ro.mpp2024.repository.ArbitruRepository 39 createEntityFromResultSet - Exit with(Arbitru{nume='Kara Young', username='kara.y', password='UEBzc3dvcmQxMSE=', id_proba=c4})
30 Mar 2025 16:27:35,627 TRACE ro.mpp2024.repository.ArbitruRepository 32 createEntityFromResultSet - Enter createEntityFromResultSet
30 Mar 2025 16:27:35,627 TRACE ro.mpp2024.repository.ArbitruRepository 39 createEntityFromResultSet - Exit with(Arbitru{nume='Liam King', username='liam.k', password='U2VjdXIzUEBzczEy', id_proba=i4})
30 Mar 2025 16:27:35,627 TRACE ro.mpp2024.repository.ArbitruRepository 32 createEntityFromResultSet - Enter createEntityFromResultSet
30 Mar 2025 16:27:35,627 TRACE ro.mpp2024.repository.ArbitruRepository 39 createEntityFromResultSet - Exit with(Arbitru{nume='Mia Scott', username='mia.s', password='UEBzc3dvcmQxMyM=', id_proba=s5})
30 Mar 2025 16:27:35,627 TRACE ro.mpp2024.repository.ArbitruRepository 32 createEntityFromResultSet - Enter createEntityFromResultSet
30 Mar 2025 16:27:35,628 TRACE ro.mpp2024.repository.ArbitruRepository 39 createEntityFromResultSet - Exit with(Arbitru{nume='Noah Green', username='noah.g', password='TXlQQHNzdzE0cmQ=', id_proba=c5})
30 Mar 2025 16:27:35,628 TRACE ro.mpp2024.repository.ArbitruRepository 32 createEntityFromResultSet - Enter createEntityFromResultSet
30 Mar 2025 16:27:35,628 TRACE ro.mpp2024.repository.ArbitruRepository 39 createEntityFromResultSet - Exit with(Arbitru{nume='Olivia Adams', username='olivia.a', password='UEBzc3dvcmQxNSE=', id_proba=i5})
30 Mar 2025 16:27:35,628 TRACE ro.mpp2024.repository.ArbitruRepository 32 createEntityFromResultSet - Enter createEntityFromResultSet
30 Mar 2025 16:27:35,629 TRACE ro.mpp2024.repository.ArbitruRepository 39 createEntityFromResultSet - Exit with(Arbitru{nume='Paul Baker', username='paul.b', password='U2VjdXJpN3lQQHNzMTY=', id_proba=s6})
30 Mar 2025 16:27:35,629 TRACE ro.mpp2024.repository.ArbitruRepository 32 createEntityFromResultSet - Enter createEntityFromResultSet
30 Mar 2025 16:27:35,629 TRACE ro.mpp2024.repository.ArbitruRepository 39 createEntityFromResultSet - Exit with(Arbitru{nume='Quinn Harris', username='quinn.h', password='UEBzc3dvcmQxNyM=', id_proba=c6})
30 Mar 2025 16:27:35,629 TRACE ro.mpp2024.repository.ArbitruRepository 32 createEntityFromResultSet - Enter createEntityFromResultSet
30 Mar 2025 16:27:35,629 TRACE ro.mpp2024.repository.ArbitruRepository 39 createEntityFromResultSet - Exit with(Arbitru{nume='Rachel Nelson', username='rachel.n', password='UEBzc3cwcmQxOCE=', id_proba=i6})
30 Mar 2025 16:27:35,629 TRACE ro.mpp2024.repository.ArbitruRepository 32 createEntityFromResultSet - Enter createEntityFromResultSet
30 Mar 2025 16:27:35,630 TRACE ro.mpp2024.repository.ArbitruRepository 39 createEntityFromResultSet - Exit with(Arbitru{nume='Sam Perez', username='sam.p', password='TXlQQHNzdzE5cmQ=', id_proba=c8})
30 Mar 2025 16:27:35,630 TRACE ro.mpp2024.repository.ArbitruRepository 61 findAll - Exit
30 Mar 2025 16:27:35,632 INFO  ro.mpp2024.services.ArbitruService 18 lambda$new$0 - VUdGemMzY3djbVF4SVE9PQ==
30 Mar 2025 16:27:35,632 INFO  ro.mpp2024.services.ArbitruService 18 lambda$new$0 - VTJWamRYSmxVRUJ6Y3pJPQ==
30 Mar 2025 16:27:35,632 INFO  ro.mpp2024.services.ArbitruService 18 lambda$new$0 - VFhsUVFITnpkek55WkE9PQ==
30 Mar 2025 16:27:35,632 INFO  ro.mpp2024.services.ArbitruService 18 lambda$new$0 - VUVCemMzY3djbVEwVlE9PQ==
30 Mar 2025 16:27:35,632 INFO  ro.mpp2024.services.ArbitruService 18 lambda$new$0 - VUVCemMzZHZjbVFqTlE9PQ==
30 Mar 2025 16:27:35,632 INFO  ro.mpp2024.services.ArbitruService 18 lambda$new$0 - VTJWamNqTjBVRUJ6Y3pZPQ==
30 Mar 2025 16:27:35,632 INFO  ro.mpp2024.services.ArbitruService 18 lambda$new$0 - VUVCemMzY3djbVEzSVE9PQ==
30 Mar 2025 16:27:35,633 INFO  ro.mpp2024.services.ArbitruService 18 lambda$new$0 - VFhsd1FITnpkemh5WkE9PQ==
30 Mar 2025 16:27:35,633 INFO  ro.mpp2024.services.ArbitruService 18 lambda$new$0 - VUVCemMzY3djbVE1SXc9PQ==
30 Mar 2025 16:27:35,633 INFO  ro.mpp2024.services.ArbitruService 18 lambda$new$0 - VUVCemMzY3djbVF4TUE9PQ==
30 Mar 2025 16:27:35,633 INFO  ro.mpp2024.services.ArbitruService 18 lambda$new$0 - VUVCemMzZHZjbVF4TVNFPQ==
30 Mar 2025 16:27:35,633 INFO  ro.mpp2024.services.ArbitruService 18 lambda$new$0 - VTJWamRYSXpVRUJ6Y3pFeQ==
30 Mar 2025 16:27:35,633 INFO  ro.mpp2024.services.ArbitruService 18 lambda$new$0 - VUVCemMzZHZjbVF4TXlNPQ==
30 Mar 2025 16:27:35,633 INFO  ro.mpp2024.services.ArbitruService 18 lambda$new$0 - VFhsUVFITnpkekUwY21RPQ==
30 Mar 2025 16:27:35,633 INFO  ro.mpp2024.services.ArbitruService 18 lambda$new$0 - VUVCemMzZHZjbVF4TlNFPQ==
30 Mar 2025 16:27:35,634 INFO  ro.mpp2024.services.ArbitruService 18 lambda$new$0 - VTJWamRYSnBOM2xRUUhOek1UWT0=
30 Mar 2025 16:27:35,634 INFO  ro.mpp2024.services.ArbitruService 18 lambda$new$0 - VUVCemMzZHZjbVF4TnlNPQ==
30 Mar 2025 16:27:35,634 INFO  ro.mpp2024.services.ArbitruService 18 lambda$new$0 - VUVCemMzY3djbVF4T0NFPQ==
30 Mar 2025 16:27:35,634 INFO  ro.mpp2024.services.ArbitruService 18 lambda$new$0 - VFhsUVFITnpkekU1Y21RPQ==
30 Mar 2025 16:27:35,635 INFO  ro.mpp2024.services.RezultatService 26 <init> - Service Rezultat made
30 Mar 2025 16:27:35,635 TRACE ro.mpp2024.repository.RezultatRepository 169 listaParticiapntPuncteProbaDescrescator - Enter listaParticiapntPuncteProbaDescrescator
30 Mar 2025 16:27:35,635 TRACE ro.mpp2024.utils.JdbcUtils 48 getConnection - Enter
30 Mar 2025 16:27:35,635 TRACE ro.mpp2024.utils.JdbcUtils 57 getConnection - Exit with(org.sqlite.jdbc4.JDBC4Connection@2a8593e1)
30 Mar 2025 16:27:35,636 TRACE ro.mpp2024.repository.RezultatRepository 187 listaParticiapntPuncteProbaDescrescator - Enter Terminat dictionar
30 Mar 2025 16:27:45,130 INFO  ro.mpp2024.repository.ArbitruRepository 26 <init> - Initializing IArbitruRepository with properties: {} 
30 Mar 2025 16:27:45,133 INFO  ro.mpp2024.repository.ProbaRepository 25 <init> - Initializing ProbaRepository with properties: {} 
30 Mar 2025 16:27:45,135 INFO  ro.mpp2024.repository.ParticipantRepository 25 <init> - Initializing ParticipantRepository with properties: {} 
30 Mar 2025 16:27:45,136 INFO  ro.mpp2024.repository.RezultatRepository 26 <init> - Initializing RezultatRepository with properties: {} 
30 Mar 2025 16:27:45,137 INFO  ro.mpp2024.services.ArbitruService 16 <init> - Initializing ArbitruService
30 Mar 2025 16:27:45,138 TRACE ro.mpp2024.repository.ArbitruRepository 45 findAll - Enter findAll
30 Mar 2025 16:27:45,138 TRACE ro.mpp2024.utils.JdbcUtils 48 getConnection - Enter
30 Mar 2025 16:27:45,139 TRACE ro.mpp2024.utils.JdbcUtils 25 getNewConnection - Enter
30 Mar 2025 16:27:45,139 INFO  ro.mpp2024.utils.JdbcUtils 30 getNewConnection - trying to connect to database ... jdbc:sqlite:src/main/resources/triatlon.db
30 Mar 2025 16:27:45,139 INFO  ro.mpp2024.utils.JdbcUtils 31 getNewConnection - user: null
30 Mar 2025 16:27:45,140 INFO  ro.mpp2024.utils.JdbcUtils 32 getNewConnection - pass: null
30 Mar 2025 16:27:45,232 TRACE ro.mpp2024.utils.JdbcUtils 57 getConnection - Exit with(org.sqlite.jdbc4.JDBC4Connection@2a8593e1)
30 Mar 2025 16:27:45,235 TRACE ro.mpp2024.repository.ArbitruRepository 32 createEntityFromResultSet - Enter createEntityFromResultSet
30 Mar 2025 16:27:45,239 TRACE ro.mpp2024.repository.ArbitruRepository 39 createEntityFromResultSet - Exit with(Arbitru{nume='Alice Johnson', username='alice.j', password='UGFzc3cwcmQxIQ==', id_proba=s1})
30 Mar 2025 16:27:45,239 TRACE ro.mpp2024.repository.ArbitruRepository 32 createEntityFromResultSet - Enter createEntityFromResultSet
30 Mar 2025 16:27:45,239 TRACE ro.mpp2024.repository.ArbitruRepository 39 createEntityFromResultSet - Exit with(Arbitru{nume='Bob Smith', username='bob.smith', password='U2VjdXJlUEBzczI=', id_proba=c1})
30 Mar 2025 16:27:45,239 TRACE ro.mpp2024.repository.ArbitruRepository 32 createEntityFromResultSet - Enter createEntityFromResultSet
30 Mar 2025 16:27:45,239 TRACE ro.mpp2024.repository.ArbitruRepository 39 createEntityFromResultSet - Exit with(Arbitru{nume='Charlie Brown', username='charlie.b', password='TXlQQHNzdzNyZA==', id_proba=i1})
30 Mar 2025 16:27:45,240 TRACE ro.mpp2024.repository.ArbitruRepository 32 createEntityFromResultSet - Enter createEntityFromResultSet
30 Mar 2025 16:27:45,240 TRACE ro.mpp2024.repository.ArbitruRepository 39 createEntityFromResultSet - Exit with(Arbitru{nume='David Wilson', username='david.w', password='UEBzc3cwcmQ0VQ==', id_proba=s2})
30 Mar 2025 16:27:45,240 TRACE ro.mpp2024.repository.ArbitruRepository 32 createEntityFromResultSet - Enter createEntityFromResultSet
30 Mar 2025 16:27:45,240 TRACE ro.mpp2024.repository.ArbitruRepository 39 createEntityFromResultSet - Exit with(Arbitru{nume='Emma Davis', username='emma.d', password='UEBzc3dvcmQjNQ==', id_proba=c2})
30 Mar 2025 16:27:45,240 TRACE ro.mpp2024.repository.ArbitruRepository 32 createEntityFromResultSet - Enter createEntityFromResultSet
30 Mar 2025 16:27:45,240 TRACE ro.mpp2024.repository.ArbitruRepository 39 createEntityFromResultSet - Exit with(Arbitru{nume='Fiona Clark', username='fiona.c', password='U2VjcjN0UEBzczY=', id_proba=i2})
30 Mar 2025 16:27:45,240 TRACE ro.mpp2024.repository.ArbitruRepository 32 createEntityFromResultSet - Enter createEntityFromResultSet
30 Mar 2025 16:27:45,241 TRACE ro.mpp2024.repository.ArbitruRepository 39 createEntityFromResultSet - Exit with(Arbitru{nume='George Hall', username='george.h', password='UEBzc3cwcmQ3IQ==', id_proba=s3})
30 Mar 2025 16:27:45,241 TRACE ro.mpp2024.repository.ArbitruRepository 32 createEntityFromResultSet - Enter createEntityFromResultSet
30 Mar 2025 16:27:45,241 TRACE ro.mpp2024.repository.ArbitruRepository 39 createEntityFromResultSet - Exit with(Arbitru{nume='Hannah Lewis', username='hannah.l', password='TXlwQHNzdzhyZA==', id_proba=c3})
30 Mar 2025 16:27:45,241 TRACE ro.mpp2024.repository.ArbitruRepository 32 createEntityFromResultSet - Enter createEntityFromResultSet
30 Mar 2025 16:27:45,241 TRACE ro.mpp2024.repository.ArbitruRepository 39 createEntityFromResultSet - Exit with(Arbitru{nume='Ian Walker', username='ian.w', password='UEBzc3cwcmQ5Iw==', id_proba=i3})
30 Mar 2025 16:27:45,241 TRACE ro.mpp2024.repository.ArbitruRepository 32 createEntityFromResultSet - Enter createEntityFromResultSet
30 Mar 2025 16:27:45,241 TRACE ro.mpp2024.repository.ArbitruRepository 39 createEntityFromResultSet - Exit with(Arbitru{nume='Jack Martinez', username='jack.m', password='UEBzc3cwcmQxMA==', id_proba=s4})
30 Mar 2025 16:27:45,242 TRACE ro.mpp2024.repository.ArbitruRepository 32 createEntityFromResultSet - Enter createEntityFromResultSet
30 Mar 2025 16:27:45,242 TRACE ro.mpp2024.repository.ArbitruRepository 39 createEntityFromResultSet - Exit with(Arbitru{nume='Kara Young', username='kara.y', password='UEBzc3dvcmQxMSE=', id_proba=c4})
30 Mar 2025 16:27:45,242 TRACE ro.mpp2024.repository.ArbitruRepository 32 createEntityFromResultSet - Enter createEntityFromResultSet
30 Mar 2025 16:27:45,242 TRACE ro.mpp2024.repository.ArbitruRepository 39 createEntityFromResultSet - Exit with(Arbitru{nume='Liam King', username='liam.k', password='U2VjdXIzUEBzczEy', id_proba=i4})
30 Mar 2025 16:27:45,242 TRACE ro.mpp2024.repository.ArbitruRepository 32 createEntityFromResultSet - Enter createEntityFromResultSet
30 Mar 2025 16:27:45,243 TRACE ro.mpp2024.repository.ArbitruRepository 39 createEntityFromResultSet - Exit with(Arbitru{nume='Mia Scott', username='mia.s', password='UEBzc3dvcmQxMyM=', id_proba=s5})
30 Mar 2025 16:27:45,243 TRACE ro.mpp2024.repository.ArbitruRepository 32 createEntityFromResultSet - Enter createEntityFromResultSet
30 Mar 2025 16:27:45,243 TRACE ro.mpp2024.repository.ArbitruRepository 39 createEntityFromResultSet - Exit with(Arbitru{nume='Noah Green', username='noah.g', password='TXlQQHNzdzE0cmQ=', id_proba=c5})
30 Mar 2025 16:27:45,243 TRACE ro.mpp2024.repository.ArbitruRepository 32 createEntityFromResultSet - Enter createEntityFromResultSet
30 Mar 2025 16:27:45,243 TRACE ro.mpp2024.repository.ArbitruRepository 39 createEntityFromResultSet - Exit with(Arbitru{nume='Olivia Adams', username='olivia.a', password='UEBzc3dvcmQxNSE=', id_proba=i5})
30 Mar 2025 16:27:45,244 TRACE ro.mpp2024.repository.ArbitruRepository 32 createEntityFromResultSet - Enter createEntityFromResultSet
30 Mar 2025 16:27:45,244 TRACE ro.mpp2024.repository.ArbitruRepository 39 createEntityFromResultSet - Exit with(Arbitru{nume='Paul Baker', username='paul.b', password='U2VjdXJpN3lQQHNzMTY=', id_proba=s6})
30 Mar 2025 16:27:45,244 TRACE ro.mpp2024.repository.ArbitruRepository 32 createEntityFromResultSet - Enter createEntityFromResultSet
30 Mar 2025 16:27:45,244 TRACE ro.mpp2024.repository.ArbitruRepository 39 createEntityFromResultSet - Exit with(Arbitru{nume='Quinn Harris', username='quinn.h', password='UEBzc3dvcmQxNyM=', id_proba=c6})
30 Mar 2025 16:27:45,244 TRACE ro.mpp2024.repository.ArbitruRepository 32 createEntityFromResultSet - Enter createEntityFromResultSet
30 Mar 2025 16:27:45,244 TRACE ro.mpp2024.repository.ArbitruRepository 39 createEntityFromResultSet - Exit with(Arbitru{nume='Rachel Nelson', username='rachel.n', password='UEBzc3cwcmQxOCE=', id_proba=i6})
30 Mar 2025 16:27:45,244 TRACE ro.mpp2024.repository.ArbitruRepository 32 createEntityFromResultSet - Enter createEntityFromResultSet
30 Mar 2025 16:27:45,245 TRACE ro.mpp2024.repository.ArbitruRepository 39 createEntityFromResultSet - Exit with(Arbitru{nume='Sam Perez', username='sam.p', password='TXlQQHNzdzE5cmQ=', id_proba=c8})
30 Mar 2025 16:27:45,245 TRACE ro.mpp2024.repository.ArbitruRepository 61 findAll - Exit
30 Mar 2025 16:27:45,246 INFO  ro.mpp2024.services.ArbitruService 18 lambda$new$0 - VUdGemMzY3djbVF4SVE9PQ==
30 Mar 2025 16:27:45,246 INFO  ro.mpp2024.services.ArbitruService 18 lambda$new$0 - VTJWamRYSmxVRUJ6Y3pJPQ==
30 Mar 2025 16:27:45,247 INFO  ro.mpp2024.services.ArbitruService 18 lambda$new$0 - VFhsUVFITnpkek55WkE9PQ==
30 Mar 2025 16:27:45,247 INFO  ro.mpp2024.services.ArbitruService 18 lambda$new$0 - VUVCemMzY3djbVEwVlE9PQ==
30 Mar 2025 16:27:45,247 INFO  ro.mpp2024.services.ArbitruService 18 lambda$new$0 - VUVCemMzZHZjbVFqTlE9PQ==
30 Mar 2025 16:27:45,247 INFO  ro.mpp2024.services.ArbitruService 18 lambda$new$0 - VTJWamNqTjBVRUJ6Y3pZPQ==
30 Mar 2025 16:27:45,247 INFO  ro.mpp2024.services.ArbitruService 18 lambda$new$0 - VUVCemMzY3djbVEzSVE9PQ==
30 Mar 2025 16:27:45,247 INFO  ro.mpp2024.services.ArbitruService 18 lambda$new$0 - VFhsd1FITnpkemh5WkE9PQ==
30 Mar 2025 16:27:45,247 INFO  ro.mpp2024.services.ArbitruService 18 lambda$new$0 - VUVCemMzY3djbVE1SXc9PQ==
30 Mar 2025 16:27:45,247 INFO  ro.mpp2024.services.ArbitruService 18 lambda$new$0 - VUVCemMzY3djbVF4TUE9PQ==
30 Mar 2025 16:27:45,247 INFO  ro.mpp2024.services.ArbitruService 18 lambda$new$0 - VUVCemMzZHZjbVF4TVNFPQ==
30 Mar 2025 16:27:45,248 INFO  ro.mpp2024.services.ArbitruService 18 lambda$new$0 - VTJWamRYSXpVRUJ6Y3pFeQ==
30 Mar 2025 16:27:45,248 INFO  ro.mpp2024.services.ArbitruService 18 lambda$new$0 - VUVCemMzZHZjbVF4TXlNPQ==
30 Mar 2025 16:27:45,248 INFO  ro.mpp2024.services.ArbitruService 18 lambda$new$0 - VFhsUVFITnpkekUwY21RPQ==
30 Mar 2025 16:27:45,248 INFO  ro.mpp2024.services.ArbitruService 18 lambda$new$0 - VUVCemMzZHZjbVF4TlNFPQ==
30 Mar 2025 16:27:45,248 INFO  ro.mpp2024.services.ArbitruService 18 lambda$new$0 - VTJWamRYSnBOM2xRUUhOek1UWT0=
30 Mar 2025 16:27:45,248 INFO  ro.mpp2024.services.ArbitruService 18 lambda$new$0 - VUVCemMzZHZjbVF4TnlNPQ==
30 Mar 2025 16:27:45,248 INFO  ro.mpp2024.services.ArbitruService 18 lambda$new$0 - VUVCemMzY3djbVF4T0NFPQ==
30 Mar 2025 16:27:45,249 INFO  ro.mpp2024.services.ArbitruService 18 lambda$new$0 - VFhsUVFITnpkekU1Y21RPQ==
30 Mar 2025 16:27:45,249 INFO  ro.mpp2024.services.RezultatService 26 <init> - Service Rezultat made
30 Mar 2025 16:27:45,250 TRACE ro.mpp2024.repository.RezultatRepository 169 listaParticiapntPuncteProbaDescrescator - Enter listaParticiapntPuncteProbaDescrescator
30 Mar 2025 16:27:45,250 TRACE ro.mpp2024.utils.JdbcUtils 48 getConnection - Enter
30 Mar 2025 16:27:45,250 TRACE ro.mpp2024.utils.JdbcUtils 57 getConnection - Exit with(org.sqlite.jdbc4.JDBC4Connection@2a8593e1)
30 Mar 2025 16:27:45,251 TRACE ro.mpp2024.repository.RezultatRepository 187 listaParticiapntPuncteProbaDescrescator - Enter Terminat dictionar
30 Mar 2025 16:32:59,167 TRACE ro.mpp2024.utils.JdbcUtils 48 getConnection - Enter
30 Mar 2025 16:32:59,167 TRACE ro.mpp2024.utils.JdbcUtils 57 getConnection - Exit with(org.sqlite.jdbc4.JDBC4Connection@2a8593e1)
30 Mar 2025 16:34:23,637 TRACE ro.mpp2024.utils.JdbcUtils 48 getConnection - Enter
30 Mar 2025 16:34:23,638 TRACE ro.mpp2024.utils.JdbcUtils 57 getConnection - Exit with(org.sqlite.jdbc4.JDBC4Connection@2a8593e1)
30 Mar 2025 16:34:23,638 TRACE ro.mpp2024.repository.ArbitruRepository 32 createEntityFromResultSet - Enter createEntityFromResultSet
30 Mar 2025 16:34:23,638 TRACE ro.mpp2024.repository.ArbitruRepository 39 createEntityFromResultSet - Exit with(Arbitru{nume='Alice Johnson', username='alice.j', password='UGFzc3cwcmQxIQ==', id_proba=s1})
30 Mar 2025 16:34:23,701 TRACE ro.mpp2024.repository.RezultatRepository 145 listaParticipantiPuncteAlfabetic - Enter listaParticipantiPuncteAlfabetic
30 Mar 2025 16:34:23,702 TRACE ro.mpp2024.utils.JdbcUtils 48 getConnection - Enter
30 Mar 2025 16:34:23,702 TRACE ro.mpp2024.utils.JdbcUtils 57 getConnection - Exit with(org.sqlite.jdbc4.JDBC4Connection@2a8593e1)
30 Mar 2025 16:34:23,702 TRACE ro.mpp2024.repository.RezultatRepository 163 listaParticipantiPuncteAlfabetic - Enter Terminat dictionar
30 Mar 2025 16:34:23,703 TRACE ro.mpp2024.repository.RezultatRepository 169 listaParticiapntPuncteProbaDescrescator - Enter listaParticiapntPuncteProbaDescrescator
30 Mar 2025 16:34:23,703 TRACE ro.mpp2024.utils.JdbcUtils 48 getConnection - Enter
30 Mar 2025 16:34:23,703 TRACE ro.mpp2024.utils.JdbcUtils 57 getConnection - Exit with(org.sqlite.jdbc4.JDBC4Connection@2a8593e1)
30 Mar 2025 16:34:23,703 TRACE ro.mpp2024.repository.RezultatRepository 187 listaParticiapntPuncteProbaDescrescator - Enter Terminat dictionar
30 Mar 2025 16:34:23,708 TRACE ro.mpp2024.repository.ParticipantRepository 43 findAll - Enter
30 Mar 2025 16:34:23,709 TRACE ro.mpp2024.utils.JdbcUtils 48 getConnection - Enter
30 Mar 2025 16:34:23,709 TRACE ro.mpp2024.utils.JdbcUtils 57 getConnection - Exit with(org.sqlite.jdbc4.JDBC4Connection@2a8593e1)
30 Mar 2025 16:34:23,709 TRACE ro.mpp2024.repository.ParticipantRepository 31 createEntityFromResultSet - Enter createEntityFromResultSet
30 Mar 2025 16:34:23,709 TRACE ro.mpp2024.repository.ParticipantRepository 37 createEntityFromResultSet - Exit with(Popescu Ion)
30 Mar 2025 16:34:23,709 TRACE ro.mpp2024.repository.ParticipantRepository 31 createEntityFromResultSet - Enter createEntityFromResultSet
30 Mar 2025 16:34:23,709 TRACE ro.mpp2024.repository.ParticipantRepository 37 createEntityFromResultSet - Exit with(Ionescu Maria)
30 Mar 2025 16:34:23,709 TRACE ro.mpp2024.repository.ParticipantRepository 31 createEntityFromResultSet - Enter createEntityFromResultSet
30 Mar 2025 16:34:23,710 TRACE ro.mpp2024.repository.ParticipantRepository 37 createEntityFromResultSet - Exit with(Georgescu Andrei)
30 Mar 2025 16:34:23,710 TRACE ro.mpp2024.repository.ParticipantRepository 31 createEntityFromResultSet - Enter createEntityFromResultSet
30 Mar 2025 16:34:23,710 TRACE ro.mpp2024.repository.ParticipantRepository 37 createEntityFromResultSet - Exit with(Dumitrescu Elena)
30 Mar 2025 16:34:23,710 TRACE ro.mpp2024.repository.ParticipantRepository 31 createEntityFromResultSet - Enter createEntityFromResultSet
30 Mar 2025 16:34:23,710 TRACE ro.mpp2024.repository.ParticipantRepository 37 createEntityFromResultSet - Exit with(Popa Mihai)
30 Mar 2025 16:34:23,710 TRACE ro.mpp2024.repository.ParticipantRepository 31 createEntityFromResultSet - Enter createEntityFromResultSet
30 Mar 2025 16:34:23,710 TRACE ro.mpp2024.repository.ParticipantRepository 37 createEntityFromResultSet - Exit with(Stan Ioana)
30 Mar 2025 16:34:23,710 TRACE ro.mpp2024.repository.ParticipantRepository 31 createEntityFromResultSet - Enter createEntityFromResultSet
30 Mar 2025 16:34:23,710 TRACE ro.mpp2024.repository.ParticipantRepository 37 createEntityFromResultSet - Exit with(Radu Cristian)
30 Mar 2025 16:34:23,711 TRACE ro.mpp2024.repository.ParticipantRepository 31 createEntityFromResultSet - Enter createEntityFromResultSet
30 Mar 2025 16:34:23,711 TRACE ro.mpp2024.repository.ParticipantRepository 37 createEntityFromResultSet - Exit with(Marin Ana)
30 Mar 2025 16:34:23,711 TRACE ro.mpp2024.repository.ParticipantRepository 31 createEntityFromResultSet - Enter createEntityFromResultSet
30 Mar 2025 16:34:23,711 TRACE ro.mpp2024.repository.ParticipantRepository 37 createEntityFromResultSet - Exit with(Tudor Alexandru)
30 Mar 2025 16:34:23,711 TRACE ro.mpp2024.repository.ParticipantRepository 31 createEntityFromResultSet - Enter createEntityFromResultSet
30 Mar 2025 16:34:23,711 TRACE ro.mpp2024.repository.ParticipantRepository 37 createEntityFromResultSet - Exit with(Petrescu Gabriel)
30 Mar 2025 16:34:23,711 TRACE ro.mpp2024.repository.ParticipantRepository 31 createEntityFromResultSet - Enter createEntityFromResultSet
30 Mar 2025 16:34:23,711 TRACE ro.mpp2024.repository.ParticipantRepository 37 createEntityFromResultSet - Exit with(Iliescu Daniela)
30 Mar 2025 16:34:23,711 TRACE ro.mpp2024.repository.ParticipantRepository 31 createEntityFromResultSet - Enter createEntityFromResultSet
30 Mar 2025 16:34:23,711 TRACE ro.mpp2024.repository.ParticipantRepository 37 createEntityFromResultSet - Exit with(Vasilescu Florin)
30 Mar 2025 16:34:23,711 TRACE ro.mpp2024.repository.ParticipantRepository 31 createEntityFromResultSet - Enter createEntityFromResultSet
30 Mar 2025 16:34:23,712 TRACE ro.mpp2024.repository.ParticipantRepository 37 createEntityFromResultSet - Exit with(Dobre Adriana)
30 Mar 2025 16:34:23,712 TRACE ro.mpp2024.repository.ParticipantRepository 31 createEntityFromResultSet - Enter createEntityFromResultSet
30 Mar 2025 16:34:23,712 TRACE ro.mpp2024.repository.ParticipantRepository 37 createEntityFromResultSet - Exit with(Munteanu Sorin)
30 Mar 2025 16:34:23,712 TRACE ro.mpp2024.repository.ParticipantRepository 31 createEntityFromResultSet - Enter createEntityFromResultSet
30 Mar 2025 16:34:23,712 TRACE ro.mpp2024.repository.ParticipantRepository 37 createEntityFromResultSet - Exit with(Nistor Carmen)
30 Mar 2025 16:34:23,712 TRACE ro.mpp2024.repository.ParticipantRepository 31 createEntityFromResultSet - Enter createEntityFromResultSet
30 Mar 2025 16:34:23,712 TRACE ro.mpp2024.repository.ParticipantRepository 37 createEntityFromResultSet - Exit with(Lazar Roxana)
30 Mar 2025 16:34:23,712 TRACE ro.mpp2024.repository.ParticipantRepository 31 createEntityFromResultSet - Enter createEntityFromResultSet
30 Mar 2025 16:34:23,712 TRACE ro.mpp2024.repository.ParticipantRepository 37 createEntityFromResultSet - Exit with(Gheorghe Vlad)
30 Mar 2025 16:34:23,712 TRACE ro.mpp2024.repository.ParticipantRepository 31 createEntityFromResultSet - Enter createEntityFromResultSet
30 Mar 2025 16:34:23,713 TRACE ro.mpp2024.repository.ParticipantRepository 37 createEntityFromResultSet - Exit with(Barbu Irina)
30 Mar 2025 16:34:23,713 TRACE ro.mpp2024.repository.ParticipantRepository 31 createEntityFromResultSet - Enter createEntityFromResultSet
30 Mar 2025 16:34:23,713 TRACE ro.mpp2024.repository.ParticipantRepository 37 createEntityFromResultSet - Exit with(Constantin Marius)
30 Mar 2025 16:34:23,713 TRACE ro.mpp2024.repository.ParticipantRepository 31 createEntityFromResultSet - Enter createEntityFromResultSet
30 Mar 2025 16:34:23,713 TRACE ro.mpp2024.repository.ParticipantRepository 37 createEntityFromResultSet - Exit with(Enache Laura)
30 Mar 2025 16:34:23,713 TRACE ro.mpp2024.repository.ParticipantRepository 31 createEntityFromResultSet - Enter createEntityFromResultSet
30 Mar 2025 16:34:23,714 TRACE ro.mpp2024.repository.ParticipantRepository 37 createEntityFromResultSet - Exit with(Dragomir Adrian)
30 Mar 2025 16:34:23,714 TRACE ro.mpp2024.repository.ParticipantRepository 31 createEntityFromResultSet - Enter createEntityFromResultSet
30 Mar 2025 16:34:23,714 TRACE ro.mpp2024.repository.ParticipantRepository 37 createEntityFromResultSet - Exit with(Filip Bianca)
30 Mar 2025 16:34:23,714 TRACE ro.mpp2024.repository.ParticipantRepository 31 createEntityFromResultSet - Enter createEntityFromResultSet
30 Mar 2025 16:34:23,714 TRACE ro.mpp2024.repository.ParticipantRepository 37 createEntityFromResultSet - Exit with(Grigore Stefan)
30 Mar 2025 16:34:23,714 TRACE ro.mpp2024.repository.ParticipantRepository 31 createEntityFromResultSet - Enter createEntityFromResultSet
30 Mar 2025 16:34:23,714 TRACE ro.mpp2024.repository.ParticipantRepository 37 createEntityFromResultSet - Exit with(Hagi Diana)
30 Mar 2025 16:34:23,714 TRACE ro.mpp2024.repository.ParticipantRepository 31 createEntityFromResultSet - Enter createEntityFromResultSet
30 Mar 2025 16:34:23,715 TRACE ro.mpp2024.repository.ParticipantRepository 37 createEntityFromResultSet - Exit with(Iacob Radu)
30 Mar 2025 16:34:23,715 TRACE ro.mpp2024.repository.ParticipantRepository 31 createEntityFromResultSet - Enter createEntityFromResultSet
30 Mar 2025 16:34:23,715 TRACE ro.mpp2024.repository.ParticipantRepository 37 createEntityFromResultSet - Exit with(Jianu Oana)
30 Mar 2025 16:34:23,715 TRACE ro.mpp2024.repository.ParticipantRepository 31 createEntityFromResultSet - Enter createEntityFromResultSet
30 Mar 2025 16:34:23,715 TRACE ro.mpp2024.repository.ParticipantRepository 37 createEntityFromResultSet - Exit with(Kovacs Cristina)
30 Mar 2025 16:34:23,715 TRACE ro.mpp2024.repository.ParticipantRepository 31 createEntityFromResultSet - Enter createEntityFromResultSet
30 Mar 2025 16:34:23,715 TRACE ro.mpp2024.repository.ParticipantRepository 37 createEntityFromResultSet - Exit with(Lupu George)
30 Mar 2025 16:34:23,715 TRACE ro.mpp2024.repository.ParticipantRepository 31 createEntityFromResultSet - Enter createEntityFromResultSet
30 Mar 2025 16:34:23,715 TRACE ro.mpp2024.repository.ParticipantRepository 37 createEntityFromResultSet - Exit with(Manole Simona)
30 Mar 2025 16:34:23,715 TRACE ro.mpp2024.repository.ParticipantRepository 31 createEntityFromResultSet - Enter createEntityFromResultSet
30 Mar 2025 16:34:23,715 TRACE ro.mpp2024.repository.ParticipantRepository 37 createEntityFromResultSet - Exit with(Nedelcu Alexandra)
30 Mar 2025 16:34:23,715 TRACE ro.mpp2024.repository.ParticipantRepository 31 createEntityFromResultSet - Enter createEntityFromResultSet
30 Mar 2025 16:34:23,716 TRACE ro.mpp2024.repository.ParticipantRepository 37 createEntityFromResultSet - Exit with(Oprea Bogdan)
30 Mar 2025 16:34:23,716 TRACE ro.mpp2024.repository.ParticipantRepository 31 createEntityFromResultSet - Enter createEntityFromResultSet
30 Mar 2025 16:34:23,716 TRACE ro.mpp2024.repository.ParticipantRepository 37 createEntityFromResultSet - Exit with(Pavel Monica)
30 Mar 2025 16:34:23,716 TRACE ro.mpp2024.repository.ParticipantRepository 31 createEntityFromResultSet - Enter createEntityFromResultSet
30 Mar 2025 16:34:23,716 TRACE ro.mpp2024.repository.ParticipantRepository 37 createEntityFromResultSet - Exit with(Rusu Andreea)
30 Mar 2025 16:34:23,716 TRACE ro.mpp2024.repository.ParticipantRepository 31 createEntityFromResultSet - Enter createEntityFromResultSet
30 Mar 2025 16:34:23,716 TRACE ro.mpp2024.repository.ParticipantRepository 37 createEntityFromResultSet - Exit with(Sandu Victor)
30 Mar 2025 16:34:23,716 TRACE ro.mpp2024.repository.ParticipantRepository 31 createEntityFromResultSet - Enter createEntityFromResultSet
30 Mar 2025 16:34:23,717 TRACE ro.mpp2024.repository.ParticipantRepository 37 createEntityFromResultSet - Exit with(Toma Gabriela)
30 Mar 2025 16:34:23,717 TRACE ro.mpp2024.repository.ParticipantRepository 31 createEntityFromResultSet - Enter createEntityFromResultSet
30 Mar 2025 16:34:23,717 TRACE ro.mpp2024.repository.ParticipantRepository 37 createEntityFromResultSet - Exit with(Ursu Mihail)
30 Mar 2025 16:34:23,717 TRACE ro.mpp2024.repository.ParticipantRepository 31 createEntityFromResultSet - Enter createEntityFromResultSet
30 Mar 2025 16:34:23,717 TRACE ro.mpp2024.repository.ParticipantRepository 37 createEntityFromResultSet - Exit with(Vlad Anca)
30 Mar 2025 16:34:23,717 TRACE ro.mpp2024.repository.ParticipantRepository 31 createEntityFromResultSet - Enter createEntityFromResultSet
30 Mar 2025 16:34:23,718 TRACE ro.mpp2024.repository.ParticipantRepository 37 createEntityFromResultSet - Exit with(Zamfir Lucian)
30 Mar 2025 16:34:23,718 TRACE ro.mpp2024.repository.ParticipantRepository 31 createEntityFromResultSet - Enter createEntityFromResultSet
30 Mar 2025 16:34:23,718 TRACE ro.mpp2024.repository.ParticipantRepository 37 createEntityFromResultSet - Exit with(Voicu Raluca)
30 Mar 2025 16:34:23,718 TRACE ro.mpp2024.repository.ParticipantRepository 31 createEntityFromResultSet - Enter createEntityFromResultSet
30 Mar 2025 16:34:23,718 TRACE ro.mpp2024.repository.ParticipantRepository 37 createEntityFromResultSet - Exit with(nume prenume)
30 Mar 2025 16:34:23,720 TRACE ro.mpp2024.repository.ParticipantRepository 57 findAll - Exit with([Popescu Ion, Ionescu Maria, Georgescu Andrei, Dumitrescu Elena, Popa Mihai, Stan Ioana, Radu Cristian, Marin Ana, Tudor Alexandru, Petrescu Gabriel, Iliescu Daniela, Vasilescu Florin, Dobre Adriana, Munteanu Sorin, Nistor Carmen, Lazar Roxana, Gheorghe Vlad, Barbu Irina, Constantin Marius, Enache Laura, Dragomir Adrian, Filip Bianca, Grigore Stefan, Hagi Diana, Iacob Radu, Jianu Oana, Kovacs Cristina, Lupu George, Manole Simona, Nedelcu Alexandra, Oprea Bogdan, Pavel Monica, Rusu Andreea, Sandu Victor, Toma Gabriela, Ursu Mihail, Vlad Anca, Zamfir Lucian, Voicu Raluca, nume prenume])
30 Mar 2025 16:36:18,475 INFO  ro.mpp2024.repository.ArbitruRepository 26 <init> - Initializing IArbitruRepository with properties: {} 
30 Mar 2025 16:36:18,479 INFO  ro.mpp2024.repository.ProbaRepository 25 <init> - Initializing ProbaRepository with properties: {} 
30 Mar 2025 16:36:18,480 INFO  ro.mpp2024.repository.ParticipantRepository 25 <init> - Initializing ParticipantRepository with properties: {} 
30 Mar 2025 16:36:18,482 INFO  ro.mpp2024.repository.RezultatRepository 26 <init> - Initializing RezultatRepository with properties: {} 
30 Mar 2025 16:36:18,483 INFO  ro.mpp2024.services.ArbitruService 16 <init> - Initializing ArbitruService
30 Mar 2025 16:36:18,484 TRACE ro.mpp2024.repository.ArbitruRepository 45 findAll - Enter findAll
30 Mar 2025 16:36:18,485 TRACE ro.mpp2024.utils.JdbcUtils 48 getConnection - Enter
30 Mar 2025 16:36:18,485 TRACE ro.mpp2024.utils.JdbcUtils 25 getNewConnection - Enter
30 Mar 2025 16:36:18,485 INFO  ro.mpp2024.utils.JdbcUtils 30 getNewConnection - trying to connect to database ... jdbc:sqlite:src/main/resources/triatlon.db
30 Mar 2025 16:36:18,486 INFO  ro.mpp2024.utils.JdbcUtils 31 getNewConnection - user: null
30 Mar 2025 16:36:18,486 INFO  ro.mpp2024.utils.JdbcUtils 32 getNewConnection - pass: null
30 Mar 2025 16:36:18,574 TRACE ro.mpp2024.utils.JdbcUtils 57 getConnection - Exit with(org.sqlite.jdbc4.JDBC4Connection@2a8593e1)
30 Mar 2025 16:36:18,576 TRACE ro.mpp2024.repository.ArbitruRepository 32 createEntityFromResultSet - Enter createEntityFromResultSet
30 Mar 2025 16:36:18,580 TRACE ro.mpp2024.repository.ArbitruRepository 39 createEntityFromResultSet - Exit with(Arbitru{nume='Alice Johnson', username='alice.j', password='UGFzc3cwcmQxIQ==', id_proba=s1})
30 Mar 2025 16:36:18,581 TRACE ro.mpp2024.repository.ArbitruRepository 32 createEntityFromResultSet - Enter createEntityFromResultSet
30 Mar 2025 16:36:18,581 TRACE ro.mpp2024.repository.ArbitruRepository 39 createEntityFromResultSet - Exit with(Arbitru{nume='Bob Smith', username='bob.smith', password='U2VjdXJlUEBzczI=', id_proba=c1})
30 Mar 2025 16:36:18,581 TRACE ro.mpp2024.repository.ArbitruRepository 32 createEntityFromResultSet - Enter createEntityFromResultSet
30 Mar 2025 16:36:18,581 TRACE ro.mpp2024.repository.ArbitruRepository 39 createEntityFromResultSet - Exit with(Arbitru{nume='Charlie Brown', username='charlie.b', password='TXlQQHNzdzNyZA==', id_proba=i1})
30 Mar 2025 16:36:18,581 TRACE ro.mpp2024.repository.ArbitruRepository 32 createEntityFromResultSet - Enter createEntityFromResultSet
30 Mar 2025 16:36:18,582 TRACE ro.mpp2024.repository.ArbitruRepository 39 createEntityFromResultSet - Exit with(Arbitru{nume='David Wilson', username='david.w', password='UEBzc3cwcmQ0VQ==', id_proba=s2})
30 Mar 2025 16:36:18,582 TRACE ro.mpp2024.repository.ArbitruRepository 32 createEntityFromResultSet - Enter createEntityFromResultSet
30 Mar 2025 16:36:18,582 TRACE ro.mpp2024.repository.ArbitruRepository 39 createEntityFromResultSet - Exit with(Arbitru{nume='Emma Davis', username='emma.d', password='UEBzc3dvcmQjNQ==', id_proba=c2})
30 Mar 2025 16:36:18,582 TRACE ro.mpp2024.repository.ArbitruRepository 32 createEntityFromResultSet - Enter createEntityFromResultSet
30 Mar 2025 16:36:18,582 TRACE ro.mpp2024.repository.ArbitruRepository 39 createEntityFromResultSet - Exit with(Arbitru{nume='Fiona Clark', username='fiona.c', password='U2VjcjN0UEBzczY=', id_proba=i2})
30 Mar 2025 16:36:18,582 TRACE ro.mpp2024.repository.ArbitruRepository 32 createEntityFromResultSet - Enter createEntityFromResultSet
30 Mar 2025 16:36:18,582 TRACE ro.mpp2024.repository.ArbitruRepository 39 createEntityFromResultSet - Exit with(Arbitru{nume='George Hall', username='george.h', password='UEBzc3cwcmQ3IQ==', id_proba=s3})
30 Mar 2025 16:36:18,582 TRACE ro.mpp2024.repository.ArbitruRepository 32 createEntityFromResultSet - Enter createEntityFromResultSet
30 Mar 2025 16:36:18,583 TRACE ro.mpp2024.repository.ArbitruRepository 39 createEntityFromResultSet - Exit with(Arbitru{nume='Hannah Lewis', username='hannah.l', password='TXlwQHNzdzhyZA==', id_proba=c3})
30 Mar 2025 16:36:18,583 TRACE ro.mpp2024.repository.ArbitruRepository 32 createEntityFromResultSet - Enter createEntityFromResultSet
30 Mar 2025 16:36:18,583 TRACE ro.mpp2024.repository.ArbitruRepository 39 createEntityFromResultSet - Exit with(Arbitru{nume='Ian Walker', username='ian.w', password='UEBzc3cwcmQ5Iw==', id_proba=i3})
30 Mar 2025 16:36:18,583 TRACE ro.mpp2024.repository.ArbitruRepository 32 createEntityFromResultSet - Enter createEntityFromResultSet
30 Mar 2025 16:36:18,583 TRACE ro.mpp2024.repository.ArbitruRepository 39 createEntityFromResultSet - Exit with(Arbitru{nume='Jack Martinez', username='jack.m', password='UEBzc3cwcmQxMA==', id_proba=s4})
30 Mar 2025 16:36:18,584 TRACE ro.mpp2024.repository.ArbitruRepository 32 createEntityFromResultSet - Enter createEntityFromResultSet
30 Mar 2025 16:36:18,584 TRACE ro.mpp2024.repository.ArbitruRepository 39 createEntityFromResultSet - Exit with(Arbitru{nume='Kara Young', username='kara.y', password='UEBzc3dvcmQxMSE=', id_proba=c4})
30 Mar 2025 16:36:18,584 TRACE ro.mpp2024.repository.ArbitruRepository 32 createEntityFromResultSet - Enter createEntityFromResultSet
30 Mar 2025 16:36:18,584 TRACE ro.mpp2024.repository.ArbitruRepository 39 createEntityFromResultSet - Exit with(Arbitru{nume='Liam King', username='liam.k', password='U2VjdXIzUEBzczEy', id_proba=i4})
30 Mar 2025 16:36:18,584 TRACE ro.mpp2024.repository.ArbitruRepository 32 createEntityFromResultSet - Enter createEntityFromResultSet
30 Mar 2025 16:36:18,584 TRACE ro.mpp2024.repository.ArbitruRepository 39 createEntityFromResultSet - Exit with(Arbitru{nume='Mia Scott', username='mia.s', password='UEBzc3dvcmQxMyM=', id_proba=s5})
30 Mar 2025 16:36:18,585 TRACE ro.mpp2024.repository.ArbitruRepository 32 createEntityFromResultSet - Enter createEntityFromResultSet
30 Mar 2025 16:36:18,585 TRACE ro.mpp2024.repository.ArbitruRepository 39 createEntityFromResultSet - Exit with(Arbitru{nume='Noah Green', username='noah.g', password='TXlQQHNzdzE0cmQ=', id_proba=c5})
30 Mar 2025 16:36:18,585 TRACE ro.mpp2024.repository.ArbitruRepository 32 createEntityFromResultSet - Enter createEntityFromResultSet
30 Mar 2025 16:36:18,585 TRACE ro.mpp2024.repository.ArbitruRepository 39 createEntityFromResultSet - Exit with(Arbitru{nume='Olivia Adams', username='olivia.a', password='UEBzc3dvcmQxNSE=', id_proba=i5})
30 Mar 2025 16:36:18,585 TRACE ro.mpp2024.repository.ArbitruRepository 32 createEntityFromResultSet - Enter createEntityFromResultSet
30 Mar 2025 16:36:18,586 TRACE ro.mpp2024.repository.ArbitruRepository 39 createEntityFromResultSet - Exit with(Arbitru{nume='Paul Baker', username='paul.b', password='U2VjdXJpN3lQQHNzMTY=', id_proba=s6})
30 Mar 2025 16:36:18,586 TRACE ro.mpp2024.repository.ArbitruRepository 32 createEntityFromResultSet - Enter createEntityFromResultSet
30 Mar 2025 16:36:18,586 TRACE ro.mpp2024.repository.ArbitruRepository 39 createEntityFromResultSet - Exit with(Arbitru{nume='Quinn Harris', username='quinn.h', password='UEBzc3dvcmQxNyM=', id_proba=c6})
30 Mar 2025 16:36:18,586 TRACE ro.mpp2024.repository.ArbitruRepository 32 createEntityFromResultSet - Enter createEntityFromResultSet
30 Mar 2025 16:36:18,586 TRACE ro.mpp2024.repository.ArbitruRepository 39 createEntityFromResultSet - Exit with(Arbitru{nume='Rachel Nelson', username='rachel.n', password='UEBzc3cwcmQxOCE=', id_proba=i6})
30 Mar 2025 16:36:18,587 TRACE ro.mpp2024.repository.ArbitruRepository 32 createEntityFromResultSet - Enter createEntityFromResultSet
30 Mar 2025 16:36:18,587 TRACE ro.mpp2024.repository.ArbitruRepository 39 createEntityFromResultSet - Exit with(Arbitru{nume='Sam Perez', username='sam.p', password='TXlQQHNzdzE5cmQ=', id_proba=c8})
30 Mar 2025 16:36:18,587 TRACE ro.mpp2024.repository.ArbitruRepository 61 findAll - Exit
30 Mar 2025 16:36:18,589 INFO  ro.mpp2024.services.ArbitruService 18 lambda$new$0 - VUdGemMzY3djbVF4SVE9PQ==
30 Mar 2025 16:36:18,589 INFO  ro.mpp2024.services.ArbitruService 18 lambda$new$0 - VTJWamRYSmxVRUJ6Y3pJPQ==
30 Mar 2025 16:36:18,589 INFO  ro.mpp2024.services.ArbitruService 18 lambda$new$0 - VFhsUVFITnpkek55WkE9PQ==
30 Mar 2025 16:36:18,589 INFO  ro.mpp2024.services.ArbitruService 18 lambda$new$0 - VUVCemMzY3djbVEwVlE9PQ==
30 Mar 2025 16:36:18,589 INFO  ro.mpp2024.services.ArbitruService 18 lambda$new$0 - VUVCemMzZHZjbVFqTlE9PQ==
30 Mar 2025 16:36:18,590 INFO  ro.mpp2024.services.ArbitruService 18 lambda$new$0 - VTJWamNqTjBVRUJ6Y3pZPQ==
30 Mar 2025 16:36:18,590 INFO  ro.mpp2024.services.ArbitruService 18 lambda$new$0 - VUVCemMzY3djbVEzSVE9PQ==
30 Mar 2025 16:36:18,590 INFO  ro.mpp2024.services.ArbitruService 18 lambda$new$0 - VFhsd1FITnpkemh5WkE9PQ==
30 Mar 2025 16:36:18,590 INFO  ro.mpp2024.services.ArbitruService 18 lambda$new$0 - VUVCemMzY3djbVE1SXc9PQ==
30 Mar 2025 16:36:18,590 INFO  ro.mpp2024.services.ArbitruService 18 lambda$new$0 - VUVCemMzY3djbVF4TUE9PQ==
30 Mar 2025 16:36:18,590 INFO  ro.mpp2024.services.ArbitruService 18 lambda$new$0 - VUVCemMzZHZjbVF4TVNFPQ==
30 Mar 2025 16:36:18,590 INFO  ro.mpp2024.services.ArbitruService 18 lambda$new$0 - VTJWamRYSXpVRUJ6Y3pFeQ==
30 Mar 2025 16:36:18,591 INFO  ro.mpp2024.services.ArbitruService 18 lambda$new$0 - VUVCemMzZHZjbVF4TXlNPQ==
30 Mar 2025 16:36:18,591 INFO  ro.mpp2024.services.ArbitruService 18 lambda$new$0 - VFhsUVFITnpkekUwY21RPQ==
30 Mar 2025 16:36:18,591 INFO  ro.mpp2024.services.ArbitruService 18 lambda$new$0 - VUVCemMzZHZjbVF4TlNFPQ==
30 Mar 2025 16:36:18,591 INFO  ro.mpp2024.services.ArbitruService 18 lambda$new$0 - VTJWamRYSnBOM2xRUUhOek1UWT0=
30 Mar 2025 16:36:18,591 INFO  ro.mpp2024.services.ArbitruService 18 lambda$new$0 - VUVCemMzZHZjbVF4TnlNPQ==
30 Mar 2025 16:36:18,591 INFO  ro.mpp2024.services.ArbitruService 18 lambda$new$0 - VUVCemMzY3djbVF4T0NFPQ==
30 Mar 2025 16:36:18,591 INFO  ro.mpp2024.services.ArbitruService 18 lambda$new$0 - VFhsUVFITnpkekU1Y21RPQ==
30 Mar 2025 16:36:18,592 INFO  ro.mpp2024.services.RezultatService 26 <init> - Service Rezultat made
30 Mar 2025 16:36:18,592 TRACE ro.mpp2024.repository.RezultatRepository 169 listaParticiapntPuncteProbaDescrescator - Enter listaParticiapntPuncteProbaDescrescator
30 Mar 2025 16:36:18,592 TRACE ro.mpp2024.utils.JdbcUtils 48 getConnection - Enter
30 Mar 2025 16:36:18,593 TRACE ro.mpp2024.utils.JdbcUtils 57 getConnection - Exit with(org.sqlite.jdbc4.JDBC4Connection@2a8593e1)
30 Mar 2025 16:36:18,593 TRACE ro.mpp2024.repository.RezultatRepository 187 listaParticiapntPuncteProbaDescrescator - Enter Terminat dictionar
30 Mar 2025 16:36:32,168 TRACE ro.mpp2024.utils.JdbcUtils 48 getConnection - Enter
30 Mar 2025 16:36:32,168 TRACE ro.mpp2024.utils.JdbcUtils 57 getConnection - Exit with(org.sqlite.jdbc4.JDBC4Connection@2a8593e1)
30 Mar 2025 16:36:32,169 TRACE ro.mpp2024.repository.ArbitruRepository 32 createEntityFromResultSet - Enter createEntityFromResultSet
30 Mar 2025 16:36:32,169 TRACE ro.mpp2024.repository.ArbitruRepository 39 createEntityFromResultSet - Exit with(Arbitru{nume='Alice Johnson', username='alice.j', password='UGFzc3cwcmQxIQ==', id_proba=s1})
30 Mar 2025 16:36:32,212 TRACE ro.mpp2024.repository.RezultatRepository 145 listaParticipantiPuncteAlfabetic - Enter listaParticipantiPuncteAlfabetic
30 Mar 2025 16:36:32,212 TRACE ro.mpp2024.utils.JdbcUtils 48 getConnection - Enter
30 Mar 2025 16:36:32,212 TRACE ro.mpp2024.utils.JdbcUtils 57 getConnection - Exit with(org.sqlite.jdbc4.JDBC4Connection@2a8593e1)
30 Mar 2025 16:36:32,213 TRACE ro.mpp2024.repository.RezultatRepository 163 listaParticipantiPuncteAlfabetic - Enter Terminat dictionar
30 Mar 2025 16:36:32,213 TRACE ro.mpp2024.repository.RezultatRepository 169 listaParticiapntPuncteProbaDescrescator - Enter listaParticiapntPuncteProbaDescrescator
30 Mar 2025 16:36:32,213 TRACE ro.mpp2024.utils.JdbcUtils 48 getConnection - Enter
30 Mar 2025 16:36:32,213 TRACE ro.mpp2024.utils.JdbcUtils 57 getConnection - Exit with(org.sqlite.jdbc4.JDBC4Connection@2a8593e1)
30 Mar 2025 16:36:32,214 TRACE ro.mpp2024.repository.RezultatRepository 187 listaParticiapntPuncteProbaDescrescator - Enter Terminat dictionar
30 Mar 2025 16:36:32,217 TRACE ro.mpp2024.repository.ParticipantRepository 43 findAll - Enter
30 Mar 2025 16:36:32,217 TRACE ro.mpp2024.utils.JdbcUtils 48 getConnection - Enter
30 Mar 2025 16:36:32,217 TRACE ro.mpp2024.utils.JdbcUtils 57 getConnection - Exit with(org.sqlite.jdbc4.JDBC4Connection@2a8593e1)
30 Mar 2025 16:36:32,218 TRACE ro.mpp2024.repository.ParticipantRepository 31 createEntityFromResultSet - Enter createEntityFromResultSet
30 Mar 2025 16:36:32,218 TRACE ro.mpp2024.repository.ParticipantRepository 37 createEntityFromResultSet - Exit with(Popescu Ion)
30 Mar 2025 16:36:32,218 TRACE ro.mpp2024.repository.ParticipantRepository 31 createEntityFromResultSet - Enter createEntityFromResultSet
30 Mar 2025 16:36:32,219 TRACE ro.mpp2024.repository.ParticipantRepository 37 createEntityFromResultSet - Exit with(Ionescu Maria)
30 Mar 2025 16:36:32,219 TRACE ro.mpp2024.repository.ParticipantRepository 31 createEntityFromResultSet - Enter createEntityFromResultSet
30 Mar 2025 16:36:32,219 TRACE ro.mpp2024.repository.ParticipantRepository 37 createEntityFromResultSet - Exit with(Georgescu Andrei)
30 Mar 2025 16:36:32,219 TRACE ro.mpp2024.repository.ParticipantRepository 31 createEntityFromResultSet - Enter createEntityFromResultSet
30 Mar 2025 16:36:32,219 TRACE ro.mpp2024.repository.ParticipantRepository 37 createEntityFromResultSet - Exit with(Dumitrescu Elena)
30 Mar 2025 16:36:32,219 TRACE ro.mpp2024.repository.ParticipantRepository 31 createEntityFromResultSet - Enter createEntityFromResultSet
30 Mar 2025 16:36:32,219 TRACE ro.mpp2024.repository.ParticipantRepository 37 createEntityFromResultSet - Exit with(Popa Mihai)
30 Mar 2025 16:36:32,219 TRACE ro.mpp2024.repository.ParticipantRepository 31 createEntityFromResultSet - Enter createEntityFromResultSet
30 Mar 2025 16:36:32,219 TRACE ro.mpp2024.repository.ParticipantRepository 37 createEntityFromResultSet - Exit with(Stan Ioana)
30 Mar 2025 16:36:32,220 TRACE ro.mpp2024.repository.ParticipantRepository 31 createEntityFromResultSet - Enter createEntityFromResultSet
30 Mar 2025 16:36:32,220 TRACE ro.mpp2024.repository.ParticipantRepository 37 createEntityFromResultSet - Exit with(Radu Cristian)
30 Mar 2025 16:36:32,220 TRACE ro.mpp2024.repository.ParticipantRepository 31 createEntityFromResultSet - Enter createEntityFromResultSet
30 Mar 2025 16:36:32,220 TRACE ro.mpp2024.repository.ParticipantRepository 37 createEntityFromResultSet - Exit with(Marin Ana)
30 Mar 2025 16:36:32,220 TRACE ro.mpp2024.repository.ParticipantRepository 31 createEntityFromResultSet - Enter createEntityFromResultSet
30 Mar 2025 16:36:32,220 TRACE ro.mpp2024.repository.ParticipantRepository 37 createEntityFromResultSet - Exit with(Tudor Alexandru)
30 Mar 2025 16:36:32,220 TRACE ro.mpp2024.repository.ParticipantRepository 31 createEntityFromResultSet - Enter createEntityFromResultSet
30 Mar 2025 16:36:32,220 TRACE ro.mpp2024.repository.ParticipantRepository 37 createEntityFromResultSet - Exit with(Petrescu Gabriel)
30 Mar 2025 16:36:32,220 TRACE ro.mpp2024.repository.ParticipantRepository 31 createEntityFromResultSet - Enter createEntityFromResultSet
30 Mar 2025 16:36:32,220 TRACE ro.mpp2024.repository.ParticipantRepository 37 createEntityFromResultSet - Exit with(Iliescu Daniela)
30 Mar 2025 16:36:32,221 TRACE ro.mpp2024.repository.ParticipantRepository 31 createEntityFromResultSet - Enter createEntityFromResultSet
30 Mar 2025 16:36:32,221 TRACE ro.mpp2024.repository.ParticipantRepository 37 createEntityFromResultSet - Exit with(Vasilescu Florin)
30 Mar 2025 16:36:32,221 TRACE ro.mpp2024.repository.ParticipantRepository 31 createEntityFromResultSet - Enter createEntityFromResultSet
30 Mar 2025 16:36:32,221 TRACE ro.mpp2024.repository.ParticipantRepository 37 createEntityFromResultSet - Exit with(Dobre Adriana)
30 Mar 2025 16:36:32,221 TRACE ro.mpp2024.repository.ParticipantRepository 31 createEntityFromResultSet - Enter createEntityFromResultSet
30 Mar 2025 16:36:32,221 TRACE ro.mpp2024.repository.ParticipantRepository 37 createEntityFromResultSet - Exit with(Munteanu Sorin)
30 Mar 2025 16:36:32,221 TRACE ro.mpp2024.repository.ParticipantRepository 31 createEntityFromResultSet - Enter createEntityFromResultSet
30 Mar 2025 16:36:32,221 TRACE ro.mpp2024.repository.ParticipantRepository 37 createEntityFromResultSet - Exit with(Nistor Carmen)
30 Mar 2025 16:36:32,221 TRACE ro.mpp2024.repository.ParticipantRepository 31 createEntityFromResultSet - Enter createEntityFromResultSet
30 Mar 2025 16:36:32,221 TRACE ro.mpp2024.repository.ParticipantRepository 37 createEntityFromResultSet - Exit with(Lazar Roxana)
30 Mar 2025 16:36:32,221 TRACE ro.mpp2024.repository.ParticipantRepository 31 createEntityFromResultSet - Enter createEntityFromResultSet
30 Mar 2025 16:36:32,222 TRACE ro.mpp2024.repository.ParticipantRepository 37 createEntityFromResultSet - Exit with(Gheorghe Vlad)
30 Mar 2025 16:36:32,222 TRACE ro.mpp2024.repository.ParticipantRepository 31 createEntityFromResultSet - Enter createEntityFromResultSet
30 Mar 2025 16:36:32,222 TRACE ro.mpp2024.repository.ParticipantRepository 37 createEntityFromResultSet - Exit with(Barbu Irina)
30 Mar 2025 16:36:32,222 TRACE ro.mpp2024.repository.ParticipantRepository 31 createEntityFromResultSet - Enter createEntityFromResultSet
30 Mar 2025 16:36:32,222 TRACE ro.mpp2024.repository.ParticipantRepository 37 createEntityFromResultSet - Exit with(Constantin Marius)
30 Mar 2025 16:36:32,222 TRACE ro.mpp2024.repository.ParticipantRepository 31 createEntityFromResultSet - Enter createEntityFromResultSet
30 Mar 2025 16:36:32,222 TRACE ro.mpp2024.repository.ParticipantRepository 37 createEntityFromResultSet - Exit with(Enache Laura)
30 Mar 2025 16:36:32,222 TRACE ro.mpp2024.repository.ParticipantRepository 31 createEntityFromResultSet - Enter createEntityFromResultSet
30 Mar 2025 16:36:32,222 TRACE ro.mpp2024.repository.ParticipantRepository 37 createEntityFromResultSet - Exit with(Dragomir Adrian)
30 Mar 2025 16:36:32,223 TRACE ro.mpp2024.repository.ParticipantRepository 31 createEntityFromResultSet - Enter createEntityFromResultSet
30 Mar 2025 16:36:32,223 TRACE ro.mpp2024.repository.ParticipantRepository 37 createEntityFromResultSet - Exit with(Filip Bianca)
30 Mar 2025 16:36:32,223 TRACE ro.mpp2024.repository.ParticipantRepository 31 createEntityFromResultSet - Enter createEntityFromResultSet
30 Mar 2025 16:36:32,223 TRACE ro.mpp2024.repository.ParticipantRepository 37 createEntityFromResultSet - Exit with(Grigore Stefan)
30 Mar 2025 16:36:32,223 TRACE ro.mpp2024.repository.ParticipantRepository 31 createEntityFromResultSet - Enter createEntityFromResultSet
30 Mar 2025 16:36:32,223 TRACE ro.mpp2024.repository.ParticipantRepository 37 createEntityFromResultSet - Exit with(Hagi Diana)
30 Mar 2025 16:36:32,223 TRACE ro.mpp2024.repository.ParticipantRepository 31 createEntityFromResultSet - Enter createEntityFromResultSet
30 Mar 2025 16:36:32,223 TRACE ro.mpp2024.repository.ParticipantRepository 37 createEntityFromResultSet - Exit with(Iacob Radu)
30 Mar 2025 16:36:32,223 TRACE ro.mpp2024.repository.ParticipantRepository 31 createEntityFromResultSet - Enter createEntityFromResultSet
30 Mar 2025 16:36:32,223 TRACE ro.mpp2024.repository.ParticipantRepository 37 createEntityFromResultSet - Exit with(Jianu Oana)
30 Mar 2025 16:36:32,224 TRACE ro.mpp2024.repository.ParticipantRepository 31 createEntityFromResultSet - Enter createEntityFromResultSet
30 Mar 2025 16:36:32,224 TRACE ro.mpp2024.repository.ParticipantRepository 37 createEntityFromResultSet - Exit with(Kovacs Cristina)
30 Mar 2025 16:36:32,224 TRACE ro.mpp2024.repository.ParticipantRepository 31 createEntityFromResultSet - Enter createEntityFromResultSet
30 Mar 2025 16:36:32,224 TRACE ro.mpp2024.repository.ParticipantRepository 37 createEntityFromResultSet - Exit with(Lupu George)
30 Mar 2025 16:36:32,224 TRACE ro.mpp2024.repository.ParticipantRepository 31 createEntityFromResultSet - Enter createEntityFromResultSet
30 Mar 2025 16:36:32,224 TRACE ro.mpp2024.repository.ParticipantRepository 37 createEntityFromResultSet - Exit with(Manole Simona)
30 Mar 2025 16:36:32,224 TRACE ro.mpp2024.repository.ParticipantRepository 31 createEntityFromResultSet - Enter createEntityFromResultSet
30 Mar 2025 16:36:32,224 TRACE ro.mpp2024.repository.ParticipantRepository 37 createEntityFromResultSet - Exit with(Nedelcu Alexandra)
30 Mar 2025 16:36:32,224 TRACE ro.mpp2024.repository.ParticipantRepository 31 createEntityFromResultSet - Enter createEntityFromResultSet
30 Mar 2025 16:36:32,224 TRACE ro.mpp2024.repository.ParticipantRepository 37 createEntityFromResultSet - Exit with(Oprea Bogdan)
30 Mar 2025 16:36:32,224 TRACE ro.mpp2024.repository.ParticipantRepository 31 createEntityFromResultSet - Enter createEntityFromResultSet
30 Mar 2025 16:36:32,225 TRACE ro.mpp2024.repository.ParticipantRepository 37 createEntityFromResultSet - Exit with(Pavel Monica)
30 Mar 2025 16:36:32,225 TRACE ro.mpp2024.repository.ParticipantRepository 31 createEntityFromResultSet - Enter createEntityFromResultSet
30 Mar 2025 16:36:32,225 TRACE ro.mpp2024.repository.ParticipantRepository 37 createEntityFromResultSet - Exit with(Rusu Andreea)
30 Mar 2025 16:36:32,225 TRACE ro.mpp2024.repository.ParticipantRepository 31 createEntityFromResultSet - Enter createEntityFromResultSet
30 Mar 2025 16:36:32,225 TRACE ro.mpp2024.repository.ParticipantRepository 37 createEntityFromResultSet - Exit with(Sandu Victor)
30 Mar 2025 16:36:32,225 TRACE ro.mpp2024.repository.ParticipantRepository 31 createEntityFromResultSet - Enter createEntityFromResultSet
30 Mar 2025 16:36:32,225 TRACE ro.mpp2024.repository.ParticipantRepository 37 createEntityFromResultSet - Exit with(Toma Gabriela)
30 Mar 2025 16:36:32,225 TRACE ro.mpp2024.repository.ParticipantRepository 31 createEntityFromResultSet - Enter createEntityFromResultSet
30 Mar 2025 16:36:32,226 TRACE ro.mpp2024.repository.ParticipantRepository 37 createEntityFromResultSet - Exit with(Ursu Mihail)
30 Mar 2025 16:36:32,226 TRACE ro.mpp2024.repository.ParticipantRepository 31 createEntityFromResultSet - Enter createEntityFromResultSet
30 Mar 2025 16:36:32,226 TRACE ro.mpp2024.repository.ParticipantRepository 37 createEntityFromResultSet - Exit with(Vlad Anca)
30 Mar 2025 16:36:32,226 TRACE ro.mpp2024.repository.ParticipantRepository 31 createEntityFromResultSet - Enter createEntityFromResultSet
30 Mar 2025 16:36:32,226 TRACE ro.mpp2024.repository.ParticipantRepository 37 createEntityFromResultSet - Exit with(Zamfir Lucian)
30 Mar 2025 16:36:32,226 TRACE ro.mpp2024.repository.ParticipantRepository 31 createEntityFromResultSet - Enter createEntityFromResultSet
30 Mar 2025 16:36:32,226 TRACE ro.mpp2024.repository.ParticipantRepository 37 createEntityFromResultSet - Exit with(Voicu Raluca)
30 Mar 2025 16:36:32,226 TRACE ro.mpp2024.repository.ParticipantRepository 31 createEntityFromResultSet - Enter createEntityFromResultSet
30 Mar 2025 16:36:32,226 TRACE ro.mpp2024.repository.ParticipantRepository 37 createEntityFromResultSet - Exit with(nume prenume)
30 Mar 2025 16:36:32,227 TRACE ro.mpp2024.repository.ParticipantRepository 57 findAll - Exit with([Popescu Ion, Ionescu Maria, Georgescu Andrei, Dumitrescu Elena, Popa Mihai, Stan Ioana, Radu Cristian, Marin Ana, Tudor Alexandru, Petrescu Gabriel, Iliescu Daniela, Vasilescu Florin, Dobre Adriana, Munteanu Sorin, Nistor Carmen, Lazar Roxana, Gheorghe Vlad, Barbu Irina, Constantin Marius, Enache Laura, Dragomir Adrian, Filip Bianca, Grigore Stefan, Hagi Diana, Iacob Radu, Jianu Oana, Kovacs Cristina, Lupu George, Manole Simona, Nedelcu Alexandra, Oprea Bogdan, Pavel Monica, Rusu Andreea, Sandu Victor, Toma Gabriela, Ursu Mihail, Vlad Anca, Zamfir Lucian, Voicu Raluca, nume prenume])
30 Mar 2025 16:40:41,627 INFO  ro.mpp2024.repository.ArbitruRepository 26 <init> - Initializing IArbitruRepository with properties: {} 
30 Mar 2025 16:40:41,631 INFO  ro.mpp2024.repository.ProbaRepository 25 <init> - Initializing ProbaRepository with properties: {} 
30 Mar 2025 16:40:41,633 INFO  ro.mpp2024.repository.ParticipantRepository 25 <init> - Initializing ParticipantRepository with properties: {} 
30 Mar 2025 16:40:41,635 INFO  ro.mpp2024.repository.RezultatRepository 26 <init> - Initializing RezultatRepository with properties: {} 
30 Mar 2025 16:40:41,635 INFO  ro.mpp2024.services.ArbitruService 16 <init> - Initializing ArbitruService
30 Mar 2025 16:40:41,637 TRACE ro.mpp2024.repository.ArbitruRepository 45 findAll - Enter findAll
30 Mar 2025 16:40:41,637 TRACE ro.mpp2024.utils.JdbcUtils 48 getConnection - Enter
30 Mar 2025 16:40:41,637 TRACE ro.mpp2024.utils.JdbcUtils 25 getNewConnection - Enter
30 Mar 2025 16:40:41,638 INFO  ro.mpp2024.utils.JdbcUtils 30 getNewConnection - trying to connect to database ... jdbc:sqlite:src/main/resources/triatlon.db
30 Mar 2025 16:40:41,639 INFO  ro.mpp2024.utils.JdbcUtils 31 getNewConnection - user: null
30 Mar 2025 16:40:41,639 INFO  ro.mpp2024.utils.JdbcUtils 32 getNewConnection - pass: null
30 Mar 2025 16:40:41,728 TRACE ro.mpp2024.utils.JdbcUtils 57 getConnection - Exit with(org.sqlite.jdbc4.JDBC4Connection@38517bc2)
30 Mar 2025 16:40:41,730 TRACE ro.mpp2024.repository.ArbitruRepository 32 createEntityFromResultSet - Enter createEntityFromResultSet
30 Mar 2025 16:40:41,733 TRACE ro.mpp2024.repository.ArbitruRepository 39 createEntityFromResultSet - Exit with(Arbitru{nume='Alice Johnson', username='alice.j', password='UGFzc3cwcmQxIQ==', id_proba=s1})
30 Mar 2025 16:40:41,734 TRACE ro.mpp2024.repository.ArbitruRepository 32 createEntityFromResultSet - Enter createEntityFromResultSet
30 Mar 2025 16:40:41,734 TRACE ro.mpp2024.repository.ArbitruRepository 39 createEntityFromResultSet - Exit with(Arbitru{nume='Bob Smith', username='bob.smith', password='U2VjdXJlUEBzczI=', id_proba=c1})
30 Mar 2025 16:40:41,734 TRACE ro.mpp2024.repository.ArbitruRepository 32 createEntityFromResultSet - Enter createEntityFromResultSet
30 Mar 2025 16:40:41,734 TRACE ro.mpp2024.repository.ArbitruRepository 39 createEntityFromResultSet - Exit with(Arbitru{nume='Charlie Brown', username='charlie.b', password='TXlQQHNzdzNyZA==', id_proba=i1})
30 Mar 2025 16:40:41,734 TRACE ro.mpp2024.repository.ArbitruRepository 32 createEntityFromResultSet - Enter createEntityFromResultSet
30 Mar 2025 16:40:41,734 TRACE ro.mpp2024.repository.ArbitruRepository 39 createEntityFromResultSet - Exit with(Arbitru{nume='David Wilson', username='david.w', password='UEBzc3cwcmQ0VQ==', id_proba=s2})
30 Mar 2025 16:40:41,735 TRACE ro.mpp2024.repository.ArbitruRepository 32 createEntityFromResultSet - Enter createEntityFromResultSet
30 Mar 2025 16:40:41,735 TRACE ro.mpp2024.repository.ArbitruRepository 39 createEntityFromResultSet - Exit with(Arbitru{nume='Emma Davis', username='emma.d', password='UEBzc3dvcmQjNQ==', id_proba=c2})
30 Mar 2025 16:40:41,735 TRACE ro.mpp2024.repository.ArbitruRepository 32 createEntityFromResultSet - Enter createEntityFromResultSet
30 Mar 2025 16:40:41,735 TRACE ro.mpp2024.repository.ArbitruRepository 39 createEntityFromResultSet - Exit with(Arbitru{nume='Fiona Clark', username='fiona.c', password='U2VjcjN0UEBzczY=', id_proba=i2})
30 Mar 2025 16:40:41,735 TRACE ro.mpp2024.repository.ArbitruRepository 32 createEntityFromResultSet - Enter createEntityFromResultSet
30 Mar 2025 16:40:41,735 TRACE ro.mpp2024.repository.ArbitruRepository 39 createEntityFromResultSet - Exit with(Arbitru{nume='George Hall', username='george.h', password='UEBzc3cwcmQ3IQ==', id_proba=s3})
30 Mar 2025 16:40:41,735 TRACE ro.mpp2024.repository.ArbitruRepository 32 createEntityFromResultSet - Enter createEntityFromResultSet
30 Mar 2025 16:40:41,736 TRACE ro.mpp2024.repository.ArbitruRepository 39 createEntityFromResultSet - Exit with(Arbitru{nume='Hannah Lewis', username='hannah.l', password='TXlwQHNzdzhyZA==', id_proba=c3})
30 Mar 2025 16:40:41,736 TRACE ro.mpp2024.repository.ArbitruRepository 32 createEntityFromResultSet - Enter createEntityFromResultSet
30 Mar 2025 16:40:41,736 TRACE ro.mpp2024.repository.ArbitruRepository 39 createEntityFromResultSet - Exit with(Arbitru{nume='Ian Walker', username='ian.w', password='UEBzc3cwcmQ5Iw==', id_proba=i3})
30 Mar 2025 16:40:41,736 TRACE ro.mpp2024.repository.ArbitruRepository 32 createEntityFromResultSet - Enter createEntityFromResultSet
30 Mar 2025 16:40:41,736 TRACE ro.mpp2024.repository.ArbitruRepository 39 createEntityFromResultSet - Exit with(Arbitru{nume='Jack Martinez', username='jack.m', password='UEBzc3cwcmQxMA==', id_proba=s4})
30 Mar 2025 16:40:41,736 TRACE ro.mpp2024.repository.ArbitruRepository 32 createEntityFromResultSet - Enter createEntityFromResultSet
30 Mar 2025 16:40:41,736 TRACE ro.mpp2024.repository.ArbitruRepository 39 createEntityFromResultSet - Exit with(Arbitru{nume='Kara Young', username='kara.y', password='UEBzc3dvcmQxMSE=', id_proba=c4})
30 Mar 2025 16:40:41,736 TRACE ro.mpp2024.repository.ArbitruRepository 32 createEntityFromResultSet - Enter createEntityFromResultSet
30 Mar 2025 16:40:41,737 TRACE ro.mpp2024.repository.ArbitruRepository 39 createEntityFromResultSet - Exit with(Arbitru{nume='Liam King', username='liam.k', password='U2VjdXIzUEBzczEy', id_proba=i4})
30 Mar 2025 16:40:41,737 TRACE ro.mpp2024.repository.ArbitruRepository 32 createEntityFromResultSet - Enter createEntityFromResultSet
30 Mar 2025 16:40:41,737 TRACE ro.mpp2024.repository.ArbitruRepository 39 createEntityFromResultSet - Exit with(Arbitru{nume='Mia Scott', username='mia.s', password='UEBzc3dvcmQxMyM=', id_proba=s5})
30 Mar 2025 16:40:41,737 TRACE ro.mpp2024.repository.ArbitruRepository 32 createEntityFromResultSet - Enter createEntityFromResultSet
30 Mar 2025 16:40:41,737 TRACE ro.mpp2024.repository.ArbitruRepository 39 createEntityFromResultSet - Exit with(Arbitru{nume='Noah Green', username='noah.g', password='TXlQQHNzdzE0cmQ=', id_proba=c5})
30 Mar 2025 16:40:41,737 TRACE ro.mpp2024.repository.ArbitruRepository 32 createEntityFromResultSet - Enter createEntityFromResultSet
30 Mar 2025 16:40:41,738 TRACE ro.mpp2024.repository.ArbitruRepository 39 createEntityFromResultSet - Exit with(Arbitru{nume='Olivia Adams', username='olivia.a', password='UEBzc3dvcmQxNSE=', id_proba=i5})
30 Mar 2025 16:40:41,738 TRACE ro.mpp2024.repository.ArbitruRepository 32 createEntityFromResultSet - Enter createEntityFromResultSet
30 Mar 2025 16:40:41,738 TRACE ro.mpp2024.repository.ArbitruRepository 39 createEntityFromResultSet - Exit with(Arbitru{nume='Paul Baker', username='paul.b', password='U2VjdXJpN3lQQHNzMTY=', id_proba=s6})
30 Mar 2025 16:40:41,738 TRACE ro.mpp2024.repository.ArbitruRepository 32 createEntityFromResultSet - Enter createEntityFromResultSet
30 Mar 2025 16:40:41,738 TRACE ro.mpp2024.repository.ArbitruRepository 39 createEntityFromResultSet - Exit with(Arbitru{nume='Quinn Harris', username='quinn.h', password='UEBzc3dvcmQxNyM=', id_proba=c6})
30 Mar 2025 16:40:41,739 TRACE ro.mpp2024.repository.ArbitruRepository 32 createEntityFromResultSet - Enter createEntityFromResultSet
30 Mar 2025 16:40:41,739 TRACE ro.mpp2024.repository.ArbitruRepository 39 createEntityFromResultSet - Exit with(Arbitru{nume='Rachel Nelson', username='rachel.n', password='UEBzc3cwcmQxOCE=', id_proba=i6})
30 Mar 2025 16:40:41,739 TRACE ro.mpp2024.repository.ArbitruRepository 32 createEntityFromResultSet - Enter createEntityFromResultSet
30 Mar 2025 16:40:41,739 TRACE ro.mpp2024.repository.ArbitruRepository 39 createEntityFromResultSet - Exit with(Arbitru{nume='Sam Perez', username='sam.p', password='TXlQQHNzdzE5cmQ=', id_proba=c8})
30 Mar 2025 16:40:41,740 TRACE ro.mpp2024.repository.ArbitruRepository 61 findAll - Exit
30 Mar 2025 16:40:41,741 INFO  ro.mpp2024.services.ArbitruService 18 lambda$new$0 - VUdGemMzY3djbVF4SVE9PQ==
30 Mar 2025 16:40:41,741 INFO  ro.mpp2024.services.ArbitruService 18 lambda$new$0 - VTJWamRYSmxVRUJ6Y3pJPQ==
30 Mar 2025 16:40:41,741 INFO  ro.mpp2024.services.ArbitruService 18 lambda$new$0 - VFhsUVFITnpkek55WkE9PQ==
30 Mar 2025 16:40:41,741 INFO  ro.mpp2024.services.ArbitruService 18 lambda$new$0 - VUVCemMzY3djbVEwVlE9PQ==
30 Mar 2025 16:40:41,742 INFO  ro.mpp2024.services.ArbitruService 18 lambda$new$0 - VUVCemMzZHZjbVFqTlE9PQ==
30 Mar 2025 16:40:41,742 INFO  ro.mpp2024.services.ArbitruService 18 lambda$new$0 - VTJWamNqTjBVRUJ6Y3pZPQ==
30 Mar 2025 16:40:41,742 INFO  ro.mpp2024.services.ArbitruService 18 lambda$new$0 - VUVCemMzY3djbVEzSVE9PQ==
30 Mar 2025 16:40:41,742 INFO  ro.mpp2024.services.ArbitruService 18 lambda$new$0 - VFhsd1FITnpkemh5WkE9PQ==
30 Mar 2025 16:40:41,742 INFO  ro.mpp2024.services.ArbitruService 18 lambda$new$0 - VUVCemMzY3djbVE1SXc9PQ==
30 Mar 2025 16:40:41,742 INFO  ro.mpp2024.services.ArbitruService 18 lambda$new$0 - VUVCemMzY3djbVF4TUE9PQ==
30 Mar 2025 16:40:41,742 INFO  ro.mpp2024.services.ArbitruService 18 lambda$new$0 - VUVCemMzZHZjbVF4TVNFPQ==
30 Mar 2025 16:40:41,742 INFO  ro.mpp2024.services.ArbitruService 18 lambda$new$0 - VTJWamRYSXpVRUJ6Y3pFeQ==
30 Mar 2025 16:40:41,742 INFO  ro.mpp2024.services.ArbitruService 18 lambda$new$0 - VUVCemMzZHZjbVF4TXlNPQ==
30 Mar 2025 16:40:41,743 INFO  ro.mpp2024.services.ArbitruService 18 lambda$new$0 - VFhsUVFITnpkekUwY21RPQ==
30 Mar 2025 16:40:41,743 INFO  ro.mpp2024.services.ArbitruService 18 lambda$new$0 - VUVCemMzZHZjbVF4TlNFPQ==
30 Mar 2025 16:40:41,743 INFO  ro.mpp2024.services.ArbitruService 18 lambda$new$0 - VTJWamRYSnBOM2xRUUhOek1UWT0=
30 Mar 2025 16:40:41,743 INFO  ro.mpp2024.services.ArbitruService 18 lambda$new$0 - VUVCemMzZHZjbVF4TnlNPQ==
30 Mar 2025 16:40:41,743 INFO  ro.mpp2024.services.ArbitruService 18 lambda$new$0 - VUVCemMzY3djbVF4T0NFPQ==
30 Mar 2025 16:40:41,743 INFO  ro.mpp2024.services.ArbitruService 18 lambda$new$0 - VFhsUVFITnpkekU1Y21RPQ==
30 Mar 2025 16:40:41,744 INFO  ro.mpp2024.services.RezultatService 26 <init> - Service Rezultat made
30 Mar 2025 16:40:41,744 TRACE ro.mpp2024.repository.RezultatRepository 169 listaParticiapntPuncteProbaDescrescator - Enter listaParticiapntPuncteProbaDescrescator
30 Mar 2025 16:40:41,744 TRACE ro.mpp2024.utils.JdbcUtils 48 getConnection - Enter
30 Mar 2025 16:40:41,744 TRACE ro.mpp2024.utils.JdbcUtils 57 getConnection - Exit with(org.sqlite.jdbc4.JDBC4Connection@38517bc2)
30 Mar 2025 16:40:41,745 TRACE ro.mpp2024.repository.RezultatRepository 187 listaParticiapntPuncteProbaDescrescator - Enter Terminat dictionar
30 Mar 2025 16:40:56,406 TRACE ro.mpp2024.utils.JdbcUtils 48 getConnection - Enter
30 Mar 2025 16:40:56,406 TRACE ro.mpp2024.utils.JdbcUtils 57 getConnection - Exit with(org.sqlite.jdbc4.JDBC4Connection@38517bc2)
30 Mar 2025 16:41:06,796 TRACE ro.mpp2024.utils.JdbcUtils 48 getConnection - Enter
30 Mar 2025 16:41:06,796 TRACE ro.mpp2024.utils.JdbcUtils 57 getConnection - Exit with(org.sqlite.jdbc4.JDBC4Connection@38517bc2)
30 Mar 2025 16:41:06,797 TRACE ro.mpp2024.repository.ArbitruRepository 32 createEntityFromResultSet - Enter createEntityFromResultSet
30 Mar 2025 16:41:06,797 TRACE ro.mpp2024.repository.ArbitruRepository 39 createEntityFromResultSet - Exit with(Arbitru{nume='Alice Johnson', username='alice.j', password='UGFzc3cwcmQxIQ==', id_proba=s1})
30 Mar 2025 16:41:06,839 TRACE ro.mpp2024.repository.RezultatRepository 145 listaParticipantiPuncteAlfabetic - Enter listaParticipantiPuncteAlfabetic
30 Mar 2025 16:41:06,839 TRACE ro.mpp2024.utils.JdbcUtils 48 getConnection - Enter
30 Mar 2025 16:41:06,839 TRACE ro.mpp2024.utils.JdbcUtils 57 getConnection - Exit with(org.sqlite.jdbc4.JDBC4Connection@38517bc2)
30 Mar 2025 16:41:06,840 TRACE ro.mpp2024.repository.RezultatRepository 163 listaParticipantiPuncteAlfabetic - Enter Terminat dictionar
30 Mar 2025 16:41:06,840 TRACE ro.mpp2024.repository.RezultatRepository 169 listaParticiapntPuncteProbaDescrescator - Enter listaParticiapntPuncteProbaDescrescator
30 Mar 2025 16:41:06,840 TRACE ro.mpp2024.utils.JdbcUtils 48 getConnection - Enter
30 Mar 2025 16:41:06,840 TRACE ro.mpp2024.utils.JdbcUtils 57 getConnection - Exit with(org.sqlite.jdbc4.JDBC4Connection@38517bc2)
30 Mar 2025 16:41:06,840 TRACE ro.mpp2024.repository.RezultatRepository 187 listaParticiapntPuncteProbaDescrescator - Enter Terminat dictionar
30 Mar 2025 16:41:06,843 TRACE ro.mpp2024.repository.ParticipantRepository 43 findAll - Enter
30 Mar 2025 16:41:06,843 TRACE ro.mpp2024.utils.JdbcUtils 48 getConnection - Enter
30 Mar 2025 16:41:06,843 TRACE ro.mpp2024.utils.JdbcUtils 57 getConnection - Exit with(org.sqlite.jdbc4.JDBC4Connection@38517bc2)
30 Mar 2025 16:41:06,844 TRACE ro.mpp2024.repository.ParticipantRepository 31 createEntityFromResultSet - Enter createEntityFromResultSet
30 Mar 2025 16:41:06,844 TRACE ro.mpp2024.repository.ParticipantRepository 37 createEntityFromResultSet - Exit with(Popescu Ion)
30 Mar 2025 16:41:06,844 TRACE ro.mpp2024.repository.ParticipantRepository 31 createEntityFromResultSet - Enter createEntityFromResultSet
30 Mar 2025 16:41:06,844 TRACE ro.mpp2024.repository.ParticipantRepository 37 createEntityFromResultSet - Exit with(Ionescu Maria)
30 Mar 2025 16:41:06,844 TRACE ro.mpp2024.repository.ParticipantRepository 31 createEntityFromResultSet - Enter createEntityFromResultSet
30 Mar 2025 16:41:06,845 TRACE ro.mpp2024.repository.ParticipantRepository 37 createEntityFromResultSet - Exit with(Georgescu Andrei)
30 Mar 2025 16:41:06,845 TRACE ro.mpp2024.repository.ParticipantRepository 31 createEntityFromResultSet - Enter createEntityFromResultSet
30 Mar 2025 16:41:06,845 TRACE ro.mpp2024.repository.ParticipantRepository 37 createEntityFromResultSet - Exit with(Dumitrescu Elena)
30 Mar 2025 16:41:06,845 TRACE ro.mpp2024.repository.ParticipantRepository 31 createEntityFromResultSet - Enter createEntityFromResultSet
30 Mar 2025 16:41:06,845 TRACE ro.mpp2024.repository.ParticipantRepository 37 createEntityFromResultSet - Exit with(Popa Mihai)
30 Mar 2025 16:41:06,845 TRACE ro.mpp2024.repository.ParticipantRepository 31 createEntityFromResultSet - Enter createEntityFromResultSet
30 Mar 2025 16:41:06,845 TRACE ro.mpp2024.repository.ParticipantRepository 37 createEntityFromResultSet - Exit with(Stan Ioana)
30 Mar 2025 16:41:06,846 TRACE ro.mpp2024.repository.ParticipantRepository 31 createEntityFromResultSet - Enter createEntityFromResultSet
30 Mar 2025 16:41:06,846 TRACE ro.mpp2024.repository.ParticipantRepository 37 createEntityFromResultSet - Exit with(Radu Cristian)
30 Mar 2025 16:41:06,846 TRACE ro.mpp2024.repository.ParticipantRepository 31 createEntityFromResultSet - Enter createEntityFromResultSet
30 Mar 2025 16:41:06,846 TRACE ro.mpp2024.repository.ParticipantRepository 37 createEntityFromResultSet - Exit with(Marin Ana)
30 Mar 2025 16:41:06,846 TRACE ro.mpp2024.repository.ParticipantRepository 31 createEntityFromResultSet - Enter createEntityFromResultSet
30 Mar 2025 16:41:06,846 TRACE ro.mpp2024.repository.ParticipantRepository 37 createEntityFromResultSet - Exit with(Tudor Alexandru)
30 Mar 2025 16:41:06,846 TRACE ro.mpp2024.repository.ParticipantRepository 31 createEntityFromResultSet - Enter createEntityFromResultSet
30 Mar 2025 16:41:06,846 TRACE ro.mpp2024.repository.ParticipantRepository 37 createEntityFromResultSet - Exit with(Petrescu Gabriel)
30 Mar 2025 16:41:06,847 TRACE ro.mpp2024.repository.ParticipantRepository 31 createEntityFromResultSet - Enter createEntityFromResultSet
30 Mar 2025 16:41:06,847 TRACE ro.mpp2024.repository.ParticipantRepository 37 createEntityFromResultSet - Exit with(Iliescu Daniela)
30 Mar 2025 16:41:06,847 TRACE ro.mpp2024.repository.ParticipantRepository 31 createEntityFromResultSet - Enter createEntityFromResultSet
30 Mar 2025 16:41:06,847 TRACE ro.mpp2024.repository.ParticipantRepository 37 createEntityFromResultSet - Exit with(Vasilescu Florin)
30 Mar 2025 16:41:06,847 TRACE ro.mpp2024.repository.ParticipantRepository 31 createEntityFromResultSet - Enter createEntityFromResultSet
30 Mar 2025 16:41:06,847 TRACE ro.mpp2024.repository.ParticipantRepository 37 createEntityFromResultSet - Exit with(Dobre Adriana)
30 Mar 2025 16:41:06,847 TRACE ro.mpp2024.repository.ParticipantRepository 31 createEntityFromResultSet - Enter createEntityFromResultSet
30 Mar 2025 16:41:06,847 TRACE ro.mpp2024.repository.ParticipantRepository 37 createEntityFromResultSet - Exit with(Munteanu Sorin)
30 Mar 2025 16:41:06,847 TRACE ro.mpp2024.repository.ParticipantRepository 31 createEntityFromResultSet - Enter createEntityFromResultSet
30 Mar 2025 16:41:06,847 TRACE ro.mpp2024.repository.ParticipantRepository 37 createEntityFromResultSet - Exit with(Nistor Carmen)
30 Mar 2025 16:41:06,847 TRACE ro.mpp2024.repository.ParticipantRepository 31 createEntityFromResultSet - Enter createEntityFromResultSet
30 Mar 2025 16:41:06,848 TRACE ro.mpp2024.repository.ParticipantRepository 37 createEntityFromResultSet - Exit with(Lazar Roxana)
30 Mar 2025 16:41:06,848 TRACE ro.mpp2024.repository.ParticipantRepository 31 createEntityFromResultSet - Enter createEntityFromResultSet
30 Mar 2025 16:41:06,848 TRACE ro.mpp2024.repository.ParticipantRepository 37 createEntityFromResultSet - Exit with(Gheorghe Vlad)
30 Mar 2025 16:41:06,848 TRACE ro.mpp2024.repository.ParticipantRepository 31 createEntityFromResultSet - Enter createEntityFromResultSet
30 Mar 2025 16:41:06,848 TRACE ro.mpp2024.repository.ParticipantRepository 37 createEntityFromResultSet - Exit with(Barbu Irina)
30 Mar 2025 16:41:06,848 TRACE ro.mpp2024.repository.ParticipantRepository 31 createEntityFromResultSet - Enter createEntityFromResultSet
30 Mar 2025 16:41:06,848 TRACE ro.mpp2024.repository.ParticipantRepository 37 createEntityFromResultSet - Exit with(Constantin Marius)
30 Mar 2025 16:41:06,848 TRACE ro.mpp2024.repository.ParticipantRepository 31 createEntityFromResultSet - Enter createEntityFromResultSet
30 Mar 2025 16:41:06,848 TRACE ro.mpp2024.repository.ParticipantRepository 37 createEntityFromResultSet - Exit with(Enache Laura)
30 Mar 2025 16:41:06,848 TRACE ro.mpp2024.repository.ParticipantRepository 31 createEntityFromResultSet - Enter createEntityFromResultSet
30 Mar 2025 16:41:06,849 TRACE ro.mpp2024.repository.ParticipantRepository 37 createEntityFromResultSet - Exit with(Dragomir Adrian)
30 Mar 2025 16:41:06,849 TRACE ro.mpp2024.repository.ParticipantRepository 31 createEntityFromResultSet - Enter createEntityFromResultSet
30 Mar 2025 16:41:06,849 TRACE ro.mpp2024.repository.ParticipantRepository 37 createEntityFromResultSet - Exit with(Filip Bianca)
30 Mar 2025 16:41:06,849 TRACE ro.mpp2024.repository.ParticipantRepository 31 createEntityFromResultSet - Enter createEntityFromResultSet
30 Mar 2025 16:41:06,849 TRACE ro.mpp2024.repository.ParticipantRepository 37 createEntityFromResultSet - Exit with(Grigore Stefan)
30 Mar 2025 16:41:06,849 TRACE ro.mpp2024.repository.ParticipantRepository 31 createEntityFromResultSet - Enter createEntityFromResultSet
30 Mar 2025 16:41:06,849 TRACE ro.mpp2024.repository.ParticipantRepository 37 createEntityFromResultSet - Exit with(Hagi Diana)
30 Mar 2025 16:41:06,849 TRACE ro.mpp2024.repository.ParticipantRepository 31 createEntityFromResultSet - Enter createEntityFromResultSet
30 Mar 2025 16:41:06,849 TRACE ro.mpp2024.repository.ParticipantRepository 37 createEntityFromResultSet - Exit with(Iacob Radu)
30 Mar 2025 16:41:06,849 TRACE ro.mpp2024.repository.ParticipantRepository 31 createEntityFromResultSet - Enter createEntityFromResultSet
30 Mar 2025 16:41:06,849 TRACE ro.mpp2024.repository.ParticipantRepository 37 createEntityFromResultSet - Exit with(Jianu Oana)
30 Mar 2025 16:41:06,850 TRACE ro.mpp2024.repository.ParticipantRepository 31 createEntityFromResultSet - Enter createEntityFromResultSet
30 Mar 2025 16:41:06,850 TRACE ro.mpp2024.repository.ParticipantRepository 37 createEntityFromResultSet - Exit with(Kovacs Cristina)
30 Mar 2025 16:41:06,850 TRACE ro.mpp2024.repository.ParticipantRepository 31 createEntityFromResultSet - Enter createEntityFromResultSet
30 Mar 2025 16:41:06,850 TRACE ro.mpp2024.repository.ParticipantRepository 37 createEntityFromResultSet - Exit with(Lupu George)
30 Mar 2025 16:41:06,850 TRACE ro.mpp2024.repository.ParticipantRepository 31 createEntityFromResultSet - Enter createEntityFromResultSet
30 Mar 2025 16:41:06,850 TRACE ro.mpp2024.repository.ParticipantRepository 37 createEntityFromResultSet - Exit with(Manole Simona)
30 Mar 2025 16:41:06,850 TRACE ro.mpp2024.repository.ParticipantRepository 31 createEntityFromResultSet - Enter createEntityFromResultSet
30 Mar 2025 16:41:06,850 TRACE ro.mpp2024.repository.ParticipantRepository 37 createEntityFromResultSet - Exit with(Nedelcu Alexandra)
30 Mar 2025 16:41:06,850 TRACE ro.mpp2024.repository.ParticipantRepository 31 createEntityFromResultSet - Enter createEntityFromResultSet
30 Mar 2025 16:41:06,850 TRACE ro.mpp2024.repository.ParticipantRepository 37 createEntityFromResultSet - Exit with(Oprea Bogdan)
30 Mar 2025 16:41:06,850 TRACE ro.mpp2024.repository.ParticipantRepository 31 createEntityFromResultSet - Enter createEntityFromResultSet
30 Mar 2025 16:41:06,851 TRACE ro.mpp2024.repository.ParticipantRepository 37 createEntityFromResultSet - Exit with(Pavel Monica)
30 Mar 2025 16:41:06,851 TRACE ro.mpp2024.repository.ParticipantRepository 31 createEntityFromResultSet - Enter createEntityFromResultSet
30 Mar 2025 16:41:06,851 TRACE ro.mpp2024.repository.ParticipantRepository 37 createEntityFromResultSet - Exit with(Rusu Andreea)
30 Mar 2025 16:41:06,851 TRACE ro.mpp2024.repository.ParticipantRepository 31 createEntityFromResultSet - Enter createEntityFromResultSet
30 Mar 2025 16:41:06,851 TRACE ro.mpp2024.repository.ParticipantRepository 37 createEntityFromResultSet - Exit with(Sandu Victor)
30 Mar 2025 16:41:06,851 TRACE ro.mpp2024.repository.ParticipantRepository 31 createEntityFromResultSet - Enter createEntityFromResultSet
30 Mar 2025 16:41:06,851 TRACE ro.mpp2024.repository.ParticipantRepository 37 createEntityFromResultSet - Exit with(Toma Gabriela)
30 Mar 2025 16:41:06,851 TRACE ro.mpp2024.repository.ParticipantRepository 31 createEntityFromResultSet - Enter createEntityFromResultSet
30 Mar 2025 16:41:06,852 TRACE ro.mpp2024.repository.ParticipantRepository 37 createEntityFromResultSet - Exit with(Ursu Mihail)
30 Mar 2025 16:41:06,852 TRACE ro.mpp2024.repository.ParticipantRepository 31 createEntityFromResultSet - Enter createEntityFromResultSet
30 Mar 2025 16:41:06,852 TRACE ro.mpp2024.repository.ParticipantRepository 37 createEntityFromResultSet - Exit with(Vlad Anca)
30 Mar 2025 16:41:06,852 TRACE ro.mpp2024.repository.ParticipantRepository 31 createEntityFromResultSet - Enter createEntityFromResultSet
30 Mar 2025 16:41:06,852 TRACE ro.mpp2024.repository.ParticipantRepository 37 createEntityFromResultSet - Exit with(Zamfir Lucian)
30 Mar 2025 16:41:06,852 TRACE ro.mpp2024.repository.ParticipantRepository 31 createEntityFromResultSet - Enter createEntityFromResultSet
30 Mar 2025 16:41:06,852 TRACE ro.mpp2024.repository.ParticipantRepository 37 createEntityFromResultSet - Exit with(Voicu Raluca)
30 Mar 2025 16:41:06,852 TRACE ro.mpp2024.repository.ParticipantRepository 31 createEntityFromResultSet - Enter createEntityFromResultSet
30 Mar 2025 16:41:06,852 TRACE ro.mpp2024.repository.ParticipantRepository 37 createEntityFromResultSet - Exit with(nume prenume)
30 Mar 2025 16:41:06,853 TRACE ro.mpp2024.repository.ParticipantRepository 57 findAll - Exit with([Popescu Ion, Ionescu Maria, Georgescu Andrei, Dumitrescu Elena, Popa Mihai, Stan Ioana, Radu Cristian, Marin Ana, Tudor Alexandru, Petrescu Gabriel, Iliescu Daniela, Vasilescu Florin, Dobre Adriana, Munteanu Sorin, Nistor Carmen, Lazar Roxana, Gheorghe Vlad, Barbu Irina, Constantin Marius, Enache Laura, Dragomir Adrian, Filip Bianca, Grigore Stefan, Hagi Diana, Iacob Radu, Jianu Oana, Kovacs Cristina, Lupu George, Manole Simona, Nedelcu Alexandra, Oprea Bogdan, Pavel Monica, Rusu Andreea, Sandu Victor, Toma Gabriela, Ursu Mihail, Vlad Anca, Zamfir Lucian, Voicu Raluca, nume prenume])
30 Mar 2025 16:41:55,001 INFO  ro.mpp2024.repository.ArbitruRepository 26 <init> - Initializing IArbitruRepository with properties: {} 
30 Mar 2025 16:41:55,005 INFO  ro.mpp2024.repository.ProbaRepository 25 <init> - Initializing ProbaRepository with properties: {} 
30 Mar 2025 16:41:55,006 INFO  ro.mpp2024.repository.ParticipantRepository 25 <init> - Initializing ParticipantRepository with properties: {} 
30 Mar 2025 16:41:55,007 INFO  ro.mpp2024.repository.RezultatRepository 26 <init> - Initializing RezultatRepository with properties: {} 
30 Mar 2025 16:41:55,008 INFO  ro.mpp2024.services.ArbitruService 16 <init> - Initializing ArbitruService
30 Mar 2025 16:41:55,009 TRACE ro.mpp2024.repository.ArbitruRepository 45 findAll - Enter findAll
30 Mar 2025 16:41:55,010 TRACE ro.mpp2024.utils.JdbcUtils 48 getConnection - Enter
30 Mar 2025 16:41:55,010 TRACE ro.mpp2024.utils.JdbcUtils 25 getNewConnection - Enter
30 Mar 2025 16:41:55,010 INFO  ro.mpp2024.utils.JdbcUtils 30 getNewConnection - trying to connect to database ... jdbc:sqlite:src/main/resources/triatlon.db
30 Mar 2025 16:41:55,011 INFO  ro.mpp2024.utils.JdbcUtils 31 getNewConnection - user: null
30 Mar 2025 16:41:55,011 INFO  ro.mpp2024.utils.JdbcUtils 32 getNewConnection - pass: null
30 Mar 2025 16:41:55,099 TRACE ro.mpp2024.utils.JdbcUtils 57 getConnection - Exit with(org.sqlite.jdbc4.JDBC4Connection@57d138ba)
30 Mar 2025 16:41:55,102 TRACE ro.mpp2024.repository.ArbitruRepository 32 createEntityFromResultSet - Enter createEntityFromResultSet
30 Mar 2025 16:41:55,106 TRACE ro.mpp2024.repository.ArbitruRepository 39 createEntityFromResultSet - Exit with(Arbitru{nume='Alice Johnson', username='alice.j', password='UGFzc3cwcmQxIQ==', id_proba=s1})
30 Mar 2025 16:41:55,106 TRACE ro.mpp2024.repository.ArbitruRepository 32 createEntityFromResultSet - Enter createEntityFromResultSet
30 Mar 2025 16:41:55,106 TRACE ro.mpp2024.repository.ArbitruRepository 39 createEntityFromResultSet - Exit with(Arbitru{nume='Bob Smith', username='bob.smith', password='U2VjdXJlUEBzczI=', id_proba=c1})
30 Mar 2025 16:41:55,106 TRACE ro.mpp2024.repository.ArbitruRepository 32 createEntityFromResultSet - Enter createEntityFromResultSet
30 Mar 2025 16:41:55,107 TRACE ro.mpp2024.repository.ArbitruRepository 39 createEntityFromResultSet - Exit with(Arbitru{nume='Charlie Brown', username='charlie.b', password='TXlQQHNzdzNyZA==', id_proba=i1})
30 Mar 2025 16:41:55,107 TRACE ro.mpp2024.repository.ArbitruRepository 32 createEntityFromResultSet - Enter createEntityFromResultSet
30 Mar 2025 16:41:55,107 TRACE ro.mpp2024.repository.ArbitruRepository 39 createEntityFromResultSet - Exit with(Arbitru{nume='David Wilson', username='david.w', password='UEBzc3cwcmQ0VQ==', id_proba=s2})
30 Mar 2025 16:41:55,107 TRACE ro.mpp2024.repository.ArbitruRepository 32 createEntityFromResultSet - Enter createEntityFromResultSet
30 Mar 2025 16:41:55,107 TRACE ro.mpp2024.repository.ArbitruRepository 39 createEntityFromResultSet - Exit with(Arbitru{nume='Emma Davis', username='emma.d', password='UEBzc3dvcmQjNQ==', id_proba=c2})
30 Mar 2025 16:41:55,107 TRACE ro.mpp2024.repository.ArbitruRepository 32 createEntityFromResultSet - Enter createEntityFromResultSet
30 Mar 2025 16:41:55,107 TRACE ro.mpp2024.repository.ArbitruRepository 39 createEntityFromResultSet - Exit with(Arbitru{nume='Fiona Clark', username='fiona.c', password='U2VjcjN0UEBzczY=', id_proba=i2})
30 Mar 2025 16:41:55,108 TRACE ro.mpp2024.repository.ArbitruRepository 32 createEntityFromResultSet - Enter createEntityFromResultSet
30 Mar 2025 16:41:55,108 TRACE ro.mpp2024.repository.ArbitruRepository 39 createEntityFromResultSet - Exit with(Arbitru{nume='George Hall', username='george.h', password='UEBzc3cwcmQ3IQ==', id_proba=s3})
30 Mar 2025 16:41:55,108 TRACE ro.mpp2024.repository.ArbitruRepository 32 createEntityFromResultSet - Enter createEntityFromResultSet
30 Mar 2025 16:41:55,108 TRACE ro.mpp2024.repository.ArbitruRepository 39 createEntityFromResultSet - Exit with(Arbitru{nume='Hannah Lewis', username='hannah.l', password='TXlwQHNzdzhyZA==', id_proba=c3})
30 Mar 2025 16:41:55,108 TRACE ro.mpp2024.repository.ArbitruRepository 32 createEntityFromResultSet - Enter createEntityFromResultSet
30 Mar 2025 16:41:55,109 TRACE ro.mpp2024.repository.ArbitruRepository 39 createEntityFromResultSet - Exit with(Arbitru{nume='Ian Walker', username='ian.w', password='UEBzc3cwcmQ5Iw==', id_proba=i3})
30 Mar 2025 16:41:55,109 TRACE ro.mpp2024.repository.ArbitruRepository 32 createEntityFromResultSet - Enter createEntityFromResultSet
30 Mar 2025 16:41:55,109 TRACE ro.mpp2024.repository.ArbitruRepository 39 createEntityFromResultSet - Exit with(Arbitru{nume='Jack Martinez', username='jack.m', password='UEBzc3cwcmQxMA==', id_proba=s4})
30 Mar 2025 16:41:55,109 TRACE ro.mpp2024.repository.ArbitruRepository 32 createEntityFromResultSet - Enter createEntityFromResultSet
30 Mar 2025 16:41:55,109 TRACE ro.mpp2024.repository.ArbitruRepository 39 createEntityFromResultSet - Exit with(Arbitru{nume='Kara Young', username='kara.y', password='UEBzc3dvcmQxMSE=', id_proba=c4})
30 Mar 2025 16:41:55,109 TRACE ro.mpp2024.repository.ArbitruRepository 32 createEntityFromResultSet - Enter createEntityFromResultSet
30 Mar 2025 16:41:55,109 TRACE ro.mpp2024.repository.ArbitruRepository 39 createEntityFromResultSet - Exit with(Arbitru{nume='Liam King', username='liam.k', password='U2VjdXIzUEBzczEy', id_proba=i4})
30 Mar 2025 16:41:55,109 TRACE ro.mpp2024.repository.ArbitruRepository 32 createEntityFromResultSet - Enter createEntityFromResultSet
30 Mar 2025 16:41:55,110 TRACE ro.mpp2024.repository.ArbitruRepository 39 createEntityFromResultSet - Exit with(Arbitru{nume='Mia Scott', username='mia.s', password='UEBzc3dvcmQxMyM=', id_proba=s5})
30 Mar 2025 16:41:55,110 TRACE ro.mpp2024.repository.ArbitruRepository 32 createEntityFromResultSet - Enter createEntityFromResultSet
30 Mar 2025 16:41:55,110 TRACE ro.mpp2024.repository.ArbitruRepository 39 createEntityFromResultSet - Exit with(Arbitru{nume='Noah Green', username='noah.g', password='TXlQQHNzdzE0cmQ=', id_proba=c5})
30 Mar 2025 16:41:55,110 TRACE ro.mpp2024.repository.ArbitruRepository 32 createEntityFromResultSet - Enter createEntityFromResultSet
30 Mar 2025 16:41:55,110 TRACE ro.mpp2024.repository.ArbitruRepository 39 createEntityFromResultSet - Exit with(Arbitru{nume='Olivia Adams', username='olivia.a', password='UEBzc3dvcmQxNSE=', id_proba=i5})
30 Mar 2025 16:41:55,110 TRACE ro.mpp2024.repository.ArbitruRepository 32 createEntityFromResultSet - Enter createEntityFromResultSet
30 Mar 2025 16:41:55,110 TRACE ro.mpp2024.repository.ArbitruRepository 39 createEntityFromResultSet - Exit with(Arbitru{nume='Paul Baker', username='paul.b', password='U2VjdXJpN3lQQHNzMTY=', id_proba=s6})
30 Mar 2025 16:41:55,111 TRACE ro.mpp2024.repository.ArbitruRepository 32 createEntityFromResultSet - Enter createEntityFromResultSet
30 Mar 2025 16:41:55,111 TRACE ro.mpp2024.repository.ArbitruRepository 39 createEntityFromResultSet - Exit with(Arbitru{nume='Quinn Harris', username='quinn.h', password='UEBzc3dvcmQxNyM=', id_proba=c6})
30 Mar 2025 16:41:55,111 TRACE ro.mpp2024.repository.ArbitruRepository 32 createEntityFromResultSet - Enter createEntityFromResultSet
30 Mar 2025 16:41:55,111 TRACE ro.mpp2024.repository.ArbitruRepository 39 createEntityFromResultSet - Exit with(Arbitru{nume='Rachel Nelson', username='rachel.n', password='UEBzc3cwcmQxOCE=', id_proba=i6})
30 Mar 2025 16:41:55,111 TRACE ro.mpp2024.repository.ArbitruRepository 32 createEntityFromResultSet - Enter createEntityFromResultSet
30 Mar 2025 16:41:55,111 TRACE ro.mpp2024.repository.ArbitruRepository 39 createEntityFromResultSet - Exit with(Arbitru{nume='Sam Perez', username='sam.p', password='TXlQQHNzdzE5cmQ=', id_proba=c8})
30 Mar 2025 16:41:55,112 TRACE ro.mpp2024.repository.ArbitruRepository 61 findAll - Exit
30 Mar 2025 16:41:55,113 INFO  ro.mpp2024.services.ArbitruService 18 lambda$new$0 - VUdGemMzY3djbVF4SVE9PQ==
30 Mar 2025 16:41:55,113 INFO  ro.mpp2024.services.ArbitruService 18 lambda$new$0 - VTJWamRYSmxVRUJ6Y3pJPQ==
30 Mar 2025 16:41:55,114 INFO  ro.mpp2024.services.ArbitruService 18 lambda$new$0 - VFhsUVFITnpkek55WkE9PQ==
30 Mar 2025 16:41:55,114 INFO  ro.mpp2024.services.ArbitruService 18 lambda$new$0 - VUVCemMzY3djbVEwVlE9PQ==
30 Mar 2025 16:41:55,114 INFO  ro.mpp2024.services.ArbitruService 18 lambda$new$0 - VUVCemMzZHZjbVFqTlE9PQ==
30 Mar 2025 16:41:55,114 INFO  ro.mpp2024.services.ArbitruService 18 lambda$new$0 - VTJWamNqTjBVRUJ6Y3pZPQ==
30 Mar 2025 16:41:55,114 INFO  ro.mpp2024.services.ArbitruService 18 lambda$new$0 - VUVCemMzY3djbVEzSVE9PQ==
30 Mar 2025 16:41:55,114 INFO  ro.mpp2024.services.ArbitruService 18 lambda$new$0 - VFhsd1FITnpkemh5WkE9PQ==
30 Mar 2025 16:41:55,114 INFO  ro.mpp2024.services.ArbitruService 18 lambda$new$0 - VUVCemMzY3djbVE1SXc9PQ==
30 Mar 2025 16:41:55,114 INFO  ro.mpp2024.services.ArbitruService 18 lambda$new$0 - VUVCemMzY3djbVF4TUE9PQ==
30 Mar 2025 16:41:55,115 INFO  ro.mpp2024.services.ArbitruService 18 lambda$new$0 - VUVCemMzZHZjbVF4TVNFPQ==
30 Mar 2025 16:41:55,115 INFO  ro.mpp2024.services.ArbitruService 18 lambda$new$0 - VTJWamRYSXpVRUJ6Y3pFeQ==
30 Mar 2025 16:41:55,115 INFO  ro.mpp2024.services.ArbitruService 18 lambda$new$0 - VUVCemMzZHZjbVF4TXlNPQ==
30 Mar 2025 16:41:55,115 INFO  ro.mpp2024.services.ArbitruService 18 lambda$new$0 - VFhsUVFITnpkekUwY21RPQ==
30 Mar 2025 16:41:55,115 INFO  ro.mpp2024.services.ArbitruService 18 lambda$new$0 - VUVCemMzZHZjbVF4TlNFPQ==
30 Mar 2025 16:41:55,115 INFO  ro.mpp2024.services.ArbitruService 18 lambda$new$0 - VTJWamRYSnBOM2xRUUhOek1UWT0=
30 Mar 2025 16:41:55,115 INFO  ro.mpp2024.services.ArbitruService 18 lambda$new$0 - VUVCemMzZHZjbVF4TnlNPQ==
30 Mar 2025 16:41:55,115 INFO  ro.mpp2024.services.ArbitruService 18 lambda$new$0 - VUVCemMzY3djbVF4T0NFPQ==
30 Mar 2025 16:41:55,115 INFO  ro.mpp2024.services.ArbitruService 18 lambda$new$0 - VFhsUVFITnpkekU1Y21RPQ==
30 Mar 2025 16:41:55,116 INFO  ro.mpp2024.services.RezultatService 26 <init> - Service Rezultat made
30 Mar 2025 16:41:55,117 TRACE ro.mpp2024.repository.RezultatRepository 169 listaParticiapntPuncteProbaDescrescator - Enter listaParticiapntPuncteProbaDescrescator
30 Mar 2025 16:41:55,117 TRACE ro.mpp2024.utils.JdbcUtils 48 getConnection - Enter
30 Mar 2025 16:41:55,117 TRACE ro.mpp2024.utils.JdbcUtils 57 getConnection - Exit with(org.sqlite.jdbc4.JDBC4Connection@57d138ba)
30 Mar 2025 16:41:55,118 TRACE ro.mpp2024.repository.RezultatRepository 187 listaParticiapntPuncteProbaDescrescator - Enter Terminat dictionar
30 Mar 2025 16:42:12,541 TRACE ro.mpp2024.utils.JdbcUtils 48 getConnection - Enter
30 Mar 2025 16:42:12,542 TRACE ro.mpp2024.utils.JdbcUtils 57 getConnection - Exit with(org.sqlite.jdbc4.JDBC4Connection@57d138ba)
30 Mar 2025 16:42:12,542 TRACE ro.mpp2024.repository.ArbitruRepository 32 createEntityFromResultSet - Enter createEntityFromResultSet
30 Mar 2025 16:42:12,542 TRACE ro.mpp2024.repository.ArbitruRepository 39 createEntityFromResultSet - Exit with(Arbitru{nume='Alice Johnson', username='alice.j', password='UGFzc3cwcmQxIQ==', id_proba=s1})
30 Mar 2025 16:42:12,594 TRACE ro.mpp2024.repository.RezultatRepository 145 listaParticipantiPuncteAlfabetic - Enter listaParticipantiPuncteAlfabetic
30 Mar 2025 16:42:12,594 TRACE ro.mpp2024.utils.JdbcUtils 48 getConnection - Enter
30 Mar 2025 16:42:12,594 TRACE ro.mpp2024.utils.JdbcUtils 57 getConnection - Exit with(org.sqlite.jdbc4.JDBC4Connection@57d138ba)
30 Mar 2025 16:42:12,595 TRACE ro.mpp2024.repository.RezultatRepository 163 listaParticipantiPuncteAlfabetic - Enter Terminat dictionar
30 Mar 2025 16:42:12,595 TRACE ro.mpp2024.repository.RezultatRepository 169 listaParticiapntPuncteProbaDescrescator - Enter listaParticiapntPuncteProbaDescrescator
30 Mar 2025 16:42:12,595 TRACE ro.mpp2024.utils.JdbcUtils 48 getConnection - Enter
30 Mar 2025 16:42:12,596 TRACE ro.mpp2024.utils.JdbcUtils 57 getConnection - Exit with(org.sqlite.jdbc4.JDBC4Connection@57d138ba)
30 Mar 2025 16:42:12,596 TRACE ro.mpp2024.repository.RezultatRepository 187 listaParticiapntPuncteProbaDescrescator - Enter Terminat dictionar
30 Mar 2025 16:42:12,599 TRACE ro.mpp2024.repository.ParticipantRepository 43 findAll - Enter
30 Mar 2025 16:42:12,599 TRACE ro.mpp2024.utils.JdbcUtils 48 getConnection - Enter
30 Mar 2025 16:42:12,599 TRACE ro.mpp2024.utils.JdbcUtils 57 getConnection - Exit with(org.sqlite.jdbc4.JDBC4Connection@57d138ba)
30 Mar 2025 16:42:12,600 TRACE ro.mpp2024.repository.ParticipantRepository 31 createEntityFromResultSet - Enter createEntityFromResultSet
30 Mar 2025 16:42:12,600 TRACE ro.mpp2024.repository.ParticipantRepository 37 createEntityFromResultSet - Exit with(Popescu Ion)
30 Mar 2025 16:42:12,600 TRACE ro.mpp2024.repository.ParticipantRepository 31 createEntityFromResultSet - Enter createEntityFromResultSet
30 Mar 2025 16:42:12,600 TRACE ro.mpp2024.repository.ParticipantRepository 37 createEntityFromResultSet - Exit with(Ionescu Maria)
30 Mar 2025 16:42:12,600 TRACE ro.mpp2024.repository.ParticipantRepository 31 createEntityFromResultSet - Enter createEntityFromResultSet
30 Mar 2025 16:42:12,600 TRACE ro.mpp2024.repository.ParticipantRepository 37 createEntityFromResultSet - Exit with(Georgescu Andrei)
30 Mar 2025 16:42:12,601 TRACE ro.mpp2024.repository.ParticipantRepository 31 createEntityFromResultSet - Enter createEntityFromResultSet
30 Mar 2025 16:42:12,601 TRACE ro.mpp2024.repository.ParticipantRepository 37 createEntityFromResultSet - Exit with(Dumitrescu Elena)
30 Mar 2025 16:42:12,601 TRACE ro.mpp2024.repository.ParticipantRepository 31 createEntityFromResultSet - Enter createEntityFromResultSet
30 Mar 2025 16:42:12,601 TRACE ro.mpp2024.repository.ParticipantRepository 37 createEntityFromResultSet - Exit with(Popa Mihai)
30 Mar 2025 16:42:12,601 TRACE ro.mpp2024.repository.ParticipantRepository 31 createEntityFromResultSet - Enter createEntityFromResultSet
30 Mar 2025 16:42:12,601 TRACE ro.mpp2024.repository.ParticipantRepository 37 createEntityFromResultSet - Exit with(Stan Ioana)
30 Mar 2025 16:42:12,601 TRACE ro.mpp2024.repository.ParticipantRepository 31 createEntityFromResultSet - Enter createEntityFromResultSet
30 Mar 2025 16:42:12,601 TRACE ro.mpp2024.repository.ParticipantRepository 37 createEntityFromResultSet - Exit with(Radu Cristian)
30 Mar 2025 16:42:12,601 TRACE ro.mpp2024.repository.ParticipantRepository 31 createEntityFromResultSet - Enter createEntityFromResultSet
30 Mar 2025 16:42:12,602 TRACE ro.mpp2024.repository.ParticipantRepository 37 createEntityFromResultSet - Exit with(Marin Ana)
30 Mar 2025 16:42:12,602 TRACE ro.mpp2024.repository.ParticipantRepository 31 createEntityFromResultSet - Enter createEntityFromResultSet
30 Mar 2025 16:42:12,602 TRACE ro.mpp2024.repository.ParticipantRepository 37 createEntityFromResultSet - Exit with(Tudor Alexandru)
30 Mar 2025 16:42:12,602 TRACE ro.mpp2024.repository.ParticipantRepository 31 createEntityFromResultSet - Enter createEntityFromResultSet
30 Mar 2025 16:42:12,602 TRACE ro.mpp2024.repository.ParticipantRepository 37 createEntityFromResultSet - Exit with(Petrescu Gabriel)
30 Mar 2025 16:42:12,602 TRACE ro.mpp2024.repository.ParticipantRepository 31 createEntityFromResultSet - Enter createEntityFromResultSet
30 Mar 2025 16:42:12,602 TRACE ro.mpp2024.repository.ParticipantRepository 37 createEntityFromResultSet - Exit with(Iliescu Daniela)
30 Mar 2025 16:42:12,602 TRACE ro.mpp2024.repository.ParticipantRepository 31 createEntityFromResultSet - Enter createEntityFromResultSet
30 Mar 2025 16:42:12,602 TRACE ro.mpp2024.repository.ParticipantRepository 37 createEntityFromResultSet - Exit with(Vasilescu Florin)
30 Mar 2025 16:42:12,603 TRACE ro.mpp2024.repository.ParticipantRepository 31 createEntityFromResultSet - Enter createEntityFromResultSet
30 Mar 2025 16:42:12,603 TRACE ro.mpp2024.repository.ParticipantRepository 37 createEntityFromResultSet - Exit with(Dobre Adriana)
30 Mar 2025 16:42:12,603 TRACE ro.mpp2024.repository.ParticipantRepository 31 createEntityFromResultSet - Enter createEntityFromResultSet
30 Mar 2025 16:42:12,603 TRACE ro.mpp2024.repository.ParticipantRepository 37 createEntityFromResultSet - Exit with(Munteanu Sorin)
30 Mar 2025 16:42:12,603 TRACE ro.mpp2024.repository.ParticipantRepository 31 createEntityFromResultSet - Enter createEntityFromResultSet
30 Mar 2025 16:42:12,603 TRACE ro.mpp2024.repository.ParticipantRepository 37 createEntityFromResultSet - Exit with(Nistor Carmen)
30 Mar 2025 16:42:12,603 TRACE ro.mpp2024.repository.ParticipantRepository 31 createEntityFromResultSet - Enter createEntityFromResultSet
30 Mar 2025 16:42:12,603 TRACE ro.mpp2024.repository.ParticipantRepository 37 createEntityFromResultSet - Exit with(Lazar Roxana)
30 Mar 2025 16:42:12,603 TRACE ro.mpp2024.repository.ParticipantRepository 31 createEntityFromResultSet - Enter createEntityFromResultSet
30 Mar 2025 16:42:12,604 TRACE ro.mpp2024.repository.ParticipantRepository 37 createEntityFromResultSet - Exit with(Gheorghe Vlad)
30 Mar 2025 16:42:12,604 TRACE ro.mpp2024.repository.ParticipantRepository 31 createEntityFromResultSet - Enter createEntityFromResultSet
30 Mar 2025 16:42:12,604 TRACE ro.mpp2024.repository.ParticipantRepository 37 createEntityFromResultSet - Exit with(Barbu Irina)
30 Mar 2025 16:42:12,604 TRACE ro.mpp2024.repository.ParticipantRepository 31 createEntityFromResultSet - Enter createEntityFromResultSet
30 Mar 2025 16:42:12,604 TRACE ro.mpp2024.repository.ParticipantRepository 37 createEntityFromResultSet - Exit with(Constantin Marius)
30 Mar 2025 16:42:12,604 TRACE ro.mpp2024.repository.ParticipantRepository 31 createEntityFromResultSet - Enter createEntityFromResultSet
30 Mar 2025 16:42:12,604 TRACE ro.mpp2024.repository.ParticipantRepository 37 createEntityFromResultSet - Exit with(Enache Laura)
30 Mar 2025 16:42:12,604 TRACE ro.mpp2024.repository.ParticipantRepository 31 createEntityFromResultSet - Enter createEntityFromResultSet
30 Mar 2025 16:42:12,604 TRACE ro.mpp2024.repository.ParticipantRepository 37 createEntityFromResultSet - Exit with(Dragomir Adrian)
30 Mar 2025 16:42:12,604 TRACE ro.mpp2024.repository.ParticipantRepository 31 createEntityFromResultSet - Enter createEntityFromResultSet
30 Mar 2025 16:42:12,605 TRACE ro.mpp2024.repository.ParticipantRepository 37 createEntityFromResultSet - Exit with(Filip Bianca)
30 Mar 2025 16:42:12,605 TRACE ro.mpp2024.repository.ParticipantRepository 31 createEntityFromResultSet - Enter createEntityFromResultSet
30 Mar 2025 16:42:12,605 TRACE ro.mpp2024.repository.ParticipantRepository 37 createEntityFromResultSet - Exit with(Grigore Stefan)
30 Mar 2025 16:42:12,605 TRACE ro.mpp2024.repository.ParticipantRepository 31 createEntityFromResultSet - Enter createEntityFromResultSet
30 Mar 2025 16:42:12,605 TRACE ro.mpp2024.repository.ParticipantRepository 37 createEntityFromResultSet - Exit with(Hagi Diana)
30 Mar 2025 16:42:12,605 TRACE ro.mpp2024.repository.ParticipantRepository 31 createEntityFromResultSet - Enter createEntityFromResultSet
30 Mar 2025 16:42:12,605 TRACE ro.mpp2024.repository.ParticipantRepository 37 createEntityFromResultSet - Exit with(Iacob Radu)
30 Mar 2025 16:42:12,605 TRACE ro.mpp2024.repository.ParticipantRepository 31 createEntityFromResultSet - Enter createEntityFromResultSet
30 Mar 2025 16:42:12,605 TRACE ro.mpp2024.repository.ParticipantRepository 37 createEntityFromResultSet - Exit with(Jianu Oana)
30 Mar 2025 16:42:12,605 TRACE ro.mpp2024.repository.ParticipantRepository 31 createEntityFromResultSet - Enter createEntityFromResultSet
30 Mar 2025 16:42:12,605 TRACE ro.mpp2024.repository.ParticipantRepository 37 createEntityFromResultSet - Exit with(Kovacs Cristina)
30 Mar 2025 16:42:12,606 TRACE ro.mpp2024.repository.ParticipantRepository 31 createEntityFromResultSet - Enter createEntityFromResultSet
30 Mar 2025 16:42:12,606 TRACE ro.mpp2024.repository.ParticipantRepository 37 createEntityFromResultSet - Exit with(Lupu George)
30 Mar 2025 16:42:12,606 TRACE ro.mpp2024.repository.ParticipantRepository 31 createEntityFromResultSet - Enter createEntityFromResultSet
30 Mar 2025 16:42:12,606 TRACE ro.mpp2024.repository.ParticipantRepository 37 createEntityFromResultSet - Exit with(Manole Simona)
30 Mar 2025 16:42:12,606 TRACE ro.mpp2024.repository.ParticipantRepository 31 createEntityFromResultSet - Enter createEntityFromResultSet
30 Mar 2025 16:42:12,606 TRACE ro.mpp2024.repository.ParticipantRepository 37 createEntityFromResultSet - Exit with(Nedelcu Alexandra)
30 Mar 2025 16:42:12,606 TRACE ro.mpp2024.repository.ParticipantRepository 31 createEntityFromResultSet - Enter createEntityFromResultSet
30 Mar 2025 16:42:12,606 TRACE ro.mpp2024.repository.ParticipantRepository 37 createEntityFromResultSet - Exit with(Oprea Bogdan)
30 Mar 2025 16:42:12,606 TRACE ro.mpp2024.repository.ParticipantRepository 31 createEntityFromResultSet - Enter createEntityFromResultSet
30 Mar 2025 16:42:12,606 TRACE ro.mpp2024.repository.ParticipantRepository 37 createEntityFromResultSet - Exit with(Pavel Monica)
30 Mar 2025 16:42:12,606 TRACE ro.mpp2024.repository.ParticipantRepository 31 createEntityFromResultSet - Enter createEntityFromResultSet
30 Mar 2025 16:42:12,607 TRACE ro.mpp2024.repository.ParticipantRepository 37 createEntityFromResultSet - Exit with(Rusu Andreea)
30 Mar 2025 16:42:12,607 TRACE ro.mpp2024.repository.ParticipantRepository 31 createEntityFromResultSet - Enter createEntityFromResultSet
30 Mar 2025 16:42:12,607 TRACE ro.mpp2024.repository.ParticipantRepository 37 createEntityFromResultSet - Exit with(Sandu Victor)
30 Mar 2025 16:42:12,607 TRACE ro.mpp2024.repository.ParticipantRepository 31 createEntityFromResultSet - Enter createEntityFromResultSet
30 Mar 2025 16:42:12,607 TRACE ro.mpp2024.repository.ParticipantRepository 37 createEntityFromResultSet - Exit with(Toma Gabriela)
30 Mar 2025 16:42:12,607 TRACE ro.mpp2024.repository.ParticipantRepository 31 createEntityFromResultSet - Enter createEntityFromResultSet
30 Mar 2025 16:42:12,607 TRACE ro.mpp2024.repository.ParticipantRepository 37 createEntityFromResultSet - Exit with(Ursu Mihail)
30 Mar 2025 16:42:12,607 TRACE ro.mpp2024.repository.ParticipantRepository 31 createEntityFromResultSet - Enter createEntityFromResultSet
30 Mar 2025 16:42:12,607 TRACE ro.mpp2024.repository.ParticipantRepository 37 createEntityFromResultSet - Exit with(Vlad Anca)
30 Mar 2025 16:42:12,607 TRACE ro.mpp2024.repository.ParticipantRepository 31 createEntityFromResultSet - Enter createEntityFromResultSet
30 Mar 2025 16:42:12,608 TRACE ro.mpp2024.repository.ParticipantRepository 37 createEntityFromResultSet - Exit with(Zamfir Lucian)
30 Mar 2025 16:42:12,608 TRACE ro.mpp2024.repository.ParticipantRepository 31 createEntityFromResultSet - Enter createEntityFromResultSet
30 Mar 2025 16:42:12,608 TRACE ro.mpp2024.repository.ParticipantRepository 37 createEntityFromResultSet - Exit with(Voicu Raluca)
30 Mar 2025 16:42:12,608 TRACE ro.mpp2024.repository.ParticipantRepository 31 createEntityFromResultSet - Enter createEntityFromResultSet
30 Mar 2025 16:42:12,608 TRACE ro.mpp2024.repository.ParticipantRepository 37 createEntityFromResultSet - Exit with(nume prenume)
30 Mar 2025 16:42:12,608 TRACE ro.mpp2024.repository.ParticipantRepository 57 findAll - Exit with([Popescu Ion, Ionescu Maria, Georgescu Andrei, Dumitrescu Elena, Popa Mihai, Stan Ioana, Radu Cristian, Marin Ana, Tudor Alexandru, Petrescu Gabriel, Iliescu Daniela, Vasilescu Florin, Dobre Adriana, Munteanu Sorin, Nistor Carmen, Lazar Roxana, Gheorghe Vlad, Barbu Irina, Constantin Marius, Enache Laura, Dragomir Adrian, Filip Bianca, Grigore Stefan, Hagi Diana, Iacob Radu, Jianu Oana, Kovacs Cristina, Lupu George, Manole Simona, Nedelcu Alexandra, Oprea Bogdan, Pavel Monica, Rusu Andreea, Sandu Victor, Toma Gabriela, Ursu Mihail, Vlad Anca, Zamfir Lucian, Voicu Raluca, nume prenume])
30 Mar 2025 16:44:21,751 INFO  ro.mpp2024.repository.ArbitruRepository 26 <init> - Initializing IArbitruRepository with properties: {} 
30 Mar 2025 16:44:21,755 INFO  ro.mpp2024.repository.ProbaRepository 25 <init> - Initializing ProbaRepository with properties: {} 
30 Mar 2025 16:44:21,757 INFO  ro.mpp2024.repository.ParticipantRepository 25 <init> - Initializing ParticipantRepository with properties: {} 
30 Mar 2025 16:44:21,758 INFO  ro.mpp2024.repository.RezultatRepository 26 <init> - Initializing RezultatRepository with properties: {} 
30 Mar 2025 16:44:21,759 INFO  ro.mpp2024.services.ArbitruService 16 <init> - Initializing ArbitruService
30 Mar 2025 16:44:21,761 TRACE ro.mpp2024.repository.ArbitruRepository 45 findAll - Enter findAll
30 Mar 2025 16:44:21,761 TRACE ro.mpp2024.utils.JdbcUtils 48 getConnection - Enter
30 Mar 2025 16:44:21,761 TRACE ro.mpp2024.utils.JdbcUtils 25 getNewConnection - Enter
30 Mar 2025 16:44:21,762 INFO  ro.mpp2024.utils.JdbcUtils 30 getNewConnection - trying to connect to database ... jdbc:sqlite:src/main/resources/triatlon.db
30 Mar 2025 16:44:21,762 INFO  ro.mpp2024.utils.JdbcUtils 31 getNewConnection - user: null
30 Mar 2025 16:44:21,762 INFO  ro.mpp2024.utils.JdbcUtils 32 getNewConnection - pass: null
30 Mar 2025 16:44:21,852 TRACE ro.mpp2024.utils.JdbcUtils 57 getConnection - Exit with(org.sqlite.jdbc4.JDBC4Connection@57d138ba)
30 Mar 2025 16:44:21,854 TRACE ro.mpp2024.repository.ArbitruRepository 32 createEntityFromResultSet - Enter createEntityFromResultSet
30 Mar 2025 16:44:21,858 TRACE ro.mpp2024.repository.ArbitruRepository 39 createEntityFromResultSet - Exit with(Arbitru{nume='Alice Johnson', username='alice.j', password='UGFzc3cwcmQxIQ==', id_proba=s1})
30 Mar 2025 16:44:21,858 TRACE ro.mpp2024.repository.ArbitruRepository 32 createEntityFromResultSet - Enter createEntityFromResultSet
30 Mar 2025 16:44:21,859 TRACE ro.mpp2024.repository.ArbitruRepository 39 createEntityFromResultSet - Exit with(Arbitru{nume='Bob Smith', username='bob.smith', password='U2VjdXJlUEBzczI=', id_proba=c1})
30 Mar 2025 16:44:21,859 TRACE ro.mpp2024.repository.ArbitruRepository 32 createEntityFromResultSet - Enter createEntityFromResultSet
30 Mar 2025 16:44:21,859 TRACE ro.mpp2024.repository.ArbitruRepository 39 createEntityFromResultSet - Exit with(Arbitru{nume='Charlie Brown', username='charlie.b', password='TXlQQHNzdzNyZA==', id_proba=i1})
30 Mar 2025 16:44:21,859 TRACE ro.mpp2024.repository.ArbitruRepository 32 createEntityFromResultSet - Enter createEntityFromResultSet
30 Mar 2025 16:44:21,859 TRACE ro.mpp2024.repository.ArbitruRepository 39 createEntityFromResultSet - Exit with(Arbitru{nume='David Wilson', username='david.w', password='UEBzc3cwcmQ0VQ==', id_proba=s2})
30 Mar 2025 16:44:21,859 TRACE ro.mpp2024.repository.ArbitruRepository 32 createEntityFromResultSet - Enter createEntityFromResultSet
30 Mar 2025 16:44:21,859 TRACE ro.mpp2024.repository.ArbitruRepository 39 createEntityFromResultSet - Exit with(Arbitru{nume='Emma Davis', username='emma.d', password='UEBzc3dvcmQjNQ==', id_proba=c2})
30 Mar 2025 16:44:21,860 TRACE ro.mpp2024.repository.ArbitruRepository 32 createEntityFromResultSet - Enter createEntityFromResultSet
30 Mar 2025 16:44:21,860 TRACE ro.mpp2024.repository.ArbitruRepository 39 createEntityFromResultSet - Exit with(Arbitru{nume='Fiona Clark', username='fiona.c', password='U2VjcjN0UEBzczY=', id_proba=i2})
30 Mar 2025 16:44:21,860 TRACE ro.mpp2024.repository.ArbitruRepository 32 createEntityFromResultSet - Enter createEntityFromResultSet
30 Mar 2025 16:44:21,860 TRACE ro.mpp2024.repository.ArbitruRepository 39 createEntityFromResultSet - Exit with(Arbitru{nume='George Hall', username='george.h', password='UEBzc3cwcmQ3IQ==', id_proba=s3})
30 Mar 2025 16:44:21,860 TRACE ro.mpp2024.repository.ArbitruRepository 32 createEntityFromResultSet - Enter createEntityFromResultSet
30 Mar 2025 16:44:21,861 TRACE ro.mpp2024.repository.ArbitruRepository 39 createEntityFromResultSet - Exit with(Arbitru{nume='Hannah Lewis', username='hannah.l', password='TXlwQHNzdzhyZA==', id_proba=c3})
30 Mar 2025 16:44:21,861 TRACE ro.mpp2024.repository.ArbitruRepository 32 createEntityFromResultSet - Enter createEntityFromResultSet
30 Mar 2025 16:44:21,861 TRACE ro.mpp2024.repository.ArbitruRepository 39 createEntityFromResultSet - Exit with(Arbitru{nume='Ian Walker', username='ian.w', password='UEBzc3cwcmQ5Iw==', id_proba=i3})
30 Mar 2025 16:44:21,861 TRACE ro.mpp2024.repository.ArbitruRepository 32 createEntityFromResultSet - Enter createEntityFromResultSet
30 Mar 2025 16:44:21,861 TRACE ro.mpp2024.repository.ArbitruRepository 39 createEntityFromResultSet - Exit with(Arbitru{nume='Jack Martinez', username='jack.m', password='UEBzc3cwcmQxMA==', id_proba=s4})
30 Mar 2025 16:44:21,861 TRACE ro.mpp2024.repository.ArbitruRepository 32 createEntityFromResultSet - Enter createEntityFromResultSet
30 Mar 2025 16:44:21,862 TRACE ro.mpp2024.repository.ArbitruRepository 39 createEntityFromResultSet - Exit with(Arbitru{nume='Kara Young', username='kara.y', password='UEBzc3dvcmQxMSE=', id_proba=c4})
30 Mar 2025 16:44:21,862 TRACE ro.mpp2024.repository.ArbitruRepository 32 createEntityFromResultSet - Enter createEntityFromResultSet
30 Mar 2025 16:44:21,862 TRACE ro.mpp2024.repository.ArbitruRepository 39 createEntityFromResultSet - Exit with(Arbitru{nume='Liam King', username='liam.k', password='U2VjdXIzUEBzczEy', id_proba=i4})
30 Mar 2025 16:44:21,862 TRACE ro.mpp2024.repository.ArbitruRepository 32 createEntityFromResultSet - Enter createEntityFromResultSet
30 Mar 2025 16:44:21,862 TRACE ro.mpp2024.repository.ArbitruRepository 39 createEntityFromResultSet - Exit with(Arbitru{nume='Mia Scott', username='mia.s', password='UEBzc3dvcmQxMyM=', id_proba=s5})
30 Mar 2025 16:44:21,862 TRACE ro.mpp2024.repository.ArbitruRepository 32 createEntityFromResultSet - Enter createEntityFromResultSet
30 Mar 2025 16:44:21,863 TRACE ro.mpp2024.repository.ArbitruRepository 39 createEntityFromResultSet - Exit with(Arbitru{nume='Noah Green', username='noah.g', password='TXlQQHNzdzE0cmQ=', id_proba=c5})
30 Mar 2025 16:44:21,863 TRACE ro.mpp2024.repository.ArbitruRepository 32 createEntityFromResultSet - Enter createEntityFromResultSet
30 Mar 2025 16:44:21,863 TRACE ro.mpp2024.repository.ArbitruRepository 39 createEntityFromResultSet - Exit with(Arbitru{nume='Olivia Adams', username='olivia.a', password='UEBzc3dvcmQxNSE=', id_proba=i5})
30 Mar 2025 16:44:21,863 TRACE ro.mpp2024.repository.ArbitruRepository 32 createEntityFromResultSet - Enter createEntityFromResultSet
30 Mar 2025 16:44:21,863 TRACE ro.mpp2024.repository.ArbitruRepository 39 createEntityFromResultSet - Exit with(Arbitru{nume='Paul Baker', username='paul.b', password='U2VjdXJpN3lQQHNzMTY=', id_proba=s6})
30 Mar 2025 16:44:21,864 TRACE ro.mpp2024.repository.ArbitruRepository 32 createEntityFromResultSet - Enter createEntityFromResultSet
30 Mar 2025 16:44:21,864 TRACE ro.mpp2024.repository.ArbitruRepository 39 createEntityFromResultSet - Exit with(Arbitru{nume='Quinn Harris', username='quinn.h', password='UEBzc3dvcmQxNyM=', id_proba=c6})
30 Mar 2025 16:44:21,864 TRACE ro.mpp2024.repository.ArbitruRepository 32 createEntityFromResultSet - Enter createEntityFromResultSet
30 Mar 2025 16:44:21,864 TRACE ro.mpp2024.repository.ArbitruRepository 39 createEntityFromResultSet - Exit with(Arbitru{nume='Rachel Nelson', username='rachel.n', password='UEBzc3cwcmQxOCE=', id_proba=i6})
30 Mar 2025 16:44:21,864 TRACE ro.mpp2024.repository.ArbitruRepository 32 createEntityFromResultSet - Enter createEntityFromResultSet
30 Mar 2025 16:44:21,864 TRACE ro.mpp2024.repository.ArbitruRepository 39 createEntityFromResultSet - Exit with(Arbitru{nume='Sam Perez', username='sam.p', password='TXlQQHNzdzE5cmQ=', id_proba=c8})
30 Mar 2025 16:44:21,865 TRACE ro.mpp2024.repository.ArbitruRepository 61 findAll - Exit
30 Mar 2025 16:44:21,867 INFO  ro.mpp2024.services.ArbitruService 18 lambda$new$0 - VUdGemMzY3djbVF4SVE9PQ==
30 Mar 2025 16:44:21,867 INFO  ro.mpp2024.services.ArbitruService 18 lambda$new$0 - VTJWamRYSmxVRUJ6Y3pJPQ==
30 Mar 2025 16:44:21,867 INFO  ro.mpp2024.services.ArbitruService 18 lambda$new$0 - VFhsUVFITnpkek55WkE9PQ==
30 Mar 2025 16:44:21,867 INFO  ro.mpp2024.services.ArbitruService 18 lambda$new$0 - VUVCemMzY3djbVEwVlE9PQ==
30 Mar 2025 16:44:21,867 INFO  ro.mpp2024.services.ArbitruService 18 lambda$new$0 - VUVCemMzZHZjbVFqTlE9PQ==
30 Mar 2025 16:44:21,867 INFO  ro.mpp2024.services.ArbitruService 18 lambda$new$0 - VTJWamNqTjBVRUJ6Y3pZPQ==
30 Mar 2025 16:44:21,867 INFO  ro.mpp2024.services.ArbitruService 18 lambda$new$0 - VUVCemMzY3djbVEzSVE9PQ==
30 Mar 2025 16:44:21,867 INFO  ro.mpp2024.services.ArbitruService 18 lambda$new$0 - VFhsd1FITnpkemh5WkE9PQ==
30 Mar 2025 16:44:21,867 INFO  ro.mpp2024.services.ArbitruService 18 lambda$new$0 - VUVCemMzY3djbVE1SXc9PQ==
30 Mar 2025 16:44:21,868 INFO  ro.mpp2024.services.ArbitruService 18 lambda$new$0 - VUVCemMzY3djbVF4TUE9PQ==
30 Mar 2025 16:44:21,868 INFO  ro.mpp2024.services.ArbitruService 18 lambda$new$0 - VUVCemMzZHZjbVF4TVNFPQ==
30 Mar 2025 16:44:21,868 INFO  ro.mpp2024.services.ArbitruService 18 lambda$new$0 - VTJWamRYSXpVRUJ6Y3pFeQ==
30 Mar 2025 16:44:21,868 INFO  ro.mpp2024.services.ArbitruService 18 lambda$new$0 - VUVCemMzZHZjbVF4TXlNPQ==
30 Mar 2025 16:44:21,868 INFO  ro.mpp2024.services.ArbitruService 18 lambda$new$0 - VFhsUVFITnpkekUwY21RPQ==
30 Mar 2025 16:44:21,868 INFO  ro.mpp2024.services.ArbitruService 18 lambda$new$0 - VUVCemMzZHZjbVF4TlNFPQ==
30 Mar 2025 16:44:21,868 INFO  ro.mpp2024.services.ArbitruService 18 lambda$new$0 - VTJWamRYSnBOM2xRUUhOek1UWT0=
30 Mar 2025 16:44:21,868 INFO  ro.mpp2024.services.ArbitruService 18 lambda$new$0 - VUVCemMzZHZjbVF4TnlNPQ==
30 Mar 2025 16:44:21,868 INFO  ro.mpp2024.services.ArbitruService 18 lambda$new$0 - VUVCemMzY3djbVF4T0NFPQ==
30 Mar 2025 16:44:21,869 INFO  ro.mpp2024.services.ArbitruService 18 lambda$new$0 - VFhsUVFITnpkekU1Y21RPQ==
30 Mar 2025 16:44:21,869 INFO  ro.mpp2024.services.RezultatService 26 <init> - Service Rezultat made
30 Mar 2025 16:44:21,870 TRACE ro.mpp2024.repository.RezultatRepository 169 listaParticiapntPuncteProbaDescrescator - Enter listaParticiapntPuncteProbaDescrescator
30 Mar 2025 16:44:21,870 TRACE ro.mpp2024.utils.JdbcUtils 48 getConnection - Enter
30 Mar 2025 16:44:21,870 TRACE ro.mpp2024.utils.JdbcUtils 57 getConnection - Exit with(org.sqlite.jdbc4.JDBC4Connection@57d138ba)
30 Mar 2025 16:44:21,871 TRACE ro.mpp2024.repository.RezultatRepository 187 listaParticiapntPuncteProbaDescrescator - Enter Terminat dictionar
30 Mar 2025 16:44:36,031 TRACE ro.mpp2024.utils.JdbcUtils 48 getConnection - Enter
30 Mar 2025 16:44:36,031 TRACE ro.mpp2024.utils.JdbcUtils 57 getConnection - Exit with(org.sqlite.jdbc4.JDBC4Connection@57d138ba)
30 Mar 2025 16:44:36,031 TRACE ro.mpp2024.repository.ArbitruRepository 32 createEntityFromResultSet - Enter createEntityFromResultSet
30 Mar 2025 16:44:36,032 TRACE ro.mpp2024.repository.ArbitruRepository 39 createEntityFromResultSet - Exit with(Arbitru{nume='Alice Johnson', username='alice.j', password='UGFzc3cwcmQxIQ==', id_proba=s1})
30 Mar 2025 16:44:36,083 TRACE ro.mpp2024.repository.RezultatRepository 145 listaParticipantiPuncteAlfabetic - Enter listaParticipantiPuncteAlfabetic
30 Mar 2025 16:44:36,083 TRACE ro.mpp2024.utils.JdbcUtils 48 getConnection - Enter
30 Mar 2025 16:44:36,083 TRACE ro.mpp2024.utils.JdbcUtils 57 getConnection - Exit with(org.sqlite.jdbc4.JDBC4Connection@57d138ba)
30 Mar 2025 16:44:36,084 TRACE ro.mpp2024.repository.RezultatRepository 163 listaParticipantiPuncteAlfabetic - Enter Terminat dictionar
30 Mar 2025 16:44:36,084 TRACE ro.mpp2024.repository.RezultatRepository 169 listaParticiapntPuncteProbaDescrescator - Enter listaParticiapntPuncteProbaDescrescator
30 Mar 2025 16:44:36,084 TRACE ro.mpp2024.utils.JdbcUtils 48 getConnection - Enter
30 Mar 2025 16:44:36,084 TRACE ro.mpp2024.utils.JdbcUtils 57 getConnection - Exit with(org.sqlite.jdbc4.JDBC4Connection@57d138ba)
30 Mar 2025 16:44:36,085 TRACE ro.mpp2024.repository.RezultatRepository 187 listaParticiapntPuncteProbaDescrescator - Enter Terminat dictionar
30 Mar 2025 16:44:36,087 TRACE ro.mpp2024.repository.ParticipantRepository 43 findAll - Enter
30 Mar 2025 16:44:36,088 TRACE ro.mpp2024.utils.JdbcUtils 48 getConnection - Enter
30 Mar 2025 16:44:36,088 TRACE ro.mpp2024.utils.JdbcUtils 57 getConnection - Exit with(org.sqlite.jdbc4.JDBC4Connection@57d138ba)
30 Mar 2025 16:44:36,088 TRACE ro.mpp2024.repository.ParticipantRepository 31 createEntityFromResultSet - Enter createEntityFromResultSet
30 Mar 2025 16:44:36,088 TRACE ro.mpp2024.repository.ParticipantRepository 37 createEntityFromResultSet - Exit with(Popescu Ion)
30 Mar 2025 16:44:36,088 TRACE ro.mpp2024.repository.ParticipantRepository 31 createEntityFromResultSet - Enter createEntityFromResultSet
30 Mar 2025 16:44:36,088 TRACE ro.mpp2024.repository.ParticipantRepository 37 createEntityFromResultSet - Exit with(Ionescu Maria)
30 Mar 2025 16:44:36,089 TRACE ro.mpp2024.repository.ParticipantRepository 31 createEntityFromResultSet - Enter createEntityFromResultSet
30 Mar 2025 16:44:36,089 TRACE ro.mpp2024.repository.ParticipantRepository 37 createEntityFromResultSet - Exit with(Georgescu Andrei)
30 Mar 2025 16:44:36,089 TRACE ro.mpp2024.repository.ParticipantRepository 31 createEntityFromResultSet - Enter createEntityFromResultSet
30 Mar 2025 16:44:36,089 TRACE ro.mpp2024.repository.ParticipantRepository 37 createEntityFromResultSet - Exit with(Dumitrescu Elena)
30 Mar 2025 16:44:36,089 TRACE ro.mpp2024.repository.ParticipantRepository 31 createEntityFromResultSet - Enter createEntityFromResultSet
30 Mar 2025 16:44:36,089 TRACE ro.mpp2024.repository.ParticipantRepository 37 createEntityFromResultSet - Exit with(Popa Mihai)
30 Mar 2025 16:44:36,089 TRACE ro.mpp2024.repository.ParticipantRepository 31 createEntityFromResultSet - Enter createEntityFromResultSet
30 Mar 2025 16:44:36,089 TRACE ro.mpp2024.repository.ParticipantRepository 37 createEntityFromResultSet - Exit with(Stan Ioana)
30 Mar 2025 16:44:36,089 TRACE ro.mpp2024.repository.ParticipantRepository 31 createEntityFromResultSet - Enter createEntityFromResultSet
30 Mar 2025 16:44:36,089 TRACE ro.mpp2024.repository.ParticipantRepository 37 createEntityFromResultSet - Exit with(Radu Cristian)
30 Mar 2025 16:44:36,090 TRACE ro.mpp2024.repository.ParticipantRepository 31 createEntityFromResultSet - Enter createEntityFromResultSet
30 Mar 2025 16:44:36,090 TRACE ro.mpp2024.repository.ParticipantRepository 37 createEntityFromResultSet - Exit with(Marin Ana)
30 Mar 2025 16:44:36,090 TRACE ro.mpp2024.repository.ParticipantRepository 31 createEntityFromResultSet - Enter createEntityFromResultSet
30 Mar 2025 16:44:36,090 TRACE ro.mpp2024.repository.ParticipantRepository 37 createEntityFromResultSet - Exit with(Tudor Alexandru)
30 Mar 2025 16:44:36,090 TRACE ro.mpp2024.repository.ParticipantRepository 31 createEntityFromResultSet - Enter createEntityFromResultSet
30 Mar 2025 16:44:36,090 TRACE ro.mpp2024.repository.ParticipantRepository 37 createEntityFromResultSet - Exit with(Petrescu Gabriel)
30 Mar 2025 16:44:36,090 TRACE ro.mpp2024.repository.ParticipantRepository 31 createEntityFromResultSet - Enter createEntityFromResultSet
30 Mar 2025 16:44:36,090 TRACE ro.mpp2024.repository.ParticipantRepository 37 createEntityFromResultSet - Exit with(Iliescu Daniela)
30 Mar 2025 16:44:36,090 TRACE ro.mpp2024.repository.ParticipantRepository 31 createEntityFromResultSet - Enter createEntityFromResultSet
30 Mar 2025 16:44:36,091 TRACE ro.mpp2024.repository.ParticipantRepository 37 createEntityFromResultSet - Exit with(Vasilescu Florin)
30 Mar 2025 16:44:36,091 TRACE ro.mpp2024.repository.ParticipantRepository 31 createEntityFromResultSet - Enter createEntityFromResultSet
30 Mar 2025 16:44:36,091 TRACE ro.mpp2024.repository.ParticipantRepository 37 createEntityFromResultSet - Exit with(Dobre Adriana)
30 Mar 2025 16:44:36,091 TRACE ro.mpp2024.repository.ParticipantRepository 31 createEntityFromResultSet - Enter createEntityFromResultSet
30 Mar 2025 16:44:36,091 TRACE ro.mpp2024.repository.ParticipantRepository 37 createEntityFromResultSet - Exit with(Munteanu Sorin)
30 Mar 2025 16:44:36,091 TRACE ro.mpp2024.repository.ParticipantRepository 31 createEntityFromResultSet - Enter createEntityFromResultSet
30 Mar 2025 16:44:36,091 TRACE ro.mpp2024.repository.ParticipantRepository 37 createEntityFromResultSet - Exit with(Nistor Carmen)
30 Mar 2025 16:44:36,091 TRACE ro.mpp2024.repository.ParticipantRepository 31 createEntityFromResultSet - Enter createEntityFromResultSet
30 Mar 2025 16:44:36,091 TRACE ro.mpp2024.repository.ParticipantRepository 37 createEntityFromResultSet - Exit with(Lazar Roxana)
30 Mar 2025 16:44:36,091 TRACE ro.mpp2024.repository.ParticipantRepository 31 createEntityFromResultSet - Enter createEntityFromResultSet
30 Mar 2025 16:44:36,092 TRACE ro.mpp2024.repository.ParticipantRepository 37 createEntityFromResultSet - Exit with(Gheorghe Vlad)
30 Mar 2025 16:44:36,092 TRACE ro.mpp2024.repository.ParticipantRepository 31 createEntityFromResultSet - Enter createEntityFromResultSet
30 Mar 2025 16:44:36,092 TRACE ro.mpp2024.repository.ParticipantRepository 37 createEntityFromResultSet - Exit with(Barbu Irina)
30 Mar 2025 16:44:36,092 TRACE ro.mpp2024.repository.ParticipantRepository 31 createEntityFromResultSet - Enter createEntityFromResultSet
30 Mar 2025 16:44:36,092 TRACE ro.mpp2024.repository.ParticipantRepository 37 createEntityFromResultSet - Exit with(Constantin Marius)
30 Mar 2025 16:44:36,092 TRACE ro.mpp2024.repository.ParticipantRepository 31 createEntityFromResultSet - Enter createEntityFromResultSet
30 Mar 2025 16:44:36,092 TRACE ro.mpp2024.repository.ParticipantRepository 37 createEntityFromResultSet - Exit with(Enache Laura)
30 Mar 2025 16:44:36,092 TRACE ro.mpp2024.repository.ParticipantRepository 31 createEntityFromResultSet - Enter createEntityFromResultSet
30 Mar 2025 16:44:36,093 TRACE ro.mpp2024.repository.ParticipantRepository 37 createEntityFromResultSet - Exit with(Dragomir Adrian)
30 Mar 2025 16:44:36,093 TRACE ro.mpp2024.repository.ParticipantRepository 31 createEntityFromResultSet - Enter createEntityFromResultSet
30 Mar 2025 16:44:36,093 TRACE ro.mpp2024.repository.ParticipantRepository 37 createEntityFromResultSet - Exit with(Filip Bianca)
30 Mar 2025 16:44:36,093 TRACE ro.mpp2024.repository.ParticipantRepository 31 createEntityFromResultSet - Enter createEntityFromResultSet
30 Mar 2025 16:44:36,093 TRACE ro.mpp2024.repository.ParticipantRepository 37 createEntityFromResultSet - Exit with(Grigore Stefan)
30 Mar 2025 16:44:36,093 TRACE ro.mpp2024.repository.ParticipantRepository 31 createEntityFromResultSet - Enter createEntityFromResultSet
30 Mar 2025 16:44:36,093 TRACE ro.mpp2024.repository.ParticipantRepository 37 createEntityFromResultSet - Exit with(Hagi Diana)
30 Mar 2025 16:44:36,093 TRACE ro.mpp2024.repository.ParticipantRepository 31 createEntityFromResultSet - Enter createEntityFromResultSet
30 Mar 2025 16:44:36,093 TRACE ro.mpp2024.repository.ParticipantRepository 37 createEntityFromResultSet - Exit with(Iacob Radu)
30 Mar 2025 16:44:36,093 TRACE ro.mpp2024.repository.ParticipantRepository 31 createEntityFromResultSet - Enter createEntityFromResultSet
30 Mar 2025 16:44:36,094 TRACE ro.mpp2024.repository.ParticipantRepository 37 createEntityFromResultSet - Exit with(Jianu Oana)
30 Mar 2025 16:44:36,094 TRACE ro.mpp2024.repository.ParticipantRepository 31 createEntityFromResultSet - Enter createEntityFromResultSet
30 Mar 2025 16:44:36,094 TRACE ro.mpp2024.repository.ParticipantRepository 37 createEntityFromResultSet - Exit with(Kovacs Cristina)
30 Mar 2025 16:44:36,094 TRACE ro.mpp2024.repository.ParticipantRepository 31 createEntityFromResultSet - Enter createEntityFromResultSet
30 Mar 2025 16:44:36,094 TRACE ro.mpp2024.repository.ParticipantRepository 37 createEntityFromResultSet - Exit with(Lupu George)
30 Mar 2025 16:44:36,094 TRACE ro.mpp2024.repository.ParticipantRepository 31 createEntityFromResultSet - Enter createEntityFromResultSet
30 Mar 2025 16:44:36,094 TRACE ro.mpp2024.repository.ParticipantRepository 37 createEntityFromResultSet - Exit with(Manole Simona)
30 Mar 2025 16:44:36,094 TRACE ro.mpp2024.repository.ParticipantRepository 31 createEntityFromResultSet - Enter createEntityFromResultSet
30 Mar 2025 16:44:36,094 TRACE ro.mpp2024.repository.ParticipantRepository 37 createEntityFromResultSet - Exit with(Nedelcu Alexandra)
30 Mar 2025 16:44:36,094 TRACE ro.mpp2024.repository.ParticipantRepository 31 createEntityFromResultSet - Enter createEntityFromResultSet
30 Mar 2025 16:44:36,095 TRACE ro.mpp2024.repository.ParticipantRepository 37 createEntityFromResultSet - Exit with(Oprea Bogdan)
30 Mar 2025 16:44:36,095 TRACE ro.mpp2024.repository.ParticipantRepository 31 createEntityFromResultSet - Enter createEntityFromResultSet
30 Mar 2025 16:44:36,095 TRACE ro.mpp2024.repository.ParticipantRepository 37 createEntityFromResultSet - Exit with(Pavel Monica)
30 Mar 2025 16:44:36,095 TRACE ro.mpp2024.repository.ParticipantRepository 31 createEntityFromResultSet - Enter createEntityFromResultSet
30 Mar 2025 16:44:36,095 TRACE ro.mpp2024.repository.ParticipantRepository 37 createEntityFromResultSet - Exit with(Rusu Andreea)
30 Mar 2025 16:44:36,095 TRACE ro.mpp2024.repository.ParticipantRepository 31 createEntityFromResultSet - Enter createEntityFromResultSet
30 Mar 2025 16:44:36,095 TRACE ro.mpp2024.repository.ParticipantRepository 37 createEntityFromResultSet - Exit with(Sandu Victor)
30 Mar 2025 16:44:36,096 TRACE ro.mpp2024.repository.ParticipantRepository 31 createEntityFromResultSet - Enter createEntityFromResultSet
30 Mar 2025 16:44:36,096 TRACE ro.mpp2024.repository.ParticipantRepository 37 createEntityFromResultSet - Exit with(Toma Gabriela)
30 Mar 2025 16:44:36,096 TRACE ro.mpp2024.repository.ParticipantRepository 31 createEntityFromResultSet - Enter createEntityFromResultSet
30 Mar 2025 16:44:36,096 TRACE ro.mpp2024.repository.ParticipantRepository 37 createEntityFromResultSet - Exit with(Ursu Mihail)
30 Mar 2025 16:44:36,096 TRACE ro.mpp2024.repository.ParticipantRepository 31 createEntityFromResultSet - Enter createEntityFromResultSet
30 Mar 2025 16:44:36,096 TRACE ro.mpp2024.repository.ParticipantRepository 37 createEntityFromResultSet - Exit with(Vlad Anca)
30 Mar 2025 16:44:36,097 TRACE ro.mpp2024.repository.ParticipantRepository 31 createEntityFromResultSet - Enter createEntityFromResultSet
30 Mar 2025 16:44:36,097 TRACE ro.mpp2024.repository.ParticipantRepository 37 createEntityFromResultSet - Exit with(Zamfir Lucian)
30 Mar 2025 16:44:36,097 TRACE ro.mpp2024.repository.ParticipantRepository 31 createEntityFromResultSet - Enter createEntityFromResultSet
30 Mar 2025 16:44:36,097 TRACE ro.mpp2024.repository.ParticipantRepository 37 createEntityFromResultSet - Exit with(Voicu Raluca)
30 Mar 2025 16:44:36,097 TRACE ro.mpp2024.repository.ParticipantRepository 31 createEntityFromResultSet - Enter createEntityFromResultSet
30 Mar 2025 16:44:36,097 TRACE ro.mpp2024.repository.ParticipantRepository 37 createEntityFromResultSet - Exit with(nume prenume)
30 Mar 2025 16:44:36,098 TRACE ro.mpp2024.repository.ParticipantRepository 57 findAll - Exit with([Popescu Ion, Ionescu Maria, Georgescu Andrei, Dumitrescu Elena, Popa Mihai, Stan Ioana, Radu Cristian, Marin Ana, Tudor Alexandru, Petrescu Gabriel, Iliescu Daniela, Vasilescu Florin, Dobre Adriana, Munteanu Sorin, Nistor Carmen, Lazar Roxana, Gheorghe Vlad, Barbu Irina, Constantin Marius, Enache Laura, Dragomir Adrian, Filip Bianca, Grigore Stefan, Hagi Diana, Iacob Radu, Jianu Oana, Kovacs Cristina, Lupu George, Manole Simona, Nedelcu Alexandra, Oprea Bogdan, Pavel Monica, Rusu Andreea, Sandu Victor, Toma Gabriela, Ursu Mihail, Vlad Anca, Zamfir Lucian, Voicu Raluca, nume prenume])
30 Mar 2025 16:44:57,108 INFO  ro.mpp2024.repository.ArbitruRepository 26 <init> - Initializing IArbitruRepository with properties: {} 
30 Mar 2025 16:44:57,112 INFO  ro.mpp2024.repository.ProbaRepository 25 <init> - Initializing ProbaRepository with properties: {} 
30 Mar 2025 16:44:57,114 INFO  ro.mpp2024.repository.ParticipantRepository 25 <init> - Initializing ParticipantRepository with properties: {} 
30 Mar 2025 16:44:57,116 INFO  ro.mpp2024.repository.RezultatRepository 26 <init> - Initializing RezultatRepository with properties: {} 
30 Mar 2025 16:44:57,117 INFO  ro.mpp2024.services.ArbitruService 16 <init> - Initializing ArbitruService
30 Mar 2025 16:44:57,119 TRACE ro.mpp2024.repository.ArbitruRepository 45 findAll - Enter findAll
30 Mar 2025 16:44:57,119 TRACE ro.mpp2024.utils.JdbcUtils 48 getConnection - Enter
30 Mar 2025 16:44:57,119 TRACE ro.mpp2024.utils.JdbcUtils 25 getNewConnection - Enter
30 Mar 2025 16:44:57,120 INFO  ro.mpp2024.utils.JdbcUtils 30 getNewConnection - trying to connect to database ... jdbc:sqlite:src/main/resources/triatlon.db
30 Mar 2025 16:44:57,120 INFO  ro.mpp2024.utils.JdbcUtils 31 getNewConnection - user: null
30 Mar 2025 16:44:57,120 INFO  ro.mpp2024.utils.JdbcUtils 32 getNewConnection - pass: null
30 Mar 2025 16:44:57,214 TRACE ro.mpp2024.utils.JdbcUtils 57 getConnection - Exit with(org.sqlite.jdbc4.JDBC4Connection@38517bc2)
30 Mar 2025 16:44:57,217 TRACE ro.mpp2024.repository.ArbitruRepository 32 createEntityFromResultSet - Enter createEntityFromResultSet
30 Mar 2025 16:44:57,221 TRACE ro.mpp2024.repository.ArbitruRepository 39 createEntityFromResultSet - Exit with(Arbitru{nume='Alice Johnson', username='alice.j', password='UGFzc3cwcmQxIQ==', id_proba=s1})
30 Mar 2025 16:44:57,221 TRACE ro.mpp2024.repository.ArbitruRepository 32 createEntityFromResultSet - Enter createEntityFromResultSet
30 Mar 2025 16:44:57,221 TRACE ro.mpp2024.repository.ArbitruRepository 39 createEntityFromResultSet - Exit with(Arbitru{nume='Bob Smith', username='bob.smith', password='U2VjdXJlUEBzczI=', id_proba=c1})
30 Mar 2025 16:44:57,221 TRACE ro.mpp2024.repository.ArbitruRepository 32 createEntityFromResultSet - Enter createEntityFromResultSet
30 Mar 2025 16:44:57,221 TRACE ro.mpp2024.repository.ArbitruRepository 39 createEntityFromResultSet - Exit with(Arbitru{nume='Charlie Brown', username='charlie.b', password='TXlQQHNzdzNyZA==', id_proba=i1})
30 Mar 2025 16:44:57,222 TRACE ro.mpp2024.repository.ArbitruRepository 32 createEntityFromResultSet - Enter createEntityFromResultSet
30 Mar 2025 16:44:57,222 TRACE ro.mpp2024.repository.ArbitruRepository 39 createEntityFromResultSet - Exit with(Arbitru{nume='David Wilson', username='david.w', password='UEBzc3cwcmQ0VQ==', id_proba=s2})
30 Mar 2025 16:44:57,222 TRACE ro.mpp2024.repository.ArbitruRepository 32 createEntityFromResultSet - Enter createEntityFromResultSet
30 Mar 2025 16:44:57,222 TRACE ro.mpp2024.repository.ArbitruRepository 39 createEntityFromResultSet - Exit with(Arbitru{nume='Emma Davis', username='emma.d', password='UEBzc3dvcmQjNQ==', id_proba=c2})
30 Mar 2025 16:44:57,222 TRACE ro.mpp2024.repository.ArbitruRepository 32 createEntityFromResultSet - Enter createEntityFromResultSet
30 Mar 2025 16:44:57,222 TRACE ro.mpp2024.repository.ArbitruRepository 39 createEntityFromResultSet - Exit with(Arbitru{nume='Fiona Clark', username='fiona.c', password='U2VjcjN0UEBzczY=', id_proba=i2})
30 Mar 2025 16:44:57,222 TRACE ro.mpp2024.repository.ArbitruRepository 32 createEntityFromResultSet - Enter createEntityFromResultSet
30 Mar 2025 16:44:57,223 TRACE ro.mpp2024.repository.ArbitruRepository 39 createEntityFromResultSet - Exit with(Arbitru{nume='George Hall', username='george.h', password='UEBzc3cwcmQ3IQ==', id_proba=s3})
30 Mar 2025 16:44:57,223 TRACE ro.mpp2024.repository.ArbitruRepository 32 createEntityFromResultSet - Enter createEntityFromResultSet
30 Mar 2025 16:44:57,223 TRACE ro.mpp2024.repository.ArbitruRepository 39 createEntityFromResultSet - Exit with(Arbitru{nume='Hannah Lewis', username='hannah.l', password='TXlwQHNzdzhyZA==', id_proba=c3})
30 Mar 2025 16:44:57,223 TRACE ro.mpp2024.repository.ArbitruRepository 32 createEntityFromResultSet - Enter createEntityFromResultSet
30 Mar 2025 16:44:57,223 TRACE ro.mpp2024.repository.ArbitruRepository 39 createEntityFromResultSet - Exit with(Arbitru{nume='Ian Walker', username='ian.w', password='UEBzc3cwcmQ5Iw==', id_proba=i3})
30 Mar 2025 16:44:57,223 TRACE ro.mpp2024.repository.ArbitruRepository 32 createEntityFromResultSet - Enter createEntityFromResultSet
30 Mar 2025 16:44:57,223 TRACE ro.mpp2024.repository.ArbitruRepository 39 createEntityFromResultSet - Exit with(Arbitru{nume='Jack Martinez', username='jack.m', password='UEBzc3cwcmQxMA==', id_proba=s4})
30 Mar 2025 16:44:57,224 TRACE ro.mpp2024.repository.ArbitruRepository 32 createEntityFromResultSet - Enter createEntityFromResultSet
30 Mar 2025 16:44:57,224 TRACE ro.mpp2024.repository.ArbitruRepository 39 createEntityFromResultSet - Exit with(Arbitru{nume='Kara Young', username='kara.y', password='UEBzc3dvcmQxMSE=', id_proba=c4})
30 Mar 2025 16:44:57,224 TRACE ro.mpp2024.repository.ArbitruRepository 32 createEntityFromResultSet - Enter createEntityFromResultSet
30 Mar 2025 16:44:57,224 TRACE ro.mpp2024.repository.ArbitruRepository 39 createEntityFromResultSet - Exit with(Arbitru{nume='Liam King', username='liam.k', password='U2VjdXIzUEBzczEy', id_proba=i4})
30 Mar 2025 16:44:57,224 TRACE ro.mpp2024.repository.ArbitruRepository 32 createEntityFromResultSet - Enter createEntityFromResultSet
30 Mar 2025 16:44:57,224 TRACE ro.mpp2024.repository.ArbitruRepository 39 createEntityFromResultSet - Exit with(Arbitru{nume='Mia Scott', username='mia.s', password='UEBzc3dvcmQxMyM=', id_proba=s5})
30 Mar 2025 16:44:57,224 TRACE ro.mpp2024.repository.ArbitruRepository 32 createEntityFromResultSet - Enter createEntityFromResultSet
30 Mar 2025 16:44:57,225 TRACE ro.mpp2024.repository.ArbitruRepository 39 createEntityFromResultSet - Exit with(Arbitru{nume='Noah Green', username='noah.g', password='TXlQQHNzdzE0cmQ=', id_proba=c5})
30 Mar 2025 16:44:57,225 TRACE ro.mpp2024.repository.ArbitruRepository 32 createEntityFromResultSet - Enter createEntityFromResultSet
30 Mar 2025 16:44:57,225 TRACE ro.mpp2024.repository.ArbitruRepository 39 createEntityFromResultSet - Exit with(Arbitru{nume='Olivia Adams', username='olivia.a', password='UEBzc3dvcmQxNSE=', id_proba=i5})
30 Mar 2025 16:44:57,225 TRACE ro.mpp2024.repository.ArbitruRepository 32 createEntityFromResultSet - Enter createEntityFromResultSet
30 Mar 2025 16:44:57,225 TRACE ro.mpp2024.repository.ArbitruRepository 39 createEntityFromResultSet - Exit with(Arbitru{nume='Paul Baker', username='paul.b', password='U2VjdXJpN3lQQHNzMTY=', id_proba=s6})
30 Mar 2025 16:44:57,225 TRACE ro.mpp2024.repository.ArbitruRepository 32 createEntityFromResultSet - Enter createEntityFromResultSet
30 Mar 2025 16:44:57,225 TRACE ro.mpp2024.repository.ArbitruRepository 39 createEntityFromResultSet - Exit with(Arbitru{nume='Quinn Harris', username='quinn.h', password='UEBzc3dvcmQxNyM=', id_proba=c6})
30 Mar 2025 16:44:57,226 TRACE ro.mpp2024.repository.ArbitruRepository 32 createEntityFromResultSet - Enter createEntityFromResultSet
30 Mar 2025 16:44:57,226 TRACE ro.mpp2024.repository.ArbitruRepository 39 createEntityFromResultSet - Exit with(Arbitru{nume='Rachel Nelson', username='rachel.n', password='UEBzc3cwcmQxOCE=', id_proba=i6})
30 Mar 2025 16:44:57,226 TRACE ro.mpp2024.repository.ArbitruRepository 32 createEntityFromResultSet - Enter createEntityFromResultSet
30 Mar 2025 16:44:57,226 TRACE ro.mpp2024.repository.ArbitruRepository 39 createEntityFromResultSet - Exit with(Arbitru{nume='Sam Perez', username='sam.p', password='TXlQQHNzdzE5cmQ=', id_proba=c8})
30 Mar 2025 16:44:57,227 TRACE ro.mpp2024.repository.ArbitruRepository 61 findAll - Exit
30 Mar 2025 16:44:57,228 INFO  ro.mpp2024.services.ArbitruService 18 lambda$new$0 - VUdGemMzY3djbVF4SVE9PQ==
30 Mar 2025 16:44:57,229 INFO  ro.mpp2024.services.ArbitruService 18 lambda$new$0 - VTJWamRYSmxVRUJ6Y3pJPQ==
30 Mar 2025 16:44:57,229 INFO  ro.mpp2024.services.ArbitruService 18 lambda$new$0 - VFhsUVFITnpkek55WkE9PQ==
30 Mar 2025 16:44:57,229 INFO  ro.mpp2024.services.ArbitruService 18 lambda$new$0 - VUVCemMzY3djbVEwVlE9PQ==
30 Mar 2025 16:44:57,229 INFO  ro.mpp2024.services.ArbitruService 18 lambda$new$0 - VUVCemMzZHZjbVFqTlE9PQ==
30 Mar 2025 16:44:57,229 INFO  ro.mpp2024.services.ArbitruService 18 lambda$new$0 - VTJWamNqTjBVRUJ6Y3pZPQ==
30 Mar 2025 16:44:57,229 INFO  ro.mpp2024.services.ArbitruService 18 lambda$new$0 - VUVCemMzY3djbVEzSVE9PQ==
30 Mar 2025 16:44:57,229 INFO  ro.mpp2024.services.ArbitruService 18 lambda$new$0 - VFhsd1FITnpkemh5WkE9PQ==
30 Mar 2025 16:44:57,230 INFO  ro.mpp2024.services.ArbitruService 18 lambda$new$0 - VUVCemMzY3djbVE1SXc9PQ==
30 Mar 2025 16:44:57,230 INFO  ro.mpp2024.services.ArbitruService 18 lambda$new$0 - VUVCemMzY3djbVF4TUE9PQ==
30 Mar 2025 16:44:57,230 INFO  ro.mpp2024.services.ArbitruService 18 lambda$new$0 - VUVCemMzZHZjbVF4TVNFPQ==
30 Mar 2025 16:44:57,230 INFO  ro.mpp2024.services.ArbitruService 18 lambda$new$0 - VTJWamRYSXpVRUJ6Y3pFeQ==
30 Mar 2025 16:44:57,230 INFO  ro.mpp2024.services.ArbitruService 18 lambda$new$0 - VUVCemMzZHZjbVF4TXlNPQ==
30 Mar 2025 16:44:57,230 INFO  ro.mpp2024.services.ArbitruService 18 lambda$new$0 - VFhsUVFITnpkekUwY21RPQ==
30 Mar 2025 16:44:57,230 INFO  ro.mpp2024.services.ArbitruService 18 lambda$new$0 - VUVCemMzZHZjbVF4TlNFPQ==
30 Mar 2025 16:44:57,230 INFO  ro.mpp2024.services.ArbitruService 18 lambda$new$0 - VTJWamRYSnBOM2xRUUhOek1UWT0=
30 Mar 2025 16:44:57,231 INFO  ro.mpp2024.services.ArbitruService 18 lambda$new$0 - VUVCemMzZHZjbVF4TnlNPQ==
30 Mar 2025 16:44:57,231 INFO  ro.mpp2024.services.ArbitruService 18 lambda$new$0 - VUVCemMzY3djbVF4T0NFPQ==
30 Mar 2025 16:44:57,231 INFO  ro.mpp2024.services.ArbitruService 18 lambda$new$0 - VFhsUVFITnpkekU1Y21RPQ==
30 Mar 2025 16:44:57,232 INFO  ro.mpp2024.services.RezultatService 26 <init> - Service Rezultat made
30 Mar 2025 16:44:57,232 TRACE ro.mpp2024.repository.RezultatRepository 169 listaParticiapntPuncteProbaDescrescator - Enter listaParticiapntPuncteProbaDescrescator
30 Mar 2025 16:44:57,232 TRACE ro.mpp2024.utils.JdbcUtils 48 getConnection - Enter
30 Mar 2025 16:44:57,232 TRACE ro.mpp2024.utils.JdbcUtils 57 getConnection - Exit with(org.sqlite.jdbc4.JDBC4Connection@38517bc2)
30 Mar 2025 16:44:57,233 TRACE ro.mpp2024.repository.RezultatRepository 187 listaParticiapntPuncteProbaDescrescator - Enter Terminat dictionar
30 Mar 2025 16:45:16,304 TRACE ro.mpp2024.utils.JdbcUtils 48 getConnection - Enter
30 Mar 2025 16:45:16,304 TRACE ro.mpp2024.utils.JdbcUtils 57 getConnection - Exit with(org.sqlite.jdbc4.JDBC4Connection@38517bc2)
30 Mar 2025 16:45:16,305 TRACE ro.mpp2024.repository.ArbitruRepository 32 createEntityFromResultSet - Enter createEntityFromResultSet
30 Mar 2025 16:45:16,305 TRACE ro.mpp2024.repository.ArbitruRepository 39 createEntityFromResultSet - Exit with(Arbitru{nume='Alice Johnson', username='alice.j', password='UGFzc3cwcmQxIQ==', id_proba=s1})
30 Mar 2025 16:45:16,353 TRACE ro.mpp2024.repository.RezultatRepository 145 listaParticipantiPuncteAlfabetic - Enter listaParticipantiPuncteAlfabetic
30 Mar 2025 16:45:16,354 TRACE ro.mpp2024.utils.JdbcUtils 48 getConnection - Enter
30 Mar 2025 16:45:16,354 TRACE ro.mpp2024.utils.JdbcUtils 57 getConnection - Exit with(org.sqlite.jdbc4.JDBC4Connection@38517bc2)
30 Mar 2025 16:45:16,354 TRACE ro.mpp2024.repository.RezultatRepository 163 listaParticipantiPuncteAlfabetic - Enter Terminat dictionar
30 Mar 2025 16:45:16,355 TRACE ro.mpp2024.repository.RezultatRepository 169 listaParticiapntPuncteProbaDescrescator - Enter listaParticiapntPuncteProbaDescrescator
30 Mar 2025 16:45:16,355 TRACE ro.mpp2024.utils.JdbcUtils 48 getConnection - Enter
30 Mar 2025 16:45:16,355 TRACE ro.mpp2024.utils.JdbcUtils 57 getConnection - Exit with(org.sqlite.jdbc4.JDBC4Connection@38517bc2)
30 Mar 2025 16:45:16,355 TRACE ro.mpp2024.repository.RezultatRepository 187 listaParticiapntPuncteProbaDescrescator - Enter Terminat dictionar
30 Mar 2025 16:45:16,359 TRACE ro.mpp2024.repository.ParticipantRepository 43 findAll - Enter
30 Mar 2025 16:45:16,359 TRACE ro.mpp2024.utils.JdbcUtils 48 getConnection - Enter
30 Mar 2025 16:45:16,359 TRACE ro.mpp2024.utils.JdbcUtils 57 getConnection - Exit with(org.sqlite.jdbc4.JDBC4Connection@38517bc2)
30 Mar 2025 16:45:16,360 TRACE ro.mpp2024.repository.ParticipantRepository 31 createEntityFromResultSet - Enter createEntityFromResultSet
30 Mar 2025 16:45:16,360 TRACE ro.mpp2024.repository.ParticipantRepository 37 createEntityFromResultSet - Exit with(Popescu Ion)
30 Mar 2025 16:45:16,360 TRACE ro.mpp2024.repository.ParticipantRepository 31 createEntityFromResultSet - Enter createEntityFromResultSet
30 Mar 2025 16:45:16,360 TRACE ro.mpp2024.repository.ParticipantRepository 37 createEntityFromResultSet - Exit with(Ionescu Maria)
30 Mar 2025 16:45:16,360 TRACE ro.mpp2024.repository.ParticipantRepository 31 createEntityFromResultSet - Enter createEntityFromResultSet
30 Mar 2025 16:45:16,360 TRACE ro.mpp2024.repository.ParticipantRepository 37 createEntityFromResultSet - Exit with(Georgescu Andrei)
30 Mar 2025 16:45:16,360 TRACE ro.mpp2024.repository.ParticipantRepository 31 createEntityFromResultSet - Enter createEntityFromResultSet
30 Mar 2025 16:45:16,360 TRACE ro.mpp2024.repository.ParticipantRepository 37 createEntityFromResultSet - Exit with(Dumitrescu Elena)
30 Mar 2025 16:45:16,361 TRACE ro.mpp2024.repository.ParticipantRepository 31 createEntityFromResultSet - Enter createEntityFromResultSet
30 Mar 2025 16:45:16,361 TRACE ro.mpp2024.repository.ParticipantRepository 37 createEntityFromResultSet - Exit with(Popa Mihai)
30 Mar 2025 16:45:16,361 TRACE ro.mpp2024.repository.ParticipantRepository 31 createEntityFromResultSet - Enter createEntityFromResultSet
30 Mar 2025 16:45:16,361 TRACE ro.mpp2024.repository.ParticipantRepository 37 createEntityFromResultSet - Exit with(Stan Ioana)
30 Mar 2025 16:45:16,361 TRACE ro.mpp2024.repository.ParticipantRepository 31 createEntityFromResultSet - Enter createEntityFromResultSet
30 Mar 2025 16:45:16,361 TRACE ro.mpp2024.repository.ParticipantRepository 37 createEntityFromResultSet - Exit with(Radu Cristian)
30 Mar 2025 16:45:16,361 TRACE ro.mpp2024.repository.ParticipantRepository 31 createEntityFromResultSet - Enter createEntityFromResultSet
30 Mar 2025 16:45:16,361 TRACE ro.mpp2024.repository.ParticipantRepository 37 createEntityFromResultSet - Exit with(Marin Ana)
30 Mar 2025 16:45:16,361 TRACE ro.mpp2024.repository.ParticipantRepository 31 createEntityFromResultSet - Enter createEntityFromResultSet
30 Mar 2025 16:45:16,361 TRACE ro.mpp2024.repository.ParticipantRepository 37 createEntityFromResultSet - Exit with(Tudor Alexandru)
30 Mar 2025 16:45:16,361 TRACE ro.mpp2024.repository.ParticipantRepository 31 createEntityFromResultSet - Enter createEntityFromResultSet
30 Mar 2025 16:45:16,362 TRACE ro.mpp2024.repository.ParticipantRepository 37 createEntityFromResultSet - Exit with(Petrescu Gabriel)
30 Mar 2025 16:45:16,362 TRACE ro.mpp2024.repository.ParticipantRepository 31 createEntityFromResultSet - Enter createEntityFromResultSet
30 Mar 2025 16:45:16,362 TRACE ro.mpp2024.repository.ParticipantRepository 37 createEntityFromResultSet - Exit with(Iliescu Daniela)
30 Mar 2025 16:45:16,362 TRACE ro.mpp2024.repository.ParticipantRepository 31 createEntityFromResultSet - Enter createEntityFromResultSet
30 Mar 2025 16:45:16,362 TRACE ro.mpp2024.repository.ParticipantRepository 37 createEntityFromResultSet - Exit with(Vasilescu Florin)
30 Mar 2025 16:45:16,362 TRACE ro.mpp2024.repository.ParticipantRepository 31 createEntityFromResultSet - Enter createEntityFromResultSet
30 Mar 2025 16:45:16,362 TRACE ro.mpp2024.repository.ParticipantRepository 37 createEntityFromResultSet - Exit with(Dobre Adriana)
30 Mar 2025 16:45:16,362 TRACE ro.mpp2024.repository.ParticipantRepository 31 createEntityFromResultSet - Enter createEntityFromResultSet
30 Mar 2025 16:45:16,362 TRACE ro.mpp2024.repository.ParticipantRepository 37 createEntityFromResultSet - Exit with(Munteanu Sorin)
30 Mar 2025 16:45:16,363 TRACE ro.mpp2024.repository.ParticipantRepository 31 createEntityFromResultSet - Enter createEntityFromResultSet
30 Mar 2025 16:45:16,363 TRACE ro.mpp2024.repository.ParticipantRepository 37 createEntityFromResultSet - Exit with(Nistor Carmen)
30 Mar 2025 16:45:16,363 TRACE ro.mpp2024.repository.ParticipantRepository 31 createEntityFromResultSet - Enter createEntityFromResultSet
30 Mar 2025 16:45:16,363 TRACE ro.mpp2024.repository.ParticipantRepository 37 createEntityFromResultSet - Exit with(Lazar Roxana)
30 Mar 2025 16:45:16,363 TRACE ro.mpp2024.repository.ParticipantRepository 31 createEntityFromResultSet - Enter createEntityFromResultSet
30 Mar 2025 16:45:16,363 TRACE ro.mpp2024.repository.ParticipantRepository 37 createEntityFromResultSet - Exit with(Gheorghe Vlad)
30 Mar 2025 16:45:16,363 TRACE ro.mpp2024.repository.ParticipantRepository 31 createEntityFromResultSet - Enter createEntityFromResultSet
30 Mar 2025 16:45:16,364 TRACE ro.mpp2024.repository.ParticipantRepository 37 createEntityFromResultSet - Exit with(Barbu Irina)
30 Mar 2025 16:45:16,364 TRACE ro.mpp2024.repository.ParticipantRepository 31 createEntityFromResultSet - Enter createEntityFromResultSet
30 Mar 2025 16:45:16,364 TRACE ro.mpp2024.repository.ParticipantRepository 37 createEntityFromResultSet - Exit with(Constantin Marius)
30 Mar 2025 16:45:16,364 TRACE ro.mpp2024.repository.ParticipantRepository 31 createEntityFromResultSet - Enter createEntityFromResultSet
30 Mar 2025 16:45:16,364 TRACE ro.mpp2024.repository.ParticipantRepository 37 createEntityFromResultSet - Exit with(Enache Laura)
30 Mar 2025 16:45:16,364 TRACE ro.mpp2024.repository.ParticipantRepository 31 createEntityFromResultSet - Enter createEntityFromResultSet
30 Mar 2025 16:45:16,365 TRACE ro.mpp2024.repository.ParticipantRepository 37 createEntityFromResultSet - Exit with(Dragomir Adrian)
30 Mar 2025 16:45:16,365 TRACE ro.mpp2024.repository.ParticipantRepository 31 createEntityFromResultSet - Enter createEntityFromResultSet
30 Mar 2025 16:45:16,365 TRACE ro.mpp2024.repository.ParticipantRepository 37 createEntityFromResultSet - Exit with(Filip Bianca)
30 Mar 2025 16:45:16,365 TRACE ro.mpp2024.repository.ParticipantRepository 31 createEntityFromResultSet - Enter createEntityFromResultSet
30 Mar 2025 16:45:16,365 TRACE ro.mpp2024.repository.ParticipantRepository 37 createEntityFromResultSet - Exit with(Grigore Stefan)
30 Mar 2025 16:45:16,365 TRACE ro.mpp2024.repository.ParticipantRepository 31 createEntityFromResultSet - Enter createEntityFromResultSet
30 Mar 2025 16:45:16,365 TRACE ro.mpp2024.repository.ParticipantRepository 37 createEntityFromResultSet - Exit with(Hagi Diana)
30 Mar 2025 16:45:16,365 TRACE ro.mpp2024.repository.ParticipantRepository 31 createEntityFromResultSet - Enter createEntityFromResultSet
30 Mar 2025 16:45:16,365 TRACE ro.mpp2024.repository.ParticipantRepository 37 createEntityFromResultSet - Exit with(Iacob Radu)
30 Mar 2025 16:45:16,366 TRACE ro.mpp2024.repository.ParticipantRepository 31 createEntityFromResultSet - Enter createEntityFromResultSet
30 Mar 2025 16:45:16,366 TRACE ro.mpp2024.repository.ParticipantRepository 37 createEntityFromResultSet - Exit with(Jianu Oana)
30 Mar 2025 16:45:16,366 TRACE ro.mpp2024.repository.ParticipantRepository 31 createEntityFromResultSet - Enter createEntityFromResultSet
30 Mar 2025 16:45:16,366 TRACE ro.mpp2024.repository.ParticipantRepository 37 createEntityFromResultSet - Exit with(Kovacs Cristina)
30 Mar 2025 16:45:16,366 TRACE ro.mpp2024.repository.ParticipantRepository 31 createEntityFromResultSet - Enter createEntityFromResultSet
30 Mar 2025 16:45:16,366 TRACE ro.mpp2024.repository.ParticipantRepository 37 createEntityFromResultSet - Exit with(Lupu George)
30 Mar 2025 16:45:16,366 TRACE ro.mpp2024.repository.ParticipantRepository 31 createEntityFromResultSet - Enter createEntityFromResultSet
30 Mar 2025 16:45:16,366 TRACE ro.mpp2024.repository.ParticipantRepository 37 createEntityFromResultSet - Exit with(Manole Simona)
30 Mar 2025 16:45:16,366 TRACE ro.mpp2024.repository.ParticipantRepository 31 createEntityFromResultSet - Enter createEntityFromResultSet
30 Mar 2025 16:45:16,366 TRACE ro.mpp2024.repository.ParticipantRepository 37 createEntityFromResultSet - Exit with(Nedelcu Alexandra)
30 Mar 2025 16:45:16,367 TRACE ro.mpp2024.repository.ParticipantRepository 31 createEntityFromResultSet - Enter createEntityFromResultSet
30 Mar 2025 16:45:16,367 TRACE ro.mpp2024.repository.ParticipantRepository 37 createEntityFromResultSet - Exit with(Oprea Bogdan)
30 Mar 2025 16:45:16,367 TRACE ro.mpp2024.repository.ParticipantRepository 31 createEntityFromResultSet - Enter createEntityFromResultSet
30 Mar 2025 16:45:16,367 TRACE ro.mpp2024.repository.ParticipantRepository 37 createEntityFromResultSet - Exit with(Pavel Monica)
30 Mar 2025 16:45:16,367 TRACE ro.mpp2024.repository.ParticipantRepository 31 createEntityFromResultSet - Enter createEntityFromResultSet
30 Mar 2025 16:45:16,367 TRACE ro.mpp2024.repository.ParticipantRepository 37 createEntityFromResultSet - Exit with(Rusu Andreea)
30 Mar 2025 16:45:16,367 TRACE ro.mpp2024.repository.ParticipantRepository 31 createEntityFromResultSet - Enter createEntityFromResultSet
30 Mar 2025 16:45:16,367 TRACE ro.mpp2024.repository.ParticipantRepository 37 createEntityFromResultSet - Exit with(Sandu Victor)
30 Mar 2025 16:45:16,367 TRACE ro.mpp2024.repository.ParticipantRepository 31 createEntityFromResultSet - Enter createEntityFromResultSet
30 Mar 2025 16:45:16,367 TRACE ro.mpp2024.repository.ParticipantRepository 37 createEntityFromResultSet - Exit with(Toma Gabriela)
30 Mar 2025 16:45:16,367 TRACE ro.mpp2024.repository.ParticipantRepository 31 createEntityFromResultSet - Enter createEntityFromResultSet
30 Mar 2025 16:45:16,367 TRACE ro.mpp2024.repository.ParticipantRepository 37 createEntityFromResultSet - Exit with(Ursu Mihail)
30 Mar 2025 16:45:16,368 TRACE ro.mpp2024.repository.ParticipantRepository 31 createEntityFromResultSet - Enter createEntityFromResultSet
30 Mar 2025 16:45:16,368 TRACE ro.mpp2024.repository.ParticipantRepository 37 createEntityFromResultSet - Exit with(Vlad Anca)
30 Mar 2025 16:45:16,368 TRACE ro.mpp2024.repository.ParticipantRepository 31 createEntityFromResultSet - Enter createEntityFromResultSet
30 Mar 2025 16:45:16,368 TRACE ro.mpp2024.repository.ParticipantRepository 37 createEntityFromResultSet - Exit with(Zamfir Lucian)
30 Mar 2025 16:45:16,368 TRACE ro.mpp2024.repository.ParticipantRepository 31 createEntityFromResultSet - Enter createEntityFromResultSet
30 Mar 2025 16:45:16,368 TRACE ro.mpp2024.repository.ParticipantRepository 37 createEntityFromResultSet - Exit with(Voicu Raluca)
30 Mar 2025 16:45:16,368 TRACE ro.mpp2024.repository.ParticipantRepository 31 createEntityFromResultSet - Enter createEntityFromResultSet
30 Mar 2025 16:45:16,368 TRACE ro.mpp2024.repository.ParticipantRepository 37 createEntityFromResultSet - Exit with(nume prenume)
30 Mar 2025 16:45:16,369 TRACE ro.mpp2024.repository.ParticipantRepository 57 findAll - Exit with([Popescu Ion, Ionescu Maria, Georgescu Andrei, Dumitrescu Elena, Popa Mihai, Stan Ioana, Radu Cristian, Marin Ana, Tudor Alexandru, Petrescu Gabriel, Iliescu Daniela, Vasilescu Florin, Dobre Adriana, Munteanu Sorin, Nistor Carmen, Lazar Roxana, Gheorghe Vlad, Barbu Irina, Constantin Marius, Enache Laura, Dragomir Adrian, Filip Bianca, Grigore Stefan, Hagi Diana, Iacob Radu, Jianu Oana, Kovacs Cristina, Lupu George, Manole Simona, Nedelcu Alexandra, Oprea Bogdan, Pavel Monica, Rusu Andreea, Sandu Victor, Toma Gabriela, Ursu Mihail, Vlad Anca, Zamfir Lucian, Voicu Raluca, nume prenume])
30 Mar 2025 16:46:15,928 INFO  ro.mpp2024.repository.ArbitruRepository 26 <init> - Initializing IArbitruRepository with properties: {} 
30 Mar 2025 16:46:15,932 INFO  ro.mpp2024.repository.ProbaRepository 25 <init> - Initializing ProbaRepository with properties: {} 
30 Mar 2025 16:46:15,933 INFO  ro.mpp2024.repository.ParticipantRepository 25 <init> - Initializing ParticipantRepository with properties: {} 
30 Mar 2025 16:46:15,934 INFO  ro.mpp2024.repository.RezultatRepository 26 <init> - Initializing RezultatRepository with properties: {} 
30 Mar 2025 16:46:15,935 INFO  ro.mpp2024.services.ArbitruService 16 <init> - Initializing ArbitruService
30 Mar 2025 16:46:15,937 TRACE ro.mpp2024.repository.ArbitruRepository 45 findAll - Enter findAll
30 Mar 2025 16:46:15,937 TRACE ro.mpp2024.utils.JdbcUtils 48 getConnection - Enter
30 Mar 2025 16:46:15,937 TRACE ro.mpp2024.utils.JdbcUtils 25 getNewConnection - Enter
30 Mar 2025 16:46:15,938 INFO  ro.mpp2024.utils.JdbcUtils 30 getNewConnection - trying to connect to database ... jdbc:sqlite:src/main/resources/triatlon.db
30 Mar 2025 16:46:15,938 INFO  ro.mpp2024.utils.JdbcUtils 31 getNewConnection - user: null
30 Mar 2025 16:46:15,938 INFO  ro.mpp2024.utils.JdbcUtils 32 getNewConnection - pass: null
30 Mar 2025 16:46:16,028 TRACE ro.mpp2024.utils.JdbcUtils 57 getConnection - Exit with(org.sqlite.jdbc4.JDBC4Connection@2a8593e1)
30 Mar 2025 16:46:16,030 TRACE ro.mpp2024.repository.ArbitruRepository 32 createEntityFromResultSet - Enter createEntityFromResultSet
30 Mar 2025 16:46:16,034 TRACE ro.mpp2024.repository.ArbitruRepository 39 createEntityFromResultSet - Exit with(Arbitru{nume='Alice Johnson', username='alice.j', password='UGFzc3cwcmQxIQ==', id_proba=s1})
30 Mar 2025 16:46:16,034 TRACE ro.mpp2024.repository.ArbitruRepository 32 createEntityFromResultSet - Enter createEntityFromResultSet
30 Mar 2025 16:46:16,034 TRACE ro.mpp2024.repository.ArbitruRepository 39 createEntityFromResultSet - Exit with(Arbitru{nume='Bob Smith', username='bob.smith', password='U2VjdXJlUEBzczI=', id_proba=c1})
30 Mar 2025 16:46:16,034 TRACE ro.mpp2024.repository.ArbitruRepository 32 createEntityFromResultSet - Enter createEntityFromResultSet
30 Mar 2025 16:46:16,035 TRACE ro.mpp2024.repository.ArbitruRepository 39 createEntityFromResultSet - Exit with(Arbitru{nume='Charlie Brown', username='charlie.b', password='TXlQQHNzdzNyZA==', id_proba=i1})
30 Mar 2025 16:46:16,035 TRACE ro.mpp2024.repository.ArbitruRepository 32 createEntityFromResultSet - Enter createEntityFromResultSet
30 Mar 2025 16:46:16,035 TRACE ro.mpp2024.repository.ArbitruRepository 39 createEntityFromResultSet - Exit with(Arbitru{nume='David Wilson', username='david.w', password='UEBzc3cwcmQ0VQ==', id_proba=s2})
30 Mar 2025 16:46:16,035 TRACE ro.mpp2024.repository.ArbitruRepository 32 createEntityFromResultSet - Enter createEntityFromResultSet
30 Mar 2025 16:46:16,035 TRACE ro.mpp2024.repository.ArbitruRepository 39 createEntityFromResultSet - Exit with(Arbitru{nume='Emma Davis', username='emma.d', password='UEBzc3dvcmQjNQ==', id_proba=c2})
30 Mar 2025 16:46:16,035 TRACE ro.mpp2024.repository.ArbitruRepository 32 createEntityFromResultSet - Enter createEntityFromResultSet
30 Mar 2025 16:46:16,036 TRACE ro.mpp2024.repository.ArbitruRepository 39 createEntityFromResultSet - Exit with(Arbitru{nume='Fiona Clark', username='fiona.c', password='U2VjcjN0UEBzczY=', id_proba=i2})
30 Mar 2025 16:46:16,036 TRACE ro.mpp2024.repository.ArbitruRepository 32 createEntityFromResultSet - Enter createEntityFromResultSet
30 Mar 2025 16:46:16,036 TRACE ro.mpp2024.repository.ArbitruRepository 39 createEntityFromResultSet - Exit with(Arbitru{nume='George Hall', username='george.h', password='UEBzc3cwcmQ3IQ==', id_proba=s3})
30 Mar 2025 16:46:16,036 TRACE ro.mpp2024.repository.ArbitruRepository 32 createEntityFromResultSet - Enter createEntityFromResultSet
30 Mar 2025 16:46:16,036 TRACE ro.mpp2024.repository.ArbitruRepository 39 createEntityFromResultSet - Exit with(Arbitru{nume='Hannah Lewis', username='hannah.l', password='TXlwQHNzdzhyZA==', id_proba=c3})
30 Mar 2025 16:46:16,036 TRACE ro.mpp2024.repository.ArbitruRepository 32 createEntityFromResultSet - Enter createEntityFromResultSet
30 Mar 2025 16:46:16,037 TRACE ro.mpp2024.repository.ArbitruRepository 39 createEntityFromResultSet - Exit with(Arbitru{nume='Ian Walker', username='ian.w', password='UEBzc3cwcmQ5Iw==', id_proba=i3})
30 Mar 2025 16:46:16,037 TRACE ro.mpp2024.repository.ArbitruRepository 32 createEntityFromResultSet - Enter createEntityFromResultSet
30 Mar 2025 16:46:16,037 TRACE ro.mpp2024.repository.ArbitruRepository 39 createEntityFromResultSet - Exit with(Arbitru{nume='Jack Martinez', username='jack.m', password='UEBzc3cwcmQxMA==', id_proba=s4})
30 Mar 2025 16:46:16,037 TRACE ro.mpp2024.repository.ArbitruRepository 32 createEntityFromResultSet - Enter createEntityFromResultSet
30 Mar 2025 16:46:16,038 TRACE ro.mpp2024.repository.ArbitruRepository 39 createEntityFromResultSet - Exit with(Arbitru{nume='Kara Young', username='kara.y', password='UEBzc3dvcmQxMSE=', id_proba=c4})
30 Mar 2025 16:46:16,038 TRACE ro.mpp2024.repository.ArbitruRepository 32 createEntityFromResultSet - Enter createEntityFromResultSet
30 Mar 2025 16:46:16,038 TRACE ro.mpp2024.repository.ArbitruRepository 39 createEntityFromResultSet - Exit with(Arbitru{nume='Liam King', username='liam.k', password='U2VjdXIzUEBzczEy', id_proba=i4})
30 Mar 2025 16:46:16,038 TRACE ro.mpp2024.repository.ArbitruRepository 32 createEntityFromResultSet - Enter createEntityFromResultSet
30 Mar 2025 16:46:16,038 TRACE ro.mpp2024.repository.ArbitruRepository 39 createEntityFromResultSet - Exit with(Arbitru{nume='Mia Scott', username='mia.s', password='UEBzc3dvcmQxMyM=', id_proba=s5})
30 Mar 2025 16:46:16,038 TRACE ro.mpp2024.repository.ArbitruRepository 32 createEntityFromResultSet - Enter createEntityFromResultSet
30 Mar 2025 16:46:16,038 TRACE ro.mpp2024.repository.ArbitruRepository 39 createEntityFromResultSet - Exit with(Arbitru{nume='Noah Green', username='noah.g', password='TXlQQHNzdzE0cmQ=', id_proba=c5})
30 Mar 2025 16:46:16,039 TRACE ro.mpp2024.repository.ArbitruRepository 32 createEntityFromResultSet - Enter createEntityFromResultSet
30 Mar 2025 16:46:16,039 TRACE ro.mpp2024.repository.ArbitruRepository 39 createEntityFromResultSet - Exit with(Arbitru{nume='Olivia Adams', username='olivia.a', password='UEBzc3dvcmQxNSE=', id_proba=i5})
30 Mar 2025 16:46:16,039 TRACE ro.mpp2024.repository.ArbitruRepository 32 createEntityFromResultSet - Enter createEntityFromResultSet
30 Mar 2025 16:46:16,039 TRACE ro.mpp2024.repository.ArbitruRepository 39 createEntityFromResultSet - Exit with(Arbitru{nume='Paul Baker', username='paul.b', password='U2VjdXJpN3lQQHNzMTY=', id_proba=s6})
30 Mar 2025 16:46:16,039 TRACE ro.mpp2024.repository.ArbitruRepository 32 createEntityFromResultSet - Enter createEntityFromResultSet
30 Mar 2025 16:46:16,039 TRACE ro.mpp2024.repository.ArbitruRepository 39 createEntityFromResultSet - Exit with(Arbitru{nume='Quinn Harris', username='quinn.h', password='UEBzc3dvcmQxNyM=', id_proba=c6})
30 Mar 2025 16:46:16,040 TRACE ro.mpp2024.repository.ArbitruRepository 32 createEntityFromResultSet - Enter createEntityFromResultSet
30 Mar 2025 16:46:16,040 TRACE ro.mpp2024.repository.ArbitruRepository 39 createEntityFromResultSet - Exit with(Arbitru{nume='Rachel Nelson', username='rachel.n', password='UEBzc3cwcmQxOCE=', id_proba=i6})
30 Mar 2025 16:46:16,040 TRACE ro.mpp2024.repository.ArbitruRepository 32 createEntityFromResultSet - Enter createEntityFromResultSet
30 Mar 2025 16:46:16,040 TRACE ro.mpp2024.repository.ArbitruRepository 39 createEntityFromResultSet - Exit with(Arbitru{nume='Sam Perez', username='sam.p', password='TXlQQHNzdzE5cmQ=', id_proba=c8})
30 Mar 2025 16:46:16,040 TRACE ro.mpp2024.repository.ArbitruRepository 61 findAll - Exit
30 Mar 2025 16:46:16,042 INFO  ro.mpp2024.services.ArbitruService 18 lambda$new$0 - VUdGemMzY3djbVF4SVE9PQ==
30 Mar 2025 16:46:16,042 INFO  ro.mpp2024.services.ArbitruService 18 lambda$new$0 - VTJWamRYSmxVRUJ6Y3pJPQ==
30 Mar 2025 16:46:16,042 INFO  ro.mpp2024.services.ArbitruService 18 lambda$new$0 - VFhsUVFITnpkek55WkE9PQ==
30 Mar 2025 16:46:16,042 INFO  ro.mpp2024.services.ArbitruService 18 lambda$new$0 - VUVCemMzY3djbVEwVlE9PQ==
30 Mar 2025 16:46:16,042 INFO  ro.mpp2024.services.ArbitruService 18 lambda$new$0 - VUVCemMzZHZjbVFqTlE9PQ==
30 Mar 2025 16:46:16,043 INFO  ro.mpp2024.services.ArbitruService 18 lambda$new$0 - VTJWamNqTjBVRUJ6Y3pZPQ==
30 Mar 2025 16:46:16,043 INFO  ro.mpp2024.services.ArbitruService 18 lambda$new$0 - VUVCemMzY3djbVEzSVE9PQ==
30 Mar 2025 16:46:16,043 INFO  ro.mpp2024.services.ArbitruService 18 lambda$new$0 - VFhsd1FITnpkemh5WkE9PQ==
30 Mar 2025 16:46:16,043 INFO  ro.mpp2024.services.ArbitruService 18 lambda$new$0 - VUVCemMzY3djbVE1SXc9PQ==
30 Mar 2025 16:46:16,043 INFO  ro.mpp2024.services.ArbitruService 18 lambda$new$0 - VUVCemMzY3djbVF4TUE9PQ==
30 Mar 2025 16:46:16,043 INFO  ro.mpp2024.services.ArbitruService 18 lambda$new$0 - VUVCemMzZHZjbVF4TVNFPQ==
30 Mar 2025 16:46:16,043 INFO  ro.mpp2024.services.ArbitruService 18 lambda$new$0 - VTJWamRYSXpVRUJ6Y3pFeQ==
30 Mar 2025 16:46:16,043 INFO  ro.mpp2024.services.ArbitruService 18 lambda$new$0 - VUVCemMzZHZjbVF4TXlNPQ==
30 Mar 2025 16:46:16,044 INFO  ro.mpp2024.services.ArbitruService 18 lambda$new$0 - VFhsUVFITnpkekUwY21RPQ==
30 Mar 2025 16:46:16,044 INFO  ro.mpp2024.services.ArbitruService 18 lambda$new$0 - VUVCemMzZHZjbVF4TlNFPQ==
30 Mar 2025 16:46:16,044 INFO  ro.mpp2024.services.ArbitruService 18 lambda$new$0 - VTJWamRYSnBOM2xRUUhOek1UWT0=
30 Mar 2025 16:46:16,044 INFO  ro.mpp2024.services.ArbitruService 18 lambda$new$0 - VUVCemMzZHZjbVF4TnlNPQ==
30 Mar 2025 16:46:16,044 INFO  ro.mpp2024.services.ArbitruService 18 lambda$new$0 - VUVCemMzY3djbVF4T0NFPQ==
30 Mar 2025 16:46:16,044 INFO  ro.mpp2024.services.ArbitruService 18 lambda$new$0 - VFhsUVFITnpkekU1Y21RPQ==
30 Mar 2025 16:46:16,045 INFO  ro.mpp2024.services.RezultatService 26 <init> - Service Rezultat made
30 Mar 2025 16:46:16,046 TRACE ro.mpp2024.repository.RezultatRepository 169 listaParticiapntPuncteProbaDescrescator - Enter listaParticiapntPuncteProbaDescrescator
30 Mar 2025 16:46:16,046 TRACE ro.mpp2024.utils.JdbcUtils 48 getConnection - Enter
30 Mar 2025 16:46:16,046 TRACE ro.mpp2024.utils.JdbcUtils 57 getConnection - Exit with(org.sqlite.jdbc4.JDBC4Connection@2a8593e1)
30 Mar 2025 16:46:16,047 TRACE ro.mpp2024.repository.RezultatRepository 187 listaParticiapntPuncteProbaDescrescator - Enter Terminat dictionar
30 Mar 2025 16:46:20,709 TRACE ro.mpp2024.utils.JdbcUtils 48 getConnection - Enter
30 Mar 2025 16:46:20,710 TRACE ro.mpp2024.utils.JdbcUtils 57 getConnection - Exit with(org.sqlite.jdbc4.JDBC4Connection@2a8593e1)
30 Mar 2025 16:46:20,710 TRACE ro.mpp2024.repository.ArbitruRepository 32 createEntityFromResultSet - Enter createEntityFromResultSet
30 Mar 2025 16:46:20,710 TRACE ro.mpp2024.repository.ArbitruRepository 39 createEntityFromResultSet - Exit with(Arbitru{nume='Alice Johnson', username='alice.j', password='UGFzc3cwcmQxIQ==', id_proba=s1})
30 Mar 2025 16:46:20,752 TRACE ro.mpp2024.repository.RezultatRepository 145 listaParticipantiPuncteAlfabetic - Enter listaParticipantiPuncteAlfabetic
30 Mar 2025 16:46:20,752 TRACE ro.mpp2024.utils.JdbcUtils 48 getConnection - Enter
30 Mar 2025 16:46:20,752 TRACE ro.mpp2024.utils.JdbcUtils 57 getConnection - Exit with(org.sqlite.jdbc4.JDBC4Connection@2a8593e1)
30 Mar 2025 16:46:20,753 TRACE ro.mpp2024.repository.RezultatRepository 163 listaParticipantiPuncteAlfabetic - Enter Terminat dictionar
30 Mar 2025 16:46:20,753 TRACE ro.mpp2024.repository.RezultatRepository 169 listaParticiapntPuncteProbaDescrescator - Enter listaParticiapntPuncteProbaDescrescator
30 Mar 2025 16:46:20,753 TRACE ro.mpp2024.utils.JdbcUtils 48 getConnection - Enter
30 Mar 2025 16:46:20,753 TRACE ro.mpp2024.utils.JdbcUtils 57 getConnection - Exit with(org.sqlite.jdbc4.JDBC4Connection@2a8593e1)
30 Mar 2025 16:46:20,753 TRACE ro.mpp2024.repository.RezultatRepository 187 listaParticiapntPuncteProbaDescrescator - Enter Terminat dictionar
30 Mar 2025 16:46:20,756 TRACE ro.mpp2024.repository.ParticipantRepository 43 findAll - Enter
30 Mar 2025 16:46:20,756 TRACE ro.mpp2024.utils.JdbcUtils 48 getConnection - Enter
30 Mar 2025 16:46:20,756 TRACE ro.mpp2024.utils.JdbcUtils 57 getConnection - Exit with(org.sqlite.jdbc4.JDBC4Connection@2a8593e1)
30 Mar 2025 16:46:20,756 TRACE ro.mpp2024.repository.ParticipantRepository 31 createEntityFromResultSet - Enter createEntityFromResultSet
30 Mar 2025 16:46:20,757 TRACE ro.mpp2024.repository.ParticipantRepository 37 createEntityFromResultSet - Exit with(Popescu Ion)
30 Mar 2025 16:46:20,757 TRACE ro.mpp2024.repository.ParticipantRepository 31 createEntityFromResultSet - Enter createEntityFromResultSet
30 Mar 2025 16:46:20,757 TRACE ro.mpp2024.repository.ParticipantRepository 37 createEntityFromResultSet - Exit with(Ionescu Maria)
30 Mar 2025 16:46:20,757 TRACE ro.mpp2024.repository.ParticipantRepository 31 createEntityFromResultSet - Enter createEntityFromResultSet
30 Mar 2025 16:46:20,757 TRACE ro.mpp2024.repository.ParticipantRepository 37 createEntityFromResultSet - Exit with(Georgescu Andrei)
30 Mar 2025 16:46:20,757 TRACE ro.mpp2024.repository.ParticipantRepository 31 createEntityFromResultSet - Enter createEntityFromResultSet
30 Mar 2025 16:46:20,757 TRACE ro.mpp2024.repository.ParticipantRepository 37 createEntityFromResultSet - Exit with(Dumitrescu Elena)
30 Mar 2025 16:46:20,757 TRACE ro.mpp2024.repository.ParticipantRepository 31 createEntityFromResultSet - Enter createEntityFromResultSet
30 Mar 2025 16:46:20,757 TRACE ro.mpp2024.repository.ParticipantRepository 37 createEntityFromResultSet - Exit with(Popa Mihai)
30 Mar 2025 16:46:20,758 TRACE ro.mpp2024.repository.ParticipantRepository 31 createEntityFromResultSet - Enter createEntityFromResultSet
30 Mar 2025 16:46:20,758 TRACE ro.mpp2024.repository.ParticipantRepository 37 createEntityFromResultSet - Exit with(Stan Ioana)
30 Mar 2025 16:46:20,758 TRACE ro.mpp2024.repository.ParticipantRepository 31 createEntityFromResultSet - Enter createEntityFromResultSet
30 Mar 2025 16:46:20,758 TRACE ro.mpp2024.repository.ParticipantRepository 37 createEntityFromResultSet - Exit with(Radu Cristian)
30 Mar 2025 16:46:20,758 TRACE ro.mpp2024.repository.ParticipantRepository 31 createEntityFromResultSet - Enter createEntityFromResultSet
30 Mar 2025 16:46:20,758 TRACE ro.mpp2024.repository.ParticipantRepository 37 createEntityFromResultSet - Exit with(Marin Ana)
30 Mar 2025 16:46:20,758 TRACE ro.mpp2024.repository.ParticipantRepository 31 createEntityFromResultSet - Enter createEntityFromResultSet
30 Mar 2025 16:46:20,758 TRACE ro.mpp2024.repository.ParticipantRepository 37 createEntityFromResultSet - Exit with(Tudor Alexandru)
30 Mar 2025 16:46:20,758 TRACE ro.mpp2024.repository.ParticipantRepository 31 createEntityFromResultSet - Enter createEntityFromResultSet
30 Mar 2025 16:46:20,758 TRACE ro.mpp2024.repository.ParticipantRepository 37 createEntityFromResultSet - Exit with(Petrescu Gabriel)
30 Mar 2025 16:46:20,759 TRACE ro.mpp2024.repository.ParticipantRepository 31 createEntityFromResultSet - Enter createEntityFromResultSet
30 Mar 2025 16:46:20,759 TRACE ro.mpp2024.repository.ParticipantRepository 37 createEntityFromResultSet - Exit with(Iliescu Daniela)
30 Mar 2025 16:46:20,759 TRACE ro.mpp2024.repository.ParticipantRepository 31 createEntityFromResultSet - Enter createEntityFromResultSet
30 Mar 2025 16:46:20,759 TRACE ro.mpp2024.repository.ParticipantRepository 37 createEntityFromResultSet - Exit with(Vasilescu Florin)
30 Mar 2025 16:46:20,759 TRACE ro.mpp2024.repository.ParticipantRepository 31 createEntityFromResultSet - Enter createEntityFromResultSet
30 Mar 2025 16:46:20,759 TRACE ro.mpp2024.repository.ParticipantRepository 37 createEntityFromResultSet - Exit with(Dobre Adriana)
30 Mar 2025 16:46:20,759 TRACE ro.mpp2024.repository.ParticipantRepository 31 createEntityFromResultSet - Enter createEntityFromResultSet
30 Mar 2025 16:46:20,759 TRACE ro.mpp2024.repository.ParticipantRepository 37 createEntityFromResultSet - Exit with(Munteanu Sorin)
30 Mar 2025 16:46:20,759 TRACE ro.mpp2024.repository.ParticipantRepository 31 createEntityFromResultSet - Enter createEntityFromResultSet
30 Mar 2025 16:46:20,760 TRACE ro.mpp2024.repository.ParticipantRepository 37 createEntityFromResultSet - Exit with(Nistor Carmen)
30 Mar 2025 16:46:20,760 TRACE ro.mpp2024.repository.ParticipantRepository 31 createEntityFromResultSet - Enter createEntityFromResultSet
30 Mar 2025 16:46:20,760 TRACE ro.mpp2024.repository.ParticipantRepository 37 createEntityFromResultSet - Exit with(Lazar Roxana)
30 Mar 2025 16:46:20,760 TRACE ro.mpp2024.repository.ParticipantRepository 31 createEntityFromResultSet - Enter createEntityFromResultSet
30 Mar 2025 16:46:20,760 TRACE ro.mpp2024.repository.ParticipantRepository 37 createEntityFromResultSet - Exit with(Gheorghe Vlad)
30 Mar 2025 16:46:20,760 TRACE ro.mpp2024.repository.ParticipantRepository 31 createEntityFromResultSet - Enter createEntityFromResultSet
30 Mar 2025 16:46:20,760 TRACE ro.mpp2024.repository.ParticipantRepository 37 createEntityFromResultSet - Exit with(Barbu Irina)
30 Mar 2025 16:46:20,761 TRACE ro.mpp2024.repository.ParticipantRepository 31 createEntityFromResultSet - Enter createEntityFromResultSet
30 Mar 2025 16:46:20,761 TRACE ro.mpp2024.repository.ParticipantRepository 37 createEntityFromResultSet - Exit with(Constantin Marius)
30 Mar 2025 16:46:20,761 TRACE ro.mpp2024.repository.ParticipantRepository 31 createEntityFromResultSet - Enter createEntityFromResultSet
30 Mar 2025 16:46:20,761 TRACE ro.mpp2024.repository.ParticipantRepository 37 createEntityFromResultSet - Exit with(Enache Laura)
30 Mar 2025 16:46:20,761 TRACE ro.mpp2024.repository.ParticipantRepository 31 createEntityFromResultSet - Enter createEntityFromResultSet
30 Mar 2025 16:46:20,761 TRACE ro.mpp2024.repository.ParticipantRepository 37 createEntityFromResultSet - Exit with(Dragomir Adrian)
30 Mar 2025 16:46:20,761 TRACE ro.mpp2024.repository.ParticipantRepository 31 createEntityFromResultSet - Enter createEntityFromResultSet
30 Mar 2025 16:46:20,761 TRACE ro.mpp2024.repository.ParticipantRepository 37 createEntityFromResultSet - Exit with(Filip Bianca)
30 Mar 2025 16:46:20,761 TRACE ro.mpp2024.repository.ParticipantRepository 31 createEntityFromResultSet - Enter createEntityFromResultSet
30 Mar 2025 16:46:20,761 TRACE ro.mpp2024.repository.ParticipantRepository 37 createEntityFromResultSet - Exit with(Grigore Stefan)
30 Mar 2025 16:46:20,762 TRACE ro.mpp2024.repository.ParticipantRepository 31 createEntityFromResultSet - Enter createEntityFromResultSet
30 Mar 2025 16:46:20,762 TRACE ro.mpp2024.repository.ParticipantRepository 37 createEntityFromResultSet - Exit with(Hagi Diana)
30 Mar 2025 16:46:20,762 TRACE ro.mpp2024.repository.ParticipantRepository 31 createEntityFromResultSet - Enter createEntityFromResultSet
30 Mar 2025 16:46:20,762 TRACE ro.mpp2024.repository.ParticipantRepository 37 createEntityFromResultSet - Exit with(Iacob Radu)
30 Mar 2025 16:46:20,762 TRACE ro.mpp2024.repository.ParticipantRepository 31 createEntityFromResultSet - Enter createEntityFromResultSet
30 Mar 2025 16:46:20,762 TRACE ro.mpp2024.repository.ParticipantRepository 37 createEntityFromResultSet - Exit with(Jianu Oana)
30 Mar 2025 16:46:20,762 TRACE ro.mpp2024.repository.ParticipantRepository 31 createEntityFromResultSet - Enter createEntityFromResultSet
30 Mar 2025 16:46:20,762 TRACE ro.mpp2024.repository.ParticipantRepository 37 createEntityFromResultSet - Exit with(Kovacs Cristina)
30 Mar 2025 16:46:20,762 TRACE ro.mpp2024.repository.ParticipantRepository 31 createEntityFromResultSet - Enter createEntityFromResultSet
30 Mar 2025 16:46:20,762 TRACE ro.mpp2024.repository.ParticipantRepository 37 createEntityFromResultSet - Exit with(Lupu George)
30 Mar 2025 16:46:20,762 TRACE ro.mpp2024.repository.ParticipantRepository 31 createEntityFromResultSet - Enter createEntityFromResultSet
30 Mar 2025 16:46:20,763 TRACE ro.mpp2024.repository.ParticipantRepository 37 createEntityFromResultSet - Exit with(Manole Simona)
30 Mar 2025 16:46:20,763 TRACE ro.mpp2024.repository.ParticipantRepository 31 createEntityFromResultSet - Enter createEntityFromResultSet
30 Mar 2025 16:46:20,763 TRACE ro.mpp2024.repository.ParticipantRepository 37 createEntityFromResultSet - Exit with(Nedelcu Alexandra)
30 Mar 2025 16:46:20,763 TRACE ro.mpp2024.repository.ParticipantRepository 31 createEntityFromResultSet - Enter createEntityFromResultSet
30 Mar 2025 16:46:20,763 TRACE ro.mpp2024.repository.ParticipantRepository 37 createEntityFromResultSet - Exit with(Oprea Bogdan)
30 Mar 2025 16:46:20,763 TRACE ro.mpp2024.repository.ParticipantRepository 31 createEntityFromResultSet - Enter createEntityFromResultSet
30 Mar 2025 16:46:20,763 TRACE ro.mpp2024.repository.ParticipantRepository 37 createEntityFromResultSet - Exit with(Pavel Monica)
30 Mar 2025 16:46:20,763 TRACE ro.mpp2024.repository.ParticipantRepository 31 createEntityFromResultSet - Enter createEntityFromResultSet
30 Mar 2025 16:46:20,763 TRACE ro.mpp2024.repository.ParticipantRepository 37 createEntityFromResultSet - Exit with(Rusu Andreea)
30 Mar 2025 16:46:20,763 TRACE ro.mpp2024.repository.ParticipantRepository 31 createEntityFromResultSet - Enter createEntityFromResultSet
30 Mar 2025 16:46:20,764 TRACE ro.mpp2024.repository.ParticipantRepository 37 createEntityFromResultSet - Exit with(Sandu Victor)
30 Mar 2025 16:46:20,764 TRACE ro.mpp2024.repository.ParticipantRepository 31 createEntityFromResultSet - Enter createEntityFromResultSet
30 Mar 2025 16:46:20,764 TRACE ro.mpp2024.repository.ParticipantRepository 37 createEntityFromResultSet - Exit with(Toma Gabriela)
30 Mar 2025 16:46:20,764 TRACE ro.mpp2024.repository.ParticipantRepository 31 createEntityFromResultSet - Enter createEntityFromResultSet
30 Mar 2025 16:46:20,764 TRACE ro.mpp2024.repository.ParticipantRepository 37 createEntityFromResultSet - Exit with(Ursu Mihail)
30 Mar 2025 16:46:20,764 TRACE ro.mpp2024.repository.ParticipantRepository 31 createEntityFromResultSet - Enter createEntityFromResultSet
30 Mar 2025 16:46:20,764 TRACE ro.mpp2024.repository.ParticipantRepository 37 createEntityFromResultSet - Exit with(Vlad Anca)
30 Mar 2025 16:46:20,764 TRACE ro.mpp2024.repository.ParticipantRepository 31 createEntityFromResultSet - Enter createEntityFromResultSet
30 Mar 2025 16:46:20,764 TRACE ro.mpp2024.repository.ParticipantRepository 37 createEntityFromResultSet - Exit with(Zamfir Lucian)
30 Mar 2025 16:46:20,764 TRACE ro.mpp2024.repository.ParticipantRepository 31 createEntityFromResultSet - Enter createEntityFromResultSet
30 Mar 2025 16:46:20,764 TRACE ro.mpp2024.repository.ParticipantRepository 37 createEntityFromResultSet - Exit with(Voicu Raluca)
30 Mar 2025 16:46:20,765 TRACE ro.mpp2024.repository.ParticipantRepository 31 createEntityFromResultSet - Enter createEntityFromResultSet
30 Mar 2025 16:46:20,765 TRACE ro.mpp2024.repository.ParticipantRepository 37 createEntityFromResultSet - Exit with(nume prenume)
30 Mar 2025 16:46:20,765 TRACE ro.mpp2024.repository.ParticipantRepository 57 findAll - Exit with([Popescu Ion, Ionescu Maria, Georgescu Andrei, Dumitrescu Elena, Popa Mihai, Stan Ioana, Radu Cristian, Marin Ana, Tudor Alexandru, Petrescu Gabriel, Iliescu Daniela, Vasilescu Florin, Dobre Adriana, Munteanu Sorin, Nistor Carmen, Lazar Roxana, Gheorghe Vlad, Barbu Irina, Constantin Marius, Enache Laura, Dragomir Adrian, Filip Bianca, Grigore Stefan, Hagi Diana, Iacob Radu, Jianu Oana, Kovacs Cristina, Lupu George, Manole Simona, Nedelcu Alexandra, Oprea Bogdan, Pavel Monica, Rusu Andreea, Sandu Victor, Toma Gabriela, Ursu Mihail, Vlad Anca, Zamfir Lucian, Voicu Raluca, nume prenume])
30 Mar 2025 16:54:59,440 INFO  ro.mpp2024.repository.ArbitruRepository 26 <init> - Initializing IArbitruRepository with properties: {} 
30 Mar 2025 16:54:59,444 INFO  ro.mpp2024.repository.ProbaRepository 25 <init> - Initializing ProbaRepository with properties: {} 
30 Mar 2025 16:54:59,445 INFO  ro.mpp2024.repository.ParticipantRepository 25 <init> - Initializing ParticipantRepository with properties: {} 
30 Mar 2025 16:54:59,446 INFO  ro.mpp2024.repository.RezultatRepository 26 <init> - Initializing RezultatRepository with properties: {} 
30 Mar 2025 16:54:59,447 INFO  ro.mpp2024.services.ArbitruService 16 <init> - Initializing ArbitruService
30 Mar 2025 16:54:59,448 TRACE ro.mpp2024.repository.ArbitruRepository 45 findAll - Enter findAll
30 Mar 2025 16:54:59,448 TRACE ro.mpp2024.utils.JdbcUtils 48 getConnection - Enter
30 Mar 2025 16:54:59,448 TRACE ro.mpp2024.utils.JdbcUtils 25 getNewConnection - Enter
30 Mar 2025 16:54:59,449 INFO  ro.mpp2024.utils.JdbcUtils 30 getNewConnection - trying to connect to database ... jdbc:sqlite:src/main/resources/triatlon.db
30 Mar 2025 16:54:59,449 INFO  ro.mpp2024.utils.JdbcUtils 31 getNewConnection - user: null
30 Mar 2025 16:54:59,449 INFO  ro.mpp2024.utils.JdbcUtils 32 getNewConnection - pass: null
30 Mar 2025 16:54:59,539 TRACE ro.mpp2024.utils.JdbcUtils 57 getConnection - Exit with(org.sqlite.jdbc4.JDBC4Connection@379be7a0)
30 Mar 2025 16:54:59,541 TRACE ro.mpp2024.repository.ArbitruRepository 32 createEntityFromResultSet - Enter createEntityFromResultSet
30 Mar 2025 16:54:59,544 TRACE ro.mpp2024.repository.ArbitruRepository 39 createEntityFromResultSet - Exit with(Arbitru{nume='Alice Johnson', username='alice.j', password='UGFzc3cwcmQxIQ==', id_proba=s1})
30 Mar 2025 16:54:59,545 TRACE ro.mpp2024.repository.ArbitruRepository 32 createEntityFromResultSet - Enter createEntityFromResultSet
30 Mar 2025 16:54:59,545 TRACE ro.mpp2024.repository.ArbitruRepository 39 createEntityFromResultSet - Exit with(Arbitru{nume='Bob Smith', username='bob.smith', password='U2VjdXJlUEBzczI=', id_proba=c1})
30 Mar 2025 16:54:59,545 TRACE ro.mpp2024.repository.ArbitruRepository 32 createEntityFromResultSet - Enter createEntityFromResultSet
30 Mar 2025 16:54:59,545 TRACE ro.mpp2024.repository.ArbitruRepository 39 createEntityFromResultSet - Exit with(Arbitru{nume='Charlie Brown', username='charlie.b', password='TXlQQHNzdzNyZA==', id_proba=i1})
30 Mar 2025 16:54:59,545 TRACE ro.mpp2024.repository.ArbitruRepository 32 createEntityFromResultSet - Enter createEntityFromResultSet
30 Mar 2025 16:54:59,545 TRACE ro.mpp2024.repository.ArbitruRepository 39 createEntityFromResultSet - Exit with(Arbitru{nume='David Wilson', username='david.w', password='UEBzc3cwcmQ0VQ==', id_proba=s2})
30 Mar 2025 16:54:59,545 TRACE ro.mpp2024.repository.ArbitruRepository 32 createEntityFromResultSet - Enter createEntityFromResultSet
30 Mar 2025 16:54:59,546 TRACE ro.mpp2024.repository.ArbitruRepository 39 createEntityFromResultSet - Exit with(Arbitru{nume='Emma Davis', username='emma.d', password='UEBzc3dvcmQjNQ==', id_proba=c2})
30 Mar 2025 16:54:59,546 TRACE ro.mpp2024.repository.ArbitruRepository 32 createEntityFromResultSet - Enter createEntityFromResultSet
30 Mar 2025 16:54:59,546 TRACE ro.mpp2024.repository.ArbitruRepository 39 createEntityFromResultSet - Exit with(Arbitru{nume='Fiona Clark', username='fiona.c', password='U2VjcjN0UEBzczY=', id_proba=i2})
30 Mar 2025 16:54:59,546 TRACE ro.mpp2024.repository.ArbitruRepository 32 createEntityFromResultSet - Enter createEntityFromResultSet
30 Mar 2025 16:54:59,546 TRACE ro.mpp2024.repository.ArbitruRepository 39 createEntityFromResultSet - Exit with(Arbitru{nume='George Hall', username='george.h', password='UEBzc3cwcmQ3IQ==', id_proba=s3})
30 Mar 2025 16:54:59,546 TRACE ro.mpp2024.repository.ArbitruRepository 32 createEntityFromResultSet - Enter createEntityFromResultSet
30 Mar 2025 16:54:59,546 TRACE ro.mpp2024.repository.ArbitruRepository 39 createEntityFromResultSet - Exit with(Arbitru{nume='Hannah Lewis', username='hannah.l', password='TXlwQHNzdzhyZA==', id_proba=c3})
30 Mar 2025 16:54:59,546 TRACE ro.mpp2024.repository.ArbitruRepository 32 createEntityFromResultSet - Enter createEntityFromResultSet
30 Mar 2025 16:54:59,547 TRACE ro.mpp2024.repository.ArbitruRepository 39 createEntityFromResultSet - Exit with(Arbitru{nume='Ian Walker', username='ian.w', password='UEBzc3cwcmQ5Iw==', id_proba=i3})
30 Mar 2025 16:54:59,547 TRACE ro.mpp2024.repository.ArbitruRepository 32 createEntityFromResultSet - Enter createEntityFromResultSet
30 Mar 2025 16:54:59,547 TRACE ro.mpp2024.repository.ArbitruRepository 39 createEntityFromResultSet - Exit with(Arbitru{nume='Jack Martinez', username='jack.m', password='UEBzc3cwcmQxMA==', id_proba=s4})
30 Mar 2025 16:54:59,547 TRACE ro.mpp2024.repository.ArbitruRepository 32 createEntityFromResultSet - Enter createEntityFromResultSet
30 Mar 2025 16:54:59,547 TRACE ro.mpp2024.repository.ArbitruRepository 39 createEntityFromResultSet - Exit with(Arbitru{nume='Kara Young', username='kara.y', password='UEBzc3dvcmQxMSE=', id_proba=c4})
30 Mar 2025 16:54:59,547 TRACE ro.mpp2024.repository.ArbitruRepository 32 createEntityFromResultSet - Enter createEntityFromResultSet
30 Mar 2025 16:54:59,547 TRACE ro.mpp2024.repository.ArbitruRepository 39 createEntityFromResultSet - Exit with(Arbitru{nume='Liam King', username='liam.k', password='U2VjdXIzUEBzczEy', id_proba=i4})
30 Mar 2025 16:54:59,548 TRACE ro.mpp2024.repository.ArbitruRepository 32 createEntityFromResultSet - Enter createEntityFromResultSet
30 Mar 2025 16:54:59,548 TRACE ro.mpp2024.repository.ArbitruRepository 39 createEntityFromResultSet - Exit with(Arbitru{nume='Mia Scott', username='mia.s', password='UEBzc3dvcmQxMyM=', id_proba=s5})
30 Mar 2025 16:54:59,548 TRACE ro.mpp2024.repository.ArbitruRepository 32 createEntityFromResultSet - Enter createEntityFromResultSet
30 Mar 2025 16:54:59,548 TRACE ro.mpp2024.repository.ArbitruRepository 39 createEntityFromResultSet - Exit with(Arbitru{nume='Noah Green', username='noah.g', password='TXlQQHNzdzE0cmQ=', id_proba=c5})
30 Mar 2025 16:54:59,548 TRACE ro.mpp2024.repository.ArbitruRepository 32 createEntityFromResultSet - Enter createEntityFromResultSet
30 Mar 2025 16:54:59,548 TRACE ro.mpp2024.repository.ArbitruRepository 39 createEntityFromResultSet - Exit with(Arbitru{nume='Olivia Adams', username='olivia.a', password='UEBzc3dvcmQxNSE=', id_proba=i5})
30 Mar 2025 16:54:59,548 TRACE ro.mpp2024.repository.ArbitruRepository 32 createEntityFromResultSet - Enter createEntityFromResultSet
30 Mar 2025 16:54:59,549 TRACE ro.mpp2024.repository.ArbitruRepository 39 createEntityFromResultSet - Exit with(Arbitru{nume='Paul Baker', username='paul.b', password='U2VjdXJpN3lQQHNzMTY=', id_proba=s6})
30 Mar 2025 16:54:59,549 TRACE ro.mpp2024.repository.ArbitruRepository 32 createEntityFromResultSet - Enter createEntityFromResultSet
30 Mar 2025 16:54:59,549 TRACE ro.mpp2024.repository.ArbitruRepository 39 createEntityFromResultSet - Exit with(Arbitru{nume='Quinn Harris', username='quinn.h', password='UEBzc3dvcmQxNyM=', id_proba=c6})
30 Mar 2025 16:54:59,549 TRACE ro.mpp2024.repository.ArbitruRepository 32 createEntityFromResultSet - Enter createEntityFromResultSet
30 Mar 2025 16:54:59,549 TRACE ro.mpp2024.repository.ArbitruRepository 39 createEntityFromResultSet - Exit with(Arbitru{nume='Rachel Nelson', username='rachel.n', password='UEBzc3cwcmQxOCE=', id_proba=i6})
30 Mar 2025 16:54:59,549 TRACE ro.mpp2024.repository.ArbitruRepository 32 createEntityFromResultSet - Enter createEntityFromResultSet
30 Mar 2025 16:54:59,549 TRACE ro.mpp2024.repository.ArbitruRepository 39 createEntityFromResultSet - Exit with(Arbitru{nume='Sam Perez', username='sam.p', password='TXlQQHNzdzE5cmQ=', id_proba=c8})
30 Mar 2025 16:54:59,550 TRACE ro.mpp2024.repository.ArbitruRepository 61 findAll - Exit
30 Mar 2025 16:54:59,551 INFO  ro.mpp2024.services.ArbitruService 18 lambda$new$0 - VUdGemMzY3djbVF4SVE9PQ==
30 Mar 2025 16:54:59,551 INFO  ro.mpp2024.services.ArbitruService 18 lambda$new$0 - VTJWamRYSmxVRUJ6Y3pJPQ==
30 Mar 2025 16:54:59,551 INFO  ro.mpp2024.services.ArbitruService 18 lambda$new$0 - VFhsUVFITnpkek55WkE9PQ==
30 Mar 2025 16:54:59,551 INFO  ro.mpp2024.services.ArbitruService 18 lambda$new$0 - VUVCemMzY3djbVEwVlE9PQ==
30 Mar 2025 16:54:59,551 INFO  ro.mpp2024.services.ArbitruService 18 lambda$new$0 - VUVCemMzZHZjbVFqTlE9PQ==
30 Mar 2025 16:54:59,552 INFO  ro.mpp2024.services.ArbitruService 18 lambda$new$0 - VTJWamNqTjBVRUJ6Y3pZPQ==
30 Mar 2025 16:54:59,552 INFO  ro.mpp2024.services.ArbitruService 18 lambda$new$0 - VUVCemMzY3djbVEzSVE9PQ==
30 Mar 2025 16:54:59,552 INFO  ro.mpp2024.services.ArbitruService 18 lambda$new$0 - VFhsd1FITnpkemh5WkE9PQ==
30 Mar 2025 16:54:59,552 INFO  ro.mpp2024.services.ArbitruService 18 lambda$new$0 - VUVCemMzY3djbVE1SXc9PQ==
30 Mar 2025 16:54:59,552 INFO  ro.mpp2024.services.ArbitruService 18 lambda$new$0 - VUVCemMzY3djbVF4TUE9PQ==
30 Mar 2025 16:54:59,552 INFO  ro.mpp2024.services.ArbitruService 18 lambda$new$0 - VUVCemMzZHZjbVF4TVNFPQ==
30 Mar 2025 16:54:59,552 INFO  ro.mpp2024.services.ArbitruService 18 lambda$new$0 - VTJWamRYSXpVRUJ6Y3pFeQ==
30 Mar 2025 16:54:59,553 INFO  ro.mpp2024.services.ArbitruService 18 lambda$new$0 - VUVCemMzZHZjbVF4TXlNPQ==
30 Mar 2025 16:54:59,553 INFO  ro.mpp2024.services.ArbitruService 18 lambda$new$0 - VFhsUVFITnpkekUwY21RPQ==
30 Mar 2025 16:54:59,553 INFO  ro.mpp2024.services.ArbitruService 18 lambda$new$0 - VUVCemMzZHZjbVF4TlNFPQ==
30 Mar 2025 16:54:59,553 INFO  ro.mpp2024.services.ArbitruService 18 lambda$new$0 - VTJWamRYSnBOM2xRUUhOek1UWT0=
30 Mar 2025 16:54:59,553 INFO  ro.mpp2024.services.ArbitruService 18 lambda$new$0 - VUVCemMzZHZjbVF4TnlNPQ==
30 Mar 2025 16:54:59,553 INFO  ro.mpp2024.services.ArbitruService 18 lambda$new$0 - VUVCemMzY3djbVF4T0NFPQ==
30 Mar 2025 16:54:59,553 INFO  ro.mpp2024.services.ArbitruService 18 lambda$new$0 - VFhsUVFITnpkekU1Y21RPQ==
30 Mar 2025 16:54:59,554 INFO  ro.mpp2024.services.RezultatService 26 <init> - Service Rezultat made
30 Mar 2025 16:54:59,555 TRACE ro.mpp2024.repository.RezultatRepository 169 listaParticiapntPuncteProbaDescrescator - Enter listaParticiapntPuncteProbaDescrescator
30 Mar 2025 16:54:59,555 TRACE ro.mpp2024.utils.JdbcUtils 48 getConnection - Enter
30 Mar 2025 16:54:59,555 TRACE ro.mpp2024.utils.JdbcUtils 57 getConnection - Exit with(org.sqlite.jdbc4.JDBC4Connection@379be7a0)
30 Mar 2025 16:54:59,556 TRACE ro.mpp2024.repository.RezultatRepository 187 listaParticiapntPuncteProbaDescrescator - Enter Terminat dictionar
30 Mar 2025 16:55:30,304 TRACE ro.mpp2024.utils.JdbcUtils 48 getConnection - Enter
30 Mar 2025 16:55:30,304 TRACE ro.mpp2024.utils.JdbcUtils 57 getConnection - Exit with(org.sqlite.jdbc4.JDBC4Connection@379be7a0)
30 Mar 2025 16:55:30,305 TRACE ro.mpp2024.repository.ArbitruRepository 32 createEntityFromResultSet - Enter createEntityFromResultSet
30 Mar 2025 16:55:30,305 TRACE ro.mpp2024.repository.ArbitruRepository 39 createEntityFromResultSet - Exit with(Arbitru{nume='Alice Johnson', username='alice.j', password='UGFzc3cwcmQxIQ==', id_proba=s1})
30 Mar 2025 16:55:30,345 TRACE ro.mpp2024.repository.RezultatRepository 145 listaParticipantiPuncteAlfabetic - Enter listaParticipantiPuncteAlfabetic
30 Mar 2025 16:55:30,345 TRACE ro.mpp2024.utils.JdbcUtils 48 getConnection - Enter
30 Mar 2025 16:55:30,346 TRACE ro.mpp2024.utils.JdbcUtils 57 getConnection - Exit with(org.sqlite.jdbc4.JDBC4Connection@379be7a0)
30 Mar 2025 16:55:30,346 TRACE ro.mpp2024.repository.RezultatRepository 163 listaParticipantiPuncteAlfabetic - Enter Terminat dictionar
30 Mar 2025 16:55:30,346 TRACE ro.mpp2024.repository.RezultatRepository 169 listaParticiapntPuncteProbaDescrescator - Enter listaParticiapntPuncteProbaDescrescator
30 Mar 2025 16:55:30,346 TRACE ro.mpp2024.utils.JdbcUtils 48 getConnection - Enter
30 Mar 2025 16:55:30,347 TRACE ro.mpp2024.utils.JdbcUtils 57 getConnection - Exit with(org.sqlite.jdbc4.JDBC4Connection@379be7a0)
30 Mar 2025 16:55:30,347 TRACE ro.mpp2024.repository.RezultatRepository 187 listaParticiapntPuncteProbaDescrescator - Enter Terminat dictionar
30 Mar 2025 16:55:30,349 TRACE ro.mpp2024.repository.ParticipantRepository 43 findAll - Enter
30 Mar 2025 16:55:30,349 TRACE ro.mpp2024.utils.JdbcUtils 48 getConnection - Enter
30 Mar 2025 16:55:30,349 TRACE ro.mpp2024.utils.JdbcUtils 57 getConnection - Exit with(org.sqlite.jdbc4.JDBC4Connection@379be7a0)
30 Mar 2025 16:55:30,350 TRACE ro.mpp2024.repository.ParticipantRepository 31 createEntityFromResultSet - Enter createEntityFromResultSet
30 Mar 2025 16:55:30,350 TRACE ro.mpp2024.repository.ParticipantRepository 37 createEntityFromResultSet - Exit with(Popescu Ion)
30 Mar 2025 16:55:30,350 TRACE ro.mpp2024.repository.ParticipantRepository 31 createEntityFromResultSet - Enter createEntityFromResultSet
30 Mar 2025 16:55:30,350 TRACE ro.mpp2024.repository.ParticipantRepository 37 createEntityFromResultSet - Exit with(Ionescu Maria)
30 Mar 2025 16:55:30,350 TRACE ro.mpp2024.repository.ParticipantRepository 31 createEntityFromResultSet - Enter createEntityFromResultSet
30 Mar 2025 16:55:30,350 TRACE ro.mpp2024.repository.ParticipantRepository 37 createEntityFromResultSet - Exit with(Georgescu Andrei)
30 Mar 2025 16:55:30,350 TRACE ro.mpp2024.repository.ParticipantRepository 31 createEntityFromResultSet - Enter createEntityFromResultSet
30 Mar 2025 16:55:30,351 TRACE ro.mpp2024.repository.ParticipantRepository 37 createEntityFromResultSet - Exit with(Dumitrescu Elena)
30 Mar 2025 16:55:30,351 TRACE ro.mpp2024.repository.ParticipantRepository 31 createEntityFromResultSet - Enter createEntityFromResultSet
30 Mar 2025 16:55:30,351 TRACE ro.mpp2024.repository.ParticipantRepository 37 createEntityFromResultSet - Exit with(Popa Mihai)
30 Mar 2025 16:55:30,351 TRACE ro.mpp2024.repository.ParticipantRepository 31 createEntityFromResultSet - Enter createEntityFromResultSet
30 Mar 2025 16:55:30,351 TRACE ro.mpp2024.repository.ParticipantRepository 37 createEntityFromResultSet - Exit with(Stan Ioana)
30 Mar 2025 16:55:30,351 TRACE ro.mpp2024.repository.ParticipantRepository 31 createEntityFromResultSet - Enter createEntityFromResultSet
30 Mar 2025 16:55:30,351 TRACE ro.mpp2024.repository.ParticipantRepository 37 createEntityFromResultSet - Exit with(Radu Cristian)
30 Mar 2025 16:55:30,351 TRACE ro.mpp2024.repository.ParticipantRepository 31 createEntityFromResultSet - Enter createEntityFromResultSet
30 Mar 2025 16:55:30,351 TRACE ro.mpp2024.repository.ParticipantRepository 37 createEntityFromResultSet - Exit with(Marin Ana)
30 Mar 2025 16:55:30,351 TRACE ro.mpp2024.repository.ParticipantRepository 31 createEntityFromResultSet - Enter createEntityFromResultSet
30 Mar 2025 16:55:30,352 TRACE ro.mpp2024.repository.ParticipantRepository 37 createEntityFromResultSet - Exit with(Tudor Alexandru)
30 Mar 2025 16:55:30,352 TRACE ro.mpp2024.repository.ParticipantRepository 31 createEntityFromResultSet - Enter createEntityFromResultSet
30 Mar 2025 16:55:30,352 TRACE ro.mpp2024.repository.ParticipantRepository 37 createEntityFromResultSet - Exit with(Petrescu Gabriel)
30 Mar 2025 16:55:30,352 TRACE ro.mpp2024.repository.ParticipantRepository 31 createEntityFromResultSet - Enter createEntityFromResultSet
30 Mar 2025 16:55:30,352 TRACE ro.mpp2024.repository.ParticipantRepository 37 createEntityFromResultSet - Exit with(Iliescu Daniela)
30 Mar 2025 16:55:30,352 TRACE ro.mpp2024.repository.ParticipantRepository 31 createEntityFromResultSet - Enter createEntityFromResultSet
30 Mar 2025 16:55:30,352 TRACE ro.mpp2024.repository.ParticipantRepository 37 createEntityFromResultSet - Exit with(Vasilescu Florin)
30 Mar 2025 16:55:30,352 TRACE ro.mpp2024.repository.ParticipantRepository 31 createEntityFromResultSet - Enter createEntityFromResultSet
30 Mar 2025 16:55:30,352 TRACE ro.mpp2024.repository.ParticipantRepository 37 createEntityFromResultSet - Exit with(Dobre Adriana)
30 Mar 2025 16:55:30,352 TRACE ro.mpp2024.repository.ParticipantRepository 31 createEntityFromResultSet - Enter createEntityFromResultSet
30 Mar 2025 16:55:30,353 TRACE ro.mpp2024.repository.ParticipantRepository 37 createEntityFromResultSet - Exit with(Munteanu Sorin)
30 Mar 2025 16:55:30,353 TRACE ro.mpp2024.repository.ParticipantRepository 31 createEntityFromResultSet - Enter createEntityFromResultSet
30 Mar 2025 16:55:30,353 TRACE ro.mpp2024.repository.ParticipantRepository 37 createEntityFromResultSet - Exit with(Nistor Carmen)
30 Mar 2025 16:55:30,353 TRACE ro.mpp2024.repository.ParticipantRepository 31 createEntityFromResultSet - Enter createEntityFromResultSet
30 Mar 2025 16:55:30,353 TRACE ro.mpp2024.repository.ParticipantRepository 37 createEntityFromResultSet - Exit with(Lazar Roxana)
30 Mar 2025 16:55:30,353 TRACE ro.mpp2024.repository.ParticipantRepository 31 createEntityFromResultSet - Enter createEntityFromResultSet
30 Mar 2025 16:55:30,353 TRACE ro.mpp2024.repository.ParticipantRepository 37 createEntityFromResultSet - Exit with(Gheorghe Vlad)
30 Mar 2025 16:55:30,353 TRACE ro.mpp2024.repository.ParticipantRepository 31 createEntityFromResultSet - Enter createEntityFromResultSet
30 Mar 2025 16:55:30,353 TRACE ro.mpp2024.repository.ParticipantRepository 37 createEntityFromResultSet - Exit with(Barbu Irina)
30 Mar 2025 16:55:30,354 TRACE ro.mpp2024.repository.ParticipantRepository 31 createEntityFromResultSet - Enter createEntityFromResultSet
30 Mar 2025 16:55:30,354 TRACE ro.mpp2024.repository.ParticipantRepository 37 createEntityFromResultSet - Exit with(Constantin Marius)
30 Mar 2025 16:55:30,354 TRACE ro.mpp2024.repository.ParticipantRepository 31 createEntityFromResultSet - Enter createEntityFromResultSet
30 Mar 2025 16:55:30,354 TRACE ro.mpp2024.repository.ParticipantRepository 37 createEntityFromResultSet - Exit with(Enache Laura)
30 Mar 2025 16:55:30,354 TRACE ro.mpp2024.repository.ParticipantRepository 31 createEntityFromResultSet - Enter createEntityFromResultSet
30 Mar 2025 16:55:30,354 TRACE ro.mpp2024.repository.ParticipantRepository 37 createEntityFromResultSet - Exit with(Dragomir Adrian)
30 Mar 2025 16:55:30,354 TRACE ro.mpp2024.repository.ParticipantRepository 31 createEntityFromResultSet - Enter createEntityFromResultSet
30 Mar 2025 16:55:30,354 TRACE ro.mpp2024.repository.ParticipantRepository 37 createEntityFromResultSet - Exit with(Filip Bianca)
30 Mar 2025 16:55:30,355 TRACE ro.mpp2024.repository.ParticipantRepository 31 createEntityFromResultSet - Enter createEntityFromResultSet
30 Mar 2025 16:55:30,355 TRACE ro.mpp2024.repository.ParticipantRepository 37 createEntityFromResultSet - Exit with(Grigore Stefan)
30 Mar 2025 16:55:30,355 TRACE ro.mpp2024.repository.ParticipantRepository 31 createEntityFromResultSet - Enter createEntityFromResultSet
30 Mar 2025 16:55:30,355 TRACE ro.mpp2024.repository.ParticipantRepository 37 createEntityFromResultSet - Exit with(Hagi Diana)
30 Mar 2025 16:55:30,355 TRACE ro.mpp2024.repository.ParticipantRepository 31 createEntityFromResultSet - Enter createEntityFromResultSet
30 Mar 2025 16:55:30,355 TRACE ro.mpp2024.repository.ParticipantRepository 37 createEntityFromResultSet - Exit with(Iacob Radu)
30 Mar 2025 16:55:30,355 TRACE ro.mpp2024.repository.ParticipantRepository 31 createEntityFromResultSet - Enter createEntityFromResultSet
30 Mar 2025 16:55:30,356 TRACE ro.mpp2024.repository.ParticipantRepository 37 createEntityFromResultSet - Exit with(Jianu Oana)
30 Mar 2025 16:55:30,356 TRACE ro.mpp2024.repository.ParticipantRepository 31 createEntityFromResultSet - Enter createEntityFromResultSet
30 Mar 2025 16:55:30,356 TRACE ro.mpp2024.repository.ParticipantRepository 37 createEntityFromResultSet - Exit with(Kovacs Cristina)
30 Mar 2025 16:55:30,356 TRACE ro.mpp2024.repository.ParticipantRepository 31 createEntityFromResultSet - Enter createEntityFromResultSet
30 Mar 2025 16:55:30,356 TRACE ro.mpp2024.repository.ParticipantRepository 37 createEntityFromResultSet - Exit with(Lupu George)
30 Mar 2025 16:55:30,356 TRACE ro.mpp2024.repository.ParticipantRepository 31 createEntityFromResultSet - Enter createEntityFromResultSet
30 Mar 2025 16:55:30,356 TRACE ro.mpp2024.repository.ParticipantRepository 37 createEntityFromResultSet - Exit with(Manole Simona)
30 Mar 2025 16:55:30,356 TRACE ro.mpp2024.repository.ParticipantRepository 31 createEntityFromResultSet - Enter createEntityFromResultSet
30 Mar 2025 16:55:30,356 TRACE ro.mpp2024.repository.ParticipantRepository 37 createEntityFromResultSet - Exit with(Nedelcu Alexandra)
30 Mar 2025 16:55:30,356 TRACE ro.mpp2024.repository.ParticipantRepository 31 createEntityFromResultSet - Enter createEntityFromResultSet
30 Mar 2025 16:55:30,357 TRACE ro.mpp2024.repository.ParticipantRepository 37 createEntityFromResultSet - Exit with(Oprea Bogdan)
30 Mar 2025 16:55:30,357 TRACE ro.mpp2024.repository.ParticipantRepository 31 createEntityFromResultSet - Enter createEntityFromResultSet
30 Mar 2025 16:55:30,357 TRACE ro.mpp2024.repository.ParticipantRepository 37 createEntityFromResultSet - Exit with(Pavel Monica)
30 Mar 2025 16:55:30,357 TRACE ro.mpp2024.repository.ParticipantRepository 31 createEntityFromResultSet - Enter createEntityFromResultSet
30 Mar 2025 16:55:30,357 TRACE ro.mpp2024.repository.ParticipantRepository 37 createEntityFromResultSet - Exit with(Rusu Andreea)
30 Mar 2025 16:55:30,357 TRACE ro.mpp2024.repository.ParticipantRepository 31 createEntityFromResultSet - Enter createEntityFromResultSet
30 Mar 2025 16:55:30,357 TRACE ro.mpp2024.repository.ParticipantRepository 37 createEntityFromResultSet - Exit with(Sandu Victor)
30 Mar 2025 16:55:30,357 TRACE ro.mpp2024.repository.ParticipantRepository 31 createEntityFromResultSet - Enter createEntityFromResultSet
30 Mar 2025 16:55:30,357 TRACE ro.mpp2024.repository.ParticipantRepository 37 createEntityFromResultSet - Exit with(Toma Gabriela)
30 Mar 2025 16:55:30,357 TRACE ro.mpp2024.repository.ParticipantRepository 31 createEntityFromResultSet - Enter createEntityFromResultSet
30 Mar 2025 16:55:30,358 TRACE ro.mpp2024.repository.ParticipantRepository 37 createEntityFromResultSet - Exit with(Ursu Mihail)
30 Mar 2025 16:55:30,358 TRACE ro.mpp2024.repository.ParticipantRepository 31 createEntityFromResultSet - Enter createEntityFromResultSet
30 Mar 2025 16:55:30,358 TRACE ro.mpp2024.repository.ParticipantRepository 37 createEntityFromResultSet - Exit with(Vlad Anca)
30 Mar 2025 16:55:30,358 TRACE ro.mpp2024.repository.ParticipantRepository 31 createEntityFromResultSet - Enter createEntityFromResultSet
30 Mar 2025 16:55:30,358 TRACE ro.mpp2024.repository.ParticipantRepository 37 createEntityFromResultSet - Exit with(Zamfir Lucian)
30 Mar 2025 16:55:30,358 TRACE ro.mpp2024.repository.ParticipantRepository 31 createEntityFromResultSet - Enter createEntityFromResultSet
30 Mar 2025 16:55:30,358 TRACE ro.mpp2024.repository.ParticipantRepository 37 createEntityFromResultSet - Exit with(Voicu Raluca)
30 Mar 2025 16:55:30,358 TRACE ro.mpp2024.repository.ParticipantRepository 31 createEntityFromResultSet - Enter createEntityFromResultSet
30 Mar 2025 16:55:30,358 TRACE ro.mpp2024.repository.ParticipantRepository 37 createEntityFromResultSet - Exit with(nume prenume)
30 Mar 2025 16:55:30,359 TRACE ro.mpp2024.repository.ParticipantRepository 57 findAll - Exit with([Popescu Ion, Ionescu Maria, Georgescu Andrei, Dumitrescu Elena, Popa Mihai, Stan Ioana, Radu Cristian, Marin Ana, Tudor Alexandru, Petrescu Gabriel, Iliescu Daniela, Vasilescu Florin, Dobre Adriana, Munteanu Sorin, Nistor Carmen, Lazar Roxana, Gheorghe Vlad, Barbu Irina, Constantin Marius, Enache Laura, Dragomir Adrian, Filip Bianca, Grigore Stefan, Hagi Diana, Iacob Radu, Jianu Oana, Kovacs Cristina, Lupu George, Manole Simona, Nedelcu Alexandra, Oprea Bogdan, Pavel Monica, Rusu Andreea, Sandu Victor, Toma Gabriela, Ursu Mihail, Vlad Anca, Zamfir Lucian, Voicu Raluca, nume prenume])
30 Mar 2025 16:56:10,097 INFO  ro.mpp2024.repository.ArbitruRepository 26 <init> - Initializing IArbitruRepository with properties: {} 
30 Mar 2025 16:56:10,100 INFO  ro.mpp2024.repository.ProbaRepository 25 <init> - Initializing ProbaRepository with properties: {} 
30 Mar 2025 16:56:10,101 INFO  ro.mpp2024.repository.ParticipantRepository 25 <init> - Initializing ParticipantRepository with properties: {} 
30 Mar 2025 16:56:10,102 INFO  ro.mpp2024.repository.RezultatRepository 26 <init> - Initializing RezultatRepository with properties: {} 
30 Mar 2025 16:56:10,103 INFO  ro.mpp2024.services.ArbitruService 16 <init> - Initializing ArbitruService
30 Mar 2025 16:56:10,104 TRACE ro.mpp2024.repository.ArbitruRepository 45 findAll - Enter findAll
30 Mar 2025 16:56:10,104 TRACE ro.mpp2024.utils.JdbcUtils 48 getConnection - Enter
30 Mar 2025 16:56:10,104 TRACE ro.mpp2024.utils.JdbcUtils 25 getNewConnection - Enter
30 Mar 2025 16:56:10,105 INFO  ro.mpp2024.utils.JdbcUtils 30 getNewConnection - trying to connect to database ... jdbc:sqlite:src/main/resources/triatlon.db
30 Mar 2025 16:56:10,105 INFO  ro.mpp2024.utils.JdbcUtils 31 getNewConnection - user: null
30 Mar 2025 16:56:10,105 INFO  ro.mpp2024.utils.JdbcUtils 32 getNewConnection - pass: null
30 Mar 2025 16:56:10,194 TRACE ro.mpp2024.utils.JdbcUtils 57 getConnection - Exit with(org.sqlite.jdbc4.JDBC4Connection@379be7a0)
30 Mar 2025 16:56:10,196 TRACE ro.mpp2024.repository.ArbitruRepository 32 createEntityFromResultSet - Enter createEntityFromResultSet
30 Mar 2025 16:56:10,200 TRACE ro.mpp2024.repository.ArbitruRepository 39 createEntityFromResultSet - Exit with(Arbitru{nume='Alice Johnson', username='alice.j', password='UGFzc3cwcmQxIQ==', id_proba=s1})
30 Mar 2025 16:56:10,200 TRACE ro.mpp2024.repository.ArbitruRepository 32 createEntityFromResultSet - Enter createEntityFromResultSet
30 Mar 2025 16:56:10,200 TRACE ro.mpp2024.repository.ArbitruRepository 39 createEntityFromResultSet - Exit with(Arbitru{nume='Bob Smith', username='bob.smith', password='U2VjdXJlUEBzczI=', id_proba=c1})
30 Mar 2025 16:56:10,200 TRACE ro.mpp2024.repository.ArbitruRepository 32 createEntityFromResultSet - Enter createEntityFromResultSet
30 Mar 2025 16:56:10,200 TRACE ro.mpp2024.repository.ArbitruRepository 39 createEntityFromResultSet - Exit with(Arbitru{nume='Charlie Brown', username='charlie.b', password='TXlQQHNzdzNyZA==', id_proba=i1})
30 Mar 2025 16:56:10,200 TRACE ro.mpp2024.repository.ArbitruRepository 32 createEntityFromResultSet - Enter createEntityFromResultSet
30 Mar 2025 16:56:10,200 TRACE ro.mpp2024.repository.ArbitruRepository 39 createEntityFromResultSet - Exit with(Arbitru{nume='David Wilson', username='david.w', password='UEBzc3cwcmQ0VQ==', id_proba=s2})
30 Mar 2025 16:56:10,201 TRACE ro.mpp2024.repository.ArbitruRepository 32 createEntityFromResultSet - Enter createEntityFromResultSet
30 Mar 2025 16:56:10,201 TRACE ro.mpp2024.repository.ArbitruRepository 39 createEntityFromResultSet - Exit with(Arbitru{nume='Emma Davis', username='emma.d', password='UEBzc3dvcmQjNQ==', id_proba=c2})
30 Mar 2025 16:56:10,201 TRACE ro.mpp2024.repository.ArbitruRepository 32 createEntityFromResultSet - Enter createEntityFromResultSet
30 Mar 2025 16:56:10,201 TRACE ro.mpp2024.repository.ArbitruRepository 39 createEntityFromResultSet - Exit with(Arbitru{nume='Fiona Clark', username='fiona.c', password='U2VjcjN0UEBzczY=', id_proba=i2})
30 Mar 2025 16:56:10,201 TRACE ro.mpp2024.repository.ArbitruRepository 32 createEntityFromResultSet - Enter createEntityFromResultSet
30 Mar 2025 16:56:10,201 TRACE ro.mpp2024.repository.ArbitruRepository 39 createEntityFromResultSet - Exit with(Arbitru{nume='George Hall', username='george.h', password='UEBzc3cwcmQ3IQ==', id_proba=s3})
30 Mar 2025 16:56:10,201 TRACE ro.mpp2024.repository.ArbitruRepository 32 createEntityFromResultSet - Enter createEntityFromResultSet
30 Mar 2025 16:56:10,202 TRACE ro.mpp2024.repository.ArbitruRepository 39 createEntityFromResultSet - Exit with(Arbitru{nume='Hannah Lewis', username='hannah.l', password='TXlwQHNzdzhyZA==', id_proba=c3})
30 Mar 2025 16:56:10,202 TRACE ro.mpp2024.repository.ArbitruRepository 32 createEntityFromResultSet - Enter createEntityFromResultSet
30 Mar 2025 16:56:10,202 TRACE ro.mpp2024.repository.ArbitruRepository 39 createEntityFromResultSet - Exit with(Arbitru{nume='Ian Walker', username='ian.w', password='UEBzc3cwcmQ5Iw==', id_proba=i3})
30 Mar 2025 16:56:10,202 TRACE ro.mpp2024.repository.ArbitruRepository 32 createEntityFromResultSet - Enter createEntityFromResultSet
30 Mar 2025 16:56:10,202 TRACE ro.mpp2024.repository.ArbitruRepository 39 createEntityFromResultSet - Exit with(Arbitru{nume='Jack Martinez', username='jack.m', password='UEBzc3cwcmQxMA==', id_proba=s4})
30 Mar 2025 16:56:10,202 TRACE ro.mpp2024.repository.ArbitruRepository 32 createEntityFromResultSet - Enter createEntityFromResultSet
30 Mar 2025 16:56:10,202 TRACE ro.mpp2024.repository.ArbitruRepository 39 createEntityFromResultSet - Exit with(Arbitru{nume='Kara Young', username='kara.y', password='UEBzc3dvcmQxMSE=', id_proba=c4})
30 Mar 2025 16:56:10,203 TRACE ro.mpp2024.repository.ArbitruRepository 32 createEntityFromResultSet - Enter createEntityFromResultSet
30 Mar 2025 16:56:10,203 TRACE ro.mpp2024.repository.ArbitruRepository 39 createEntityFromResultSet - Exit with(Arbitru{nume='Liam King', username='liam.k', password='U2VjdXIzUEBzczEy', id_proba=i4})
30 Mar 2025 16:56:10,203 TRACE ro.mpp2024.repository.ArbitruRepository 32 createEntityFromResultSet - Enter createEntityFromResultSet
30 Mar 2025 16:56:10,203 TRACE ro.mpp2024.repository.ArbitruRepository 39 createEntityFromResultSet - Exit with(Arbitru{nume='Mia Scott', username='mia.s', password='UEBzc3dvcmQxMyM=', id_proba=s5})
30 Mar 2025 16:56:10,203 TRACE ro.mpp2024.repository.ArbitruRepository 32 createEntityFromResultSet - Enter createEntityFromResultSet
30 Mar 2025 16:56:10,203 TRACE ro.mpp2024.repository.ArbitruRepository 39 createEntityFromResultSet - Exit with(Arbitru{nume='Noah Green', username='noah.g', password='TXlQQHNzdzE0cmQ=', id_proba=c5})
30 Mar 2025 16:56:10,203 TRACE ro.mpp2024.repository.ArbitruRepository 32 createEntityFromResultSet - Enter createEntityFromResultSet
30 Mar 2025 16:56:10,204 TRACE ro.mpp2024.repository.ArbitruRepository 39 createEntityFromResultSet - Exit with(Arbitru{nume='Olivia Adams', username='olivia.a', password='UEBzc3dvcmQxNSE=', id_proba=i5})
30 Mar 2025 16:56:10,204 TRACE ro.mpp2024.repository.ArbitruRepository 32 createEntityFromResultSet - Enter createEntityFromResultSet
30 Mar 2025 16:56:10,204 TRACE ro.mpp2024.repository.ArbitruRepository 39 createEntityFromResultSet - Exit with(Arbitru{nume='Paul Baker', username='paul.b', password='U2VjdXJpN3lQQHNzMTY=', id_proba=s6})
30 Mar 2025 16:56:10,204 TRACE ro.mpp2024.repository.ArbitruRepository 32 createEntityFromResultSet - Enter createEntityFromResultSet
30 Mar 2025 16:56:10,204 TRACE ro.mpp2024.repository.ArbitruRepository 39 createEntityFromResultSet - Exit with(Arbitru{nume='Quinn Harris', username='quinn.h', password='UEBzc3dvcmQxNyM=', id_proba=c6})
30 Mar 2025 16:56:10,204 TRACE ro.mpp2024.repository.ArbitruRepository 32 createEntityFromResultSet - Enter createEntityFromResultSet
30 Mar 2025 16:56:10,204 TRACE ro.mpp2024.repository.ArbitruRepository 39 createEntityFromResultSet - Exit with(Arbitru{nume='Rachel Nelson', username='rachel.n', password='UEBzc3cwcmQxOCE=', id_proba=i6})
30 Mar 2025 16:56:10,205 TRACE ro.mpp2024.repository.ArbitruRepository 32 createEntityFromResultSet - Enter createEntityFromResultSet
30 Mar 2025 16:56:10,205 TRACE ro.mpp2024.repository.ArbitruRepository 39 createEntityFromResultSet - Exit with(Arbitru{nume='Sam Perez', username='sam.p', password='TXlQQHNzdzE5cmQ=', id_proba=c8})
30 Mar 2025 16:56:10,205 TRACE ro.mpp2024.repository.ArbitruRepository 61 findAll - Exit
30 Mar 2025 16:56:10,206 INFO  ro.mpp2024.services.ArbitruService 18 lambda$new$0 - VUdGemMzY3djbVF4SVE9PQ==
30 Mar 2025 16:56:10,207 INFO  ro.mpp2024.services.ArbitruService 18 lambda$new$0 - VTJWamRYSmxVRUJ6Y3pJPQ==
30 Mar 2025 16:56:10,207 INFO  ro.mpp2024.services.ArbitruService 18 lambda$new$0 - VFhsUVFITnpkek55WkE9PQ==
30 Mar 2025 16:56:10,207 INFO  ro.mpp2024.services.ArbitruService 18 lambda$new$0 - VUVCemMzY3djbVEwVlE9PQ==
30 Mar 2025 16:56:10,207 INFO  ro.mpp2024.services.ArbitruService 18 lambda$new$0 - VUVCemMzZHZjbVFqTlE9PQ==
30 Mar 2025 16:56:10,207 INFO  ro.mpp2024.services.ArbitruService 18 lambda$new$0 - VTJWamNqTjBVRUJ6Y3pZPQ==
30 Mar 2025 16:56:10,207 INFO  ro.mpp2024.services.ArbitruService 18 lambda$new$0 - VUVCemMzY3djbVEzSVE9PQ==
30 Mar 2025 16:56:10,207 INFO  ro.mpp2024.services.ArbitruService 18 lambda$new$0 - VFhsd1FITnpkemh5WkE9PQ==
30 Mar 2025 16:56:10,207 INFO  ro.mpp2024.services.ArbitruService 18 lambda$new$0 - VUVCemMzY3djbVE1SXc9PQ==
30 Mar 2025 16:56:10,207 INFO  ro.mpp2024.services.ArbitruService 18 lambda$new$0 - VUVCemMzY3djbVF4TUE9PQ==
30 Mar 2025 16:56:10,207 INFO  ro.mpp2024.services.ArbitruService 18 lambda$new$0 - VUVCemMzZHZjbVF4TVNFPQ==
30 Mar 2025 16:56:10,208 INFO  ro.mpp2024.services.ArbitruService 18 lambda$new$0 - VTJWamRYSXpVRUJ6Y3pFeQ==
30 Mar 2025 16:56:10,208 INFO  ro.mpp2024.services.ArbitruService 18 lambda$new$0 - VUVCemMzZHZjbVF4TXlNPQ==
30 Mar 2025 16:56:10,208 INFO  ro.mpp2024.services.ArbitruService 18 lambda$new$0 - VFhsUVFITnpkekUwY21RPQ==
30 Mar 2025 16:56:10,208 INFO  ro.mpp2024.services.ArbitruService 18 lambda$new$0 - VUVCemMzZHZjbVF4TlNFPQ==
30 Mar 2025 16:56:10,208 INFO  ro.mpp2024.services.ArbitruService 18 lambda$new$0 - VTJWamRYSnBOM2xRUUhOek1UWT0=
30 Mar 2025 16:56:10,208 INFO  ro.mpp2024.services.ArbitruService 18 lambda$new$0 - VUVCemMzZHZjbVF4TnlNPQ==
30 Mar 2025 16:56:10,208 INFO  ro.mpp2024.services.ArbitruService 18 lambda$new$0 - VUVCemMzY3djbVF4T0NFPQ==
30 Mar 2025 16:56:10,208 INFO  ro.mpp2024.services.ArbitruService 18 lambda$new$0 - VFhsUVFITnpkekU1Y21RPQ==
30 Mar 2025 16:56:10,209 INFO  ro.mpp2024.services.RezultatService 26 <init> - Service Rezultat made
30 Mar 2025 16:56:10,209 TRACE ro.mpp2024.repository.RezultatRepository 169 listaParticiapntPuncteProbaDescrescator - Enter listaParticiapntPuncteProbaDescrescator
30 Mar 2025 16:56:10,209 TRACE ro.mpp2024.utils.JdbcUtils 48 getConnection - Enter
30 Mar 2025 16:56:10,210 TRACE ro.mpp2024.utils.JdbcUtils 57 getConnection - Exit with(org.sqlite.jdbc4.JDBC4Connection@379be7a0)
30 Mar 2025 16:56:10,210 TRACE ro.mpp2024.repository.RezultatRepository 187 listaParticiapntPuncteProbaDescrescator - Enter Terminat dictionar
30 Mar 2025 16:56:14,300 TRACE ro.mpp2024.utils.JdbcUtils 48 getConnection - Enter
30 Mar 2025 16:56:14,301 TRACE ro.mpp2024.utils.JdbcUtils 57 getConnection - Exit with(org.sqlite.jdbc4.JDBC4Connection@379be7a0)
30 Mar 2025 16:56:14,301 TRACE ro.mpp2024.repository.ArbitruRepository 32 createEntityFromResultSet - Enter createEntityFromResultSet
30 Mar 2025 16:56:14,301 TRACE ro.mpp2024.repository.ArbitruRepository 39 createEntityFromResultSet - Exit with(Arbitru{nume='Alice Johnson', username='alice.j', password='UGFzc3cwcmQxIQ==', id_proba=s1})
30 Mar 2025 16:56:14,341 TRACE ro.mpp2024.repository.RezultatRepository 145 listaParticipantiPuncteAlfabetic - Enter listaParticipantiPuncteAlfabetic
30 Mar 2025 16:56:14,341 TRACE ro.mpp2024.utils.JdbcUtils 48 getConnection - Enter
30 Mar 2025 16:56:14,341 TRACE ro.mpp2024.utils.JdbcUtils 57 getConnection - Exit with(org.sqlite.jdbc4.JDBC4Connection@379be7a0)
30 Mar 2025 16:56:14,342 TRACE ro.mpp2024.repository.RezultatRepository 163 listaParticipantiPuncteAlfabetic - Enter Terminat dictionar
30 Mar 2025 16:56:14,342 TRACE ro.mpp2024.repository.RezultatRepository 169 listaParticiapntPuncteProbaDescrescator - Enter listaParticiapntPuncteProbaDescrescator
30 Mar 2025 16:56:14,342 TRACE ro.mpp2024.utils.JdbcUtils 48 getConnection - Enter
30 Mar 2025 16:56:14,342 TRACE ro.mpp2024.utils.JdbcUtils 57 getConnection - Exit with(org.sqlite.jdbc4.JDBC4Connection@379be7a0)
30 Mar 2025 16:56:14,343 TRACE ro.mpp2024.repository.RezultatRepository 187 listaParticiapntPuncteProbaDescrescator - Enter Terminat dictionar
30 Mar 2025 16:56:14,345 TRACE ro.mpp2024.repository.ParticipantRepository 43 findAll - Enter
30 Mar 2025 16:56:14,345 TRACE ro.mpp2024.utils.JdbcUtils 48 getConnection - Enter
30 Mar 2025 16:56:14,345 TRACE ro.mpp2024.utils.JdbcUtils 57 getConnection - Exit with(org.sqlite.jdbc4.JDBC4Connection@379be7a0)
30 Mar 2025 16:56:14,346 TRACE ro.mpp2024.repository.ParticipantRepository 31 createEntityFromResultSet - Enter createEntityFromResultSet
30 Mar 2025 16:56:14,346 TRACE ro.mpp2024.repository.ParticipantRepository 37 createEntityFromResultSet - Exit with(Popescu Ion)
30 Mar 2025 16:56:14,346 TRACE ro.mpp2024.repository.ParticipantRepository 31 createEntityFromResultSet - Enter createEntityFromResultSet
30 Mar 2025 16:56:14,346 TRACE ro.mpp2024.repository.ParticipantRepository 37 createEntityFromResultSet - Exit with(Ionescu Maria)
30 Mar 2025 16:56:14,346 TRACE ro.mpp2024.repository.ParticipantRepository 31 createEntityFromResultSet - Enter createEntityFromResultSet
30 Mar 2025 16:56:14,346 TRACE ro.mpp2024.repository.ParticipantRepository 37 createEntityFromResultSet - Exit with(Georgescu Andrei)
30 Mar 2025 16:56:14,346 TRACE ro.mpp2024.repository.ParticipantRepository 31 createEntityFromResultSet - Enter createEntityFromResultSet
30 Mar 2025 16:56:14,347 TRACE ro.mpp2024.repository.ParticipantRepository 37 createEntityFromResultSet - Exit with(Dumitrescu Elena)
30 Mar 2025 16:56:14,347 TRACE ro.mpp2024.repository.ParticipantRepository 31 createEntityFromResultSet - Enter createEntityFromResultSet
30 Mar 2025 16:56:14,347 TRACE ro.mpp2024.repository.ParticipantRepository 37 createEntityFromResultSet - Exit with(Popa Mihai)
30 Mar 2025 16:56:14,347 TRACE ro.mpp2024.repository.ParticipantRepository 31 createEntityFromResultSet - Enter createEntityFromResultSet
30 Mar 2025 16:56:14,347 TRACE ro.mpp2024.repository.ParticipantRepository 37 createEntityFromResultSet - Exit with(Stan Ioana)
30 Mar 2025 16:56:14,347 TRACE ro.mpp2024.repository.ParticipantRepository 31 createEntityFromResultSet - Enter createEntityFromResultSet
30 Mar 2025 16:56:14,347 TRACE ro.mpp2024.repository.ParticipantRepository 37 createEntityFromResultSet - Exit with(Radu Cristian)
30 Mar 2025 16:56:14,347 TRACE ro.mpp2024.repository.ParticipantRepository 31 createEntityFromResultSet - Enter createEntityFromResultSet
30 Mar 2025 16:56:14,347 TRACE ro.mpp2024.repository.ParticipantRepository 37 createEntityFromResultSet - Exit with(Marin Ana)
30 Mar 2025 16:56:14,347 TRACE ro.mpp2024.repository.ParticipantRepository 31 createEntityFromResultSet - Enter createEntityFromResultSet
30 Mar 2025 16:56:14,348 TRACE ro.mpp2024.repository.ParticipantRepository 37 createEntityFromResultSet - Exit with(Tudor Alexandru)
30 Mar 2025 16:56:14,348 TRACE ro.mpp2024.repository.ParticipantRepository 31 createEntityFromResultSet - Enter createEntityFromResultSet
30 Mar 2025 16:56:14,348 TRACE ro.mpp2024.repository.ParticipantRepository 37 createEntityFromResultSet - Exit with(Petrescu Gabriel)
30 Mar 2025 16:56:14,348 TRACE ro.mpp2024.repository.ParticipantRepository 31 createEntityFromResultSet - Enter createEntityFromResultSet
30 Mar 2025 16:56:14,348 TRACE ro.mpp2024.repository.ParticipantRepository 37 createEntityFromResultSet - Exit with(Iliescu Daniela)
30 Mar 2025 16:56:14,348 TRACE ro.mpp2024.repository.ParticipantRepository 31 createEntityFromResultSet - Enter createEntityFromResultSet
30 Mar 2025 16:56:14,348 TRACE ro.mpp2024.repository.ParticipantRepository 37 createEntityFromResultSet - Exit with(Vasilescu Florin)
30 Mar 2025 16:56:14,348 TRACE ro.mpp2024.repository.ParticipantRepository 31 createEntityFromResultSet - Enter createEntityFromResultSet
30 Mar 2025 16:56:14,348 TRACE ro.mpp2024.repository.ParticipantRepository 37 createEntityFromResultSet - Exit with(Dobre Adriana)
30 Mar 2025 16:56:14,348 TRACE ro.mpp2024.repository.ParticipantRepository 31 createEntityFromResultSet - Enter createEntityFromResultSet
30 Mar 2025 16:56:14,349 TRACE ro.mpp2024.repository.ParticipantRepository 37 createEntityFromResultSet - Exit with(Munteanu Sorin)
30 Mar 2025 16:56:14,349 TRACE ro.mpp2024.repository.ParticipantRepository 31 createEntityFromResultSet - Enter createEntityFromResultSet
30 Mar 2025 16:56:14,349 TRACE ro.mpp2024.repository.ParticipantRepository 37 createEntityFromResultSet - Exit with(Nistor Carmen)
30 Mar 2025 16:56:14,349 TRACE ro.mpp2024.repository.ParticipantRepository 31 createEntityFromResultSet - Enter createEntityFromResultSet
30 Mar 2025 16:56:14,349 TRACE ro.mpp2024.repository.ParticipantRepository 37 createEntityFromResultSet - Exit with(Lazar Roxana)
30 Mar 2025 16:56:14,349 TRACE ro.mpp2024.repository.ParticipantRepository 31 createEntityFromResultSet - Enter createEntityFromResultSet
30 Mar 2025 16:56:14,349 TRACE ro.mpp2024.repository.ParticipantRepository 37 createEntityFromResultSet - Exit with(Gheorghe Vlad)
30 Mar 2025 16:56:14,349 TRACE ro.mpp2024.repository.ParticipantRepository 31 createEntityFromResultSet - Enter createEntityFromResultSet
30 Mar 2025 16:56:14,349 TRACE ro.mpp2024.repository.ParticipantRepository 37 createEntityFromResultSet - Exit with(Barbu Irina)
30 Mar 2025 16:56:14,349 TRACE ro.mpp2024.repository.ParticipantRepository 31 createEntityFromResultSet - Enter createEntityFromResultSet
30 Mar 2025 16:56:14,350 TRACE ro.mpp2024.repository.ParticipantRepository 37 createEntityFromResultSet - Exit with(Constantin Marius)
30 Mar 2025 16:56:14,350 TRACE ro.mpp2024.repository.ParticipantRepository 31 createEntityFromResultSet - Enter createEntityFromResultSet
30 Mar 2025 16:56:14,350 TRACE ro.mpp2024.repository.ParticipantRepository 37 createEntityFromResultSet - Exit with(Enache Laura)
30 Mar 2025 16:56:14,350 TRACE ro.mpp2024.repository.ParticipantRepository 31 createEntityFromResultSet - Enter createEntityFromResultSet
30 Mar 2025 16:56:14,350 TRACE ro.mpp2024.repository.ParticipantRepository 37 createEntityFromResultSet - Exit with(Dragomir Adrian)
30 Mar 2025 16:56:14,350 TRACE ro.mpp2024.repository.ParticipantRepository 31 createEntityFromResultSet - Enter createEntityFromResultSet
30 Mar 2025 16:56:14,350 TRACE ro.mpp2024.repository.ParticipantRepository 37 createEntityFromResultSet - Exit with(Filip Bianca)
30 Mar 2025 16:56:14,350 TRACE ro.mpp2024.repository.ParticipantRepository 31 createEntityFromResultSet - Enter createEntityFromResultSet
30 Mar 2025 16:56:14,350 TRACE ro.mpp2024.repository.ParticipantRepository 37 createEntityFromResultSet - Exit with(Grigore Stefan)
30 Mar 2025 16:56:14,350 TRACE ro.mpp2024.repository.ParticipantRepository 31 createEntityFromResultSet - Enter createEntityFromResultSet
30 Mar 2025 16:56:14,351 TRACE ro.mpp2024.repository.ParticipantRepository 37 createEntityFromResultSet - Exit with(Hagi Diana)
30 Mar 2025 16:56:14,351 TRACE ro.mpp2024.repository.ParticipantRepository 31 createEntityFromResultSet - Enter createEntityFromResultSet
30 Mar 2025 16:56:14,351 TRACE ro.mpp2024.repository.ParticipantRepository 37 createEntityFromResultSet - Exit with(Iacob Radu)
30 Mar 2025 16:56:14,351 TRACE ro.mpp2024.repository.ParticipantRepository 31 createEntityFromResultSet - Enter createEntityFromResultSet
30 Mar 2025 16:56:14,351 TRACE ro.mpp2024.repository.ParticipantRepository 37 createEntityFromResultSet - Exit with(Jianu Oana)
30 Mar 2025 16:56:14,351 TRACE ro.mpp2024.repository.ParticipantRepository 31 createEntityFromResultSet - Enter createEntityFromResultSet
30 Mar 2025 16:56:14,351 TRACE ro.mpp2024.repository.ParticipantRepository 37 createEntityFromResultSet - Exit with(Kovacs Cristina)
30 Mar 2025 16:56:14,351 TRACE ro.mpp2024.repository.ParticipantRepository 31 createEntityFromResultSet - Enter createEntityFromResultSet
30 Mar 2025 16:56:14,351 TRACE ro.mpp2024.repository.ParticipantRepository 37 createEntityFromResultSet - Exit with(Lupu George)
30 Mar 2025 16:56:14,351 TRACE ro.mpp2024.repository.ParticipantRepository 31 createEntityFromResultSet - Enter createEntityFromResultSet
30 Mar 2025 16:56:14,351 TRACE ro.mpp2024.repository.ParticipantRepository 37 createEntityFromResultSet - Exit with(Manole Simona)
30 Mar 2025 16:56:14,352 TRACE ro.mpp2024.repository.ParticipantRepository 31 createEntityFromResultSet - Enter createEntityFromResultSet
30 Mar 2025 16:56:14,352 TRACE ro.mpp2024.repository.ParticipantRepository 37 createEntityFromResultSet - Exit with(Nedelcu Alexandra)
30 Mar 2025 16:56:14,352 TRACE ro.mpp2024.repository.ParticipantRepository 31 createEntityFromResultSet - Enter createEntityFromResultSet
30 Mar 2025 16:56:14,352 TRACE ro.mpp2024.repository.ParticipantRepository 37 createEntityFromResultSet - Exit with(Oprea Bogdan)
30 Mar 2025 16:56:14,352 TRACE ro.mpp2024.repository.ParticipantRepository 31 createEntityFromResultSet - Enter createEntityFromResultSet
30 Mar 2025 16:56:14,352 TRACE ro.mpp2024.repository.ParticipantRepository 37 createEntityFromResultSet - Exit with(Pavel Monica)
30 Mar 2025 16:56:14,352 TRACE ro.mpp2024.repository.ParticipantRepository 31 createEntityFromResultSet - Enter createEntityFromResultSet
30 Mar 2025 16:56:14,352 TRACE ro.mpp2024.repository.ParticipantRepository 37 createEntityFromResultSet - Exit with(Rusu Andreea)
30 Mar 2025 16:56:14,352 TRACE ro.mpp2024.repository.ParticipantRepository 31 createEntityFromResultSet - Enter createEntityFromResultSet
30 Mar 2025 16:56:14,352 TRACE ro.mpp2024.repository.ParticipantRepository 37 createEntityFromResultSet - Exit with(Sandu Victor)
30 Mar 2025 16:56:14,352 TRACE ro.mpp2024.repository.ParticipantRepository 31 createEntityFromResultSet - Enter createEntityFromResultSet
30 Mar 2025 16:56:14,353 TRACE ro.mpp2024.repository.ParticipantRepository 37 createEntityFromResultSet - Exit with(Toma Gabriela)
30 Mar 2025 16:56:14,353 TRACE ro.mpp2024.repository.ParticipantRepository 31 createEntityFromResultSet - Enter createEntityFromResultSet
30 Mar 2025 16:56:14,353 TRACE ro.mpp2024.repository.ParticipantRepository 37 createEntityFromResultSet - Exit with(Ursu Mihail)
30 Mar 2025 16:56:14,353 TRACE ro.mpp2024.repository.ParticipantRepository 31 createEntityFromResultSet - Enter createEntityFromResultSet
30 Mar 2025 16:56:14,353 TRACE ro.mpp2024.repository.ParticipantRepository 37 createEntityFromResultSet - Exit with(Vlad Anca)
30 Mar 2025 16:56:14,353 TRACE ro.mpp2024.repository.ParticipantRepository 31 createEntityFromResultSet - Enter createEntityFromResultSet
30 Mar 2025 16:56:14,353 TRACE ro.mpp2024.repository.ParticipantRepository 37 createEntityFromResultSet - Exit with(Zamfir Lucian)
30 Mar 2025 16:56:14,353 TRACE ro.mpp2024.repository.ParticipantRepository 31 createEntityFromResultSet - Enter createEntityFromResultSet
30 Mar 2025 16:56:14,353 TRACE ro.mpp2024.repository.ParticipantRepository 37 createEntityFromResultSet - Exit with(Voicu Raluca)
30 Mar 2025 16:56:14,353 TRACE ro.mpp2024.repository.ParticipantRepository 31 createEntityFromResultSet - Enter createEntityFromResultSet
30 Mar 2025 16:56:14,353 TRACE ro.mpp2024.repository.ParticipantRepository 37 createEntityFromResultSet - Exit with(nume prenume)
30 Mar 2025 16:56:14,354 TRACE ro.mpp2024.repository.ParticipantRepository 57 findAll - Exit with([Popescu Ion, Ionescu Maria, Georgescu Andrei, Dumitrescu Elena, Popa Mihai, Stan Ioana, Radu Cristian, Marin Ana, Tudor Alexandru, Petrescu Gabriel, Iliescu Daniela, Vasilescu Florin, Dobre Adriana, Munteanu Sorin, Nistor Carmen, Lazar Roxana, Gheorghe Vlad, Barbu Irina, Constantin Marius, Enache Laura, Dragomir Adrian, Filip Bianca, Grigore Stefan, Hagi Diana, Iacob Radu, Jianu Oana, Kovacs Cristina, Lupu George, Manole Simona, Nedelcu Alexandra, Oprea Bogdan, Pavel Monica, Rusu Andreea, Sandu Victor, Toma Gabriela, Ursu Mihail, Vlad Anca, Zamfir Lucian, Voicu Raluca, nume prenume])
30 Mar 2025 16:56:33,848 TRACE ro.mpp2024.services.RezultatService 30 addRezultat - Enter
30 Mar 2025 16:56:33,848 TRACE ro.mpp2024.repository.ParticipantRepository 63 findOne - Enter
30 Mar 2025 16:56:33,848 TRACE ro.mpp2024.utils.JdbcUtils 48 getConnection - Enter
30 Mar 2025 16:56:33,848 TRACE ro.mpp2024.utils.JdbcUtils 57 getConnection - Exit with(org.sqlite.jdbc4.JDBC4Connection@379be7a0)
30 Mar 2025 16:56:33,849 TRACE ro.mpp2024.repository.ParticipantRepository 31 createEntityFromResultSet - Enter createEntityFromResultSet
30 Mar 2025 16:56:33,849 TRACE ro.mpp2024.repository.ParticipantRepository 37 createEntityFromResultSet - Exit with(Constantin Marius)
30 Mar 2025 16:56:33,849 TRACE ro.mpp2024.repository.ParticipantRepository 77 findOne - Exit with(Constantin Marius)
30 Mar 2025 16:56:33,849 TRACE ro.mpp2024.repository.ProbaRepository 63 findOne - Enter findOne
30 Mar 2025 16:56:33,849 TRACE ro.mpp2024.utils.JdbcUtils 48 getConnection - Enter
30 Mar 2025 16:56:33,849 TRACE ro.mpp2024.utils.JdbcUtils 57 getConnection - Exit with(org.sqlite.jdbc4.JDBC4Connection@379be7a0)
30 Mar 2025 16:56:33,850 TRACE ro.mpp2024.repository.ProbaRepository 31 createEntityFromResultSet - Enter createEntityFromResultSet
30 Mar 2025 16:56:33,853 TRACE ro.mpp2024.repository.ProbaRepository 37 createEntityFromResultSet - Exit with(Proba{nume='Cursa 100 de m', arbitru=1, categorie=alergat})
30 Mar 2025 16:56:33,853 TRACE ro.mpp2024.repository.ProbaRepository 77 findOne - Exit with(Proba{nume='Cursa 100 de m', arbitru=1, categorie=alergat})
30 Mar 2025 16:56:33,854 TRACE ro.mpp2024.repository.RezultatRepository 117 save - Enter save
30 Mar 2025 16:56:33,854 TRACE ro.mpp2024.utils.JdbcUtils 48 getConnection - Enter
30 Mar 2025 16:56:33,854 TRACE ro.mpp2024.utils.JdbcUtils 57 getConnection - Exit with(org.sqlite.jdbc4.JDBC4Connection@379be7a0)
30 Mar 2025 16:56:33,864 TRACE ro.mpp2024.repository.RezultatRepository 128 save - Exit
30 Mar 2025 16:56:33,864 TRACE ro.mpp2024.services.RezultatService 34 addRezultat - Exit
30 Mar 2025 16:56:33,865 TRACE ro.mpp2024.repository.RezultatRepository 145 listaParticipantiPuncteAlfabetic - Enter listaParticipantiPuncteAlfabetic
30 Mar 2025 16:56:33,865 TRACE ro.mpp2024.utils.JdbcUtils 48 getConnection - Enter
30 Mar 2025 16:56:33,865 TRACE ro.mpp2024.utils.JdbcUtils 57 getConnection - Exit with(org.sqlite.jdbc4.JDBC4Connection@379be7a0)
30 Mar 2025 16:56:33,866 TRACE ro.mpp2024.repository.RezultatRepository 163 listaParticipantiPuncteAlfabetic - Enter Terminat dictionar
30 Mar 2025 16:56:33,866 TRACE ro.mpp2024.repository.RezultatRepository 169 listaParticiapntPuncteProbaDescrescator - Enter listaParticiapntPuncteProbaDescrescator
30 Mar 2025 16:56:33,866 TRACE ro.mpp2024.utils.JdbcUtils 48 getConnection - Enter
30 Mar 2025 16:56:33,866 TRACE ro.mpp2024.utils.JdbcUtils 57 getConnection - Exit with(org.sqlite.jdbc4.JDBC4Connection@379be7a0)
30 Mar 2025 16:56:33,866 TRACE ro.mpp2024.repository.RezultatRepository 187 listaParticiapntPuncteProbaDescrescator - Enter Terminat dictionar
30 Mar 2025 16:56:33,867 TRACE ro.mpp2024.repository.ParticipantRepository 43 findAll - Enter
30 Mar 2025 16:56:33,867 TRACE ro.mpp2024.utils.JdbcUtils 48 getConnection - Enter
30 Mar 2025 16:56:33,867 TRACE ro.mpp2024.utils.JdbcUtils 57 getConnection - Exit with(org.sqlite.jdbc4.JDBC4Connection@379be7a0)
30 Mar 2025 16:56:33,867 TRACE ro.mpp2024.repository.ParticipantRepository 31 createEntityFromResultSet - Enter createEntityFromResultSet
30 Mar 2025 16:56:33,868 TRACE ro.mpp2024.repository.ParticipantRepository 37 createEntityFromResultSet - Exit with(Popescu Ion)
30 Mar 2025 16:56:33,868 TRACE ro.mpp2024.repository.ParticipantRepository 31 createEntityFromResultSet - Enter createEntityFromResultSet
30 Mar 2025 16:56:33,868 TRACE ro.mpp2024.repository.ParticipantRepository 37 createEntityFromResultSet - Exit with(Ionescu Maria)
30 Mar 2025 16:56:33,868 TRACE ro.mpp2024.repository.ParticipantRepository 31 createEntityFromResultSet - Enter createEntityFromResultSet
30 Mar 2025 16:56:33,868 TRACE ro.mpp2024.repository.ParticipantRepository 37 createEntityFromResultSet - Exit with(Georgescu Andrei)
30 Mar 2025 16:56:33,868 TRACE ro.mpp2024.repository.ParticipantRepository 31 createEntityFromResultSet - Enter createEntityFromResultSet
30 Mar 2025 16:56:33,868 TRACE ro.mpp2024.repository.ParticipantRepository 37 createEntityFromResultSet - Exit with(Dumitrescu Elena)
30 Mar 2025 16:56:33,868 TRACE ro.mpp2024.repository.ParticipantRepository 31 createEntityFromResultSet - Enter createEntityFromResultSet
30 Mar 2025 16:56:33,868 TRACE ro.mpp2024.repository.ParticipantRepository 37 createEntityFromResultSet - Exit with(Popa Mihai)
30 Mar 2025 16:56:33,868 TRACE ro.mpp2024.repository.ParticipantRepository 31 createEntityFromResultSet - Enter createEntityFromResultSet
30 Mar 2025 16:56:33,869 TRACE ro.mpp2024.repository.ParticipantRepository 37 createEntityFromResultSet - Exit with(Stan Ioana)
30 Mar 2025 16:56:33,869 TRACE ro.mpp2024.repository.ParticipantRepository 31 createEntityFromResultSet - Enter createEntityFromResultSet
30 Mar 2025 16:56:33,869 TRACE ro.mpp2024.repository.ParticipantRepository 37 createEntityFromResultSet - Exit with(Radu Cristian)
30 Mar 2025 16:56:33,869 TRACE ro.mpp2024.repository.ParticipantRepository 31 createEntityFromResultSet - Enter createEntityFromResultSet
30 Mar 2025 16:56:33,869 TRACE ro.mpp2024.repository.ParticipantRepository 37 createEntityFromResultSet - Exit with(Marin Ana)
30 Mar 2025 16:56:33,869 TRACE ro.mpp2024.repository.ParticipantRepository 31 createEntityFromResultSet - Enter createEntityFromResultSet
30 Mar 2025 16:56:33,869 TRACE ro.mpp2024.repository.ParticipantRepository 37 createEntityFromResultSet - Exit with(Tudor Alexandru)
30 Mar 2025 16:56:33,869 TRACE ro.mpp2024.repository.ParticipantRepository 31 createEntityFromResultSet - Enter createEntityFromResultSet
30 Mar 2025 16:56:33,869 TRACE ro.mpp2024.repository.ParticipantRepository 37 createEntityFromResultSet - Exit with(Petrescu Gabriel)
30 Mar 2025 16:56:33,869 TRACE ro.mpp2024.repository.ParticipantRepository 31 createEntityFromResultSet - Enter createEntityFromResultSet
30 Mar 2025 16:56:33,869 TRACE ro.mpp2024.repository.ParticipantRepository 37 createEntityFromResultSet - Exit with(Iliescu Daniela)
30 Mar 2025 16:56:33,870 TRACE ro.mpp2024.repository.ParticipantRepository 31 createEntityFromResultSet - Enter createEntityFromResultSet
30 Mar 2025 16:56:33,870 TRACE ro.mpp2024.repository.ParticipantRepository 37 createEntityFromResultSet - Exit with(Vasilescu Florin)
30 Mar 2025 16:56:33,870 TRACE ro.mpp2024.repository.ParticipantRepository 31 createEntityFromResultSet - Enter createEntityFromResultSet
30 Mar 2025 16:56:33,870 TRACE ro.mpp2024.repository.ParticipantRepository 37 createEntityFromResultSet - Exit with(Dobre Adriana)
30 Mar 2025 16:56:33,870 TRACE ro.mpp2024.repository.ParticipantRepository 31 createEntityFromResultSet - Enter createEntityFromResultSet
30 Mar 2025 16:56:33,870 TRACE ro.mpp2024.repository.ParticipantRepository 37 createEntityFromResultSet - Exit with(Munteanu Sorin)
30 Mar 2025 16:56:33,870 TRACE ro.mpp2024.repository.ParticipantRepository 31 createEntityFromResultSet - Enter createEntityFromResultSet
30 Mar 2025 16:56:33,870 TRACE ro.mpp2024.repository.ParticipantRepository 37 createEntityFromResultSet - Exit with(Nistor Carmen)
30 Mar 2025 16:56:33,870 TRACE ro.mpp2024.repository.ParticipantRepository 31 createEntityFromResultSet - Enter createEntityFromResultSet
30 Mar 2025 16:56:33,870 TRACE ro.mpp2024.repository.ParticipantRepository 37 createEntityFromResultSet - Exit with(Lazar Roxana)
30 Mar 2025 16:56:33,870 TRACE ro.mpp2024.repository.ParticipantRepository 31 createEntityFromResultSet - Enter createEntityFromResultSet
30 Mar 2025 16:56:33,870 TRACE ro.mpp2024.repository.ParticipantRepository 37 createEntityFromResultSet - Exit with(Gheorghe Vlad)
30 Mar 2025 16:56:33,871 TRACE ro.mpp2024.repository.ParticipantRepository 31 createEntityFromResultSet - Enter createEntityFromResultSet
30 Mar 2025 16:56:33,871 TRACE ro.mpp2024.repository.ParticipantRepository 37 createEntityFromResultSet - Exit with(Barbu Irina)
30 Mar 2025 16:56:33,871 TRACE ro.mpp2024.repository.ParticipantRepository 31 createEntityFromResultSet - Enter createEntityFromResultSet
30 Mar 2025 16:56:33,871 TRACE ro.mpp2024.repository.ParticipantRepository 37 createEntityFromResultSet - Exit with(Constantin Marius)
30 Mar 2025 16:56:33,871 TRACE ro.mpp2024.repository.ParticipantRepository 31 createEntityFromResultSet - Enter createEntityFromResultSet
30 Mar 2025 16:56:33,871 TRACE ro.mpp2024.repository.ParticipantRepository 37 createEntityFromResultSet - Exit with(Enache Laura)
30 Mar 2025 16:56:33,871 TRACE ro.mpp2024.repository.ParticipantRepository 31 createEntityFromResultSet - Enter createEntityFromResultSet
30 Mar 2025 16:56:33,871 TRACE ro.mpp2024.repository.ParticipantRepository 37 createEntityFromResultSet - Exit with(Dragomir Adrian)
30 Mar 2025 16:56:33,871 TRACE ro.mpp2024.repository.ParticipantRepository 31 createEntityFromResultSet - Enter createEntityFromResultSet
30 Mar 2025 16:56:33,871 TRACE ro.mpp2024.repository.ParticipantRepository 37 createEntityFromResultSet - Exit with(Filip Bianca)
30 Mar 2025 16:56:33,871 TRACE ro.mpp2024.repository.ParticipantRepository 31 createEntityFromResultSet - Enter createEntityFromResultSet
30 Mar 2025 16:56:33,872 TRACE ro.mpp2024.repository.ParticipantRepository 37 createEntityFromResultSet - Exit with(Grigore Stefan)
30 Mar 2025 16:56:33,872 TRACE ro.mpp2024.repository.ParticipantRepository 31 createEntityFromResultSet - Enter createEntityFromResultSet
30 Mar 2025 16:56:33,872 TRACE ro.mpp2024.repository.ParticipantRepository 37 createEntityFromResultSet - Exit with(Hagi Diana)
30 Mar 2025 16:56:33,872 TRACE ro.mpp2024.repository.ParticipantRepository 31 createEntityFromResultSet - Enter createEntityFromResultSet
30 Mar 2025 16:56:33,872 TRACE ro.mpp2024.repository.ParticipantRepository 37 createEntityFromResultSet - Exit with(Iacob Radu)
30 Mar 2025 16:56:33,872 TRACE ro.mpp2024.repository.ParticipantRepository 31 createEntityFromResultSet - Enter createEntityFromResultSet
30 Mar 2025 16:56:33,872 TRACE ro.mpp2024.repository.ParticipantRepository 37 createEntityFromResultSet - Exit with(Jianu Oana)
30 Mar 2025 16:56:33,872 TRACE ro.mpp2024.repository.ParticipantRepository 31 createEntityFromResultSet - Enter createEntityFromResultSet
30 Mar 2025 16:56:33,872 TRACE ro.mpp2024.repository.ParticipantRepository 37 createEntityFromResultSet - Exit with(Kovacs Cristina)
30 Mar 2025 16:56:33,872 TRACE ro.mpp2024.repository.ParticipantRepository 31 createEntityFromResultSet - Enter createEntityFromResultSet
30 Mar 2025 16:56:33,873 TRACE ro.mpp2024.repository.ParticipantRepository 37 createEntityFromResultSet - Exit with(Lupu George)
30 Mar 2025 16:56:33,873 TRACE ro.mpp2024.repository.ParticipantRepository 31 createEntityFromResultSet - Enter createEntityFromResultSet
30 Mar 2025 16:56:33,873 TRACE ro.mpp2024.repository.ParticipantRepository 37 createEntityFromResultSet - Exit with(Manole Simona)
30 Mar 2025 16:56:33,873 TRACE ro.mpp2024.repository.ParticipantRepository 31 createEntityFromResultSet - Enter createEntityFromResultSet
30 Mar 2025 16:56:33,873 TRACE ro.mpp2024.repository.ParticipantRepository 37 createEntityFromResultSet - Exit with(Nedelcu Alexandra)
30 Mar 2025 16:56:33,873 TRACE ro.mpp2024.repository.ParticipantRepository 31 createEntityFromResultSet - Enter createEntityFromResultSet
30 Mar 2025 16:56:33,873 TRACE ro.mpp2024.repository.ParticipantRepository 37 createEntityFromResultSet - Exit with(Oprea Bogdan)
30 Mar 2025 16:56:33,873 TRACE ro.mpp2024.repository.ParticipantRepository 31 createEntityFromResultSet - Enter createEntityFromResultSet
30 Mar 2025 16:56:33,873 TRACE ro.mpp2024.repository.ParticipantRepository 37 createEntityFromResultSet - Exit with(Pavel Monica)
30 Mar 2025 16:56:33,874 TRACE ro.mpp2024.repository.ParticipantRepository 31 createEntityFromResultSet - Enter createEntityFromResultSet
30 Mar 2025 16:56:33,874 TRACE ro.mpp2024.repository.ParticipantRepository 37 createEntityFromResultSet - Exit with(Rusu Andreea)
30 Mar 2025 16:56:33,874 TRACE ro.mpp2024.repository.ParticipantRepository 31 createEntityFromResultSet - Enter createEntityFromResultSet
30 Mar 2025 16:56:33,874 TRACE ro.mpp2024.repository.ParticipantRepository 37 createEntityFromResultSet - Exit with(Sandu Victor)
30 Mar 2025 16:56:33,874 TRACE ro.mpp2024.repository.ParticipantRepository 31 createEntityFromResultSet - Enter createEntityFromResultSet
30 Mar 2025 16:56:33,874 TRACE ro.mpp2024.repository.ParticipantRepository 37 createEntityFromResultSet - Exit with(Toma Gabriela)
30 Mar 2025 16:56:33,874 TRACE ro.mpp2024.repository.ParticipantRepository 31 createEntityFromResultSet - Enter createEntityFromResultSet
30 Mar 2025 16:56:33,874 TRACE ro.mpp2024.repository.ParticipantRepository 37 createEntityFromResultSet - Exit with(Ursu Mihail)
30 Mar 2025 16:56:33,874 TRACE ro.mpp2024.repository.ParticipantRepository 31 createEntityFromResultSet - Enter createEntityFromResultSet
30 Mar 2025 16:56:33,875 TRACE ro.mpp2024.repository.ParticipantRepository 37 createEntityFromResultSet - Exit with(Vlad Anca)
30 Mar 2025 16:56:33,875 TRACE ro.mpp2024.repository.ParticipantRepository 31 createEntityFromResultSet - Enter createEntityFromResultSet
30 Mar 2025 16:56:33,875 TRACE ro.mpp2024.repository.ParticipantRepository 37 createEntityFromResultSet - Exit with(Zamfir Lucian)
30 Mar 2025 16:56:33,875 TRACE ro.mpp2024.repository.ParticipantRepository 31 createEntityFromResultSet - Enter createEntityFromResultSet
30 Mar 2025 16:56:33,875 TRACE ro.mpp2024.repository.ParticipantRepository 37 createEntityFromResultSet - Exit with(Voicu Raluca)
30 Mar 2025 16:56:33,875 TRACE ro.mpp2024.repository.ParticipantRepository 31 createEntityFromResultSet - Enter createEntityFromResultSet
30 Mar 2025 16:56:33,875 TRACE ro.mpp2024.repository.ParticipantRepository 37 createEntityFromResultSet - Exit with(nume prenume)
30 Mar 2025 16:56:33,875 TRACE ro.mpp2024.repository.ParticipantRepository 57 findAll - Exit with([Popescu Ion, Ionescu Maria, Georgescu Andrei, Dumitrescu Elena, Popa Mihai, Stan Ioana, Radu Cristian, Marin Ana, Tudor Alexandru, Petrescu Gabriel, Iliescu Daniela, Vasilescu Florin, Dobre Adriana, Munteanu Sorin, Nistor Carmen, Lazar Roxana, Gheorghe Vlad, Barbu Irina, Constantin Marius, Enache Laura, Dragomir Adrian, Filip Bianca, Grigore Stefan, Hagi Diana, Iacob Radu, Jianu Oana, Kovacs Cristina, Lupu George, Manole Simona, Nedelcu Alexandra, Oprea Bogdan, Pavel Monica, Rusu Andreea, Sandu Victor, Toma Gabriela, Ursu Mihail, Vlad Anca, Zamfir Lucian, Voicu Raluca, nume prenume])
30 Mar 2025 16:57:08,934 INFO  ro.mpp2024.repository.ArbitruRepository 26 <init> - Initializing IArbitruRepository with properties: {} 
30 Mar 2025 16:57:08,937 INFO  ro.mpp2024.repository.ProbaRepository 25 <init> - Initializing ProbaRepository with properties: {} 
30 Mar 2025 16:57:08,938 INFO  ro.mpp2024.repository.ParticipantRepository 25 <init> - Initializing ParticipantRepository with properties: {} 
30 Mar 2025 16:57:08,939 INFO  ro.mpp2024.repository.RezultatRepository 26 <init> - Initializing RezultatRepository with properties: {} 
30 Mar 2025 16:57:08,940 INFO  ro.mpp2024.services.ArbitruService 16 <init> - Initializing ArbitruService
30 Mar 2025 16:57:08,941 TRACE ro.mpp2024.repository.ArbitruRepository 45 findAll - Enter findAll
30 Mar 2025 16:57:08,942 TRACE ro.mpp2024.utils.JdbcUtils 48 getConnection - Enter
30 Mar 2025 16:57:08,942 TRACE ro.mpp2024.utils.JdbcUtils 25 getNewConnection - Enter
30 Mar 2025 16:57:08,942 INFO  ro.mpp2024.utils.JdbcUtils 30 getNewConnection - trying to connect to database ... jdbc:sqlite:src/main/resources/triatlon.db
30 Mar 2025 16:57:08,942 INFO  ro.mpp2024.utils.JdbcUtils 31 getNewConnection - user: null
30 Mar 2025 16:57:08,943 INFO  ro.mpp2024.utils.JdbcUtils 32 getNewConnection - pass: null
30 Mar 2025 16:57:09,030 TRACE ro.mpp2024.utils.JdbcUtils 57 getConnection - Exit with(org.sqlite.jdbc4.JDBC4Connection@379be7a0)
30 Mar 2025 16:57:09,032 TRACE ro.mpp2024.repository.ArbitruRepository 32 createEntityFromResultSet - Enter createEntityFromResultSet
30 Mar 2025 16:57:09,036 TRACE ro.mpp2024.repository.ArbitruRepository 39 createEntityFromResultSet - Exit with(Arbitru{nume='Alice Johnson', username='alice.j', password='UGFzc3cwcmQxIQ==', id_proba=s1})
30 Mar 2025 16:57:09,036 TRACE ro.mpp2024.repository.ArbitruRepository 32 createEntityFromResultSet - Enter createEntityFromResultSet
30 Mar 2025 16:57:09,036 TRACE ro.mpp2024.repository.ArbitruRepository 39 createEntityFromResultSet - Exit with(Arbitru{nume='Bob Smith', username='bob.smith', password='U2VjdXJlUEBzczI=', id_proba=c1})
30 Mar 2025 16:57:09,036 TRACE ro.mpp2024.repository.ArbitruRepository 32 createEntityFromResultSet - Enter createEntityFromResultSet
30 Mar 2025 16:57:09,037 TRACE ro.mpp2024.repository.ArbitruRepository 39 createEntityFromResultSet - Exit with(Arbitru{nume='Charlie Brown', username='charlie.b', password='TXlQQHNzdzNyZA==', id_proba=i1})
30 Mar 2025 16:57:09,037 TRACE ro.mpp2024.repository.ArbitruRepository 32 createEntityFromResultSet - Enter createEntityFromResultSet
30 Mar 2025 16:57:09,037 TRACE ro.mpp2024.repository.ArbitruRepository 39 createEntityFromResultSet - Exit with(Arbitru{nume='David Wilson', username='david.w', password='UEBzc3cwcmQ0VQ==', id_proba=s2})
30 Mar 2025 16:57:09,037 TRACE ro.mpp2024.repository.ArbitruRepository 32 createEntityFromResultSet - Enter createEntityFromResultSet
30 Mar 2025 16:57:09,037 TRACE ro.mpp2024.repository.ArbitruRepository 39 createEntityFromResultSet - Exit with(Arbitru{nume='Emma Davis', username='emma.d', password='UEBzc3dvcmQjNQ==', id_proba=c2})
30 Mar 2025 16:57:09,037 TRACE ro.mpp2024.repository.ArbitruRepository 32 createEntityFromResultSet - Enter createEntityFromResultSet
30 Mar 2025 16:57:09,038 TRACE ro.mpp2024.repository.ArbitruRepository 39 createEntityFromResultSet - Exit with(Arbitru{nume='Fiona Clark', username='fiona.c', password='U2VjcjN0UEBzczY=', id_proba=i2})
30 Mar 2025 16:57:09,038 TRACE ro.mpp2024.repository.ArbitruRepository 32 createEntityFromResultSet - Enter createEntityFromResultSet
30 Mar 2025 16:57:09,038 TRACE ro.mpp2024.repository.ArbitruRepository 39 createEntityFromResultSet - Exit with(Arbitru{nume='George Hall', username='george.h', password='UEBzc3cwcmQ3IQ==', id_proba=s3})
30 Mar 2025 16:57:09,038 TRACE ro.mpp2024.repository.ArbitruRepository 32 createEntityFromResultSet - Enter createEntityFromResultSet
30 Mar 2025 16:57:09,038 TRACE ro.mpp2024.repository.ArbitruRepository 39 createEntityFromResultSet - Exit with(Arbitru{nume='Hannah Lewis', username='hannah.l', password='TXlwQHNzdzhyZA==', id_proba=c3})
30 Mar 2025 16:57:09,038 TRACE ro.mpp2024.repository.ArbitruRepository 32 createEntityFromResultSet - Enter createEntityFromResultSet
30 Mar 2025 16:57:09,038 TRACE ro.mpp2024.repository.ArbitruRepository 39 createEntityFromResultSet - Exit with(Arbitru{nume='Ian Walker', username='ian.w', password='UEBzc3cwcmQ5Iw==', id_proba=i3})
30 Mar 2025 16:57:09,039 TRACE ro.mpp2024.repository.ArbitruRepository 32 createEntityFromResultSet - Enter createEntityFromResultSet
30 Mar 2025 16:57:09,039 TRACE ro.mpp2024.repository.ArbitruRepository 39 createEntityFromResultSet - Exit with(Arbitru{nume='Jack Martinez', username='jack.m', password='UEBzc3cwcmQxMA==', id_proba=s4})
30 Mar 2025 16:57:09,039 TRACE ro.mpp2024.repository.ArbitruRepository 32 createEntityFromResultSet - Enter createEntityFromResultSet
30 Mar 2025 16:57:09,039 TRACE ro.mpp2024.repository.ArbitruRepository 39 createEntityFromResultSet - Exit with(Arbitru{nume='Kara Young', username='kara.y', password='UEBzc3dvcmQxMSE=', id_proba=c4})
30 Mar 2025 16:57:09,039 TRACE ro.mpp2024.repository.ArbitruRepository 32 createEntityFromResultSet - Enter createEntityFromResultSet
30 Mar 2025 16:57:09,039 TRACE ro.mpp2024.repository.ArbitruRepository 39 createEntityFromResultSet - Exit with(Arbitru{nume='Liam King', username='liam.k', password='U2VjdXIzUEBzczEy', id_proba=i4})
30 Mar 2025 16:57:09,039 TRACE ro.mpp2024.repository.ArbitruRepository 32 createEntityFromResultSet - Enter createEntityFromResultSet
30 Mar 2025 16:57:09,039 TRACE ro.mpp2024.repository.ArbitruRepository 39 createEntityFromResultSet - Exit with(Arbitru{nume='Mia Scott', username='mia.s', password='UEBzc3dvcmQxMyM=', id_proba=s5})
30 Mar 2025 16:57:09,040 TRACE ro.mpp2024.repository.ArbitruRepository 32 createEntityFromResultSet - Enter createEntityFromResultSet
30 Mar 2025 16:57:09,040 TRACE ro.mpp2024.repository.ArbitruRepository 39 createEntityFromResultSet - Exit with(Arbitru{nume='Noah Green', username='noah.g', password='TXlQQHNzdzE0cmQ=', id_proba=c5})
30 Mar 2025 16:57:09,040 TRACE ro.mpp2024.repository.ArbitruRepository 32 createEntityFromResultSet - Enter createEntityFromResultSet
30 Mar 2025 16:57:09,040 TRACE ro.mpp2024.repository.ArbitruRepository 39 createEntityFromResultSet - Exit with(Arbitru{nume='Olivia Adams', username='olivia.a', password='UEBzc3dvcmQxNSE=', id_proba=i5})
30 Mar 2025 16:57:09,040 TRACE ro.mpp2024.repository.ArbitruRepository 32 createEntityFromResultSet - Enter createEntityFromResultSet
30 Mar 2025 16:57:09,040 TRACE ro.mpp2024.repository.ArbitruRepository 39 createEntityFromResultSet - Exit with(Arbitru{nume='Paul Baker', username='paul.b', password='U2VjdXJpN3lQQHNzMTY=', id_proba=s6})
30 Mar 2025 16:57:09,040 TRACE ro.mpp2024.repository.ArbitruRepository 32 createEntityFromResultSet - Enter createEntityFromResultSet
30 Mar 2025 16:57:09,040 TRACE ro.mpp2024.repository.ArbitruRepository 39 createEntityFromResultSet - Exit with(Arbitru{nume='Quinn Harris', username='quinn.h', password='UEBzc3dvcmQxNyM=', id_proba=c6})
30 Mar 2025 16:57:09,041 TRACE ro.mpp2024.repository.ArbitruRepository 32 createEntityFromResultSet - Enter createEntityFromResultSet
30 Mar 2025 16:57:09,041 TRACE ro.mpp2024.repository.ArbitruRepository 39 createEntityFromResultSet - Exit with(Arbitru{nume='Rachel Nelson', username='rachel.n', password='UEBzc3cwcmQxOCE=', id_proba=i6})
30 Mar 2025 16:57:09,041 TRACE ro.mpp2024.repository.ArbitruRepository 32 createEntityFromResultSet - Enter createEntityFromResultSet
30 Mar 2025 16:57:09,041 TRACE ro.mpp2024.repository.ArbitruRepository 39 createEntityFromResultSet - Exit with(Arbitru{nume='Sam Perez', username='sam.p', password='TXlQQHNzdzE5cmQ=', id_proba=c8})
30 Mar 2025 16:57:09,041 TRACE ro.mpp2024.repository.ArbitruRepository 61 findAll - Exit
30 Mar 2025 16:57:09,043 INFO  ro.mpp2024.services.ArbitruService 18 lambda$new$0 - VUdGemMzY3djbVF4SVE9PQ==
30 Mar 2025 16:57:09,043 INFO  ro.mpp2024.services.ArbitruService 18 lambda$new$0 - VTJWamRYSmxVRUJ6Y3pJPQ==
30 Mar 2025 16:57:09,043 INFO  ro.mpp2024.services.ArbitruService 18 lambda$new$0 - VFhsUVFITnpkek55WkE9PQ==
30 Mar 2025 16:57:09,043 INFO  ro.mpp2024.services.ArbitruService 18 lambda$new$0 - VUVCemMzY3djbVEwVlE9PQ==
30 Mar 2025 16:57:09,043 INFO  ro.mpp2024.services.ArbitruService 18 lambda$new$0 - VUVCemMzZHZjbVFqTlE9PQ==
30 Mar 2025 16:57:09,043 INFO  ro.mpp2024.services.ArbitruService 18 lambda$new$0 - VTJWamNqTjBVRUJ6Y3pZPQ==
30 Mar 2025 16:57:09,043 INFO  ro.mpp2024.services.ArbitruService 18 lambda$new$0 - VUVCemMzY3djbVEzSVE9PQ==
30 Mar 2025 16:57:09,043 INFO  ro.mpp2024.services.ArbitruService 18 lambda$new$0 - VFhsd1FITnpkemh5WkE9PQ==
30 Mar 2025 16:57:09,044 INFO  ro.mpp2024.services.ArbitruService 18 lambda$new$0 - VUVCemMzY3djbVE1SXc9PQ==
30 Mar 2025 16:57:09,044 INFO  ro.mpp2024.services.ArbitruService 18 lambda$new$0 - VUVCemMzY3djbVF4TUE9PQ==
30 Mar 2025 16:57:09,044 INFO  ro.mpp2024.services.ArbitruService 18 lambda$new$0 - VUVCemMzZHZjbVF4TVNFPQ==
30 Mar 2025 16:57:09,044 INFO  ro.mpp2024.services.ArbitruService 18 lambda$new$0 - VTJWamRYSXpVRUJ6Y3pFeQ==
30 Mar 2025 16:57:09,044 INFO  ro.mpp2024.services.ArbitruService 18 lambda$new$0 - VUVCemMzZHZjbVF4TXlNPQ==
30 Mar 2025 16:57:09,044 INFO  ro.mpp2024.services.ArbitruService 18 lambda$new$0 - VFhsUVFITnpkekUwY21RPQ==
30 Mar 2025 16:57:09,044 INFO  ro.mpp2024.services.ArbitruService 18 lambda$new$0 - VUVCemMzZHZjbVF4TlNFPQ==
30 Mar 2025 16:57:09,044 INFO  ro.mpp2024.services.ArbitruService 18 lambda$new$0 - VTJWamRYSnBOM2xRUUhOek1UWT0=
30 Mar 2025 16:57:09,044 INFO  ro.mpp2024.services.ArbitruService 18 lambda$new$0 - VUVCemMzZHZjbVF4TnlNPQ==
30 Mar 2025 16:57:09,044 INFO  ro.mpp2024.services.ArbitruService 18 lambda$new$0 - VUVCemMzY3djbVF4T0NFPQ==
30 Mar 2025 16:57:09,045 INFO  ro.mpp2024.services.ArbitruService 18 lambda$new$0 - VFhsUVFITnpkekU1Y21RPQ==
30 Mar 2025 16:57:09,045 INFO  ro.mpp2024.services.RezultatService 26 <init> - Service Rezultat made
30 Mar 2025 16:57:09,045 TRACE ro.mpp2024.repository.RezultatRepository 169 listaParticiapntPuncteProbaDescrescator - Enter listaParticiapntPuncteProbaDescrescator
30 Mar 2025 16:57:09,046 TRACE ro.mpp2024.utils.JdbcUtils 48 getConnection - Enter
30 Mar 2025 16:57:09,046 TRACE ro.mpp2024.utils.JdbcUtils 57 getConnection - Exit with(org.sqlite.jdbc4.JDBC4Connection@379be7a0)
30 Mar 2025 16:57:09,047 TRACE ro.mpp2024.repository.RezultatRepository 187 listaParticiapntPuncteProbaDescrescator - Enter Terminat dictionar
30 Mar 2025 16:57:10,485 TRACE ro.mpp2024.utils.JdbcUtils 48 getConnection - Enter
30 Mar 2025 16:57:10,485 TRACE ro.mpp2024.utils.JdbcUtils 57 getConnection - Exit with(org.sqlite.jdbc4.JDBC4Connection@379be7a0)
30 Mar 2025 16:57:14,417 TRACE ro.mpp2024.utils.JdbcUtils 48 getConnection - Enter
30 Mar 2025 16:57:14,417 TRACE ro.mpp2024.utils.JdbcUtils 57 getConnection - Exit with(org.sqlite.jdbc4.JDBC4Connection@379be7a0)
30 Mar 2025 16:57:14,418 TRACE ro.mpp2024.repository.ArbitruRepository 32 createEntityFromResultSet - Enter createEntityFromResultSet
30 Mar 2025 16:57:14,418 TRACE ro.mpp2024.repository.ArbitruRepository 39 createEntityFromResultSet - Exit with(Arbitru{nume='Alice Johnson', username='alice.j', password='UGFzc3cwcmQxIQ==', id_proba=s1})
30 Mar 2025 16:57:14,449 TRACE ro.mpp2024.repository.RezultatRepository 145 listaParticipantiPuncteAlfabetic - Enter listaParticipantiPuncteAlfabetic
30 Mar 2025 16:57:14,449 TRACE ro.mpp2024.utils.JdbcUtils 48 getConnection - Enter
30 Mar 2025 16:57:14,449 TRACE ro.mpp2024.utils.JdbcUtils 57 getConnection - Exit with(org.sqlite.jdbc4.JDBC4Connection@379be7a0)
30 Mar 2025 16:57:14,450 TRACE ro.mpp2024.repository.RezultatRepository 163 listaParticipantiPuncteAlfabetic - Enter Terminat dictionar
30 Mar 2025 16:57:14,450 TRACE ro.mpp2024.repository.RezultatRepository 169 listaParticiapntPuncteProbaDescrescator - Enter listaParticiapntPuncteProbaDescrescator
30 Mar 2025 16:57:14,450 TRACE ro.mpp2024.utils.JdbcUtils 48 getConnection - Enter
30 Mar 2025 16:57:14,450 TRACE ro.mpp2024.utils.JdbcUtils 57 getConnection - Exit with(org.sqlite.jdbc4.JDBC4Connection@379be7a0)
30 Mar 2025 16:57:14,451 TRACE ro.mpp2024.repository.RezultatRepository 187 listaParticiapntPuncteProbaDescrescator - Enter Terminat dictionar
30 Mar 2025 16:57:14,453 TRACE ro.mpp2024.repository.ParticipantRepository 43 findAll - Enter
30 Mar 2025 16:57:14,453 TRACE ro.mpp2024.utils.JdbcUtils 48 getConnection - Enter
30 Mar 2025 16:57:14,453 TRACE ro.mpp2024.utils.JdbcUtils 57 getConnection - Exit with(org.sqlite.jdbc4.JDBC4Connection@379be7a0)
30 Mar 2025 16:57:14,453 TRACE ro.mpp2024.repository.ParticipantRepository 31 createEntityFromResultSet - Enter createEntityFromResultSet
30 Mar 2025 16:57:14,453 TRACE ro.mpp2024.repository.ParticipantRepository 37 createEntityFromResultSet - Exit with(Popescu Ion)
30 Mar 2025 16:57:14,454 TRACE ro.mpp2024.repository.ParticipantRepository 31 createEntityFromResultSet - Enter createEntityFromResultSet
30 Mar 2025 16:57:14,454 TRACE ro.mpp2024.repository.ParticipantRepository 37 createEntityFromResultSet - Exit with(Ionescu Maria)
30 Mar 2025 16:57:14,454 TRACE ro.mpp2024.repository.ParticipantRepository 31 createEntityFromResultSet - Enter createEntityFromResultSet
30 Mar 2025 16:57:14,454 TRACE ro.mpp2024.repository.ParticipantRepository 37 createEntityFromResultSet - Exit with(Georgescu Andrei)
30 Mar 2025 16:57:14,454 TRACE ro.mpp2024.repository.ParticipantRepository 31 createEntityFromResultSet - Enter createEntityFromResultSet
30 Mar 2025 16:57:14,454 TRACE ro.mpp2024.repository.ParticipantRepository 37 createEntityFromResultSet - Exit with(Dumitrescu Elena)
30 Mar 2025 16:57:14,454 TRACE ro.mpp2024.repository.ParticipantRepository 31 createEntityFromResultSet - Enter createEntityFromResultSet
30 Mar 2025 16:57:14,454 TRACE ro.mpp2024.repository.ParticipantRepository 37 createEntityFromResultSet - Exit with(Popa Mihai)
30 Mar 2025 16:57:14,454 TRACE ro.mpp2024.repository.ParticipantRepository 31 createEntityFromResultSet - Enter createEntityFromResultSet
30 Mar 2025 16:57:14,454 TRACE ro.mpp2024.repository.ParticipantRepository 37 createEntityFromResultSet - Exit with(Stan Ioana)
30 Mar 2025 16:57:14,455 TRACE ro.mpp2024.repository.ParticipantRepository 31 createEntityFromResultSet - Enter createEntityFromResultSet
30 Mar 2025 16:57:14,455 TRACE ro.mpp2024.repository.ParticipantRepository 37 createEntityFromResultSet - Exit with(Radu Cristian)
30 Mar 2025 16:57:14,455 TRACE ro.mpp2024.repository.ParticipantRepository 31 createEntityFromResultSet - Enter createEntityFromResultSet
30 Mar 2025 16:57:14,455 TRACE ro.mpp2024.repository.ParticipantRepository 37 createEntityFromResultSet - Exit with(Marin Ana)
30 Mar 2025 16:57:14,455 TRACE ro.mpp2024.repository.ParticipantRepository 31 createEntityFromResultSet - Enter createEntityFromResultSet
30 Mar 2025 16:57:14,455 TRACE ro.mpp2024.repository.ParticipantRepository 37 createEntityFromResultSet - Exit with(Tudor Alexandru)
30 Mar 2025 16:57:14,455 TRACE ro.mpp2024.repository.ParticipantRepository 31 createEntityFromResultSet - Enter createEntityFromResultSet
30 Mar 2025 16:57:14,455 TRACE ro.mpp2024.repository.ParticipantRepository 37 createEntityFromResultSet - Exit with(Petrescu Gabriel)
30 Mar 2025 16:57:14,455 TRACE ro.mpp2024.repository.ParticipantRepository 31 createEntityFromResultSet - Enter createEntityFromResultSet
30 Mar 2025 16:57:14,456 TRACE ro.mpp2024.repository.ParticipantRepository 37 createEntityFromResultSet - Exit with(Iliescu Daniela)
30 Mar 2025 16:57:14,456 TRACE ro.mpp2024.repository.ParticipantRepository 31 createEntityFromResultSet - Enter createEntityFromResultSet
30 Mar 2025 16:57:14,456 TRACE ro.mpp2024.repository.ParticipantRepository 37 createEntityFromResultSet - Exit with(Vasilescu Florin)
30 Mar 2025 16:57:14,456 TRACE ro.mpp2024.repository.ParticipantRepository 31 createEntityFromResultSet - Enter createEntityFromResultSet
30 Mar 2025 16:57:14,456 TRACE ro.mpp2024.repository.ParticipantRepository 37 createEntityFromResultSet - Exit with(Dobre Adriana)
30 Mar 2025 16:57:14,456 TRACE ro.mpp2024.repository.ParticipantRepository 31 createEntityFromResultSet - Enter createEntityFromResultSet
30 Mar 2025 16:57:14,456 TRACE ro.mpp2024.repository.ParticipantRepository 37 createEntityFromResultSet - Exit with(Munteanu Sorin)
30 Mar 2025 16:57:14,456 TRACE ro.mpp2024.repository.ParticipantRepository 31 createEntityFromResultSet - Enter createEntityFromResultSet
30 Mar 2025 16:57:14,456 TRACE ro.mpp2024.repository.ParticipantRepository 37 createEntityFromResultSet - Exit with(Nistor Carmen)
30 Mar 2025 16:57:14,456 TRACE ro.mpp2024.repository.ParticipantRepository 31 createEntityFromResultSet - Enter createEntityFromResultSet
30 Mar 2025 16:57:14,456 TRACE ro.mpp2024.repository.ParticipantRepository 37 createEntityFromResultSet - Exit with(Lazar Roxana)
30 Mar 2025 16:57:14,457 TRACE ro.mpp2024.repository.ParticipantRepository 31 createEntityFromResultSet - Enter createEntityFromResultSet
30 Mar 2025 16:57:14,457 TRACE ro.mpp2024.repository.ParticipantRepository 37 createEntityFromResultSet - Exit with(Gheorghe Vlad)
30 Mar 2025 16:57:14,457 TRACE ro.mpp2024.repository.ParticipantRepository 31 createEntityFromResultSet - Enter createEntityFromResultSet
30 Mar 2025 16:57:14,457 TRACE ro.mpp2024.repository.ParticipantRepository 37 createEntityFromResultSet - Exit with(Barbu Irina)
30 Mar 2025 16:57:14,457 TRACE ro.mpp2024.repository.ParticipantRepository 31 createEntityFromResultSet - Enter createEntityFromResultSet
30 Mar 2025 16:57:14,457 TRACE ro.mpp2024.repository.ParticipantRepository 37 createEntityFromResultSet - Exit with(Constantin Marius)
30 Mar 2025 16:57:14,457 TRACE ro.mpp2024.repository.ParticipantRepository 31 createEntityFromResultSet - Enter createEntityFromResultSet
30 Mar 2025 16:57:14,457 TRACE ro.mpp2024.repository.ParticipantRepository 37 createEntityFromResultSet - Exit with(Enache Laura)
30 Mar 2025 16:57:14,457 TRACE ro.mpp2024.repository.ParticipantRepository 31 createEntityFromResultSet - Enter createEntityFromResultSet
30 Mar 2025 16:57:14,457 TRACE ro.mpp2024.repository.ParticipantRepository 37 createEntityFromResultSet - Exit with(Dragomir Adrian)
30 Mar 2025 16:57:14,457 TRACE ro.mpp2024.repository.ParticipantRepository 31 createEntityFromResultSet - Enter createEntityFromResultSet
30 Mar 2025 16:57:14,458 TRACE ro.mpp2024.repository.ParticipantRepository 37 createEntityFromResultSet - Exit with(Filip Bianca)
30 Mar 2025 16:57:14,458 TRACE ro.mpp2024.repository.ParticipantRepository 31 createEntityFromResultSet - Enter createEntityFromResultSet
30 Mar 2025 16:57:14,458 TRACE ro.mpp2024.repository.ParticipantRepository 37 createEntityFromResultSet - Exit with(Grigore Stefan)
30 Mar 2025 16:57:14,458 TRACE ro.mpp2024.repository.ParticipantRepository 31 createEntityFromResultSet - Enter createEntityFromResultSet
30 Mar 2025 16:57:14,458 TRACE ro.mpp2024.repository.ParticipantRepository 37 createEntityFromResultSet - Exit with(Hagi Diana)
30 Mar 2025 16:57:14,458 TRACE ro.mpp2024.repository.ParticipantRepository 31 createEntityFromResultSet - Enter createEntityFromResultSet
30 Mar 2025 16:57:14,458 TRACE ro.mpp2024.repository.ParticipantRepository 37 createEntityFromResultSet - Exit with(Iacob Radu)
30 Mar 2025 16:57:14,458 TRACE ro.mpp2024.repository.ParticipantRepository 31 createEntityFromResultSet - Enter createEntityFromResultSet
30 Mar 2025 16:57:14,458 TRACE ro.mpp2024.repository.ParticipantRepository 37 createEntityFromResultSet - Exit with(Jianu Oana)
30 Mar 2025 16:57:14,458 TRACE ro.mpp2024.repository.ParticipantRepository 31 createEntityFromResultSet - Enter createEntityFromResultSet
30 Mar 2025 16:57:14,458 TRACE ro.mpp2024.repository.ParticipantRepository 37 createEntityFromResultSet - Exit with(Kovacs Cristina)
30 Mar 2025 16:57:14,459 TRACE ro.mpp2024.repository.ParticipantRepository 31 createEntityFromResultSet - Enter createEntityFromResultSet
30 Mar 2025 16:57:14,459 TRACE ro.mpp2024.repository.ParticipantRepository 37 createEntityFromResultSet - Exit with(Lupu George)
30 Mar 2025 16:57:14,459 TRACE ro.mpp2024.repository.ParticipantRepository 31 createEntityFromResultSet - Enter createEntityFromResultSet
30 Mar 2025 16:57:14,459 TRACE ro.mpp2024.repository.ParticipantRepository 37 createEntityFromResultSet - Exit with(Manole Simona)
30 Mar 2025 16:57:14,459 TRACE ro.mpp2024.repository.ParticipantRepository 31 createEntityFromResultSet - Enter createEntityFromResultSet
30 Mar 2025 16:57:14,459 TRACE ro.mpp2024.repository.ParticipantRepository 37 createEntityFromResultSet - Exit with(Nedelcu Alexandra)
30 Mar 2025 16:57:14,459 TRACE ro.mpp2024.repository.ParticipantRepository 31 createEntityFromResultSet - Enter createEntityFromResultSet
30 Mar 2025 16:57:14,459 TRACE ro.mpp2024.repository.ParticipantRepository 37 createEntityFromResultSet - Exit with(Oprea Bogdan)
30 Mar 2025 16:57:14,459 TRACE ro.mpp2024.repository.ParticipantRepository 31 createEntityFromResultSet - Enter createEntityFromResultSet
30 Mar 2025 16:57:14,459 TRACE ro.mpp2024.repository.ParticipantRepository 37 createEntityFromResultSet - Exit with(Pavel Monica)
30 Mar 2025 16:57:14,459 TRACE ro.mpp2024.repository.ParticipantRepository 31 createEntityFromResultSet - Enter createEntityFromResultSet
30 Mar 2025 16:57:14,460 TRACE ro.mpp2024.repository.ParticipantRepository 37 createEntityFromResultSet - Exit with(Rusu Andreea)
30 Mar 2025 16:57:14,460 TRACE ro.mpp2024.repository.ParticipantRepository 31 createEntityFromResultSet - Enter createEntityFromResultSet
30 Mar 2025 16:57:14,460 TRACE ro.mpp2024.repository.ParticipantRepository 37 createEntityFromResultSet - Exit with(Sandu Victor)
30 Mar 2025 16:57:14,460 TRACE ro.mpp2024.repository.ParticipantRepository 31 createEntityFromResultSet - Enter createEntityFromResultSet
30 Mar 2025 16:57:14,460 TRACE ro.mpp2024.repository.ParticipantRepository 37 createEntityFromResultSet - Exit with(Toma Gabriela)
30 Mar 2025 16:57:14,460 TRACE ro.mpp2024.repository.ParticipantRepository 31 createEntityFromResultSet - Enter createEntityFromResultSet
30 Mar 2025 16:57:14,460 TRACE ro.mpp2024.repository.ParticipantRepository 37 createEntityFromResultSet - Exit with(Ursu Mihail)
30 Mar 2025 16:57:14,460 TRACE ro.mpp2024.repository.ParticipantRepository 31 createEntityFromResultSet - Enter createEntityFromResultSet
30 Mar 2025 16:57:14,460 TRACE ro.mpp2024.repository.ParticipantRepository 37 createEntityFromResultSet - Exit with(Vlad Anca)
30 Mar 2025 16:57:14,460 TRACE ro.mpp2024.repository.ParticipantRepository 31 createEntityFromResultSet - Enter createEntityFromResultSet
30 Mar 2025 16:57:14,460 TRACE ro.mpp2024.repository.ParticipantRepository 37 createEntityFromResultSet - Exit with(Zamfir Lucian)
30 Mar 2025 16:57:14,461 TRACE ro.mpp2024.repository.ParticipantRepository 31 createEntityFromResultSet - Enter createEntityFromResultSet
30 Mar 2025 16:57:14,461 TRACE ro.mpp2024.repository.ParticipantRepository 37 createEntityFromResultSet - Exit with(Voicu Raluca)
30 Mar 2025 16:57:14,461 TRACE ro.mpp2024.repository.ParticipantRepository 31 createEntityFromResultSet - Enter createEntityFromResultSet
30 Mar 2025 16:57:14,461 TRACE ro.mpp2024.repository.ParticipantRepository 37 createEntityFromResultSet - Exit with(nume prenume)
30 Mar 2025 16:57:14,461 TRACE ro.mpp2024.repository.ParticipantRepository 57 findAll - Exit with([Popescu Ion, Ionescu Maria, Georgescu Andrei, Dumitrescu Elena, Popa Mihai, Stan Ioana, Radu Cristian, Marin Ana, Tudor Alexandru, Petrescu Gabriel, Iliescu Daniela, Vasilescu Florin, Dobre Adriana, Munteanu Sorin, Nistor Carmen, Lazar Roxana, Gheorghe Vlad, Barbu Irina, Constantin Marius, Enache Laura, Dragomir Adrian, Filip Bianca, Grigore Stefan, Hagi Diana, Iacob Radu, Jianu Oana, Kovacs Cristina, Lupu George, Manole Simona, Nedelcu Alexandra, Oprea Bogdan, Pavel Monica, Rusu Andreea, Sandu Victor, Toma Gabriela, Ursu Mihail, Vlad Anca, Zamfir Lucian, Voicu Raluca, nume prenume])
