06 Apr 2025 15:14:24,406 INFO  ro.mpp2024.StartJsonServer 24 main - Server properties: {server.port=55556, jdbc.url=jdbc:sqlite:src/main/resources/triatlon.db}
06 Apr 2025 15:14:24,412 INFO  ro.mpp2024.repository.ArbitruRepository 23 <init> - Initializing IArbitruRepository with properties: {} 
06 Apr 2025 15:14:24,413 INFO  ro.mpp2024.repository.ProbaRepository 25 <init> - Initializing ProbaRepository with properties: {} 
06 Apr 2025 15:14:24,414 INFO  ro.mpp2024.repository.ParticipantRepository 24 <init> - Initializing ParticipantRepository with properties: {} 
06 Apr 2025 15:14:24,415 INFO  ro.mpp2024.repository.RezultatRepository 25 <init> - Initializing RezultatRepository with properties: {} 
06 Apr 2025 15:14:24,417 INFO  ro.mpp2024.services.ServerService 32 <init> - Service Rezultat made
06 Apr 2025 15:14:24,418 TRACE ro.mpp2024.repository.ParticipantRepository 42 findAll - Enter
06 Apr 2025 15:14:24,418 TRACE ro.mpp2024.utils.JdbcUtils 48 getConnection - Enter
06 Apr 2025 15:14:24,418 TRACE ro.mpp2024.utils.JdbcUtils 25 getNewConnection - Enter
06 Apr 2025 15:14:24,419 INFO  ro.mpp2024.utils.JdbcUtils 30 getNewConnection - trying to connect to database ... jdbc:sqlite:src/main/resources/triatlon.db
06 Apr 2025 15:14:24,419 INFO  ro.mpp2024.utils.JdbcUtils 31 getNewConnection - user: null
06 Apr 2025 15:14:24,419 INFO  ro.mpp2024.utils.JdbcUtils 32 getNewConnection - pass: null
06 Apr 2025 15:14:24,519 TRACE ro.mpp2024.utils.JdbcUtils 57 getConnection - Exit with(org.sqlite.jdbc4.JDBC4Connection@7e5afaa6)
06 Apr 2025 15:14:24,522 TRACE ro.mpp2024.repository.ParticipantRepository 30 createEntityFromResultSet - Enter createEntityFromResultSet
06 Apr 2025 15:14:24,523 TRACE ro.mpp2024.repository.ParticipantRepository 36 createEntityFromResultSet - Exit with(Popescu Ion)
06 Apr 2025 15:14:24,523 TRACE ro.mpp2024.repository.ParticipantRepository 30 createEntityFromResultSet - Enter createEntityFromResultSet
06 Apr 2025 15:14:24,523 TRACE ro.mpp2024.repository.ParticipantRepository 36 createEntityFromResultSet - Exit with(Ionescu Maria)
06 Apr 2025 15:14:24,524 TRACE ro.mpp2024.repository.ParticipantRepository 30 createEntityFromResultSet - Enter createEntityFromResultSet
06 Apr 2025 15:14:24,524 TRACE ro.mpp2024.repository.ParticipantRepository 36 createEntityFromResultSet - Exit with(Georgescu Andrei)
06 Apr 2025 15:14:24,524 TRACE ro.mpp2024.repository.ParticipantRepository 30 createEntityFromResultSet - Enter createEntityFromResultSet
06 Apr 2025 15:14:24,524 TRACE ro.mpp2024.repository.ParticipantRepository 36 createEntityFromResultSet - Exit with(Dumitrescu Elena)
06 Apr 2025 15:14:24,524 TRACE ro.mpp2024.repository.ParticipantRepository 30 createEntityFromResultSet - Enter createEntityFromResultSet
06 Apr 2025 15:14:24,524 TRACE ro.mpp2024.repository.ParticipantRepository 36 createEntityFromResultSet - Exit with(Popa Mihai)
06 Apr 2025 15:14:24,524 TRACE ro.mpp2024.repository.ParticipantRepository 30 createEntityFromResultSet - Enter createEntityFromResultSet
06 Apr 2025 15:14:24,525 TRACE ro.mpp2024.repository.ParticipantRepository 36 createEntityFromResultSet - Exit with(Stan Ioana)
06 Apr 2025 15:14:24,525 TRACE ro.mpp2024.repository.ParticipantRepository 30 createEntityFromResultSet - Enter createEntityFromResultSet
06 Apr 2025 15:14:24,525 TRACE ro.mpp2024.repository.ParticipantRepository 36 createEntityFromResultSet - Exit with(Radu Cristian)
06 Apr 2025 15:14:24,525 TRACE ro.mpp2024.repository.ParticipantRepository 30 createEntityFromResultSet - Enter createEntityFromResultSet
06 Apr 2025 15:14:24,525 TRACE ro.mpp2024.repository.ParticipantRepository 36 createEntityFromResultSet - Exit with(Marin Ana)
06 Apr 2025 15:14:24,525 TRACE ro.mpp2024.repository.ParticipantRepository 30 createEntityFromResultSet - Enter createEntityFromResultSet
06 Apr 2025 15:14:24,525 TRACE ro.mpp2024.repository.ParticipantRepository 36 createEntityFromResultSet - Exit with(Tudor Alexandru)
06 Apr 2025 15:14:24,526 TRACE ro.mpp2024.repository.ParticipantRepository 30 createEntityFromResultSet - Enter createEntityFromResultSet
06 Apr 2025 15:14:24,526 TRACE ro.mpp2024.repository.ParticipantRepository 36 createEntityFromResultSet - Exit with(Petrescu Gabriel)
06 Apr 2025 15:14:24,526 TRACE ro.mpp2024.repository.ParticipantRepository 30 createEntityFromResultSet - Enter createEntityFromResultSet
06 Apr 2025 15:14:24,526 TRACE ro.mpp2024.repository.ParticipantRepository 36 createEntityFromResultSet - Exit with(Iliescu Daniela)
06 Apr 2025 15:14:24,526 TRACE ro.mpp2024.repository.ParticipantRepository 30 createEntityFromResultSet - Enter createEntityFromResultSet
06 Apr 2025 15:14:24,526 TRACE ro.mpp2024.repository.ParticipantRepository 36 createEntityFromResultSet - Exit with(Vasilescu Florin)
06 Apr 2025 15:14:24,526 TRACE ro.mpp2024.repository.ParticipantRepository 30 createEntityFromResultSet - Enter createEntityFromResultSet
06 Apr 2025 15:14:24,527 TRACE ro.mpp2024.repository.ParticipantRepository 36 createEntityFromResultSet - Exit with(Dobre Adriana)
06 Apr 2025 15:14:24,527 TRACE ro.mpp2024.repository.ParticipantRepository 30 createEntityFromResultSet - Enter createEntityFromResultSet
06 Apr 2025 15:14:24,527 TRACE ro.mpp2024.repository.ParticipantRepository 36 createEntityFromResultSet - Exit with(Munteanu Sorin)
06 Apr 2025 15:14:24,527 TRACE ro.mpp2024.repository.ParticipantRepository 30 createEntityFromResultSet - Enter createEntityFromResultSet
06 Apr 2025 15:14:24,527 TRACE ro.mpp2024.repository.ParticipantRepository 36 createEntityFromResultSet - Exit with(Nistor Carmen)
06 Apr 2025 15:14:24,527 TRACE ro.mpp2024.repository.ParticipantRepository 30 createEntityFromResultSet - Enter createEntityFromResultSet
06 Apr 2025 15:14:24,527 TRACE ro.mpp2024.repository.ParticipantRepository 36 createEntityFromResultSet - Exit with(Lazar Roxana)
06 Apr 2025 15:14:24,527 TRACE ro.mpp2024.repository.ParticipantRepository 30 createEntityFromResultSet - Enter createEntityFromResultSet
06 Apr 2025 15:14:24,528 TRACE ro.mpp2024.repository.ParticipantRepository 36 createEntityFromResultSet - Exit with(Gheorghe Vlad)
06 Apr 2025 15:14:24,528 TRACE ro.mpp2024.repository.ParticipantRepository 30 createEntityFromResultSet - Enter createEntityFromResultSet
06 Apr 2025 15:14:24,528 TRACE ro.mpp2024.repository.ParticipantRepository 36 createEntityFromResultSet - Exit with(Barbu Irina)
06 Apr 2025 15:14:24,528 TRACE ro.mpp2024.repository.ParticipantRepository 30 createEntityFromResultSet - Enter createEntityFromResultSet
06 Apr 2025 15:14:24,528 TRACE ro.mpp2024.repository.ParticipantRepository 36 createEntityFromResultSet - Exit with(Constantin Marius)
06 Apr 2025 15:14:24,528 TRACE ro.mpp2024.repository.ParticipantRepository 30 createEntityFromResultSet - Enter createEntityFromResultSet
06 Apr 2025 15:14:24,528 TRACE ro.mpp2024.repository.ParticipantRepository 36 createEntityFromResultSet - Exit with(Enache Laura)
06 Apr 2025 15:14:24,529 TRACE ro.mpp2024.repository.ParticipantRepository 30 createEntityFromResultSet - Enter createEntityFromResultSet
06 Apr 2025 15:14:24,529 TRACE ro.mpp2024.repository.ParticipantRepository 36 createEntityFromResultSet - Exit with(Dragomir Adrian)
06 Apr 2025 15:14:24,529 TRACE ro.mpp2024.repository.ParticipantRepository 30 createEntityFromResultSet - Enter createEntityFromResultSet
06 Apr 2025 15:14:24,529 TRACE ro.mpp2024.repository.ParticipantRepository 36 createEntityFromResultSet - Exit with(Filip Bianca)
06 Apr 2025 15:14:24,529 TRACE ro.mpp2024.repository.ParticipantRepository 30 createEntityFromResultSet - Enter createEntityFromResultSet
06 Apr 2025 15:14:24,529 TRACE ro.mpp2024.repository.ParticipantRepository 36 createEntityFromResultSet - Exit with(Grigore Stefan)
06 Apr 2025 15:14:24,529 TRACE ro.mpp2024.repository.ParticipantRepository 30 createEntityFromResultSet - Enter createEntityFromResultSet
06 Apr 2025 15:14:24,530 TRACE ro.mpp2024.repository.ParticipantRepository 36 createEntityFromResultSet - Exit with(Hagi Diana)
06 Apr 2025 15:14:24,530 TRACE ro.mpp2024.repository.ParticipantRepository 30 createEntityFromResultSet - Enter createEntityFromResultSet
06 Apr 2025 15:14:24,530 TRACE ro.mpp2024.repository.ParticipantRepository 36 createEntityFromResultSet - Exit with(Iacob Radu)
06 Apr 2025 15:14:24,530 TRACE ro.mpp2024.repository.ParticipantRepository 30 createEntityFromResultSet - Enter createEntityFromResultSet
06 Apr 2025 15:14:24,530 TRACE ro.mpp2024.repository.ParticipantRepository 36 createEntityFromResultSet - Exit with(Jianu Oana)
06 Apr 2025 15:14:24,530 TRACE ro.mpp2024.repository.ParticipantRepository 30 createEntityFromResultSet - Enter createEntityFromResultSet
06 Apr 2025 15:14:24,530 TRACE ro.mpp2024.repository.ParticipantRepository 36 createEntityFromResultSet - Exit with(Kovacs Cristina)
06 Apr 2025 15:14:24,530 TRACE ro.mpp2024.repository.ParticipantRepository 30 createEntityFromResultSet - Enter createEntityFromResultSet
06 Apr 2025 15:14:24,530 TRACE ro.mpp2024.repository.ParticipantRepository 36 createEntityFromResultSet - Exit with(Lupu George)
06 Apr 2025 15:14:24,530 TRACE ro.mpp2024.repository.ParticipantRepository 30 createEntityFromResultSet - Enter createEntityFromResultSet
06 Apr 2025 15:14:24,531 TRACE ro.mpp2024.repository.ParticipantRepository 36 createEntityFromResultSet - Exit with(Manole Simona)
06 Apr 2025 15:14:24,531 TRACE ro.mpp2024.repository.ParticipantRepository 30 createEntityFromResultSet - Enter createEntityFromResultSet
06 Apr 2025 15:14:24,531 TRACE ro.mpp2024.repository.ParticipantRepository 36 createEntityFromResultSet - Exit with(Nedelcu Alexandra)
06 Apr 2025 15:14:24,531 TRACE ro.mpp2024.repository.ParticipantRepository 30 createEntityFromResultSet - Enter createEntityFromResultSet
06 Apr 2025 15:14:24,531 TRACE ro.mpp2024.repository.ParticipantRepository 36 createEntityFromResultSet - Exit with(Oprea Bogdan)
06 Apr 2025 15:14:24,531 TRACE ro.mpp2024.repository.ParticipantRepository 30 createEntityFromResultSet - Enter createEntityFromResultSet
06 Apr 2025 15:14:24,531 TRACE ro.mpp2024.repository.ParticipantRepository 36 createEntityFromResultSet - Exit with(Pavel Monica)
06 Apr 2025 15:14:24,531 TRACE ro.mpp2024.repository.ParticipantRepository 30 createEntityFromResultSet - Enter createEntityFromResultSet
06 Apr 2025 15:14:24,531 TRACE ro.mpp2024.repository.ParticipantRepository 36 createEntityFromResultSet - Exit with(Rusu Andreea)
06 Apr 2025 15:14:24,531 TRACE ro.mpp2024.repository.ParticipantRepository 30 createEntityFromResultSet - Enter createEntityFromResultSet
06 Apr 2025 15:14:24,532 TRACE ro.mpp2024.repository.ParticipantRepository 36 createEntityFromResultSet - Exit with(Sandu Victor)
06 Apr 2025 15:14:24,532 TRACE ro.mpp2024.repository.ParticipantRepository 30 createEntityFromResultSet - Enter createEntityFromResultSet
06 Apr 2025 15:14:24,532 TRACE ro.mpp2024.repository.ParticipantRepository 36 createEntityFromResultSet - Exit with(Toma Gabriela)
06 Apr 2025 15:14:24,532 TRACE ro.mpp2024.repository.ParticipantRepository 30 createEntityFromResultSet - Enter createEntityFromResultSet
06 Apr 2025 15:14:24,532 TRACE ro.mpp2024.repository.ParticipantRepository 36 createEntityFromResultSet - Exit with(Ursu Mihail)
06 Apr 2025 15:14:24,532 TRACE ro.mpp2024.repository.ParticipantRepository 30 createEntityFromResultSet - Enter createEntityFromResultSet
06 Apr 2025 15:14:24,532 TRACE ro.mpp2024.repository.ParticipantRepository 36 createEntityFromResultSet - Exit with(Vlad Anca)
06 Apr 2025 15:14:24,532 TRACE ro.mpp2024.repository.ParticipantRepository 30 createEntityFromResultSet - Enter createEntityFromResultSet
06 Apr 2025 15:14:24,533 TRACE ro.mpp2024.repository.ParticipantRepository 36 createEntityFromResultSet - Exit with(Zamfir Lucian)
06 Apr 2025 15:14:24,533 TRACE ro.mpp2024.repository.ParticipantRepository 30 createEntityFromResultSet - Enter createEntityFromResultSet
06 Apr 2025 15:14:24,533 TRACE ro.mpp2024.repository.ParticipantRepository 36 createEntityFromResultSet - Exit with(Voicu Raluca)
06 Apr 2025 15:14:24,533 TRACE ro.mpp2024.repository.ParticipantRepository 30 createEntityFromResultSet - Enter createEntityFromResultSet
06 Apr 2025 15:14:24,533 TRACE ro.mpp2024.repository.ParticipantRepository 36 createEntityFromResultSet - Exit with(nume prenume)
06 Apr 2025 15:14:24,534 TRACE ro.mpp2024.repository.ParticipantRepository 56 findAll - Exit with([Popescu Ion, Ionescu Maria, Georgescu Andrei, Dumitrescu Elena, Popa Mihai, Stan Ioana, Radu Cristian, Marin Ana, Tudor Alexandru, Petrescu Gabriel, Iliescu Daniela, Vasilescu Florin, Dobre Adriana, Munteanu Sorin, Nistor Carmen, Lazar Roxana, Gheorghe Vlad, Barbu Irina, Constantin Marius, Enache Laura, Dragomir Adrian, Filip Bianca, Grigore Stefan, Hagi Diana, Iacob Radu, Jianu Oana, Kovacs Cristina, Lupu George, Manole Simona, Nedelcu Alexandra, Oprea Bogdan, Pavel Monica, Rusu Andreea, Sandu Victor, Toma Gabriela, Ursu Mihail, Vlad Anca, Zamfir Lucian, Voicu Raluca, nume prenume])
06 Apr 2025 15:14:24,535 DEBUG ro.mpp2024.StartJsonServer 54 main - Starting server on port: 55556
06 Apr 2025 15:14:24,535 DEBUG ro.mpp2024.networkUtils.AbsConcurrentServer 13 <init> - Concurrent AbstractServer
06 Apr 2025 15:14:24,536 INFO  ro.mpp2024.networkUtils.JsonConcurrentServer 17 <init> - JsonConcurrentServer
06 Apr 2025 15:14:24,540 INFO  chat.network.utils.AbstractServer 25 start - Waiting for clients ...
06 Apr 2025 15:14:45,137 INFO  chat.network.utils.AbstractServer 27 start - Client connected ...
06 Apr 2025 15:14:45,165 INFO  chat.network.utils.AbstractServer 25 start - Waiting for clients ...
06 Apr 2025 15:14:45,172 DEBUG ro.mpp2024.protocol.ClientWorkerJson 90 handleRequest - Login request UserDTO{nume='', username='bob.smith', password='U2VjdXJlUEBzczI=', probaId=''}
06 Apr 2025 15:14:45,173 TRACE ro.mpp2024.utils.JdbcUtils 48 getConnection - Enter
06 Apr 2025 15:14:45,173 TRACE ro.mpp2024.utils.JdbcUtils 57 getConnection - Exit with(org.sqlite.jdbc4.JDBC4Connection@7e5afaa6)
06 Apr 2025 15:14:45,174 TRACE ro.mpp2024.repository.ArbitruRepository 29 createEntityFromResultSet - Enter createEntityFromResultSet
06 Apr 2025 15:14:45,174 TRACE ro.mpp2024.repository.ArbitruRepository 36 createEntityFromResultSet - Exit with(Arbitru{nume='Bob Smith', username='bob.smith', password='U2VjdXJlUEBzczI=', id_proba=c1})
06 Apr 2025 15:14:45,177 DEBUG ro.mpp2024.protocol.ClientWorkerJson 79 sendResponse - sending response {"type":"LOGGED_ACC","user":{"id":21,"nume":"Bob Smith","username":"bob.smith","password":"U2VjdXJlUEBzczI\u003d","id_proba":"c1"}}
06 Apr 2025 15:14:46,187 DEBUG ro.mpp2024.protocol.ClientWorkerJson 115 handleRequest - Get all rezultate request fornull
06 Apr 2025 15:14:46,187 TRACE ro.mpp2024.repository.RezultatRepository 144 listaParticipantiPuncteAlfabetic - Enter listaParticipantiPuncteAlfabetic
06 Apr 2025 15:14:46,187 TRACE ro.mpp2024.utils.JdbcUtils 48 getConnection - Enter
06 Apr 2025 15:14:46,188 TRACE ro.mpp2024.utils.JdbcUtils 57 getConnection - Exit with(org.sqlite.jdbc4.JDBC4Connection@7e5afaa6)
06 Apr 2025 15:14:46,188 TRACE ro.mpp2024.repository.RezultatRepository 162 listaParticipantiPuncteAlfabetic - Enter Terminat dictionar
06 Apr 2025 15:14:46,190 DEBUG ro.mpp2024.protocol.ClientWorkerJson 79 sendResponse - sending response {"type":"ALL_REZULTATE","punctaje":[{"idParticipant":18,"nume":"Barbu","prenume":"Irina","varsta":27,"punctaj":230},{"idParticipant":19,"nume":"Constantin","prenume":"Marius","varsta":30,"punctaj":278},{"idParticipant":13,"nume":"Dobre","prenume":"Adriana","varsta":34,"punctaj":165},{"idParticipant":21,"nume":"Dragomir","prenume":"Adrian","varsta":26,"punctaj":130},{"idParticipant":4,"nume":"Dumitrescu","prenume":"Elena","varsta":28,"punctaj":143},{"idParticipant":20,"nume":"Enache","prenume":"Laura","varsta":29,"punctaj":315},{"idParticipant":22,"nume":"Filip","prenume":"Bianca","varsta":31,"punctaj":307},{"idParticipant":3,"nume":"Georgescu","prenume":"Andrei","varsta":22,"punctaj":122},{"idParticipant":17,"nume":"Gheorghe","prenume":"Vlad","varsta":28,"punctaj":200},{"idParticipant":23,"nume":"Grigore","prenume":"Stefan","varsta":24,"punctaj":145},{"idParticipant":24,"nume":"Hagi","prenume":"Diana","varsta":32,"punctaj":193},{"idParticipant":25,"nume":"Iacob","prenume":"Radu","varsta":23,"punctaj":195},{"idParticipant":11,"nume":"Iliescu","prenume":"Daniela","varsta":32,"punctaj":310},{"idParticipant":2,"nume":"Ionescu","prenume":"Maria","varsta":30,"punctaj":156},{"idParticipant":26,"nume":"Jianu","prenume":"Oana","varsta":34,"punctaj":142},{"idParticipant":27,"nume":"Kovacs","prenume":"Cristina","varsta":21,"punctaj":199},{"idParticipant":16,"nume":"Lazar","prenume":"Roxana","varsta":25,"punctaj":185},{"idParticipant":28,"nume":"Lupu","prenume":"George","varsta":33,"punctaj":199},{"idParticipant":29,"nume":"Manole","prenume":"Simona","varsta":25,"punctaj":117},{"idParticipant":8,"nume":"Marin","prenume":"Ana","varsta":29,"punctaj":134},{"idParticipant":14,"nume":"Munteanu","prenume":"Sorin","varsta":21,"punctaj":301},{"idParticipant":30,"nume":"Nedelcu","prenume":"Alexandra","varsta":28,"punctaj":169},{"idParticipant":15,"nume":"Nistor","prenume":"Carmen","varsta":33,"punctaj":189},{"idParticipant":40,"nume":"nume","prenume":"prenume","varsta":20,"punctaj":300},{"idParticipant":31,"nume":"Oprea","prenume":"Bogdan","varsta":27,"punctaj":282},{"idParticipant":32,"nume":"Pavel","prenume":"Monica","varsta":30,"punctaj":111},{"idParticipant":10,"nume":"Petrescu","prenume":"Gabriel","varsta":26,"punctaj":188},{"idParticipant":5,"nume":"Popa","prenume":"Mihai","varsta":35,"punctaj":282},{"idParticipant":1,"nume":"Popescu","prenume":"Ion","varsta":25,"punctaj":158},{"idParticipant":7,"nume":"Radu","prenume":"Cristian","varsta":24,"punctaj":256},{"idParticipant":33,"nume":"Rusu","prenume":"Andreea","varsta":29,"punctaj":313},{"idParticipant":34,"nume":"Sandu","prenume":"Victor","varsta":26,"punctaj":115},{"idParticipant":6,"nume":"Stan","prenume":"Ioana","varsta":27,"punctaj":289},{"idParticipant":35,"nume":"Toma","prenume":"Gabriela","varsta":31,"punctaj":132},{"idParticipant":9,"nume":"Tudor","prenume":"Alexandru","varsta":31,"punctaj":288},{"idParticipant":36,"nume":"Ursu","prenume":"Mihail","varsta":24,"punctaj":155},{"idParticipant":12,"nume":"Vasilescu","prenume":"Florin","varsta":23,"punctaj":472},{"idParticipant":37,"nume":"Vlad","prenume":"Anca","varsta":32,"punctaj":128},{"idParticipant":39,"nume":"Voicu","prenume":"Raluca","varsta":34,"punctaj":190},{"idParticipant":38,"nume":"Zamfir","prenume":"Lucian","varsta":23,"punctaj":177}]}
06 Apr 2025 15:14:47,197 DEBUG ro.mpp2024.protocol.ClientWorkerJson 103 handleRequest - Get rezultate request forUserDTO{nume='', username='', password='', probaId='c1'}
06 Apr 2025 15:14:47,197 TRACE ro.mpp2024.repository.RezultatRepository 168 listaParticiapntPuncteProbaDescrescator - Enter listaParticiapntPuncteProbaDescrescator
06 Apr 2025 15:14:47,198 TRACE ro.mpp2024.utils.JdbcUtils 48 getConnection - Enter
06 Apr 2025 15:14:47,198 TRACE ro.mpp2024.utils.JdbcUtils 57 getConnection - Exit with(org.sqlite.jdbc4.JDBC4Connection@7e5afaa6)
06 Apr 2025 15:14:47,198 TRACE ro.mpp2024.repository.RezultatRepository 186 listaParticiapntPuncteProbaDescrescator - Enter Terminat dictionar
06 Apr 2025 15:14:47,199 DEBUG ro.mpp2024.protocol.ClientWorkerJson 79 sendResponse - sending response {"type":"REZULTATE","punctaje":[{"idParticipant":38,"nume":"Zamfir","prenume":"Lucian","varsta":23,"punctaj":177},{"idParticipant":6,"nume":"Stan","prenume":"Ioana","varsta":27,"punctaj":152},{"idParticipant":9,"nume":"Tudor","prenume":"Alexandru","varsta":31,"punctaj":150},{"idParticipant":12,"nume":"Vasilescu","prenume":"Florin","varsta":23,"punctaj":100},{"idParticipant":18,"nume":"Barbu","prenume":"Irina","varsta":27,"punctaj":30},{"idParticipant":1,"nume":"Popescu","prenume":"Ion","varsta":25,"punctaj":10}]}
06 Apr 2025 15:14:48,205 DEBUG ro.mpp2024.protocol.ClientWorkerJson 141 handleRequest - Get participanti request fornull
06 Apr 2025 15:14:48,205 TRACE ro.mpp2024.repository.ParticipantRepository 42 findAll - Enter
06 Apr 2025 15:14:48,205 TRACE ro.mpp2024.utils.JdbcUtils 48 getConnection - Enter
06 Apr 2025 15:14:48,205 TRACE ro.mpp2024.utils.JdbcUtils 57 getConnection - Exit with(org.sqlite.jdbc4.JDBC4Connection@7e5afaa6)
06 Apr 2025 15:14:48,206 TRACE ro.mpp2024.repository.ParticipantRepository 30 createEntityFromResultSet - Enter createEntityFromResultSet
06 Apr 2025 15:14:48,206 TRACE ro.mpp2024.repository.ParticipantRepository 36 createEntityFromResultSet - Exit with(Popescu Ion)
06 Apr 2025 15:14:48,206 TRACE ro.mpp2024.repository.ParticipantRepository 30 createEntityFromResultSet - Enter createEntityFromResultSet
06 Apr 2025 15:14:48,206 TRACE ro.mpp2024.repository.ParticipantRepository 36 createEntityFromResultSet - Exit with(Ionescu Maria)
06 Apr 2025 15:14:48,206 TRACE ro.mpp2024.repository.ParticipantRepository 30 createEntityFromResultSet - Enter createEntityFromResultSet
06 Apr 2025 15:14:48,207 TRACE ro.mpp2024.repository.ParticipantRepository 36 createEntityFromResultSet - Exit with(Georgescu Andrei)
06 Apr 2025 15:14:48,207 TRACE ro.mpp2024.repository.ParticipantRepository 30 createEntityFromResultSet - Enter createEntityFromResultSet
06 Apr 2025 15:14:48,207 TRACE ro.mpp2024.repository.ParticipantRepository 36 createEntityFromResultSet - Exit with(Dumitrescu Elena)
06 Apr 2025 15:14:48,207 TRACE ro.mpp2024.repository.ParticipantRepository 30 createEntityFromResultSet - Enter createEntityFromResultSet
06 Apr 2025 15:14:48,207 TRACE ro.mpp2024.repository.ParticipantRepository 36 createEntityFromResultSet - Exit with(Popa Mihai)
06 Apr 2025 15:14:48,207 TRACE ro.mpp2024.repository.ParticipantRepository 30 createEntityFromResultSet - Enter createEntityFromResultSet
06 Apr 2025 15:14:48,207 TRACE ro.mpp2024.repository.ParticipantRepository 36 createEntityFromResultSet - Exit with(Stan Ioana)
06 Apr 2025 15:14:48,207 TRACE ro.mpp2024.repository.ParticipantRepository 30 createEntityFromResultSet - Enter createEntityFromResultSet
06 Apr 2025 15:14:48,207 TRACE ro.mpp2024.repository.ParticipantRepository 36 createEntityFromResultSet - Exit with(Radu Cristian)
06 Apr 2025 15:14:48,208 TRACE ro.mpp2024.repository.ParticipantRepository 30 createEntityFromResultSet - Enter createEntityFromResultSet
06 Apr 2025 15:14:48,208 TRACE ro.mpp2024.repository.ParticipantRepository 36 createEntityFromResultSet - Exit with(Marin Ana)
06 Apr 2025 15:14:48,208 TRACE ro.mpp2024.repository.ParticipantRepository 30 createEntityFromResultSet - Enter createEntityFromResultSet
06 Apr 2025 15:14:48,208 TRACE ro.mpp2024.repository.ParticipantRepository 36 createEntityFromResultSet - Exit with(Tudor Alexandru)
06 Apr 2025 15:14:48,208 TRACE ro.mpp2024.repository.ParticipantRepository 30 createEntityFromResultSet - Enter createEntityFromResultSet
06 Apr 2025 15:14:48,208 TRACE ro.mpp2024.repository.ParticipantRepository 36 createEntityFromResultSet - Exit with(Petrescu Gabriel)
06 Apr 2025 15:14:48,208 TRACE ro.mpp2024.repository.ParticipantRepository 30 createEntityFromResultSet - Enter createEntityFromResultSet
06 Apr 2025 15:14:48,208 TRACE ro.mpp2024.repository.ParticipantRepository 36 createEntityFromResultSet - Exit with(Iliescu Daniela)
06 Apr 2025 15:14:48,208 TRACE ro.mpp2024.repository.ParticipantRepository 30 createEntityFromResultSet - Enter createEntityFromResultSet
06 Apr 2025 15:14:48,208 TRACE ro.mpp2024.repository.ParticipantRepository 36 createEntityFromResultSet - Exit with(Vasilescu Florin)
06 Apr 2025 15:14:48,209 TRACE ro.mpp2024.repository.ParticipantRepository 30 createEntityFromResultSet - Enter createEntityFromResultSet
06 Apr 2025 15:14:48,209 TRACE ro.mpp2024.repository.ParticipantRepository 36 createEntityFromResultSet - Exit with(Dobre Adriana)
06 Apr 2025 15:14:48,209 TRACE ro.mpp2024.repository.ParticipantRepository 30 createEntityFromResultSet - Enter createEntityFromResultSet
06 Apr 2025 15:14:48,209 TRACE ro.mpp2024.repository.ParticipantRepository 36 createEntityFromResultSet - Exit with(Munteanu Sorin)
06 Apr 2025 15:14:48,209 TRACE ro.mpp2024.repository.ParticipantRepository 30 createEntityFromResultSet - Enter createEntityFromResultSet
06 Apr 2025 15:14:48,209 TRACE ro.mpp2024.repository.ParticipantRepository 36 createEntityFromResultSet - Exit with(Nistor Carmen)
06 Apr 2025 15:14:48,209 TRACE ro.mpp2024.repository.ParticipantRepository 30 createEntityFromResultSet - Enter createEntityFromResultSet
06 Apr 2025 15:14:48,209 TRACE ro.mpp2024.repository.ParticipantRepository 36 createEntityFromResultSet - Exit with(Lazar Roxana)
06 Apr 2025 15:14:48,210 TRACE ro.mpp2024.repository.ParticipantRepository 30 createEntityFromResultSet - Enter createEntityFromResultSet
06 Apr 2025 15:14:48,210 TRACE ro.mpp2024.repository.ParticipantRepository 36 createEntityFromResultSet - Exit with(Gheorghe Vlad)
06 Apr 2025 15:14:48,210 TRACE ro.mpp2024.repository.ParticipantRepository 30 createEntityFromResultSet - Enter createEntityFromResultSet
06 Apr 2025 15:14:48,210 TRACE ro.mpp2024.repository.ParticipantRepository 36 createEntityFromResultSet - Exit with(Barbu Irina)
06 Apr 2025 15:14:48,210 TRACE ro.mpp2024.repository.ParticipantRepository 30 createEntityFromResultSet - Enter createEntityFromResultSet
06 Apr 2025 15:14:48,210 TRACE ro.mpp2024.repository.ParticipantRepository 36 createEntityFromResultSet - Exit with(Constantin Marius)
06 Apr 2025 15:14:48,210 TRACE ro.mpp2024.repository.ParticipantRepository 30 createEntityFromResultSet - Enter createEntityFromResultSet
06 Apr 2025 15:14:48,210 TRACE ro.mpp2024.repository.ParticipantRepository 36 createEntityFromResultSet - Exit with(Enache Laura)
06 Apr 2025 15:14:48,211 TRACE ro.mpp2024.repository.ParticipantRepository 30 createEntityFromResultSet - Enter createEntityFromResultSet
06 Apr 2025 15:14:48,211 TRACE ro.mpp2024.repository.ParticipantRepository 36 createEntityFromResultSet - Exit with(Dragomir Adrian)
06 Apr 2025 15:14:48,211 TRACE ro.mpp2024.repository.ParticipantRepository 30 createEntityFromResultSet - Enter createEntityFromResultSet
06 Apr 2025 15:14:48,211 TRACE ro.mpp2024.repository.ParticipantRepository 36 createEntityFromResultSet - Exit with(Filip Bianca)
06 Apr 2025 15:14:48,211 TRACE ro.mpp2024.repository.ParticipantRepository 30 createEntityFromResultSet - Enter createEntityFromResultSet
06 Apr 2025 15:14:48,211 TRACE ro.mpp2024.repository.ParticipantRepository 36 createEntityFromResultSet - Exit with(Grigore Stefan)
06 Apr 2025 15:14:48,211 TRACE ro.mpp2024.repository.ParticipantRepository 30 createEntityFromResultSet - Enter createEntityFromResultSet
06 Apr 2025 15:14:48,211 TRACE ro.mpp2024.repository.ParticipantRepository 36 createEntityFromResultSet - Exit with(Hagi Diana)
06 Apr 2025 15:14:48,211 TRACE ro.mpp2024.repository.ParticipantRepository 30 createEntityFromResultSet - Enter createEntityFromResultSet
06 Apr 2025 15:14:48,211 TRACE ro.mpp2024.repository.ParticipantRepository 36 createEntityFromResultSet - Exit with(Iacob Radu)
06 Apr 2025 15:14:48,212 TRACE ro.mpp2024.repository.ParticipantRepository 30 createEntityFromResultSet - Enter createEntityFromResultSet
06 Apr 2025 15:14:48,212 TRACE ro.mpp2024.repository.ParticipantRepository 36 createEntityFromResultSet - Exit with(Jianu Oana)
06 Apr 2025 15:14:48,212 TRACE ro.mpp2024.repository.ParticipantRepository 30 createEntityFromResultSet - Enter createEntityFromResultSet
06 Apr 2025 15:14:48,212 TRACE ro.mpp2024.repository.ParticipantRepository 36 createEntityFromResultSet - Exit with(Kovacs Cristina)
06 Apr 2025 15:14:48,212 TRACE ro.mpp2024.repository.ParticipantRepository 30 createEntityFromResultSet - Enter createEntityFromResultSet
06 Apr 2025 15:14:48,212 TRACE ro.mpp2024.repository.ParticipantRepository 36 createEntityFromResultSet - Exit with(Lupu George)
06 Apr 2025 15:14:48,212 TRACE ro.mpp2024.repository.ParticipantRepository 30 createEntityFromResultSet - Enter createEntityFromResultSet
06 Apr 2025 15:14:48,212 TRACE ro.mpp2024.repository.ParticipantRepository 36 createEntityFromResultSet - Exit with(Manole Simona)
06 Apr 2025 15:14:48,212 TRACE ro.mpp2024.repository.ParticipantRepository 30 createEntityFromResultSet - Enter createEntityFromResultSet
06 Apr 2025 15:14:48,212 TRACE ro.mpp2024.repository.ParticipantRepository 36 createEntityFromResultSet - Exit with(Nedelcu Alexandra)
06 Apr 2025 15:14:48,212 TRACE ro.mpp2024.repository.ParticipantRepository 30 createEntityFromResultSet - Enter createEntityFromResultSet
06 Apr 2025 15:14:48,213 TRACE ro.mpp2024.repository.ParticipantRepository 36 createEntityFromResultSet - Exit with(Oprea Bogdan)
06 Apr 2025 15:14:48,213 TRACE ro.mpp2024.repository.ParticipantRepository 30 createEntityFromResultSet - Enter createEntityFromResultSet
06 Apr 2025 15:14:48,213 TRACE ro.mpp2024.repository.ParticipantRepository 36 createEntityFromResultSet - Exit with(Pavel Monica)
06 Apr 2025 15:14:48,213 TRACE ro.mpp2024.repository.ParticipantRepository 30 createEntityFromResultSet - Enter createEntityFromResultSet
06 Apr 2025 15:14:48,213 TRACE ro.mpp2024.repository.ParticipantRepository 36 createEntityFromResultSet - Exit with(Rusu Andreea)
06 Apr 2025 15:14:48,213 TRACE ro.mpp2024.repository.ParticipantRepository 30 createEntityFromResultSet - Enter createEntityFromResultSet
06 Apr 2025 15:14:48,213 TRACE ro.mpp2024.repository.ParticipantRepository 36 createEntityFromResultSet - Exit with(Sandu Victor)
06 Apr 2025 15:14:48,213 TRACE ro.mpp2024.repository.ParticipantRepository 30 createEntityFromResultSet - Enter createEntityFromResultSet
06 Apr 2025 15:14:48,213 TRACE ro.mpp2024.repository.ParticipantRepository 36 createEntityFromResultSet - Exit with(Toma Gabriela)
06 Apr 2025 15:14:48,213 TRACE ro.mpp2024.repository.ParticipantRepository 30 createEntityFromResultSet - Enter createEntityFromResultSet
06 Apr 2025 15:14:48,214 TRACE ro.mpp2024.repository.ParticipantRepository 36 createEntityFromResultSet - Exit with(Ursu Mihail)
06 Apr 2025 15:14:48,214 TRACE ro.mpp2024.repository.ParticipantRepository 30 createEntityFromResultSet - Enter createEntityFromResultSet
06 Apr 2025 15:14:48,214 TRACE ro.mpp2024.repository.ParticipantRepository 36 createEntityFromResultSet - Exit with(Vlad Anca)
06 Apr 2025 15:14:48,214 TRACE ro.mpp2024.repository.ParticipantRepository 30 createEntityFromResultSet - Enter createEntityFromResultSet
06 Apr 2025 15:14:48,214 TRACE ro.mpp2024.repository.ParticipantRepository 36 createEntityFromResultSet - Exit with(Zamfir Lucian)
06 Apr 2025 15:14:48,214 TRACE ro.mpp2024.repository.ParticipantRepository 30 createEntityFromResultSet - Enter createEntityFromResultSet
06 Apr 2025 15:14:48,214 TRACE ro.mpp2024.repository.ParticipantRepository 36 createEntityFromResultSet - Exit with(Voicu Raluca)
06 Apr 2025 15:14:48,214 TRACE ro.mpp2024.repository.ParticipantRepository 30 createEntityFromResultSet - Enter createEntityFromResultSet
06 Apr 2025 15:14:48,214 TRACE ro.mpp2024.repository.ParticipantRepository 36 createEntityFromResultSet - Exit with(nume prenume)
06 Apr 2025 15:14:48,215 TRACE ro.mpp2024.repository.ParticipantRepository 56 findAll - Exit with([Popescu Ion, Ionescu Maria, Georgescu Andrei, Dumitrescu Elena, Popa Mihai, Stan Ioana, Radu Cristian, Marin Ana, Tudor Alexandru, Petrescu Gabriel, Iliescu Daniela, Vasilescu Florin, Dobre Adriana, Munteanu Sorin, Nistor Carmen, Lazar Roxana, Gheorghe Vlad, Barbu Irina, Constantin Marius, Enache Laura, Dragomir Adrian, Filip Bianca, Grigore Stefan, Hagi Diana, Iacob Radu, Jianu Oana, Kovacs Cristina, Lupu George, Manole Simona, Nedelcu Alexandra, Oprea Bogdan, Pavel Monica, Rusu Andreea, Sandu Victor, Toma Gabriela, Ursu Mihail, Vlad Anca, Zamfir Lucian, Voicu Raluca, nume prenume])
06 Apr 2025 15:14:48,216 DEBUG ro.mpp2024.protocol.ClientWorkerJson 79 sendResponse - sending response {"type":"PARTICIPANTI","participanti":[{"idParticipant":1,"nume":"Popescu","prenume":"Ion","varsta":25,"punctaj":0},{"idParticipant":2,"nume":"Ionescu","prenume":"Maria","varsta":30,"punctaj":0},{"idParticipant":3,"nume":"Georgescu","prenume":"Andrei","varsta":22,"punctaj":0},{"idParticipant":4,"nume":"Dumitrescu","prenume":"Elena","varsta":28,"punctaj":0},{"idParticipant":5,"nume":"Popa","prenume":"Mihai","varsta":35,"punctaj":0},{"idParticipant":6,"nume":"Stan","prenume":"Ioana","varsta":27,"punctaj":0},{"idParticipant":7,"nume":"Radu","prenume":"Cristian","varsta":24,"punctaj":0},{"idParticipant":8,"nume":"Marin","prenume":"Ana","varsta":29,"punctaj":0},{"idParticipant":9,"nume":"Tudor","prenume":"Alexandru","varsta":31,"punctaj":0},{"idParticipant":10,"nume":"Petrescu","prenume":"Gabriel","varsta":26,"punctaj":0},{"idParticipant":11,"nume":"Iliescu","prenume":"Daniela","varsta":32,"punctaj":0},{"idParticipant":12,"nume":"Vasilescu","prenume":"Florin","varsta":23,"punctaj":0},{"idParticipant":13,"nume":"Dobre","prenume":"Adriana","varsta":34,"punctaj":0},{"idParticipant":14,"nume":"Munteanu","prenume":"Sorin","varsta":21,"punctaj":0},{"idParticipant":15,"nume":"Nistor","prenume":"Carmen","varsta":33,"punctaj":0},{"idParticipant":16,"nume":"Lazar","prenume":"Roxana","varsta":25,"punctaj":0},{"idParticipant":17,"nume":"Gheorghe","prenume":"Vlad","varsta":28,"punctaj":0},{"idParticipant":18,"nume":"Barbu","prenume":"Irina","varsta":27,"punctaj":0},{"idParticipant":19,"nume":"Constantin","prenume":"Marius","varsta":30,"punctaj":0},{"idParticipant":20,"nume":"Enache","prenume":"Laura","varsta":29,"punctaj":0},{"idParticipant":21,"nume":"Dragomir","prenume":"Adrian","varsta":26,"punctaj":0},{"idParticipant":22,"nume":"Filip","prenume":"Bianca","varsta":31,"punctaj":0},{"idParticipant":23,"nume":"Grigore","prenume":"Stefan","varsta":24,"punctaj":0},{"idParticipant":24,"nume":"Hagi","prenume":"Diana","varsta":32,"punctaj":0},{"idParticipant":25,"nume":"Iacob","prenume":"Radu","varsta":23,"punctaj":0},{"idParticipant":26,"nume":"Jianu","prenume":"Oana","varsta":34,"punctaj":0},{"idParticipant":27,"nume":"Kovacs","prenume":"Cristina","varsta":21,"punctaj":0},{"idParticipant":28,"nume":"Lupu","prenume":"George","varsta":33,"punctaj":0},{"idParticipant":29,"nume":"Manole","prenume":"Simona","varsta":25,"punctaj":0},{"idParticipant":30,"nume":"Nedelcu","prenume":"Alexandra","varsta":28,"punctaj":0},{"idParticipant":31,"nume":"Oprea","prenume":"Bogdan","varsta":27,"punctaj":0},{"idParticipant":32,"nume":"Pavel","prenume":"Monica","varsta":30,"punctaj":0},{"idParticipant":33,"nume":"Rusu","prenume":"Andreea","varsta":29,"punctaj":0},{"idParticipant":34,"nume":"Sandu","prenume":"Victor","varsta":26,"punctaj":0},{"idParticipant":35,"nume":"Toma","prenume":"Gabriela","varsta":31,"punctaj":0},{"idParticipant":36,"nume":"Ursu","prenume":"Mihail","varsta":24,"punctaj":0},{"idParticipant":37,"nume":"Vlad","prenume":"Anca","varsta":32,"punctaj":0},{"idParticipant":38,"nume":"Zamfir","prenume":"Lucian","varsta":23,"punctaj":0},{"idParticipant":39,"nume":"Voicu","prenume":"Raluca","varsta":34,"punctaj":0},{"idParticipant":40,"nume":"nume","prenume":"prenume","varsta":20,"punctaj":0}]}
06 Apr 2025 15:15:08,000 DEBUG ro.mpp2024.protocol.ClientWorkerJson 126 handleRequest - Add rezultat request RezultatDTO{idProba='c1', idParticipant=37, puncte=10}
06 Apr 2025 15:15:08,000 TRACE ro.mpp2024.services.ServerService 40 addRezultat - Enter
06 Apr 2025 15:15:08,000 TRACE ro.mpp2024.repository.ParticipantRepository 62 findOne - Enter
06 Apr 2025 15:15:08,000 TRACE ro.mpp2024.utils.JdbcUtils 48 getConnection - Enter
06 Apr 2025 15:15:08,000 TRACE ro.mpp2024.utils.JdbcUtils 57 getConnection - Exit with(org.sqlite.jdbc4.JDBC4Connection@7e5afaa6)
06 Apr 2025 15:15:08,001 TRACE ro.mpp2024.repository.ParticipantRepository 30 createEntityFromResultSet - Enter createEntityFromResultSet
06 Apr 2025 15:15:08,001 TRACE ro.mpp2024.repository.ParticipantRepository 36 createEntityFromResultSet - Exit with(Vlad Anca)
06 Apr 2025 15:15:08,001 TRACE ro.mpp2024.repository.ParticipantRepository 76 findOne - Exit with(Vlad Anca)
06 Apr 2025 15:15:08,001 TRACE ro.mpp2024.repository.ProbaRepository 63 findOne - Enter findOne
06 Apr 2025 15:15:08,001 TRACE ro.mpp2024.utils.JdbcUtils 48 getConnection - Enter
06 Apr 2025 15:15:08,001 TRACE ro.mpp2024.utils.JdbcUtils 57 getConnection - Exit with(org.sqlite.jdbc4.JDBC4Connection@7e5afaa6)
06 Apr 2025 15:15:08,002 TRACE ro.mpp2024.repository.ProbaRepository 31 createEntityFromResultSet - Enter createEntityFromResultSet
06 Apr 2025 15:15:08,004 TRACE ro.mpp2024.repository.ProbaRepository 37 createEntityFromResultSet - Exit with(Proba{nume='Pedalat 200 de m', arbitru=1, categorie=ciclism})
06 Apr 2025 15:15:08,005 TRACE ro.mpp2024.repository.ProbaRepository 77 findOne - Exit with(Proba{nume='Pedalat 200 de m', arbitru=1, categorie=ciclism})
06 Apr 2025 15:15:08,005 TRACE ro.mpp2024.repository.RezultatRepository 116 save - Enter save
06 Apr 2025 15:15:08,005 TRACE ro.mpp2024.utils.JdbcUtils 48 getConnection - Enter
06 Apr 2025 15:15:08,005 TRACE ro.mpp2024.utils.JdbcUtils 57 getConnection - Exit with(org.sqlite.jdbc4.JDBC4Connection@7e5afaa6)
06 Apr 2025 15:15:08,014 TRACE ro.mpp2024.repository.RezultatRepository 127 save - Exit
06 Apr 2025 15:15:08,014 TRACE ro.mpp2024.services.ServerService 44 addRezultat - Exit
06 Apr 2025 15:15:08,015 DEBUG ro.mpp2024.protocol.ClientWorkerJson 79 sendResponse - sending response {"type":"REZULTAT_ADDED","rezultat":{"idProba":"c1","idParticipant":37,"numeParticipant":"Vlad","prenumeParticipant":"Anca","puncte":10}}
06 Apr 2025 15:15:13,245 ERROR ro.mpp2024.protocol.ClientWorkerJson 56 run - java.net.SocketException: Connection reset
06 Apr 2025 15:15:13,245 ERROR ro.mpp2024.protocol.ClientWorkerJson 57 run - [Ljava.lang.StackTraceElement;@47b5b114
06 Apr 2025 15:15:14,254 ERROR ro.mpp2024.protocol.ClientWorkerJson 56 run - java.net.SocketException: Connection reset
06 Apr 2025 15:15:14,254 ERROR ro.mpp2024.protocol.ClientWorkerJson 57 run - [Ljava.lang.StackTraceElement;@60c8bbce
06 Apr 2025 15:15:15,262 ERROR ro.mpp2024.protocol.ClientWorkerJson 56 run - java.net.SocketException: Connection reset
06 Apr 2025 15:15:15,262 ERROR ro.mpp2024.protocol.ClientWorkerJson 57 run - [Ljava.lang.StackTraceElement;@33e43595
06 Apr 2025 15:15:16,276 ERROR ro.mpp2024.protocol.ClientWorkerJson 56 run - java.net.SocketException: Connection reset
06 Apr 2025 15:15:16,276 ERROR ro.mpp2024.protocol.ClientWorkerJson 57 run - [Ljava.lang.StackTraceElement;@1aeb3951
06 Apr 2025 15:15:17,287 ERROR ro.mpp2024.protocol.ClientWorkerJson 56 run - java.net.SocketException: Connection reset
06 Apr 2025 15:15:17,287 ERROR ro.mpp2024.protocol.ClientWorkerJson 57 run - [Ljava.lang.StackTraceElement;@703c1609
06 Apr 2025 15:15:34,775 INFO  ro.mpp2024.StartJsonServer 24 main - Server properties: {server.port=55556, jdbc.url=jdbc:sqlite:src/main/resources/triatlon.db}
06 Apr 2025 15:15:34,781 INFO  ro.mpp2024.repository.ArbitruRepository 23 <init> - Initializing IArbitruRepository with properties: {} 
06 Apr 2025 15:15:34,782 INFO  ro.mpp2024.repository.ProbaRepository 25 <init> - Initializing ProbaRepository with properties: {} 
06 Apr 2025 15:15:34,783 INFO  ro.mpp2024.repository.ParticipantRepository 24 <init> - Initializing ParticipantRepository with properties: {} 
06 Apr 2025 15:15:34,784 INFO  ro.mpp2024.repository.RezultatRepository 25 <init> - Initializing RezultatRepository with properties: {} 
06 Apr 2025 15:15:34,785 INFO  ro.mpp2024.services.ServerService 32 <init> - Service Rezultat made
06 Apr 2025 15:15:34,787 TRACE ro.mpp2024.repository.ParticipantRepository 42 findAll - Enter
06 Apr 2025 15:15:34,787 TRACE ro.mpp2024.utils.JdbcUtils 48 getConnection - Enter
06 Apr 2025 15:15:34,787 TRACE ro.mpp2024.utils.JdbcUtils 25 getNewConnection - Enter
06 Apr 2025 15:15:34,788 INFO  ro.mpp2024.utils.JdbcUtils 30 getNewConnection - trying to connect to database ... jdbc:sqlite:src/main/resources/triatlon.db
06 Apr 2025 15:15:34,788 INFO  ro.mpp2024.utils.JdbcUtils 31 getNewConnection - user: null
06 Apr 2025 15:15:34,788 INFO  ro.mpp2024.utils.JdbcUtils 32 getNewConnection - pass: null
06 Apr 2025 15:15:34,901 TRACE ro.mpp2024.utils.JdbcUtils 57 getConnection - Exit with(org.sqlite.jdbc4.JDBC4Connection@7133da86)
06 Apr 2025 15:15:34,904 TRACE ro.mpp2024.repository.ParticipantRepository 30 createEntityFromResultSet - Enter createEntityFromResultSet
06 Apr 2025 15:15:34,905 TRACE ro.mpp2024.repository.ParticipantRepository 36 createEntityFromResultSet - Exit with(Popescu Ion)
06 Apr 2025 15:15:34,905 TRACE ro.mpp2024.repository.ParticipantRepository 30 createEntityFromResultSet - Enter createEntityFromResultSet
06 Apr 2025 15:15:34,905 TRACE ro.mpp2024.repository.ParticipantRepository 36 createEntityFromResultSet - Exit with(Ionescu Maria)
06 Apr 2025 15:15:34,905 TRACE ro.mpp2024.repository.ParticipantRepository 30 createEntityFromResultSet - Enter createEntityFromResultSet
06 Apr 2025 15:15:34,906 TRACE ro.mpp2024.repository.ParticipantRepository 36 createEntityFromResultSet - Exit with(Georgescu Andrei)
06 Apr 2025 15:15:34,906 TRACE ro.mpp2024.repository.ParticipantRepository 30 createEntityFromResultSet - Enter createEntityFromResultSet
06 Apr 2025 15:15:34,906 TRACE ro.mpp2024.repository.ParticipantRepository 36 createEntityFromResultSet - Exit with(Dumitrescu Elena)
06 Apr 2025 15:15:34,906 TRACE ro.mpp2024.repository.ParticipantRepository 30 createEntityFromResultSet - Enter createEntityFromResultSet
06 Apr 2025 15:15:34,906 TRACE ro.mpp2024.repository.ParticipantRepository 36 createEntityFromResultSet - Exit with(Popa Mihai)
06 Apr 2025 15:15:34,906 TRACE ro.mpp2024.repository.ParticipantRepository 30 createEntityFromResultSet - Enter createEntityFromResultSet
06 Apr 2025 15:15:34,907 TRACE ro.mpp2024.repository.ParticipantRepository 36 createEntityFromResultSet - Exit with(Stan Ioana)
06 Apr 2025 15:15:34,907 TRACE ro.mpp2024.repository.ParticipantRepository 30 createEntityFromResultSet - Enter createEntityFromResultSet
06 Apr 2025 15:15:34,907 TRACE ro.mpp2024.repository.ParticipantRepository 36 createEntityFromResultSet - Exit with(Radu Cristian)
06 Apr 2025 15:15:34,907 TRACE ro.mpp2024.repository.ParticipantRepository 30 createEntityFromResultSet - Enter createEntityFromResultSet
06 Apr 2025 15:15:34,907 TRACE ro.mpp2024.repository.ParticipantRepository 36 createEntityFromResultSet - Exit with(Marin Ana)
06 Apr 2025 15:15:34,907 TRACE ro.mpp2024.repository.ParticipantRepository 30 createEntityFromResultSet - Enter createEntityFromResultSet
06 Apr 2025 15:15:34,907 TRACE ro.mpp2024.repository.ParticipantRepository 36 createEntityFromResultSet - Exit with(Tudor Alexandru)
06 Apr 2025 15:15:34,908 TRACE ro.mpp2024.repository.ParticipantRepository 30 createEntityFromResultSet - Enter createEntityFromResultSet
06 Apr 2025 15:15:34,908 TRACE ro.mpp2024.repository.ParticipantRepository 36 createEntityFromResultSet - Exit with(Petrescu Gabriel)
06 Apr 2025 15:15:34,908 TRACE ro.mpp2024.repository.ParticipantRepository 30 createEntityFromResultSet - Enter createEntityFromResultSet
06 Apr 2025 15:15:34,908 TRACE ro.mpp2024.repository.ParticipantRepository 36 createEntityFromResultSet - Exit with(Iliescu Daniela)
06 Apr 2025 15:15:34,908 TRACE ro.mpp2024.repository.ParticipantRepository 30 createEntityFromResultSet - Enter createEntityFromResultSet
06 Apr 2025 15:15:34,909 TRACE ro.mpp2024.repository.ParticipantRepository 36 createEntityFromResultSet - Exit with(Vasilescu Florin)
06 Apr 2025 15:15:34,909 TRACE ro.mpp2024.repository.ParticipantRepository 30 createEntityFromResultSet - Enter createEntityFromResultSet
06 Apr 2025 15:15:34,909 TRACE ro.mpp2024.repository.ParticipantRepository 36 createEntityFromResultSet - Exit with(Dobre Adriana)
06 Apr 2025 15:15:34,909 TRACE ro.mpp2024.repository.ParticipantRepository 30 createEntityFromResultSet - Enter createEntityFromResultSet
06 Apr 2025 15:15:34,909 TRACE ro.mpp2024.repository.ParticipantRepository 36 createEntityFromResultSet - Exit with(Munteanu Sorin)
06 Apr 2025 15:15:34,910 TRACE ro.mpp2024.repository.ParticipantRepository 30 createEntityFromResultSet - Enter createEntityFromResultSet
06 Apr 2025 15:15:34,910 TRACE ro.mpp2024.repository.ParticipantRepository 36 createEntityFromResultSet - Exit with(Nistor Carmen)
06 Apr 2025 15:15:34,910 TRACE ro.mpp2024.repository.ParticipantRepository 30 createEntityFromResultSet - Enter createEntityFromResultSet
06 Apr 2025 15:15:34,910 TRACE ro.mpp2024.repository.ParticipantRepository 36 createEntityFromResultSet - Exit with(Lazar Roxana)
06 Apr 2025 15:15:34,910 TRACE ro.mpp2024.repository.ParticipantRepository 30 createEntityFromResultSet - Enter createEntityFromResultSet
06 Apr 2025 15:15:34,911 TRACE ro.mpp2024.repository.ParticipantRepository 36 createEntityFromResultSet - Exit with(Gheorghe Vlad)
06 Apr 2025 15:15:34,911 TRACE ro.mpp2024.repository.ParticipantRepository 30 createEntityFromResultSet - Enter createEntityFromResultSet
06 Apr 2025 15:15:34,911 TRACE ro.mpp2024.repository.ParticipantRepository 36 createEntityFromResultSet - Exit with(Barbu Irina)
06 Apr 2025 15:15:34,911 TRACE ro.mpp2024.repository.ParticipantRepository 30 createEntityFromResultSet - Enter createEntityFromResultSet
06 Apr 2025 15:15:34,911 TRACE ro.mpp2024.repository.ParticipantRepository 36 createEntityFromResultSet - Exit with(Constantin Marius)
06 Apr 2025 15:15:34,911 TRACE ro.mpp2024.repository.ParticipantRepository 30 createEntityFromResultSet - Enter createEntityFromResultSet
06 Apr 2025 15:15:34,911 TRACE ro.mpp2024.repository.ParticipantRepository 36 createEntityFromResultSet - Exit with(Enache Laura)
06 Apr 2025 15:15:34,912 TRACE ro.mpp2024.repository.ParticipantRepository 30 createEntityFromResultSet - Enter createEntityFromResultSet
06 Apr 2025 15:15:34,912 TRACE ro.mpp2024.repository.ParticipantRepository 36 createEntityFromResultSet - Exit with(Dragomir Adrian)
06 Apr 2025 15:15:34,912 TRACE ro.mpp2024.repository.ParticipantRepository 30 createEntityFromResultSet - Enter createEntityFromResultSet
06 Apr 2025 15:15:34,912 TRACE ro.mpp2024.repository.ParticipantRepository 36 createEntityFromResultSet - Exit with(Filip Bianca)
06 Apr 2025 15:15:34,912 TRACE ro.mpp2024.repository.ParticipantRepository 30 createEntityFromResultSet - Enter createEntityFromResultSet
06 Apr 2025 15:15:34,912 TRACE ro.mpp2024.repository.ParticipantRepository 36 createEntityFromResultSet - Exit with(Grigore Stefan)
06 Apr 2025 15:15:34,912 TRACE ro.mpp2024.repository.ParticipantRepository 30 createEntityFromResultSet - Enter createEntityFromResultSet
06 Apr 2025 15:15:34,912 TRACE ro.mpp2024.repository.ParticipantRepository 36 createEntityFromResultSet - Exit with(Hagi Diana)
06 Apr 2025 15:15:34,912 TRACE ro.mpp2024.repository.ParticipantRepository 30 createEntityFromResultSet - Enter createEntityFromResultSet
06 Apr 2025 15:15:34,913 TRACE ro.mpp2024.repository.ParticipantRepository 36 createEntityFromResultSet - Exit with(Iacob Radu)
06 Apr 2025 15:15:34,913 TRACE ro.mpp2024.repository.ParticipantRepository 30 createEntityFromResultSet - Enter createEntityFromResultSet
06 Apr 2025 15:15:34,913 TRACE ro.mpp2024.repository.ParticipantRepository 36 createEntityFromResultSet - Exit with(Jianu Oana)
06 Apr 2025 15:15:34,913 TRACE ro.mpp2024.repository.ParticipantRepository 30 createEntityFromResultSet - Enter createEntityFromResultSet
06 Apr 2025 15:15:34,913 TRACE ro.mpp2024.repository.ParticipantRepository 36 createEntityFromResultSet - Exit with(Kovacs Cristina)
06 Apr 2025 15:15:34,913 TRACE ro.mpp2024.repository.ParticipantRepository 30 createEntityFromResultSet - Enter createEntityFromResultSet
06 Apr 2025 15:15:34,914 TRACE ro.mpp2024.repository.ParticipantRepository 36 createEntityFromResultSet - Exit with(Lupu George)
06 Apr 2025 15:15:34,914 TRACE ro.mpp2024.repository.ParticipantRepository 30 createEntityFromResultSet - Enter createEntityFromResultSet
06 Apr 2025 15:15:34,914 TRACE ro.mpp2024.repository.ParticipantRepository 36 createEntityFromResultSet - Exit with(Manole Simona)
06 Apr 2025 15:15:34,914 TRACE ro.mpp2024.repository.ParticipantRepository 30 createEntityFromResultSet - Enter createEntityFromResultSet
06 Apr 2025 15:15:34,914 TRACE ro.mpp2024.repository.ParticipantRepository 36 createEntityFromResultSet - Exit with(Nedelcu Alexandra)
06 Apr 2025 15:15:34,915 TRACE ro.mpp2024.repository.ParticipantRepository 30 createEntityFromResultSet - Enter createEntityFromResultSet
06 Apr 2025 15:15:34,915 TRACE ro.mpp2024.repository.ParticipantRepository 36 createEntityFromResultSet - Exit with(Oprea Bogdan)
06 Apr 2025 15:15:34,915 TRACE ro.mpp2024.repository.ParticipantRepository 30 createEntityFromResultSet - Enter createEntityFromResultSet
06 Apr 2025 15:15:34,915 TRACE ro.mpp2024.repository.ParticipantRepository 36 createEntityFromResultSet - Exit with(Pavel Monica)
06 Apr 2025 15:15:34,915 TRACE ro.mpp2024.repository.ParticipantRepository 30 createEntityFromResultSet - Enter createEntityFromResultSet
06 Apr 2025 15:15:34,915 TRACE ro.mpp2024.repository.ParticipantRepository 36 createEntityFromResultSet - Exit with(Rusu Andreea)
06 Apr 2025 15:15:34,916 TRACE ro.mpp2024.repository.ParticipantRepository 30 createEntityFromResultSet - Enter createEntityFromResultSet
06 Apr 2025 15:15:34,916 TRACE ro.mpp2024.repository.ParticipantRepository 36 createEntityFromResultSet - Exit with(Sandu Victor)
06 Apr 2025 15:15:34,916 TRACE ro.mpp2024.repository.ParticipantRepository 30 createEntityFromResultSet - Enter createEntityFromResultSet
06 Apr 2025 15:15:34,916 TRACE ro.mpp2024.repository.ParticipantRepository 36 createEntityFromResultSet - Exit with(Toma Gabriela)
06 Apr 2025 15:15:34,916 TRACE ro.mpp2024.repository.ParticipantRepository 30 createEntityFromResultSet - Enter createEntityFromResultSet
06 Apr 2025 15:15:34,916 TRACE ro.mpp2024.repository.ParticipantRepository 36 createEntityFromResultSet - Exit with(Ursu Mihail)
06 Apr 2025 15:15:34,916 TRACE ro.mpp2024.repository.ParticipantRepository 30 createEntityFromResultSet - Enter createEntityFromResultSet
06 Apr 2025 15:15:34,916 TRACE ro.mpp2024.repository.ParticipantRepository 36 createEntityFromResultSet - Exit with(Vlad Anca)
06 Apr 2025 15:15:34,916 TRACE ro.mpp2024.repository.ParticipantRepository 30 createEntityFromResultSet - Enter createEntityFromResultSet
06 Apr 2025 15:15:34,917 TRACE ro.mpp2024.repository.ParticipantRepository 36 createEntityFromResultSet - Exit with(Zamfir Lucian)
06 Apr 2025 15:15:34,917 TRACE ro.mpp2024.repository.ParticipantRepository 30 createEntityFromResultSet - Enter createEntityFromResultSet
06 Apr 2025 15:15:34,917 TRACE ro.mpp2024.repository.ParticipantRepository 36 createEntityFromResultSet - Exit with(Voicu Raluca)
06 Apr 2025 15:15:34,917 TRACE ro.mpp2024.repository.ParticipantRepository 30 createEntityFromResultSet - Enter createEntityFromResultSet
06 Apr 2025 15:15:34,917 TRACE ro.mpp2024.repository.ParticipantRepository 36 createEntityFromResultSet - Exit with(nume prenume)
06 Apr 2025 15:15:34,918 TRACE ro.mpp2024.repository.ParticipantRepository 56 findAll - Exit with([Popescu Ion, Ionescu Maria, Georgescu Andrei, Dumitrescu Elena, Popa Mihai, Stan Ioana, Radu Cristian, Marin Ana, Tudor Alexandru, Petrescu Gabriel, Iliescu Daniela, Vasilescu Florin, Dobre Adriana, Munteanu Sorin, Nistor Carmen, Lazar Roxana, Gheorghe Vlad, Barbu Irina, Constantin Marius, Enache Laura, Dragomir Adrian, Filip Bianca, Grigore Stefan, Hagi Diana, Iacob Radu, Jianu Oana, Kovacs Cristina, Lupu George, Manole Simona, Nedelcu Alexandra, Oprea Bogdan, Pavel Monica, Rusu Andreea, Sandu Victor, Toma Gabriela, Ursu Mihail, Vlad Anca, Zamfir Lucian, Voicu Raluca, nume prenume])
06 Apr 2025 15:15:34,919 DEBUG ro.mpp2024.StartJsonServer 54 main - Starting server on port: 55556
06 Apr 2025 15:15:34,921 DEBUG ro.mpp2024.networkUtils.AbsConcurrentServer 13 <init> - Concurrent AbstractServer
06 Apr 2025 15:15:34,922 INFO  ro.mpp2024.networkUtils.JsonConcurrentServer 17 <init> - JsonConcurrentServer
06 Apr 2025 15:15:34,927 INFO  chat.network.utils.AbstractServer 25 start - Waiting for clients ...
06 Apr 2025 15:15:46,768 INFO  chat.network.utils.AbstractServer 27 start - Client connected ...
06 Apr 2025 15:15:46,810 INFO  chat.network.utils.AbstractServer 25 start - Waiting for clients ...
06 Apr 2025 15:15:46,818 DEBUG ro.mpp2024.protocol.ClientWorkerJson 90 handleRequest - Login request UserDTO{nume='', username='bob.smith', password='U2VjdXJlUEBzczI=', probaId=''}
06 Apr 2025 15:15:46,819 TRACE ro.mpp2024.utils.JdbcUtils 48 getConnection - Enter
06 Apr 2025 15:15:46,819 TRACE ro.mpp2024.utils.JdbcUtils 57 getConnection - Exit with(org.sqlite.jdbc4.JDBC4Connection@7133da86)
06 Apr 2025 15:15:46,819 TRACE ro.mpp2024.repository.ArbitruRepository 29 createEntityFromResultSet - Enter createEntityFromResultSet
06 Apr 2025 15:15:46,820 TRACE ro.mpp2024.repository.ArbitruRepository 36 createEntityFromResultSet - Exit with(Arbitru{nume='Bob Smith', username='bob.smith', password='U2VjdXJlUEBzczI=', id_proba=c1})
06 Apr 2025 15:15:46,823 DEBUG ro.mpp2024.protocol.ClientWorkerJson 79 sendResponse - sending response {"type":"LOGGED_ACC","user":{"id":21,"nume":"Bob Smith","username":"bob.smith","password":"U2VjdXJlUEBzczI\u003d","id_proba":"c1"}}
06 Apr 2025 15:16:02,763 DEBUG ro.mpp2024.protocol.ClientWorkerJson 115 handleRequest - Get all rezultate request fornull
06 Apr 2025 15:16:02,763 TRACE ro.mpp2024.repository.RezultatRepository 144 listaParticipantiPuncteAlfabetic - Enter listaParticipantiPuncteAlfabetic
06 Apr 2025 15:16:02,763 TRACE ro.mpp2024.utils.JdbcUtils 48 getConnection - Enter
06 Apr 2025 15:16:02,763 TRACE ro.mpp2024.utils.JdbcUtils 57 getConnection - Exit with(org.sqlite.jdbc4.JDBC4Connection@7133da86)
06 Apr 2025 15:16:02,765 TRACE ro.mpp2024.repository.RezultatRepository 162 listaParticipantiPuncteAlfabetic - Enter Terminat dictionar
06 Apr 2025 15:16:02,766 DEBUG ro.mpp2024.protocol.ClientWorkerJson 79 sendResponse - sending response {"type":"ALL_REZULTATE","punctaje":[{"idParticipant":18,"nume":"Barbu","prenume":"Irina","varsta":27,"punctaj":230},{"idParticipant":19,"nume":"Constantin","prenume":"Marius","varsta":30,"punctaj":278},{"idParticipant":13,"nume":"Dobre","prenume":"Adriana","varsta":34,"punctaj":165},{"idParticipant":21,"nume":"Dragomir","prenume":"Adrian","varsta":26,"punctaj":130},{"idParticipant":4,"nume":"Dumitrescu","prenume":"Elena","varsta":28,"punctaj":143},{"idParticipant":20,"nume":"Enache","prenume":"Laura","varsta":29,"punctaj":315},{"idParticipant":22,"nume":"Filip","prenume":"Bianca","varsta":31,"punctaj":307},{"idParticipant":3,"nume":"Georgescu","prenume":"Andrei","varsta":22,"punctaj":122},{"idParticipant":17,"nume":"Gheorghe","prenume":"Vlad","varsta":28,"punctaj":200},{"idParticipant":23,"nume":"Grigore","prenume":"Stefan","varsta":24,"punctaj":145},{"idParticipant":24,"nume":"Hagi","prenume":"Diana","varsta":32,"punctaj":193},{"idParticipant":25,"nume":"Iacob","prenume":"Radu","varsta":23,"punctaj":195},{"idParticipant":11,"nume":"Iliescu","prenume":"Daniela","varsta":32,"punctaj":310},{"idParticipant":2,"nume":"Ionescu","prenume":"Maria","varsta":30,"punctaj":156},{"idParticipant":26,"nume":"Jianu","prenume":"Oana","varsta":34,"punctaj":142},{"idParticipant":27,"nume":"Kovacs","prenume":"Cristina","varsta":21,"punctaj":199},{"idParticipant":16,"nume":"Lazar","prenume":"Roxana","varsta":25,"punctaj":185},{"idParticipant":28,"nume":"Lupu","prenume":"George","varsta":33,"punctaj":199},{"idParticipant":29,"nume":"Manole","prenume":"Simona","varsta":25,"punctaj":117},{"idParticipant":8,"nume":"Marin","prenume":"Ana","varsta":29,"punctaj":134},{"idParticipant":14,"nume":"Munteanu","prenume":"Sorin","varsta":21,"punctaj":301},{"idParticipant":30,"nume":"Nedelcu","prenume":"Alexandra","varsta":28,"punctaj":169},{"idParticipant":15,"nume":"Nistor","prenume":"Carmen","varsta":33,"punctaj":189},{"idParticipant":40,"nume":"nume","prenume":"prenume","varsta":20,"punctaj":300},{"idParticipant":31,"nume":"Oprea","prenume":"Bogdan","varsta":27,"punctaj":282},{"idParticipant":32,"nume":"Pavel","prenume":"Monica","varsta":30,"punctaj":111},{"idParticipant":10,"nume":"Petrescu","prenume":"Gabriel","varsta":26,"punctaj":188},{"idParticipant":5,"nume":"Popa","prenume":"Mihai","varsta":35,"punctaj":282},{"idParticipant":1,"nume":"Popescu","prenume":"Ion","varsta":25,"punctaj":158},{"idParticipant":7,"nume":"Radu","prenume":"Cristian","varsta":24,"punctaj":256},{"idParticipant":33,"nume":"Rusu","prenume":"Andreea","varsta":29,"punctaj":313},{"idParticipant":34,"nume":"Sandu","prenume":"Victor","varsta":26,"punctaj":115},{"idParticipant":6,"nume":"Stan","prenume":"Ioana","varsta":27,"punctaj":289},{"idParticipant":35,"nume":"Toma","prenume":"Gabriela","varsta":31,"punctaj":132},{"idParticipant":9,"nume":"Tudor","prenume":"Alexandru","varsta":31,"punctaj":288},{"idParticipant":36,"nume":"Ursu","prenume":"Mihail","varsta":24,"punctaj":155},{"idParticipant":12,"nume":"Vasilescu","prenume":"Florin","varsta":23,"punctaj":472},{"idParticipant":37,"nume":"Vlad","prenume":"Anca","varsta":32,"punctaj":138},{"idParticipant":39,"nume":"Voicu","prenume":"Raluca","varsta":34,"punctaj":190},{"idParticipant":38,"nume":"Zamfir","prenume":"Lucian","varsta":23,"punctaj":177}]}
06 Apr 2025 15:16:04,323 DEBUG ro.mpp2024.protocol.ClientWorkerJson 103 handleRequest - Get rezultate request forUserDTO{nume='', username='', password='', probaId='c1'}
06 Apr 2025 15:16:04,323 TRACE ro.mpp2024.repository.RezultatRepository 168 listaParticiapntPuncteProbaDescrescator - Enter listaParticiapntPuncteProbaDescrescator
06 Apr 2025 15:16:04,323 TRACE ro.mpp2024.utils.JdbcUtils 48 getConnection - Enter
06 Apr 2025 15:16:04,323 TRACE ro.mpp2024.utils.JdbcUtils 57 getConnection - Exit with(org.sqlite.jdbc4.JDBC4Connection@7133da86)
06 Apr 2025 15:16:04,324 TRACE ro.mpp2024.repository.RezultatRepository 186 listaParticiapntPuncteProbaDescrescator - Enter Terminat dictionar
06 Apr 2025 15:16:04,324 DEBUG ro.mpp2024.protocol.ClientWorkerJson 79 sendResponse - sending response {"type":"REZULTATE","punctaje":[{"idParticipant":38,"nume":"Zamfir","prenume":"Lucian","varsta":23,"punctaj":177},{"idParticipant":6,"nume":"Stan","prenume":"Ioana","varsta":27,"punctaj":152},{"idParticipant":9,"nume":"Tudor","prenume":"Alexandru","varsta":31,"punctaj":150},{"idParticipant":12,"nume":"Vasilescu","prenume":"Florin","varsta":23,"punctaj":100},{"idParticipant":18,"nume":"Barbu","prenume":"Irina","varsta":27,"punctaj":30},{"idParticipant":37,"nume":"Vlad","prenume":"Anca","varsta":32,"punctaj":10},{"idParticipant":1,"nume":"Popescu","prenume":"Ion","varsta":25,"punctaj":10}]}
06 Apr 2025 15:16:05,335 DEBUG ro.mpp2024.protocol.ClientWorkerJson 141 handleRequest - Get participanti request fornull
06 Apr 2025 15:16:05,335 TRACE ro.mpp2024.repository.ParticipantRepository 42 findAll - Enter
06 Apr 2025 15:16:05,335 TRACE ro.mpp2024.utils.JdbcUtils 48 getConnection - Enter
06 Apr 2025 15:16:05,336 TRACE ro.mpp2024.utils.JdbcUtils 57 getConnection - Exit with(org.sqlite.jdbc4.JDBC4Connection@7133da86)
06 Apr 2025 15:16:05,336 TRACE ro.mpp2024.repository.ParticipantRepository 30 createEntityFromResultSet - Enter createEntityFromResultSet
06 Apr 2025 15:16:05,336 TRACE ro.mpp2024.repository.ParticipantRepository 36 createEntityFromResultSet - Exit with(Popescu Ion)
06 Apr 2025 15:16:05,336 TRACE ro.mpp2024.repository.ParticipantRepository 30 createEntityFromResultSet - Enter createEntityFromResultSet
06 Apr 2025 15:16:05,336 TRACE ro.mpp2024.repository.ParticipantRepository 36 createEntityFromResultSet - Exit with(Ionescu Maria)
06 Apr 2025 15:16:05,336 TRACE ro.mpp2024.repository.ParticipantRepository 30 createEntityFromResultSet - Enter createEntityFromResultSet
06 Apr 2025 15:16:05,337 TRACE ro.mpp2024.repository.ParticipantRepository 36 createEntityFromResultSet - Exit with(Georgescu Andrei)
06 Apr 2025 15:16:05,337 TRACE ro.mpp2024.repository.ParticipantRepository 30 createEntityFromResultSet - Enter createEntityFromResultSet
06 Apr 2025 15:16:05,337 TRACE ro.mpp2024.repository.ParticipantRepository 36 createEntityFromResultSet - Exit with(Dumitrescu Elena)
06 Apr 2025 15:16:05,337 TRACE ro.mpp2024.repository.ParticipantRepository 30 createEntityFromResultSet - Enter createEntityFromResultSet
06 Apr 2025 15:16:05,337 TRACE ro.mpp2024.repository.ParticipantRepository 36 createEntityFromResultSet - Exit with(Popa Mihai)
06 Apr 2025 15:16:05,337 TRACE ro.mpp2024.repository.ParticipantRepository 30 createEntityFromResultSet - Enter createEntityFromResultSet
06 Apr 2025 15:16:05,337 TRACE ro.mpp2024.repository.ParticipantRepository 36 createEntityFromResultSet - Exit with(Stan Ioana)
06 Apr 2025 15:16:05,337 TRACE ro.mpp2024.repository.ParticipantRepository 30 createEntityFromResultSet - Enter createEntityFromResultSet
06 Apr 2025 15:16:05,338 TRACE ro.mpp2024.repository.ParticipantRepository 36 createEntityFromResultSet - Exit with(Radu Cristian)
06 Apr 2025 15:16:05,338 TRACE ro.mpp2024.repository.ParticipantRepository 30 createEntityFromResultSet - Enter createEntityFromResultSet
06 Apr 2025 15:16:05,338 TRACE ro.mpp2024.repository.ParticipantRepository 36 createEntityFromResultSet - Exit with(Marin Ana)
06 Apr 2025 15:16:05,338 TRACE ro.mpp2024.repository.ParticipantRepository 30 createEntityFromResultSet - Enter createEntityFromResultSet
06 Apr 2025 15:16:05,338 TRACE ro.mpp2024.repository.ParticipantRepository 36 createEntityFromResultSet - Exit with(Tudor Alexandru)
06 Apr 2025 15:16:05,338 TRACE ro.mpp2024.repository.ParticipantRepository 30 createEntityFromResultSet - Enter createEntityFromResultSet
06 Apr 2025 15:16:05,338 TRACE ro.mpp2024.repository.ParticipantRepository 36 createEntityFromResultSet - Exit with(Petrescu Gabriel)
06 Apr 2025 15:16:05,338 TRACE ro.mpp2024.repository.ParticipantRepository 30 createEntityFromResultSet - Enter createEntityFromResultSet
06 Apr 2025 15:16:05,339 TRACE ro.mpp2024.repository.ParticipantRepository 36 createEntityFromResultSet - Exit with(Iliescu Daniela)
06 Apr 2025 15:16:05,339 TRACE ro.mpp2024.repository.ParticipantRepository 30 createEntityFromResultSet - Enter createEntityFromResultSet
06 Apr 2025 15:16:05,339 TRACE ro.mpp2024.repository.ParticipantRepository 36 createEntityFromResultSet - Exit with(Vasilescu Florin)
06 Apr 2025 15:16:05,339 TRACE ro.mpp2024.repository.ParticipantRepository 30 createEntityFromResultSet - Enter createEntityFromResultSet
06 Apr 2025 15:16:05,339 TRACE ro.mpp2024.repository.ParticipantRepository 36 createEntityFromResultSet - Exit with(Dobre Adriana)
06 Apr 2025 15:16:05,339 TRACE ro.mpp2024.repository.ParticipantRepository 30 createEntityFromResultSet - Enter createEntityFromResultSet
06 Apr 2025 15:16:05,339 TRACE ro.mpp2024.repository.ParticipantRepository 36 createEntityFromResultSet - Exit with(Munteanu Sorin)
06 Apr 2025 15:16:05,339 TRACE ro.mpp2024.repository.ParticipantRepository 30 createEntityFromResultSet - Enter createEntityFromResultSet
06 Apr 2025 15:16:05,339 TRACE ro.mpp2024.repository.ParticipantRepository 36 createEntityFromResultSet - Exit with(Nistor Carmen)
06 Apr 2025 15:16:05,340 TRACE ro.mpp2024.repository.ParticipantRepository 30 createEntityFromResultSet - Enter createEntityFromResultSet
06 Apr 2025 15:16:05,340 TRACE ro.mpp2024.repository.ParticipantRepository 36 createEntityFromResultSet - Exit with(Lazar Roxana)
06 Apr 2025 15:16:05,340 TRACE ro.mpp2024.repository.ParticipantRepository 30 createEntityFromResultSet - Enter createEntityFromResultSet
06 Apr 2025 15:16:05,340 TRACE ro.mpp2024.repository.ParticipantRepository 36 createEntityFromResultSet - Exit with(Gheorghe Vlad)
06 Apr 2025 15:16:05,340 TRACE ro.mpp2024.repository.ParticipantRepository 30 createEntityFromResultSet - Enter createEntityFromResultSet
06 Apr 2025 15:16:05,340 TRACE ro.mpp2024.repository.ParticipantRepository 36 createEntityFromResultSet - Exit with(Barbu Irina)
06 Apr 2025 15:16:05,340 TRACE ro.mpp2024.repository.ParticipantRepository 30 createEntityFromResultSet - Enter createEntityFromResultSet
06 Apr 2025 15:16:05,340 TRACE ro.mpp2024.repository.ParticipantRepository 36 createEntityFromResultSet - Exit with(Constantin Marius)
06 Apr 2025 15:16:05,340 TRACE ro.mpp2024.repository.ParticipantRepository 30 createEntityFromResultSet - Enter createEntityFromResultSet
06 Apr 2025 15:16:05,341 TRACE ro.mpp2024.repository.ParticipantRepository 36 createEntityFromResultSet - Exit with(Enache Laura)
06 Apr 2025 15:16:05,341 TRACE ro.mpp2024.repository.ParticipantRepository 30 createEntityFromResultSet - Enter createEntityFromResultSet
06 Apr 2025 15:16:05,341 TRACE ro.mpp2024.repository.ParticipantRepository 36 createEntityFromResultSet - Exit with(Dragomir Adrian)
06 Apr 2025 15:16:05,341 TRACE ro.mpp2024.repository.ParticipantRepository 30 createEntityFromResultSet - Enter createEntityFromResultSet
06 Apr 2025 15:16:05,341 TRACE ro.mpp2024.repository.ParticipantRepository 36 createEntityFromResultSet - Exit with(Filip Bianca)
06 Apr 2025 15:16:05,341 TRACE ro.mpp2024.repository.ParticipantRepository 30 createEntityFromResultSet - Enter createEntityFromResultSet
06 Apr 2025 15:16:05,341 TRACE ro.mpp2024.repository.ParticipantRepository 36 createEntityFromResultSet - Exit with(Grigore Stefan)
06 Apr 2025 15:16:05,341 TRACE ro.mpp2024.repository.ParticipantRepository 30 createEntityFromResultSet - Enter createEntityFromResultSet
06 Apr 2025 15:16:05,341 TRACE ro.mpp2024.repository.ParticipantRepository 36 createEntityFromResultSet - Exit with(Hagi Diana)
06 Apr 2025 15:16:05,342 TRACE ro.mpp2024.repository.ParticipantRepository 30 createEntityFromResultSet - Enter createEntityFromResultSet
06 Apr 2025 15:16:05,342 TRACE ro.mpp2024.repository.ParticipantRepository 36 createEntityFromResultSet - Exit with(Iacob Radu)
06 Apr 2025 15:16:05,342 TRACE ro.mpp2024.repository.ParticipantRepository 30 createEntityFromResultSet - Enter createEntityFromResultSet
06 Apr 2025 15:16:05,342 TRACE ro.mpp2024.repository.ParticipantRepository 36 createEntityFromResultSet - Exit with(Jianu Oana)
06 Apr 2025 15:16:05,342 TRACE ro.mpp2024.repository.ParticipantRepository 30 createEntityFromResultSet - Enter createEntityFromResultSet
06 Apr 2025 15:16:05,342 TRACE ro.mpp2024.repository.ParticipantRepository 36 createEntityFromResultSet - Exit with(Kovacs Cristina)
06 Apr 2025 15:16:05,342 TRACE ro.mpp2024.repository.ParticipantRepository 30 createEntityFromResultSet - Enter createEntityFromResultSet
06 Apr 2025 15:16:05,342 TRACE ro.mpp2024.repository.ParticipantRepository 36 createEntityFromResultSet - Exit with(Lupu George)
06 Apr 2025 15:16:05,342 TRACE ro.mpp2024.repository.ParticipantRepository 30 createEntityFromResultSet - Enter createEntityFromResultSet
06 Apr 2025 15:16:05,342 TRACE ro.mpp2024.repository.ParticipantRepository 36 createEntityFromResultSet - Exit with(Manole Simona)
06 Apr 2025 15:16:05,343 TRACE ro.mpp2024.repository.ParticipantRepository 30 createEntityFromResultSet - Enter createEntityFromResultSet
06 Apr 2025 15:16:05,343 TRACE ro.mpp2024.repository.ParticipantRepository 36 createEntityFromResultSet - Exit with(Nedelcu Alexandra)
06 Apr 2025 15:16:05,343 TRACE ro.mpp2024.repository.ParticipantRepository 30 createEntityFromResultSet - Enter createEntityFromResultSet
06 Apr 2025 15:16:05,343 TRACE ro.mpp2024.repository.ParticipantRepository 36 createEntityFromResultSet - Exit with(Oprea Bogdan)
06 Apr 2025 15:16:05,343 TRACE ro.mpp2024.repository.ParticipantRepository 30 createEntityFromResultSet - Enter createEntityFromResultSet
06 Apr 2025 15:16:05,343 TRACE ro.mpp2024.repository.ParticipantRepository 36 createEntityFromResultSet - Exit with(Pavel Monica)
06 Apr 2025 15:16:05,343 TRACE ro.mpp2024.repository.ParticipantRepository 30 createEntityFromResultSet - Enter createEntityFromResultSet
06 Apr 2025 15:16:05,343 TRACE ro.mpp2024.repository.ParticipantRepository 36 createEntityFromResultSet - Exit with(Rusu Andreea)
06 Apr 2025 15:16:05,343 TRACE ro.mpp2024.repository.ParticipantRepository 30 createEntityFromResultSet - Enter createEntityFromResultSet
06 Apr 2025 15:16:05,344 TRACE ro.mpp2024.repository.ParticipantRepository 36 createEntityFromResultSet - Exit with(Sandu Victor)
06 Apr 2025 15:16:05,344 TRACE ro.mpp2024.repository.ParticipantRepository 30 createEntityFromResultSet - Enter createEntityFromResultSet
06 Apr 2025 15:16:05,344 TRACE ro.mpp2024.repository.ParticipantRepository 36 createEntityFromResultSet - Exit with(Toma Gabriela)
06 Apr 2025 15:16:05,344 TRACE ro.mpp2024.repository.ParticipantRepository 30 createEntityFromResultSet - Enter createEntityFromResultSet
06 Apr 2025 15:16:05,344 TRACE ro.mpp2024.repository.ParticipantRepository 36 createEntityFromResultSet - Exit with(Ursu Mihail)
06 Apr 2025 15:16:05,344 TRACE ro.mpp2024.repository.ParticipantRepository 30 createEntityFromResultSet - Enter createEntityFromResultSet
06 Apr 2025 15:16:05,344 TRACE ro.mpp2024.repository.ParticipantRepository 36 createEntityFromResultSet - Exit with(Vlad Anca)
06 Apr 2025 15:16:05,344 TRACE ro.mpp2024.repository.ParticipantRepository 30 createEntityFromResultSet - Enter createEntityFromResultSet
06 Apr 2025 15:16:05,344 TRACE ro.mpp2024.repository.ParticipantRepository 36 createEntityFromResultSet - Exit with(Zamfir Lucian)
06 Apr 2025 15:16:05,344 TRACE ro.mpp2024.repository.ParticipantRepository 30 createEntityFromResultSet - Enter createEntityFromResultSet
06 Apr 2025 15:16:05,345 TRACE ro.mpp2024.repository.ParticipantRepository 36 createEntityFromResultSet - Exit with(Voicu Raluca)
06 Apr 2025 15:16:05,345 TRACE ro.mpp2024.repository.ParticipantRepository 30 createEntityFromResultSet - Enter createEntityFromResultSet
06 Apr 2025 15:16:05,345 TRACE ro.mpp2024.repository.ParticipantRepository 36 createEntityFromResultSet - Exit with(nume prenume)
06 Apr 2025 15:16:05,345 TRACE ro.mpp2024.repository.ParticipantRepository 56 findAll - Exit with([Popescu Ion, Ionescu Maria, Georgescu Andrei, Dumitrescu Elena, Popa Mihai, Stan Ioana, Radu Cristian, Marin Ana, Tudor Alexandru, Petrescu Gabriel, Iliescu Daniela, Vasilescu Florin, Dobre Adriana, Munteanu Sorin, Nistor Carmen, Lazar Roxana, Gheorghe Vlad, Barbu Irina, Constantin Marius, Enache Laura, Dragomir Adrian, Filip Bianca, Grigore Stefan, Hagi Diana, Iacob Radu, Jianu Oana, Kovacs Cristina, Lupu George, Manole Simona, Nedelcu Alexandra, Oprea Bogdan, Pavel Monica, Rusu Andreea, Sandu Victor, Toma Gabriela, Ursu Mihail, Vlad Anca, Zamfir Lucian, Voicu Raluca, nume prenume])
06 Apr 2025 15:16:05,348 DEBUG ro.mpp2024.protocol.ClientWorkerJson 79 sendResponse - sending response {"type":"PARTICIPANTI","participanti":[{"idParticipant":1,"nume":"Popescu","prenume":"Ion","varsta":25,"punctaj":0},{"idParticipant":2,"nume":"Ionescu","prenume":"Maria","varsta":30,"punctaj":0},{"idParticipant":3,"nume":"Georgescu","prenume":"Andrei","varsta":22,"punctaj":0},{"idParticipant":4,"nume":"Dumitrescu","prenume":"Elena","varsta":28,"punctaj":0},{"idParticipant":5,"nume":"Popa","prenume":"Mihai","varsta":35,"punctaj":0},{"idParticipant":6,"nume":"Stan","prenume":"Ioana","varsta":27,"punctaj":0},{"idParticipant":7,"nume":"Radu","prenume":"Cristian","varsta":24,"punctaj":0},{"idParticipant":8,"nume":"Marin","prenume":"Ana","varsta":29,"punctaj":0},{"idParticipant":9,"nume":"Tudor","prenume":"Alexandru","varsta":31,"punctaj":0},{"idParticipant":10,"nume":"Petrescu","prenume":"Gabriel","varsta":26,"punctaj":0},{"idParticipant":11,"nume":"Iliescu","prenume":"Daniela","varsta":32,"punctaj":0},{"idParticipant":12,"nume":"Vasilescu","prenume":"Florin","varsta":23,"punctaj":0},{"idParticipant":13,"nume":"Dobre","prenume":"Adriana","varsta":34,"punctaj":0},{"idParticipant":14,"nume":"Munteanu","prenume":"Sorin","varsta":21,"punctaj":0},{"idParticipant":15,"nume":"Nistor","prenume":"Carmen","varsta":33,"punctaj":0},{"idParticipant":16,"nume":"Lazar","prenume":"Roxana","varsta":25,"punctaj":0},{"idParticipant":17,"nume":"Gheorghe","prenume":"Vlad","varsta":28,"punctaj":0},{"idParticipant":18,"nume":"Barbu","prenume":"Irina","varsta":27,"punctaj":0},{"idParticipant":19,"nume":"Constantin","prenume":"Marius","varsta":30,"punctaj":0},{"idParticipant":20,"nume":"Enache","prenume":"Laura","varsta":29,"punctaj":0},{"idParticipant":21,"nume":"Dragomir","prenume":"Adrian","varsta":26,"punctaj":0},{"idParticipant":22,"nume":"Filip","prenume":"Bianca","varsta":31,"punctaj":0},{"idParticipant":23,"nume":"Grigore","prenume":"Stefan","varsta":24,"punctaj":0},{"idParticipant":24,"nume":"Hagi","prenume":"Diana","varsta":32,"punctaj":0},{"idParticipant":25,"nume":"Iacob","prenume":"Radu","varsta":23,"punctaj":0},{"idParticipant":26,"nume":"Jianu","prenume":"Oana","varsta":34,"punctaj":0},{"idParticipant":27,"nume":"Kovacs","prenume":"Cristina","varsta":21,"punctaj":0},{"idParticipant":28,"nume":"Lupu","prenume":"George","varsta":33,"punctaj":0},{"idParticipant":29,"nume":"Manole","prenume":"Simona","varsta":25,"punctaj":0},{"idParticipant":30,"nume":"Nedelcu","prenume":"Alexandra","varsta":28,"punctaj":0},{"idParticipant":31,"nume":"Oprea","prenume":"Bogdan","varsta":27,"punctaj":0},{"idParticipant":32,"nume":"Pavel","prenume":"Monica","varsta":30,"punctaj":0},{"idParticipant":33,"nume":"Rusu","prenume":"Andreea","varsta":29,"punctaj":0},{"idParticipant":34,"nume":"Sandu","prenume":"Victor","varsta":26,"punctaj":0},{"idParticipant":35,"nume":"Toma","prenume":"Gabriela","varsta":31,"punctaj":0},{"idParticipant":36,"nume":"Ursu","prenume":"Mihail","varsta":24,"punctaj":0},{"idParticipant":37,"nume":"Vlad","prenume":"Anca","varsta":32,"punctaj":0},{"idParticipant":38,"nume":"Zamfir","prenume":"Lucian","varsta":23,"punctaj":0},{"idParticipant":39,"nume":"Voicu","prenume":"Raluca","varsta":34,"punctaj":0},{"idParticipant":40,"nume":"nume","prenume":"prenume","varsta":20,"punctaj":0}]}
06 Apr 2025 15:16:36,511 DEBUG ro.mpp2024.protocol.ClientWorkerJson 126 handleRequest - Add rezultat request RezultatDTO{idProba='c1', idParticipant=13, puncte=10}
06 Apr 2025 15:17:26,219 TRACE ro.mpp2024.services.ServerService 40 addRezultat - Enter
06 Apr 2025 15:17:27,070 TRACE ro.mpp2024.repository.ParticipantRepository 62 findOne - Enter
06 Apr 2025 15:17:27,071 TRACE ro.mpp2024.utils.JdbcUtils 48 getConnection - Enter
06 Apr 2025 15:17:27,071 TRACE ro.mpp2024.utils.JdbcUtils 57 getConnection - Exit with(org.sqlite.jdbc4.JDBC4Connection@7133da86)
06 Apr 2025 15:17:27,072 TRACE ro.mpp2024.repository.ParticipantRepository 30 createEntityFromResultSet - Enter createEntityFromResultSet
06 Apr 2025 15:17:27,073 TRACE ro.mpp2024.repository.ParticipantRepository 36 createEntityFromResultSet - Exit with(Dobre Adriana)
06 Apr 2025 15:17:27,074 TRACE ro.mpp2024.repository.ParticipantRepository 76 findOne - Exit with(Dobre Adriana)
06 Apr 2025 15:17:27,545 TRACE ro.mpp2024.repository.ProbaRepository 63 findOne - Enter findOne
06 Apr 2025 15:17:27,546 TRACE ro.mpp2024.utils.JdbcUtils 48 getConnection - Enter
06 Apr 2025 15:17:27,546 TRACE ro.mpp2024.utils.JdbcUtils 57 getConnection - Exit with(org.sqlite.jdbc4.JDBC4Connection@7133da86)
06 Apr 2025 15:17:27,548 TRACE ro.mpp2024.repository.ProbaRepository 31 createEntityFromResultSet - Enter createEntityFromResultSet
06 Apr 2025 15:17:27,565 TRACE ro.mpp2024.repository.ProbaRepository 37 createEntityFromResultSet - Exit with(Proba{nume='Pedalat 200 de m', arbitru=1, categorie=ciclism})
06 Apr 2025 15:17:27,566 TRACE ro.mpp2024.repository.ProbaRepository 77 findOne - Exit with(Proba{nume='Pedalat 200 de m', arbitru=1, categorie=ciclism})
06 Apr 2025 15:17:28,014 TRACE ro.mpp2024.repository.RezultatRepository 116 save - Enter save
06 Apr 2025 15:17:28,015 TRACE ro.mpp2024.utils.JdbcUtils 48 getConnection - Enter
06 Apr 2025 15:17:28,015 TRACE ro.mpp2024.utils.JdbcUtils 57 getConnection - Exit with(org.sqlite.jdbc4.JDBC4Connection@7133da86)
06 Apr 2025 15:17:28,025 TRACE ro.mpp2024.repository.RezultatRepository 127 save - Exit
06 Apr 2025 15:17:29,355 TRACE ro.mpp2024.services.ServerService 44 addRezultat - Exit
06 Apr 2025 15:18:04,532 DEBUG ro.mpp2024.protocol.ClientWorkerJson 79 sendResponse - sending response {"type":"REZULTAT_ADDED","rezultat":{"idProba":"c1","idParticipant":13,"numeParticipant":"Dobre","prenumeParticipant":"Adriana","puncte":10}}
06 Apr 2025 15:22:14,587 INFO  ro.mpp2024.StartJsonServer 24 main - Server properties: {server.port=55556, jdbc.url=jdbc:sqlite:src/main/resources/triatlon.db}
06 Apr 2025 15:22:14,593 INFO  ro.mpp2024.repository.ArbitruRepository 23 <init> - Initializing IArbitruRepository with properties: {} 
06 Apr 2025 15:22:14,594 INFO  ro.mpp2024.repository.ProbaRepository 25 <init> - Initializing ProbaRepository with properties: {} 
06 Apr 2025 15:22:14,595 INFO  ro.mpp2024.repository.ParticipantRepository 24 <init> - Initializing ParticipantRepository with properties: {} 
06 Apr 2025 15:22:14,596 INFO  ro.mpp2024.repository.RezultatRepository 25 <init> - Initializing RezultatRepository with properties: {} 
06 Apr 2025 15:22:14,597 INFO  ro.mpp2024.services.ServerService 32 <init> - Service Rezultat made
06 Apr 2025 15:22:14,598 DEBUG ro.mpp2024.StartJsonServer 50 main - Starting server on port: 55556
06 Apr 2025 15:22:14,599 DEBUG ro.mpp2024.networkUtils.AbsConcurrentServer 13 <init> - Concurrent AbstractServer
06 Apr 2025 15:22:14,599 INFO  ro.mpp2024.networkUtils.JsonConcurrentServer 17 <init> - JsonConcurrentServer
06 Apr 2025 15:22:14,605 INFO  chat.network.utils.AbstractServer 25 start - Waiting for clients ...
06 Apr 2025 15:23:33,050 INFO  chat.network.utils.AbstractServer 27 start - Client connected ...
06 Apr 2025 15:23:33,086 INFO  chat.network.utils.AbstractServer 25 start - Waiting for clients ...
06 Apr 2025 15:23:33,094 DEBUG ro.mpp2024.protocol.ClientWorkerJson 90 handleRequest - Login request UserDTO{nume='', username='bob.smith', password='U2VjdXJlUEBzczI=', probaId=''}
06 Apr 2025 15:23:33,097 TRACE ro.mpp2024.utils.JdbcUtils 48 getConnection - Enter
06 Apr 2025 15:23:33,097 TRACE ro.mpp2024.utils.JdbcUtils 25 getNewConnection - Enter
06 Apr 2025 15:23:33,097 INFO  ro.mpp2024.utils.JdbcUtils 30 getNewConnection - trying to connect to database ... jdbc:sqlite:src/main/resources/triatlon.db
06 Apr 2025 15:23:33,097 INFO  ro.mpp2024.utils.JdbcUtils 31 getNewConnection - user: null
06 Apr 2025 15:23:33,097 INFO  ro.mpp2024.utils.JdbcUtils 32 getNewConnection - pass: null
06 Apr 2025 15:23:33,206 TRACE ro.mpp2024.utils.JdbcUtils 57 getConnection - Exit with(org.sqlite.jdbc4.JDBC4Connection@4517f1c4)
06 Apr 2025 15:23:33,209 TRACE ro.mpp2024.repository.ArbitruRepository 29 createEntityFromResultSet - Enter createEntityFromResultSet
06 Apr 2025 15:23:33,209 TRACE ro.mpp2024.repository.ArbitruRepository 36 createEntityFromResultSet - Exit with(Arbitru{nume='Bob Smith', username='bob.smith', password='U2VjdXJlUEBzczI=', id_proba=c1})
06 Apr 2025 15:23:33,212 DEBUG ro.mpp2024.protocol.ClientWorkerJson 79 sendResponse - sending response {"type":"LOGGED_ACC","user":{"id":21,"nume":"Bob Smith","username":"bob.smith","password":"U2VjdXJlUEBzczI\u003d","id_proba":"c1"}}
06 Apr 2025 15:23:42,817 DEBUG ro.mpp2024.protocol.ClientWorkerJson 115 handleRequest - Get all rezultate request fornull
06 Apr 2025 15:23:42,817 TRACE ro.mpp2024.repository.RezultatRepository 144 listaParticipantiPuncteAlfabetic - Enter listaParticipantiPuncteAlfabetic
06 Apr 2025 15:23:42,817 TRACE ro.mpp2024.utils.JdbcUtils 48 getConnection - Enter
06 Apr 2025 15:23:42,818 TRACE ro.mpp2024.utils.JdbcUtils 57 getConnection - Exit with(org.sqlite.jdbc4.JDBC4Connection@4517f1c4)
06 Apr 2025 15:23:42,819 TRACE ro.mpp2024.repository.RezultatRepository 162 listaParticipantiPuncteAlfabetic - Enter Terminat dictionar
06 Apr 2025 15:23:42,821 DEBUG ro.mpp2024.protocol.ClientWorkerJson 79 sendResponse - sending response {"type":"ALL_REZULTATE","punctaje":[{"idParticipant":18,"nume":"Barbu","prenume":"Irina","varsta":27,"punctaj":230},{"idParticipant":19,"nume":"Constantin","prenume":"Marius","varsta":30,"punctaj":278},{"idParticipant":13,"nume":"Dobre","prenume":"Adriana","varsta":34,"punctaj":175},{"idParticipant":21,"nume":"Dragomir","prenume":"Adrian","varsta":26,"punctaj":130},{"idParticipant":4,"nume":"Dumitrescu","prenume":"Elena","varsta":28,"punctaj":143},{"idParticipant":20,"nume":"Enache","prenume":"Laura","varsta":29,"punctaj":315},{"idParticipant":22,"nume":"Filip","prenume":"Bianca","varsta":31,"punctaj":307},{"idParticipant":3,"nume":"Georgescu","prenume":"Andrei","varsta":22,"punctaj":122},{"idParticipant":17,"nume":"Gheorghe","prenume":"Vlad","varsta":28,"punctaj":200},{"idParticipant":23,"nume":"Grigore","prenume":"Stefan","varsta":24,"punctaj":145},{"idParticipant":24,"nume":"Hagi","prenume":"Diana","varsta":32,"punctaj":193},{"idParticipant":25,"nume":"Iacob","prenume":"Radu","varsta":23,"punctaj":195},{"idParticipant":11,"nume":"Iliescu","prenume":"Daniela","varsta":32,"punctaj":310},{"idParticipant":2,"nume":"Ionescu","prenume":"Maria","varsta":30,"punctaj":156},{"idParticipant":26,"nume":"Jianu","prenume":"Oana","varsta":34,"punctaj":142},{"idParticipant":27,"nume":"Kovacs","prenume":"Cristina","varsta":21,"punctaj":199},{"idParticipant":16,"nume":"Lazar","prenume":"Roxana","varsta":25,"punctaj":185},{"idParticipant":28,"nume":"Lupu","prenume":"George","varsta":33,"punctaj":199},{"idParticipant":29,"nume":"Manole","prenume":"Simona","varsta":25,"punctaj":117},{"idParticipant":8,"nume":"Marin","prenume":"Ana","varsta":29,"punctaj":134},{"idParticipant":14,"nume":"Munteanu","prenume":"Sorin","varsta":21,"punctaj":301},{"idParticipant":30,"nume":"Nedelcu","prenume":"Alexandra","varsta":28,"punctaj":169},{"idParticipant":15,"nume":"Nistor","prenume":"Carmen","varsta":33,"punctaj":189},{"idParticipant":40,"nume":"nume","prenume":"prenume","varsta":20,"punctaj":300},{"idParticipant":31,"nume":"Oprea","prenume":"Bogdan","varsta":27,"punctaj":282},{"idParticipant":32,"nume":"Pavel","prenume":"Monica","varsta":30,"punctaj":111},{"idParticipant":10,"nume":"Petrescu","prenume":"Gabriel","varsta":26,"punctaj":188},{"idParticipant":5,"nume":"Popa","prenume":"Mihai","varsta":35,"punctaj":282},{"idParticipant":1,"nume":"Popescu","prenume":"Ion","varsta":25,"punctaj":158},{"idParticipant":7,"nume":"Radu","prenume":"Cristian","varsta":24,"punctaj":256},{"idParticipant":33,"nume":"Rusu","prenume":"Andreea","varsta":29,"punctaj":313},{"idParticipant":34,"nume":"Sandu","prenume":"Victor","varsta":26,"punctaj":115},{"idParticipant":6,"nume":"Stan","prenume":"Ioana","varsta":27,"punctaj":289},{"idParticipant":35,"nume":"Toma","prenume":"Gabriela","varsta":31,"punctaj":132},{"idParticipant":9,"nume":"Tudor","prenume":"Alexandru","varsta":31,"punctaj":288},{"idParticipant":36,"nume":"Ursu","prenume":"Mihail","varsta":24,"punctaj":155},{"idParticipant":12,"nume":"Vasilescu","prenume":"Florin","varsta":23,"punctaj":472},{"idParticipant":37,"nume":"Vlad","prenume":"Anca","varsta":32,"punctaj":138},{"idParticipant":39,"nume":"Voicu","prenume":"Raluca","varsta":34,"punctaj":190},{"idParticipant":38,"nume":"Zamfir","prenume":"Lucian","varsta":23,"punctaj":177}]}
06 Apr 2025 15:23:43,935 DEBUG ro.mpp2024.protocol.ClientWorkerJson 103 handleRequest - Get rezultate request forUserDTO{nume='', username='', password='', probaId='c1'}
06 Apr 2025 15:23:43,935 TRACE ro.mpp2024.repository.RezultatRepository 168 listaParticiapntPuncteProbaDescrescator - Enter listaParticiapntPuncteProbaDescrescator
06 Apr 2025 15:23:43,935 TRACE ro.mpp2024.utils.JdbcUtils 48 getConnection - Enter
06 Apr 2025 15:23:43,935 TRACE ro.mpp2024.utils.JdbcUtils 57 getConnection - Exit with(org.sqlite.jdbc4.JDBC4Connection@4517f1c4)
06 Apr 2025 15:23:43,936 TRACE ro.mpp2024.repository.RezultatRepository 186 listaParticiapntPuncteProbaDescrescator - Enter Terminat dictionar
06 Apr 2025 15:23:43,937 DEBUG ro.mpp2024.protocol.ClientWorkerJson 79 sendResponse - sending response {"type":"REZULTATE","punctaje":[{"idParticipant":38,"nume":"Zamfir","prenume":"Lucian","varsta":23,"punctaj":177},{"idParticipant":6,"nume":"Stan","prenume":"Ioana","varsta":27,"punctaj":152},{"idParticipant":9,"nume":"Tudor","prenume":"Alexandru","varsta":31,"punctaj":150},{"idParticipant":12,"nume":"Vasilescu","prenume":"Florin","varsta":23,"punctaj":100},{"idParticipant":18,"nume":"Barbu","prenume":"Irina","varsta":27,"punctaj":30},{"idParticipant":37,"nume":"Vlad","prenume":"Anca","varsta":32,"punctaj":10},{"idParticipant":13,"nume":"Dobre","prenume":"Adriana","varsta":34,"punctaj":10},{"idParticipant":1,"nume":"Popescu","prenume":"Ion","varsta":25,"punctaj":10}]}
06 Apr 2025 15:23:44,943 DEBUG ro.mpp2024.protocol.ClientWorkerJson 141 handleRequest - Get participanti request fornull
06 Apr 2025 15:23:44,943 TRACE ro.mpp2024.repository.ParticipantRepository 42 findAll - Enter
06 Apr 2025 15:23:44,944 TRACE ro.mpp2024.utils.JdbcUtils 48 getConnection - Enter
06 Apr 2025 15:23:44,944 TRACE ro.mpp2024.utils.JdbcUtils 57 getConnection - Exit with(org.sqlite.jdbc4.JDBC4Connection@4517f1c4)
06 Apr 2025 15:23:44,944 TRACE ro.mpp2024.repository.ParticipantRepository 30 createEntityFromResultSet - Enter createEntityFromResultSet
06 Apr 2025 15:23:44,945 TRACE ro.mpp2024.repository.ParticipantRepository 36 createEntityFromResultSet - Exit with(Popescu Ion)
06 Apr 2025 15:23:44,945 TRACE ro.mpp2024.repository.ParticipantRepository 30 createEntityFromResultSet - Enter createEntityFromResultSet
06 Apr 2025 15:23:44,945 TRACE ro.mpp2024.repository.ParticipantRepository 36 createEntityFromResultSet - Exit with(Ionescu Maria)
06 Apr 2025 15:23:44,945 TRACE ro.mpp2024.repository.ParticipantRepository 30 createEntityFromResultSet - Enter createEntityFromResultSet
06 Apr 2025 15:23:44,945 TRACE ro.mpp2024.repository.ParticipantRepository 36 createEntityFromResultSet - Exit with(Georgescu Andrei)
06 Apr 2025 15:23:44,945 TRACE ro.mpp2024.repository.ParticipantRepository 30 createEntityFromResultSet - Enter createEntityFromResultSet
06 Apr 2025 15:23:44,946 TRACE ro.mpp2024.repository.ParticipantRepository 36 createEntityFromResultSet - Exit with(Dumitrescu Elena)
06 Apr 2025 15:23:44,946 TRACE ro.mpp2024.repository.ParticipantRepository 30 createEntityFromResultSet - Enter createEntityFromResultSet
06 Apr 2025 15:23:44,946 TRACE ro.mpp2024.repository.ParticipantRepository 36 createEntityFromResultSet - Exit with(Popa Mihai)
06 Apr 2025 15:23:44,946 TRACE ro.mpp2024.repository.ParticipantRepository 30 createEntityFromResultSet - Enter createEntityFromResultSet
06 Apr 2025 15:23:44,946 TRACE ro.mpp2024.repository.ParticipantRepository 36 createEntityFromResultSet - Exit with(Stan Ioana)
06 Apr 2025 15:23:44,946 TRACE ro.mpp2024.repository.ParticipantRepository 30 createEntityFromResultSet - Enter createEntityFromResultSet
06 Apr 2025 15:23:44,946 TRACE ro.mpp2024.repository.ParticipantRepository 36 createEntityFromResultSet - Exit with(Radu Cristian)
06 Apr 2025 15:23:44,946 TRACE ro.mpp2024.repository.ParticipantRepository 30 createEntityFromResultSet - Enter createEntityFromResultSet
06 Apr 2025 15:23:44,947 TRACE ro.mpp2024.repository.ParticipantRepository 36 createEntityFromResultSet - Exit with(Marin Ana)
06 Apr 2025 15:23:44,947 TRACE ro.mpp2024.repository.ParticipantRepository 30 createEntityFromResultSet - Enter createEntityFromResultSet
06 Apr 2025 15:23:44,947 TRACE ro.mpp2024.repository.ParticipantRepository 36 createEntityFromResultSet - Exit with(Tudor Alexandru)
06 Apr 2025 15:23:44,947 TRACE ro.mpp2024.repository.ParticipantRepository 30 createEntityFromResultSet - Enter createEntityFromResultSet
06 Apr 2025 15:23:44,947 TRACE ro.mpp2024.repository.ParticipantRepository 36 createEntityFromResultSet - Exit with(Petrescu Gabriel)
06 Apr 2025 15:23:44,947 TRACE ro.mpp2024.repository.ParticipantRepository 30 createEntityFromResultSet - Enter createEntityFromResultSet
06 Apr 2025 15:23:44,947 TRACE ro.mpp2024.repository.ParticipantRepository 36 createEntityFromResultSet - Exit with(Iliescu Daniela)
06 Apr 2025 15:23:44,947 TRACE ro.mpp2024.repository.ParticipantRepository 30 createEntityFromResultSet - Enter createEntityFromResultSet
06 Apr 2025 15:23:44,948 TRACE ro.mpp2024.repository.ParticipantRepository 36 createEntityFromResultSet - Exit with(Vasilescu Florin)
06 Apr 2025 15:23:44,948 TRACE ro.mpp2024.repository.ParticipantRepository 30 createEntityFromResultSet - Enter createEntityFromResultSet
06 Apr 2025 15:23:44,948 TRACE ro.mpp2024.repository.ParticipantRepository 36 createEntityFromResultSet - Exit with(Dobre Adriana)
06 Apr 2025 15:23:44,948 TRACE ro.mpp2024.repository.ParticipantRepository 30 createEntityFromResultSet - Enter createEntityFromResultSet
06 Apr 2025 15:23:44,948 TRACE ro.mpp2024.repository.ParticipantRepository 36 createEntityFromResultSet - Exit with(Munteanu Sorin)
06 Apr 2025 15:23:44,948 TRACE ro.mpp2024.repository.ParticipantRepository 30 createEntityFromResultSet - Enter createEntityFromResultSet
06 Apr 2025 15:23:44,948 TRACE ro.mpp2024.repository.ParticipantRepository 36 createEntityFromResultSet - Exit with(Nistor Carmen)
06 Apr 2025 15:23:44,948 TRACE ro.mpp2024.repository.ParticipantRepository 30 createEntityFromResultSet - Enter createEntityFromResultSet
06 Apr 2025 15:23:44,949 TRACE ro.mpp2024.repository.ParticipantRepository 36 createEntityFromResultSet - Exit with(Lazar Roxana)
06 Apr 2025 15:23:44,949 TRACE ro.mpp2024.repository.ParticipantRepository 30 createEntityFromResultSet - Enter createEntityFromResultSet
06 Apr 2025 15:23:44,949 TRACE ro.mpp2024.repository.ParticipantRepository 36 createEntityFromResultSet - Exit with(Gheorghe Vlad)
06 Apr 2025 15:23:44,949 TRACE ro.mpp2024.repository.ParticipantRepository 30 createEntityFromResultSet - Enter createEntityFromResultSet
06 Apr 2025 15:23:44,949 TRACE ro.mpp2024.repository.ParticipantRepository 36 createEntityFromResultSet - Exit with(Barbu Irina)
06 Apr 2025 15:23:44,949 TRACE ro.mpp2024.repository.ParticipantRepository 30 createEntityFromResultSet - Enter createEntityFromResultSet
06 Apr 2025 15:23:44,949 TRACE ro.mpp2024.repository.ParticipantRepository 36 createEntityFromResultSet - Exit with(Constantin Marius)
06 Apr 2025 15:23:44,949 TRACE ro.mpp2024.repository.ParticipantRepository 30 createEntityFromResultSet - Enter createEntityFromResultSet
06 Apr 2025 15:23:44,950 TRACE ro.mpp2024.repository.ParticipantRepository 36 createEntityFromResultSet - Exit with(Enache Laura)
06 Apr 2025 15:23:44,950 TRACE ro.mpp2024.repository.ParticipantRepository 30 createEntityFromResultSet - Enter createEntityFromResultSet
06 Apr 2025 15:23:44,950 TRACE ro.mpp2024.repository.ParticipantRepository 36 createEntityFromResultSet - Exit with(Dragomir Adrian)
06 Apr 2025 15:23:44,950 TRACE ro.mpp2024.repository.ParticipantRepository 30 createEntityFromResultSet - Enter createEntityFromResultSet
06 Apr 2025 15:23:44,950 TRACE ro.mpp2024.repository.ParticipantRepository 36 createEntityFromResultSet - Exit with(Filip Bianca)
06 Apr 2025 15:23:44,950 TRACE ro.mpp2024.repository.ParticipantRepository 30 createEntityFromResultSet - Enter createEntityFromResultSet
06 Apr 2025 15:23:44,950 TRACE ro.mpp2024.repository.ParticipantRepository 36 createEntityFromResultSet - Exit with(Grigore Stefan)
06 Apr 2025 15:23:44,950 TRACE ro.mpp2024.repository.ParticipantRepository 30 createEntityFromResultSet - Enter createEntityFromResultSet
06 Apr 2025 15:23:44,951 TRACE ro.mpp2024.repository.ParticipantRepository 36 createEntityFromResultSet - Exit with(Hagi Diana)
06 Apr 2025 15:23:44,951 TRACE ro.mpp2024.repository.ParticipantRepository 30 createEntityFromResultSet - Enter createEntityFromResultSet
06 Apr 2025 15:23:44,951 TRACE ro.mpp2024.repository.ParticipantRepository 36 createEntityFromResultSet - Exit with(Iacob Radu)
06 Apr 2025 15:23:44,951 TRACE ro.mpp2024.repository.ParticipantRepository 30 createEntityFromResultSet - Enter createEntityFromResultSet
06 Apr 2025 15:23:44,951 TRACE ro.mpp2024.repository.ParticipantRepository 36 createEntityFromResultSet - Exit with(Jianu Oana)
06 Apr 2025 15:23:44,951 TRACE ro.mpp2024.repository.ParticipantRepository 30 createEntityFromResultSet - Enter createEntityFromResultSet
06 Apr 2025 15:23:44,951 TRACE ro.mpp2024.repository.ParticipantRepository 36 createEntityFromResultSet - Exit with(Kovacs Cristina)
06 Apr 2025 15:23:44,951 TRACE ro.mpp2024.repository.ParticipantRepository 30 createEntityFromResultSet - Enter createEntityFromResultSet
06 Apr 2025 15:23:44,951 TRACE ro.mpp2024.repository.ParticipantRepository 36 createEntityFromResultSet - Exit with(Lupu George)
06 Apr 2025 15:23:44,952 TRACE ro.mpp2024.repository.ParticipantRepository 30 createEntityFromResultSet - Enter createEntityFromResultSet
06 Apr 2025 15:23:44,952 TRACE ro.mpp2024.repository.ParticipantRepository 36 createEntityFromResultSet - Exit with(Manole Simona)
06 Apr 2025 15:23:44,952 TRACE ro.mpp2024.repository.ParticipantRepository 30 createEntityFromResultSet - Enter createEntityFromResultSet
06 Apr 2025 15:23:44,952 TRACE ro.mpp2024.repository.ParticipantRepository 36 createEntityFromResultSet - Exit with(Nedelcu Alexandra)
06 Apr 2025 15:23:44,952 TRACE ro.mpp2024.repository.ParticipantRepository 30 createEntityFromResultSet - Enter createEntityFromResultSet
06 Apr 2025 15:23:44,952 TRACE ro.mpp2024.repository.ParticipantRepository 36 createEntityFromResultSet - Exit with(Oprea Bogdan)
06 Apr 2025 15:23:44,952 TRACE ro.mpp2024.repository.ParticipantRepository 30 createEntityFromResultSet - Enter createEntityFromResultSet
06 Apr 2025 15:23:44,952 TRACE ro.mpp2024.repository.ParticipantRepository 36 createEntityFromResultSet - Exit with(Pavel Monica)
06 Apr 2025 15:23:44,953 TRACE ro.mpp2024.repository.ParticipantRepository 30 createEntityFromResultSet - Enter createEntityFromResultSet
06 Apr 2025 15:23:44,953 TRACE ro.mpp2024.repository.ParticipantRepository 36 createEntityFromResultSet - Exit with(Rusu Andreea)
06 Apr 2025 15:23:44,953 TRACE ro.mpp2024.repository.ParticipantRepository 30 createEntityFromResultSet - Enter createEntityFromResultSet
06 Apr 2025 15:23:44,953 TRACE ro.mpp2024.repository.ParticipantRepository 36 createEntityFromResultSet - Exit with(Sandu Victor)
06 Apr 2025 15:23:44,953 TRACE ro.mpp2024.repository.ParticipantRepository 30 createEntityFromResultSet - Enter createEntityFromResultSet
06 Apr 2025 15:23:44,953 TRACE ro.mpp2024.repository.ParticipantRepository 36 createEntityFromResultSet - Exit with(Toma Gabriela)
06 Apr 2025 15:23:44,953 TRACE ro.mpp2024.repository.ParticipantRepository 30 createEntityFromResultSet - Enter createEntityFromResultSet
06 Apr 2025 15:23:44,953 TRACE ro.mpp2024.repository.ParticipantRepository 36 createEntityFromResultSet - Exit with(Ursu Mihail)
06 Apr 2025 15:23:44,954 TRACE ro.mpp2024.repository.ParticipantRepository 30 createEntityFromResultSet - Enter createEntityFromResultSet
06 Apr 2025 15:23:44,954 TRACE ro.mpp2024.repository.ParticipantRepository 36 createEntityFromResultSet - Exit with(Vlad Anca)
06 Apr 2025 15:23:44,954 TRACE ro.mpp2024.repository.ParticipantRepository 30 createEntityFromResultSet - Enter createEntityFromResultSet
06 Apr 2025 15:23:44,954 TRACE ro.mpp2024.repository.ParticipantRepository 36 createEntityFromResultSet - Exit with(Zamfir Lucian)
06 Apr 2025 15:23:44,954 TRACE ro.mpp2024.repository.ParticipantRepository 30 createEntityFromResultSet - Enter createEntityFromResultSet
06 Apr 2025 15:23:44,954 TRACE ro.mpp2024.repository.ParticipantRepository 36 createEntityFromResultSet - Exit with(Voicu Raluca)
06 Apr 2025 15:23:44,954 TRACE ro.mpp2024.repository.ParticipantRepository 30 createEntityFromResultSet - Enter createEntityFromResultSet
06 Apr 2025 15:23:44,954 TRACE ro.mpp2024.repository.ParticipantRepository 36 createEntityFromResultSet - Exit with(nume prenume)
06 Apr 2025 15:23:44,955 TRACE ro.mpp2024.repository.ParticipantRepository 56 findAll - Exit with([Popescu Ion, Ionescu Maria, Georgescu Andrei, Dumitrescu Elena, Popa Mihai, Stan Ioana, Radu Cristian, Marin Ana, Tudor Alexandru, Petrescu Gabriel, Iliescu Daniela, Vasilescu Florin, Dobre Adriana, Munteanu Sorin, Nistor Carmen, Lazar Roxana, Gheorghe Vlad, Barbu Irina, Constantin Marius, Enache Laura, Dragomir Adrian, Filip Bianca, Grigore Stefan, Hagi Diana, Iacob Radu, Jianu Oana, Kovacs Cristina, Lupu George, Manole Simona, Nedelcu Alexandra, Oprea Bogdan, Pavel Monica, Rusu Andreea, Sandu Victor, Toma Gabriela, Ursu Mihail, Vlad Anca, Zamfir Lucian, Voicu Raluca, nume prenume])
06 Apr 2025 15:23:44,956 DEBUG ro.mpp2024.protocol.ClientWorkerJson 79 sendResponse - sending response {"type":"PARTICIPANTI","participanti":[{"idParticipant":1,"nume":"Popescu","prenume":"Ion","varsta":25,"punctaj":0},{"idParticipant":2,"nume":"Ionescu","prenume":"Maria","varsta":30,"punctaj":0},{"idParticipant":3,"nume":"Georgescu","prenume":"Andrei","varsta":22,"punctaj":0},{"idParticipant":4,"nume":"Dumitrescu","prenume":"Elena","varsta":28,"punctaj":0},{"idParticipant":5,"nume":"Popa","prenume":"Mihai","varsta":35,"punctaj":0},{"idParticipant":6,"nume":"Stan","prenume":"Ioana","varsta":27,"punctaj":0},{"idParticipant":7,"nume":"Radu","prenume":"Cristian","varsta":24,"punctaj":0},{"idParticipant":8,"nume":"Marin","prenume":"Ana","varsta":29,"punctaj":0},{"idParticipant":9,"nume":"Tudor","prenume":"Alexandru","varsta":31,"punctaj":0},{"idParticipant":10,"nume":"Petrescu","prenume":"Gabriel","varsta":26,"punctaj":0},{"idParticipant":11,"nume":"Iliescu","prenume":"Daniela","varsta":32,"punctaj":0},{"idParticipant":12,"nume":"Vasilescu","prenume":"Florin","varsta":23,"punctaj":0},{"idParticipant":13,"nume":"Dobre","prenume":"Adriana","varsta":34,"punctaj":0},{"idParticipant":14,"nume":"Munteanu","prenume":"Sorin","varsta":21,"punctaj":0},{"idParticipant":15,"nume":"Nistor","prenume":"Carmen","varsta":33,"punctaj":0},{"idParticipant":16,"nume":"Lazar","prenume":"Roxana","varsta":25,"punctaj":0},{"idParticipant":17,"nume":"Gheorghe","prenume":"Vlad","varsta":28,"punctaj":0},{"idParticipant":18,"nume":"Barbu","prenume":"Irina","varsta":27,"punctaj":0},{"idParticipant":19,"nume":"Constantin","prenume":"Marius","varsta":30,"punctaj":0},{"idParticipant":20,"nume":"Enache","prenume":"Laura","varsta":29,"punctaj":0},{"idParticipant":21,"nume":"Dragomir","prenume":"Adrian","varsta":26,"punctaj":0},{"idParticipant":22,"nume":"Filip","prenume":"Bianca","varsta":31,"punctaj":0},{"idParticipant":23,"nume":"Grigore","prenume":"Stefan","varsta":24,"punctaj":0},{"idParticipant":24,"nume":"Hagi","prenume":"Diana","varsta":32,"punctaj":0},{"idParticipant":25,"nume":"Iacob","prenume":"Radu","varsta":23,"punctaj":0},{"idParticipant":26,"nume":"Jianu","prenume":"Oana","varsta":34,"punctaj":0},{"idParticipant":27,"nume":"Kovacs","prenume":"Cristina","varsta":21,"punctaj":0},{"idParticipant":28,"nume":"Lupu","prenume":"George","varsta":33,"punctaj":0},{"idParticipant":29,"nume":"Manole","prenume":"Simona","varsta":25,"punctaj":0},{"idParticipant":30,"nume":"Nedelcu","prenume":"Alexandra","varsta":28,"punctaj":0},{"idParticipant":31,"nume":"Oprea","prenume":"Bogdan","varsta":27,"punctaj":0},{"idParticipant":32,"nume":"Pavel","prenume":"Monica","varsta":30,"punctaj":0},{"idParticipant":33,"nume":"Rusu","prenume":"Andreea","varsta":29,"punctaj":0},{"idParticipant":34,"nume":"Sandu","prenume":"Victor","varsta":26,"punctaj":0},{"idParticipant":35,"nume":"Toma","prenume":"Gabriela","varsta":31,"punctaj":0},{"idParticipant":36,"nume":"Ursu","prenume":"Mihail","varsta":24,"punctaj":0},{"idParticipant":37,"nume":"Vlad","prenume":"Anca","varsta":32,"punctaj":0},{"idParticipant":38,"nume":"Zamfir","prenume":"Lucian","varsta":23,"punctaj":0},{"idParticipant":39,"nume":"Voicu","prenume":"Raluca","varsta":34,"punctaj":0},{"idParticipant":40,"nume":"nume","prenume":"prenume","varsta":20,"punctaj":0}]}
06 Apr 2025 15:24:21,729 DEBUG ro.mpp2024.protocol.ClientWorkerJson 126 handleRequest - Add rezultat request RezultatDTO{idProba='c1', idParticipant=20, puncte=10}
06 Apr 2025 15:24:27,039 TRACE ro.mpp2024.services.ServerService 40 addRezultat - Enter
06 Apr 2025 15:24:27,040 TRACE ro.mpp2024.repository.ParticipantRepository 62 findOne - Enter
06 Apr 2025 15:24:27,040 TRACE ro.mpp2024.utils.JdbcUtils 48 getConnection - Enter
06 Apr 2025 15:24:27,041 TRACE ro.mpp2024.utils.JdbcUtils 57 getConnection - Exit with(org.sqlite.jdbc4.JDBC4Connection@4517f1c4)
06 Apr 2025 15:24:27,042 TRACE ro.mpp2024.repository.ParticipantRepository 30 createEntityFromResultSet - Enter createEntityFromResultSet
06 Apr 2025 15:24:27,043 TRACE ro.mpp2024.repository.ParticipantRepository 36 createEntityFromResultSet - Exit with(Enache Laura)
06 Apr 2025 15:24:27,043 TRACE ro.mpp2024.repository.ParticipantRepository 76 findOne - Exit with(Enache Laura)
06 Apr 2025 15:24:27,044 TRACE ro.mpp2024.repository.ProbaRepository 63 findOne - Enter findOne
06 Apr 2025 15:24:27,044 TRACE ro.mpp2024.utils.JdbcUtils 48 getConnection - Enter
06 Apr 2025 15:24:27,045 TRACE ro.mpp2024.utils.JdbcUtils 57 getConnection - Exit with(org.sqlite.jdbc4.JDBC4Connection@4517f1c4)
06 Apr 2025 15:24:27,046 TRACE ro.mpp2024.repository.ProbaRepository 31 createEntityFromResultSet - Enter createEntityFromResultSet
06 Apr 2025 15:24:27,063 TRACE ro.mpp2024.repository.ProbaRepository 37 createEntityFromResultSet - Exit with(Proba{nume='Pedalat 200 de m', arbitru=1, categorie=ciclism})
06 Apr 2025 15:24:27,064 TRACE ro.mpp2024.repository.ProbaRepository 77 findOne - Exit with(Proba{nume='Pedalat 200 de m', arbitru=1, categorie=ciclism})
06 Apr 2025 15:24:27,065 TRACE ro.mpp2024.repository.RezultatRepository 116 save - Enter save
06 Apr 2025 15:24:27,065 TRACE ro.mpp2024.utils.JdbcUtils 48 getConnection - Enter
06 Apr 2025 15:24:27,065 TRACE ro.mpp2024.utils.JdbcUtils 57 getConnection - Exit with(org.sqlite.jdbc4.JDBC4Connection@4517f1c4)
06 Apr 2025 15:24:27,075 TRACE ro.mpp2024.repository.RezultatRepository 127 save - Exit
06 Apr 2025 15:24:27,076 TRACE ro.mpp2024.services.ServerService 44 addRezultat - Exit
06 Apr 2025 15:24:32,447 DEBUG ro.mpp2024.protocol.ClientWorkerJson 79 sendResponse - sending response {"type":"REZULTAT_ADDED","rezultat":{"idProba":"c1","idParticipant":20,"numeParticipant":"Enache","prenumeParticipant":"Laura","puncte":10}}
06 Apr 2025 15:24:52,648 INFO  ro.mpp2024.StartJsonServer 24 main - Server properties: {server.port=55556, jdbc.url=jdbc:sqlite:src/main/resources/triatlon.db}
06 Apr 2025 15:24:52,653 INFO  ro.mpp2024.repository.ArbitruRepository 23 <init> - Initializing IArbitruRepository with properties: {} 
06 Apr 2025 15:24:52,654 INFO  ro.mpp2024.repository.ProbaRepository 25 <init> - Initializing ProbaRepository with properties: {} 
06 Apr 2025 15:24:52,655 INFO  ro.mpp2024.repository.ParticipantRepository 24 <init> - Initializing ParticipantRepository with properties: {} 
06 Apr 2025 15:24:52,656 INFO  ro.mpp2024.repository.RezultatRepository 25 <init> - Initializing RezultatRepository with properties: {} 
06 Apr 2025 15:24:52,657 INFO  ro.mpp2024.services.ServerService 32 <init> - Service Rezultat made
06 Apr 2025 15:24:52,658 DEBUG ro.mpp2024.StartJsonServer 50 main - Starting server on port: 55556
06 Apr 2025 15:24:52,658 DEBUG ro.mpp2024.networkUtils.AbsConcurrentServer 13 <init> - Concurrent AbstractServer
06 Apr 2025 15:24:52,659 INFO  ro.mpp2024.networkUtils.JsonConcurrentServer 17 <init> - JsonConcurrentServer
06 Apr 2025 15:24:52,663 INFO  chat.network.utils.AbstractServer 25 start - Waiting for clients ...
06 Apr 2025 15:25:10,306 INFO  chat.network.utils.AbstractServer 27 start - Client connected ...
06 Apr 2025 15:25:10,333 INFO  chat.network.utils.AbstractServer 25 start - Waiting for clients ...
06 Apr 2025 15:25:10,340 DEBUG ro.mpp2024.protocol.ClientWorkerJson 90 handleRequest - Login request UserDTO{nume='', username='bob.smith', password='U2VjdXJlUEBzczI=', probaId=''}
06 Apr 2025 15:25:10,342 TRACE ro.mpp2024.utils.JdbcUtils 48 getConnection - Enter
06 Apr 2025 15:25:10,343 TRACE ro.mpp2024.utils.JdbcUtils 25 getNewConnection - Enter
06 Apr 2025 15:25:10,343 INFO  ro.mpp2024.utils.JdbcUtils 30 getNewConnection - trying to connect to database ... jdbc:sqlite:src/main/resources/triatlon.db
06 Apr 2025 15:25:10,343 INFO  ro.mpp2024.utils.JdbcUtils 31 getNewConnection - user: null
06 Apr 2025 15:25:10,343 INFO  ro.mpp2024.utils.JdbcUtils 32 getNewConnection - pass: null
06 Apr 2025 15:25:10,448 TRACE ro.mpp2024.utils.JdbcUtils 57 getConnection - Exit with(org.sqlite.jdbc4.JDBC4Connection@73cfe8e1)
06 Apr 2025 15:25:10,451 TRACE ro.mpp2024.repository.ArbitruRepository 29 createEntityFromResultSet - Enter createEntityFromResultSet
06 Apr 2025 15:25:10,452 TRACE ro.mpp2024.repository.ArbitruRepository 36 createEntityFromResultSet - Exit with(Arbitru{nume='Bob Smith', username='bob.smith', password='U2VjdXJlUEBzczI=', id_proba=c1})
06 Apr 2025 15:25:10,455 DEBUG ro.mpp2024.protocol.ClientWorkerJson 79 sendResponse - sending response {"type":"LOGGED_ACC","user":{"id":21,"nume":"Bob Smith","username":"bob.smith","password":"U2VjdXJlUEBzczI\u003d","id_proba":"c1"}}
06 Apr 2025 15:25:19,224 DEBUG ro.mpp2024.protocol.ClientWorkerJson 115 handleRequest - Get all rezultate request fornull
06 Apr 2025 15:25:19,224 TRACE ro.mpp2024.repository.RezultatRepository 144 listaParticipantiPuncteAlfabetic - Enter listaParticipantiPuncteAlfabetic
06 Apr 2025 15:25:19,225 TRACE ro.mpp2024.utils.JdbcUtils 48 getConnection - Enter
06 Apr 2025 15:25:19,225 TRACE ro.mpp2024.utils.JdbcUtils 57 getConnection - Exit with(org.sqlite.jdbc4.JDBC4Connection@73cfe8e1)
06 Apr 2025 15:25:19,226 TRACE ro.mpp2024.repository.RezultatRepository 162 listaParticipantiPuncteAlfabetic - Enter Terminat dictionar
06 Apr 2025 15:25:19,227 DEBUG ro.mpp2024.protocol.ClientWorkerJson 79 sendResponse - sending response {"type":"ALL_REZULTATE","punctaje":[{"idParticipant":18,"nume":"Barbu","prenume":"Irina","varsta":27,"punctaj":230},{"idParticipant":19,"nume":"Constantin","prenume":"Marius","varsta":30,"punctaj":278},{"idParticipant":13,"nume":"Dobre","prenume":"Adriana","varsta":34,"punctaj":175},{"idParticipant":21,"nume":"Dragomir","prenume":"Adrian","varsta":26,"punctaj":130},{"idParticipant":4,"nume":"Dumitrescu","prenume":"Elena","varsta":28,"punctaj":143},{"idParticipant":20,"nume":"Enache","prenume":"Laura","varsta":29,"punctaj":325},{"idParticipant":22,"nume":"Filip","prenume":"Bianca","varsta":31,"punctaj":307},{"idParticipant":3,"nume":"Georgescu","prenume":"Andrei","varsta":22,"punctaj":122},{"idParticipant":17,"nume":"Gheorghe","prenume":"Vlad","varsta":28,"punctaj":200},{"idParticipant":23,"nume":"Grigore","prenume":"Stefan","varsta":24,"punctaj":145},{"idParticipant":24,"nume":"Hagi","prenume":"Diana","varsta":32,"punctaj":193},{"idParticipant":25,"nume":"Iacob","prenume":"Radu","varsta":23,"punctaj":195},{"idParticipant":11,"nume":"Iliescu","prenume":"Daniela","varsta":32,"punctaj":310},{"idParticipant":2,"nume":"Ionescu","prenume":"Maria","varsta":30,"punctaj":156},{"idParticipant":26,"nume":"Jianu","prenume":"Oana","varsta":34,"punctaj":142},{"idParticipant":27,"nume":"Kovacs","prenume":"Cristina","varsta":21,"punctaj":199},{"idParticipant":16,"nume":"Lazar","prenume":"Roxana","varsta":25,"punctaj":185},{"idParticipant":28,"nume":"Lupu","prenume":"George","varsta":33,"punctaj":199},{"idParticipant":29,"nume":"Manole","prenume":"Simona","varsta":25,"punctaj":117},{"idParticipant":8,"nume":"Marin","prenume":"Ana","varsta":29,"punctaj":134},{"idParticipant":14,"nume":"Munteanu","prenume":"Sorin","varsta":21,"punctaj":301},{"idParticipant":30,"nume":"Nedelcu","prenume":"Alexandra","varsta":28,"punctaj":169},{"idParticipant":15,"nume":"Nistor","prenume":"Carmen","varsta":33,"punctaj":189},{"idParticipant":40,"nume":"nume","prenume":"prenume","varsta":20,"punctaj":300},{"idParticipant":31,"nume":"Oprea","prenume":"Bogdan","varsta":27,"punctaj":282},{"idParticipant":32,"nume":"Pavel","prenume":"Monica","varsta":30,"punctaj":111},{"idParticipant":10,"nume":"Petrescu","prenume":"Gabriel","varsta":26,"punctaj":188},{"idParticipant":5,"nume":"Popa","prenume":"Mihai","varsta":35,"punctaj":282},{"idParticipant":1,"nume":"Popescu","prenume":"Ion","varsta":25,"punctaj":158},{"idParticipant":7,"nume":"Radu","prenume":"Cristian","varsta":24,"punctaj":256},{"idParticipant":33,"nume":"Rusu","prenume":"Andreea","varsta":29,"punctaj":313},{"idParticipant":34,"nume":"Sandu","prenume":"Victor","varsta":26,"punctaj":115},{"idParticipant":6,"nume":"Stan","prenume":"Ioana","varsta":27,"punctaj":289},{"idParticipant":35,"nume":"Toma","prenume":"Gabriela","varsta":31,"punctaj":132},{"idParticipant":9,"nume":"Tudor","prenume":"Alexandru","varsta":31,"punctaj":288},{"idParticipant":36,"nume":"Ursu","prenume":"Mihail","varsta":24,"punctaj":155},{"idParticipant":12,"nume":"Vasilescu","prenume":"Florin","varsta":23,"punctaj":472},{"idParticipant":37,"nume":"Vlad","prenume":"Anca","varsta":32,"punctaj":138},{"idParticipant":39,"nume":"Voicu","prenume":"Raluca","varsta":34,"punctaj":190},{"idParticipant":38,"nume":"Zamfir","prenume":"Lucian","varsta":23,"punctaj":177}]}
06 Apr 2025 15:25:20,237 DEBUG ro.mpp2024.protocol.ClientWorkerJson 103 handleRequest - Get rezultate request forUserDTO{nume='', username='', password='', probaId='c1'}
06 Apr 2025 15:25:20,237 TRACE ro.mpp2024.repository.RezultatRepository 168 listaParticiapntPuncteProbaDescrescator - Enter listaParticiapntPuncteProbaDescrescator
06 Apr 2025 15:25:20,238 TRACE ro.mpp2024.utils.JdbcUtils 48 getConnection - Enter
06 Apr 2025 15:25:20,238 TRACE ro.mpp2024.utils.JdbcUtils 57 getConnection - Exit with(org.sqlite.jdbc4.JDBC4Connection@73cfe8e1)
06 Apr 2025 15:25:20,238 TRACE ro.mpp2024.repository.RezultatRepository 186 listaParticiapntPuncteProbaDescrescator - Enter Terminat dictionar
06 Apr 2025 15:25:20,239 DEBUG ro.mpp2024.protocol.ClientWorkerJson 79 sendResponse - sending response {"type":"REZULTATE","punctaje":[{"idParticipant":38,"nume":"Zamfir","prenume":"Lucian","varsta":23,"punctaj":177},{"idParticipant":6,"nume":"Stan","prenume":"Ioana","varsta":27,"punctaj":152},{"idParticipant":9,"nume":"Tudor","prenume":"Alexandru","varsta":31,"punctaj":150},{"idParticipant":12,"nume":"Vasilescu","prenume":"Florin","varsta":23,"punctaj":100},{"idParticipant":18,"nume":"Barbu","prenume":"Irina","varsta":27,"punctaj":30},{"idParticipant":37,"nume":"Vlad","prenume":"Anca","varsta":32,"punctaj":10},{"idParticipant":20,"nume":"Enache","prenume":"Laura","varsta":29,"punctaj":10},{"idParticipant":13,"nume":"Dobre","prenume":"Adriana","varsta":34,"punctaj":10},{"idParticipant":1,"nume":"Popescu","prenume":"Ion","varsta":25,"punctaj":10}]}
06 Apr 2025 15:25:21,245 DEBUG ro.mpp2024.protocol.ClientWorkerJson 141 handleRequest - Get participanti request fornull
06 Apr 2025 15:25:21,245 TRACE ro.mpp2024.repository.ParticipantRepository 42 findAll - Enter
06 Apr 2025 15:25:21,245 TRACE ro.mpp2024.utils.JdbcUtils 48 getConnection - Enter
06 Apr 2025 15:25:21,246 TRACE ro.mpp2024.utils.JdbcUtils 57 getConnection - Exit with(org.sqlite.jdbc4.JDBC4Connection@73cfe8e1)
06 Apr 2025 15:25:21,246 TRACE ro.mpp2024.repository.ParticipantRepository 30 createEntityFromResultSet - Enter createEntityFromResultSet
06 Apr 2025 15:25:21,247 TRACE ro.mpp2024.repository.ParticipantRepository 36 createEntityFromResultSet - Exit with(Popescu Ion)
06 Apr 2025 15:25:21,247 TRACE ro.mpp2024.repository.ParticipantRepository 30 createEntityFromResultSet - Enter createEntityFromResultSet
06 Apr 2025 15:25:21,247 TRACE ro.mpp2024.repository.ParticipantRepository 36 createEntityFromResultSet - Exit with(Ionescu Maria)
06 Apr 2025 15:25:21,247 TRACE ro.mpp2024.repository.ParticipantRepository 30 createEntityFromResultSet - Enter createEntityFromResultSet
06 Apr 2025 15:25:21,247 TRACE ro.mpp2024.repository.ParticipantRepository 36 createEntityFromResultSet - Exit with(Georgescu Andrei)
06 Apr 2025 15:25:21,247 TRACE ro.mpp2024.repository.ParticipantRepository 30 createEntityFromResultSet - Enter createEntityFromResultSet
06 Apr 2025 15:25:21,247 TRACE ro.mpp2024.repository.ParticipantRepository 36 createEntityFromResultSet - Exit with(Dumitrescu Elena)
06 Apr 2025 15:25:21,248 TRACE ro.mpp2024.repository.ParticipantRepository 30 createEntityFromResultSet - Enter createEntityFromResultSet
06 Apr 2025 15:25:21,248 TRACE ro.mpp2024.repository.ParticipantRepository 36 createEntityFromResultSet - Exit with(Popa Mihai)
06 Apr 2025 15:25:21,248 TRACE ro.mpp2024.repository.ParticipantRepository 30 createEntityFromResultSet - Enter createEntityFromResultSet
06 Apr 2025 15:25:21,248 TRACE ro.mpp2024.repository.ParticipantRepository 36 createEntityFromResultSet - Exit with(Stan Ioana)
06 Apr 2025 15:25:21,248 TRACE ro.mpp2024.repository.ParticipantRepository 30 createEntityFromResultSet - Enter createEntityFromResultSet
06 Apr 2025 15:25:21,248 TRACE ro.mpp2024.repository.ParticipantRepository 36 createEntityFromResultSet - Exit with(Radu Cristian)
06 Apr 2025 15:25:21,248 TRACE ro.mpp2024.repository.ParticipantRepository 30 createEntityFromResultSet - Enter createEntityFromResultSet
06 Apr 2025 15:25:21,248 TRACE ro.mpp2024.repository.ParticipantRepository 36 createEntityFromResultSet - Exit with(Marin Ana)
06 Apr 2025 15:25:21,249 TRACE ro.mpp2024.repository.ParticipantRepository 30 createEntityFromResultSet - Enter createEntityFromResultSet
06 Apr 2025 15:25:21,249 TRACE ro.mpp2024.repository.ParticipantRepository 36 createEntityFromResultSet - Exit with(Tudor Alexandru)
06 Apr 2025 15:25:21,249 TRACE ro.mpp2024.repository.ParticipantRepository 30 createEntityFromResultSet - Enter createEntityFromResultSet
06 Apr 2025 15:25:21,249 TRACE ro.mpp2024.repository.ParticipantRepository 36 createEntityFromResultSet - Exit with(Petrescu Gabriel)
06 Apr 2025 15:25:21,249 TRACE ro.mpp2024.repository.ParticipantRepository 30 createEntityFromResultSet - Enter createEntityFromResultSet
06 Apr 2025 15:25:21,249 TRACE ro.mpp2024.repository.ParticipantRepository 36 createEntityFromResultSet - Exit with(Iliescu Daniela)
06 Apr 2025 15:25:21,249 TRACE ro.mpp2024.repository.ParticipantRepository 30 createEntityFromResultSet - Enter createEntityFromResultSet
06 Apr 2025 15:25:21,250 TRACE ro.mpp2024.repository.ParticipantRepository 36 createEntityFromResultSet - Exit with(Vasilescu Florin)
06 Apr 2025 15:25:21,250 TRACE ro.mpp2024.repository.ParticipantRepository 30 createEntityFromResultSet - Enter createEntityFromResultSet
06 Apr 2025 15:25:21,250 TRACE ro.mpp2024.repository.ParticipantRepository 36 createEntityFromResultSet - Exit with(Dobre Adriana)
06 Apr 2025 15:25:21,250 TRACE ro.mpp2024.repository.ParticipantRepository 30 createEntityFromResultSet - Enter createEntityFromResultSet
06 Apr 2025 15:25:21,250 TRACE ro.mpp2024.repository.ParticipantRepository 36 createEntityFromResultSet - Exit with(Munteanu Sorin)
06 Apr 2025 15:25:21,250 TRACE ro.mpp2024.repository.ParticipantRepository 30 createEntityFromResultSet - Enter createEntityFromResultSet
06 Apr 2025 15:25:21,250 TRACE ro.mpp2024.repository.ParticipantRepository 36 createEntityFromResultSet - Exit with(Nistor Carmen)
06 Apr 2025 15:25:21,250 TRACE ro.mpp2024.repository.ParticipantRepository 30 createEntityFromResultSet - Enter createEntityFromResultSet
06 Apr 2025 15:25:21,251 TRACE ro.mpp2024.repository.ParticipantRepository 36 createEntityFromResultSet - Exit with(Lazar Roxana)
06 Apr 2025 15:25:21,251 TRACE ro.mpp2024.repository.ParticipantRepository 30 createEntityFromResultSet - Enter createEntityFromResultSet
06 Apr 2025 15:25:21,251 TRACE ro.mpp2024.repository.ParticipantRepository 36 createEntityFromResultSet - Exit with(Gheorghe Vlad)
06 Apr 2025 15:25:21,251 TRACE ro.mpp2024.repository.ParticipantRepository 30 createEntityFromResultSet - Enter createEntityFromResultSet
06 Apr 2025 15:25:21,251 TRACE ro.mpp2024.repository.ParticipantRepository 36 createEntityFromResultSet - Exit with(Barbu Irina)
06 Apr 2025 15:25:21,251 TRACE ro.mpp2024.repository.ParticipantRepository 30 createEntityFromResultSet - Enter createEntityFromResultSet
06 Apr 2025 15:25:21,251 TRACE ro.mpp2024.repository.ParticipantRepository 36 createEntityFromResultSet - Exit with(Constantin Marius)
06 Apr 2025 15:25:21,251 TRACE ro.mpp2024.repository.ParticipantRepository 30 createEntityFromResultSet - Enter createEntityFromResultSet
06 Apr 2025 15:25:21,252 TRACE ro.mpp2024.repository.ParticipantRepository 36 createEntityFromResultSet - Exit with(Enache Laura)
06 Apr 2025 15:25:21,252 TRACE ro.mpp2024.repository.ParticipantRepository 30 createEntityFromResultSet - Enter createEntityFromResultSet
06 Apr 2025 15:25:21,252 TRACE ro.mpp2024.repository.ParticipantRepository 36 createEntityFromResultSet - Exit with(Dragomir Adrian)
06 Apr 2025 15:25:21,252 TRACE ro.mpp2024.repository.ParticipantRepository 30 createEntityFromResultSet - Enter createEntityFromResultSet
06 Apr 2025 15:25:21,252 TRACE ro.mpp2024.repository.ParticipantRepository 36 createEntityFromResultSet - Exit with(Filip Bianca)
06 Apr 2025 15:25:21,252 TRACE ro.mpp2024.repository.ParticipantRepository 30 createEntityFromResultSet - Enter createEntityFromResultSet
06 Apr 2025 15:25:21,252 TRACE ro.mpp2024.repository.ParticipantRepository 36 createEntityFromResultSet - Exit with(Grigore Stefan)
06 Apr 2025 15:25:21,252 TRACE ro.mpp2024.repository.ParticipantRepository 30 createEntityFromResultSet - Enter createEntityFromResultSet
06 Apr 2025 15:25:21,253 TRACE ro.mpp2024.repository.ParticipantRepository 36 createEntityFromResultSet - Exit with(Hagi Diana)
06 Apr 2025 15:25:21,253 TRACE ro.mpp2024.repository.ParticipantRepository 30 createEntityFromResultSet - Enter createEntityFromResultSet
06 Apr 2025 15:25:21,253 TRACE ro.mpp2024.repository.ParticipantRepository 36 createEntityFromResultSet - Exit with(Iacob Radu)
06 Apr 2025 15:25:21,253 TRACE ro.mpp2024.repository.ParticipantRepository 30 createEntityFromResultSet - Enter createEntityFromResultSet
06 Apr 2025 15:25:21,253 TRACE ro.mpp2024.repository.ParticipantRepository 36 createEntityFromResultSet - Exit with(Jianu Oana)
06 Apr 2025 15:25:21,253 TRACE ro.mpp2024.repository.ParticipantRepository 30 createEntityFromResultSet - Enter createEntityFromResultSet
06 Apr 2025 15:25:21,253 TRACE ro.mpp2024.repository.ParticipantRepository 36 createEntityFromResultSet - Exit with(Kovacs Cristina)
06 Apr 2025 15:25:21,254 TRACE ro.mpp2024.repository.ParticipantRepository 30 createEntityFromResultSet - Enter createEntityFromResultSet
06 Apr 2025 15:25:21,254 TRACE ro.mpp2024.repository.ParticipantRepository 36 createEntityFromResultSet - Exit with(Lupu George)
06 Apr 2025 15:25:21,254 TRACE ro.mpp2024.repository.ParticipantRepository 30 createEntityFromResultSet - Enter createEntityFromResultSet
06 Apr 2025 15:25:21,254 TRACE ro.mpp2024.repository.ParticipantRepository 36 createEntityFromResultSet - Exit with(Manole Simona)
06 Apr 2025 15:25:21,254 TRACE ro.mpp2024.repository.ParticipantRepository 30 createEntityFromResultSet - Enter createEntityFromResultSet
06 Apr 2025 15:25:21,254 TRACE ro.mpp2024.repository.ParticipantRepository 36 createEntityFromResultSet - Exit with(Nedelcu Alexandra)
06 Apr 2025 15:25:21,254 TRACE ro.mpp2024.repository.ParticipantRepository 30 createEntityFromResultSet - Enter createEntityFromResultSet
06 Apr 2025 15:25:21,254 TRACE ro.mpp2024.repository.ParticipantRepository 36 createEntityFromResultSet - Exit with(Oprea Bogdan)
06 Apr 2025 15:25:21,255 TRACE ro.mpp2024.repository.ParticipantRepository 30 createEntityFromResultSet - Enter createEntityFromResultSet
06 Apr 2025 15:25:21,255 TRACE ro.mpp2024.repository.ParticipantRepository 36 createEntityFromResultSet - Exit with(Pavel Monica)
06 Apr 2025 15:25:21,255 TRACE ro.mpp2024.repository.ParticipantRepository 30 createEntityFromResultSet - Enter createEntityFromResultSet
06 Apr 2025 15:25:21,255 TRACE ro.mpp2024.repository.ParticipantRepository 36 createEntityFromResultSet - Exit with(Rusu Andreea)
06 Apr 2025 15:25:21,255 TRACE ro.mpp2024.repository.ParticipantRepository 30 createEntityFromResultSet - Enter createEntityFromResultSet
06 Apr 2025 15:25:21,255 TRACE ro.mpp2024.repository.ParticipantRepository 36 createEntityFromResultSet - Exit with(Sandu Victor)
06 Apr 2025 15:25:21,255 TRACE ro.mpp2024.repository.ParticipantRepository 30 createEntityFromResultSet - Enter createEntityFromResultSet
06 Apr 2025 15:25:21,255 TRACE ro.mpp2024.repository.ParticipantRepository 36 createEntityFromResultSet - Exit with(Toma Gabriela)
06 Apr 2025 15:25:21,256 TRACE ro.mpp2024.repository.ParticipantRepository 30 createEntityFromResultSet - Enter createEntityFromResultSet
06 Apr 2025 15:25:21,256 TRACE ro.mpp2024.repository.ParticipantRepository 36 createEntityFromResultSet - Exit with(Ursu Mihail)
06 Apr 2025 15:25:21,256 TRACE ro.mpp2024.repository.ParticipantRepository 30 createEntityFromResultSet - Enter createEntityFromResultSet
06 Apr 2025 15:25:21,256 TRACE ro.mpp2024.repository.ParticipantRepository 36 createEntityFromResultSet - Exit with(Vlad Anca)
06 Apr 2025 15:25:21,256 TRACE ro.mpp2024.repository.ParticipantRepository 30 createEntityFromResultSet - Enter createEntityFromResultSet
06 Apr 2025 15:25:21,256 TRACE ro.mpp2024.repository.ParticipantRepository 36 createEntityFromResultSet - Exit with(Zamfir Lucian)
06 Apr 2025 15:25:21,256 TRACE ro.mpp2024.repository.ParticipantRepository 30 createEntityFromResultSet - Enter createEntityFromResultSet
06 Apr 2025 15:25:21,256 TRACE ro.mpp2024.repository.ParticipantRepository 36 createEntityFromResultSet - Exit with(Voicu Raluca)
06 Apr 2025 15:25:21,257 TRACE ro.mpp2024.repository.ParticipantRepository 30 createEntityFromResultSet - Enter createEntityFromResultSet
06 Apr 2025 15:25:21,257 TRACE ro.mpp2024.repository.ParticipantRepository 36 createEntityFromResultSet - Exit with(nume prenume)
06 Apr 2025 15:25:21,257 TRACE ro.mpp2024.repository.ParticipantRepository 56 findAll - Exit with([Popescu Ion, Ionescu Maria, Georgescu Andrei, Dumitrescu Elena, Popa Mihai, Stan Ioana, Radu Cristian, Marin Ana, Tudor Alexandru, Petrescu Gabriel, Iliescu Daniela, Vasilescu Florin, Dobre Adriana, Munteanu Sorin, Nistor Carmen, Lazar Roxana, Gheorghe Vlad, Barbu Irina, Constantin Marius, Enache Laura, Dragomir Adrian, Filip Bianca, Grigore Stefan, Hagi Diana, Iacob Radu, Jianu Oana, Kovacs Cristina, Lupu George, Manole Simona, Nedelcu Alexandra, Oprea Bogdan, Pavel Monica, Rusu Andreea, Sandu Victor, Toma Gabriela, Ursu Mihail, Vlad Anca, Zamfir Lucian, Voicu Raluca, nume prenume])
06 Apr 2025 15:25:21,258 DEBUG ro.mpp2024.protocol.ClientWorkerJson 79 sendResponse - sending response {"type":"PARTICIPANTI","participanti":[{"idParticipant":1,"nume":"Popescu","prenume":"Ion","varsta":25,"punctaj":0},{"idParticipant":2,"nume":"Ionescu","prenume":"Maria","varsta":30,"punctaj":0},{"idParticipant":3,"nume":"Georgescu","prenume":"Andrei","varsta":22,"punctaj":0},{"idParticipant":4,"nume":"Dumitrescu","prenume":"Elena","varsta":28,"punctaj":0},{"idParticipant":5,"nume":"Popa","prenume":"Mihai","varsta":35,"punctaj":0},{"idParticipant":6,"nume":"Stan","prenume":"Ioana","varsta":27,"punctaj":0},{"idParticipant":7,"nume":"Radu","prenume":"Cristian","varsta":24,"punctaj":0},{"idParticipant":8,"nume":"Marin","prenume":"Ana","varsta":29,"punctaj":0},{"idParticipant":9,"nume":"Tudor","prenume":"Alexandru","varsta":31,"punctaj":0},{"idParticipant":10,"nume":"Petrescu","prenume":"Gabriel","varsta":26,"punctaj":0},{"idParticipant":11,"nume":"Iliescu","prenume":"Daniela","varsta":32,"punctaj":0},{"idParticipant":12,"nume":"Vasilescu","prenume":"Florin","varsta":23,"punctaj":0},{"idParticipant":13,"nume":"Dobre","prenume":"Adriana","varsta":34,"punctaj":0},{"idParticipant":14,"nume":"Munteanu","prenume":"Sorin","varsta":21,"punctaj":0},{"idParticipant":15,"nume":"Nistor","prenume":"Carmen","varsta":33,"punctaj":0},{"idParticipant":16,"nume":"Lazar","prenume":"Roxana","varsta":25,"punctaj":0},{"idParticipant":17,"nume":"Gheorghe","prenume":"Vlad","varsta":28,"punctaj":0},{"idParticipant":18,"nume":"Barbu","prenume":"Irina","varsta":27,"punctaj":0},{"idParticipant":19,"nume":"Constantin","prenume":"Marius","varsta":30,"punctaj":0},{"idParticipant":20,"nume":"Enache","prenume":"Laura","varsta":29,"punctaj":0},{"idParticipant":21,"nume":"Dragomir","prenume":"Adrian","varsta":26,"punctaj":0},{"idParticipant":22,"nume":"Filip","prenume":"Bianca","varsta":31,"punctaj":0},{"idParticipant":23,"nume":"Grigore","prenume":"Stefan","varsta":24,"punctaj":0},{"idParticipant":24,"nume":"Hagi","prenume":"Diana","varsta":32,"punctaj":0},{"idParticipant":25,"nume":"Iacob","prenume":"Radu","varsta":23,"punctaj":0},{"idParticipant":26,"nume":"Jianu","prenume":"Oana","varsta":34,"punctaj":0},{"idParticipant":27,"nume":"Kovacs","prenume":"Cristina","varsta":21,"punctaj":0},{"idParticipant":28,"nume":"Lupu","prenume":"George","varsta":33,"punctaj":0},{"idParticipant":29,"nume":"Manole","prenume":"Simona","varsta":25,"punctaj":0},{"idParticipant":30,"nume":"Nedelcu","prenume":"Alexandra","varsta":28,"punctaj":0},{"idParticipant":31,"nume":"Oprea","prenume":"Bogdan","varsta":27,"punctaj":0},{"idParticipant":32,"nume":"Pavel","prenume":"Monica","varsta":30,"punctaj":0},{"idParticipant":33,"nume":"Rusu","prenume":"Andreea","varsta":29,"punctaj":0},{"idParticipant":34,"nume":"Sandu","prenume":"Victor","varsta":26,"punctaj":0},{"idParticipant":35,"nume":"Toma","prenume":"Gabriela","varsta":31,"punctaj":0},{"idParticipant":36,"nume":"Ursu","prenume":"Mihail","varsta":24,"punctaj":0},{"idParticipant":37,"nume":"Vlad","prenume":"Anca","varsta":32,"punctaj":0},{"idParticipant":38,"nume":"Zamfir","prenume":"Lucian","varsta":23,"punctaj":0},{"idParticipant":39,"nume":"Voicu","prenume":"Raluca","varsta":34,"punctaj":0},{"idParticipant":40,"nume":"nume","prenume":"prenume","varsta":20,"punctaj":0}]}
06 Apr 2025 15:25:41,400 DEBUG ro.mpp2024.protocol.ClientWorkerJson 126 handleRequest - Add rezultat request RezultatDTO{idProba='c1', idParticipant=11, puncte=10}
06 Apr 2025 15:25:41,400 TRACE ro.mpp2024.services.ServerService 40 addRezultat - Enter
06 Apr 2025 15:25:41,401 TRACE ro.mpp2024.repository.ParticipantRepository 62 findOne - Enter
06 Apr 2025 15:25:41,401 TRACE ro.mpp2024.utils.JdbcUtils 48 getConnection - Enter
06 Apr 2025 15:25:41,401 TRACE ro.mpp2024.utils.JdbcUtils 57 getConnection - Exit with(org.sqlite.jdbc4.JDBC4Connection@73cfe8e1)
06 Apr 2025 15:25:41,401 TRACE ro.mpp2024.repository.ParticipantRepository 30 createEntityFromResultSet - Enter createEntityFromResultSet
06 Apr 2025 15:25:41,401 TRACE ro.mpp2024.repository.ParticipantRepository 36 createEntityFromResultSet - Exit with(Iliescu Daniela)
06 Apr 2025 15:25:41,402 TRACE ro.mpp2024.repository.ParticipantRepository 76 findOne - Exit with(Iliescu Daniela)
06 Apr 2025 15:25:41,402 TRACE ro.mpp2024.repository.ProbaRepository 63 findOne - Enter findOne
06 Apr 2025 15:25:41,402 TRACE ro.mpp2024.utils.JdbcUtils 48 getConnection - Enter
06 Apr 2025 15:25:41,402 TRACE ro.mpp2024.utils.JdbcUtils 57 getConnection - Exit with(org.sqlite.jdbc4.JDBC4Connection@73cfe8e1)
06 Apr 2025 15:25:41,402 TRACE ro.mpp2024.repository.ProbaRepository 31 createEntityFromResultSet - Enter createEntityFromResultSet
06 Apr 2025 15:25:41,405 TRACE ro.mpp2024.repository.ProbaRepository 37 createEntityFromResultSet - Exit with(Proba{nume='Pedalat 200 de m', arbitru=1, categorie=ciclism})
06 Apr 2025 15:25:41,405 TRACE ro.mpp2024.repository.ProbaRepository 77 findOne - Exit with(Proba{nume='Pedalat 200 de m', arbitru=1, categorie=ciclism})
06 Apr 2025 15:25:41,405 TRACE ro.mpp2024.repository.RezultatRepository 116 save - Enter save
06 Apr 2025 15:25:41,405 TRACE ro.mpp2024.utils.JdbcUtils 48 getConnection - Enter
06 Apr 2025 15:25:41,405 TRACE ro.mpp2024.utils.JdbcUtils 57 getConnection - Exit with(org.sqlite.jdbc4.JDBC4Connection@73cfe8e1)
06 Apr 2025 15:25:41,416 TRACE ro.mpp2024.repository.RezultatRepository 127 save - Exit
06 Apr 2025 15:25:41,416 TRACE ro.mpp2024.services.ServerService 44 addRezultat - Exit
06 Apr 2025 15:25:41,416 DEBUG ro.mpp2024.protocol.ClientWorkerJson 79 sendResponse - sending response {"type":"REZULTAT_ADDED","rezultat":{"idProba":"c1","idParticipant":11,"numeParticipant":"Iliescu","prenumeParticipant":"Daniela","puncte":10}}
06 Apr 2025 15:26:20,338 ERROR ro.mpp2024.protocol.ClientWorkerJson 56 run - java.net.SocketException: Connection reset
06 Apr 2025 15:26:20,338 ERROR ro.mpp2024.protocol.ClientWorkerJson 57 run - [Ljava.lang.StackTraceElement;@742874bd
06 Apr 2025 15:26:21,354 ERROR ro.mpp2024.protocol.ClientWorkerJson 56 run - java.net.SocketException: Connection reset
06 Apr 2025 15:26:21,354 ERROR ro.mpp2024.protocol.ClientWorkerJson 57 run - [Ljava.lang.StackTraceElement;@3adeb4df
06 Apr 2025 15:26:22,368 ERROR ro.mpp2024.protocol.ClientWorkerJson 56 run - java.net.SocketException: Connection reset
06 Apr 2025 15:26:22,368 ERROR ro.mpp2024.protocol.ClientWorkerJson 57 run - [Ljava.lang.StackTraceElement;@f5c2766
06 Apr 2025 15:26:23,376 ERROR ro.mpp2024.protocol.ClientWorkerJson 56 run - java.net.SocketException: Connection reset
06 Apr 2025 15:26:23,376 ERROR ro.mpp2024.protocol.ClientWorkerJson 57 run - [Ljava.lang.StackTraceElement;@143e847a
06 Apr 2025 15:26:24,386 ERROR ro.mpp2024.protocol.ClientWorkerJson 56 run - java.net.SocketException: Connection reset
06 Apr 2025 15:26:24,386 ERROR ro.mpp2024.protocol.ClientWorkerJson 57 run - [Ljava.lang.StackTraceElement;@238487dc
06 Apr 2025 15:26:25,395 ERROR ro.mpp2024.protocol.ClientWorkerJson 56 run - java.net.SocketException: Connection reset
06 Apr 2025 15:26:25,395 ERROR ro.mpp2024.protocol.ClientWorkerJson 57 run - [Ljava.lang.StackTraceElement;@6c33a73f
06 Apr 2025 15:26:26,404 ERROR ro.mpp2024.protocol.ClientWorkerJson 56 run - java.net.SocketException: Connection reset
06 Apr 2025 15:26:26,404 ERROR ro.mpp2024.protocol.ClientWorkerJson 57 run - [Ljava.lang.StackTraceElement;@2badac8
06 Apr 2025 15:26:27,410 ERROR ro.mpp2024.protocol.ClientWorkerJson 56 run - java.net.SocketException: Connection reset
06 Apr 2025 15:26:27,410 ERROR ro.mpp2024.protocol.ClientWorkerJson 57 run - [Ljava.lang.StackTraceElement;@62c783b1
06 Apr 2025 15:26:28,418 ERROR ro.mpp2024.protocol.ClientWorkerJson 56 run - java.net.SocketException: Connection reset
06 Apr 2025 15:26:28,418 ERROR ro.mpp2024.protocol.ClientWorkerJson 57 run - [Ljava.lang.StackTraceElement;@65fa4252
06 Apr 2025 15:26:29,423 ERROR ro.mpp2024.protocol.ClientWorkerJson 56 run - java.net.SocketException: Connection reset
06 Apr 2025 15:26:29,423 ERROR ro.mpp2024.protocol.ClientWorkerJson 57 run - [Ljava.lang.StackTraceElement;@14011b8d
06 Apr 2025 15:26:30,436 ERROR ro.mpp2024.protocol.ClientWorkerJson 56 run - java.net.SocketException: Connection reset
06 Apr 2025 15:26:30,436 ERROR ro.mpp2024.protocol.ClientWorkerJson 57 run - [Ljava.lang.StackTraceElement;@4039ff5f
06 Apr 2025 15:26:31,445 ERROR ro.mpp2024.protocol.ClientWorkerJson 56 run - java.net.SocketException: Connection reset
06 Apr 2025 15:26:31,445 ERROR ro.mpp2024.protocol.ClientWorkerJson 57 run - [Ljava.lang.StackTraceElement;@1e3d36e2
06 Apr 2025 15:26:32,454 ERROR ro.mpp2024.protocol.ClientWorkerJson 56 run - java.net.SocketException: Connection reset
06 Apr 2025 15:26:32,454 ERROR ro.mpp2024.protocol.ClientWorkerJson 57 run - [Ljava.lang.StackTraceElement;@29620fa5
06 Apr 2025 15:26:33,468 ERROR ro.mpp2024.protocol.ClientWorkerJson 56 run - java.net.SocketException: Connection reset
06 Apr 2025 15:26:33,468 ERROR ro.mpp2024.protocol.ClientWorkerJson 57 run - [Ljava.lang.StackTraceElement;@3523b477
06 Apr 2025 15:26:34,481 ERROR ro.mpp2024.protocol.ClientWorkerJson 56 run - java.net.SocketException: Connection reset
06 Apr 2025 15:26:34,482 ERROR ro.mpp2024.protocol.ClientWorkerJson 57 run - [Ljava.lang.StackTraceElement;@3aef768b
06 Apr 2025 15:26:35,494 ERROR ro.mpp2024.protocol.ClientWorkerJson 56 run - java.net.SocketException: Connection reset
06 Apr 2025 15:26:35,494 ERROR ro.mpp2024.protocol.ClientWorkerJson 57 run - [Ljava.lang.StackTraceElement;@4d92dd12
06 Apr 2025 15:26:36,504 ERROR ro.mpp2024.protocol.ClientWorkerJson 56 run - java.net.SocketException: Connection reset
06 Apr 2025 15:26:36,504 ERROR ro.mpp2024.protocol.ClientWorkerJson 57 run - [Ljava.lang.StackTraceElement;@7434fc22
06 Apr 2025 15:26:37,516 ERROR ro.mpp2024.protocol.ClientWorkerJson 56 run - java.net.SocketException: Connection reset
06 Apr 2025 15:26:37,516 ERROR ro.mpp2024.protocol.ClientWorkerJson 57 run - [Ljava.lang.StackTraceElement;@5c9c7edf
06 Apr 2025 15:26:38,524 ERROR ro.mpp2024.protocol.ClientWorkerJson 56 run - java.net.SocketException: Connection reset
06 Apr 2025 15:26:38,524 ERROR ro.mpp2024.protocol.ClientWorkerJson 57 run - [Ljava.lang.StackTraceElement;@1d8600e9
06 Apr 2025 15:26:39,537 ERROR ro.mpp2024.protocol.ClientWorkerJson 56 run - java.net.SocketException: Connection reset
06 Apr 2025 15:26:39,537 ERROR ro.mpp2024.protocol.ClientWorkerJson 57 run - [Ljava.lang.StackTraceElement;@46a73406
06 Apr 2025 15:26:40,546 ERROR ro.mpp2024.protocol.ClientWorkerJson 56 run - java.net.SocketException: Connection reset
06 Apr 2025 15:26:40,546 ERROR ro.mpp2024.protocol.ClientWorkerJson 57 run - [Ljava.lang.StackTraceElement;@15a1051c
06 Apr 2025 15:26:41,553 ERROR ro.mpp2024.protocol.ClientWorkerJson 56 run - java.net.SocketException: Connection reset
06 Apr 2025 15:26:41,553 ERROR ro.mpp2024.protocol.ClientWorkerJson 57 run - [Ljava.lang.StackTraceElement;@2a74fbf1
06 Apr 2025 15:26:42,564 ERROR ro.mpp2024.protocol.ClientWorkerJson 56 run - java.net.SocketException: Connection reset
06 Apr 2025 15:26:42,564 ERROR ro.mpp2024.protocol.ClientWorkerJson 57 run - [Ljava.lang.StackTraceElement;@7d8371e
06 Apr 2025 15:26:43,573 ERROR ro.mpp2024.protocol.ClientWorkerJson 56 run - java.net.SocketException: Connection reset
06 Apr 2025 15:26:43,573 ERROR ro.mpp2024.protocol.ClientWorkerJson 57 run - [Ljava.lang.StackTraceElement;@78a034e7
06 Apr 2025 15:26:44,574 ERROR ro.mpp2024.protocol.ClientWorkerJson 56 run - java.net.SocketException: Connection reset
06 Apr 2025 15:26:44,574 ERROR ro.mpp2024.protocol.ClientWorkerJson 57 run - [Ljava.lang.StackTraceElement;@65b4570a
06 Apr 2025 15:26:45,586 ERROR ro.mpp2024.protocol.ClientWorkerJson 56 run - java.net.SocketException: Connection reset
06 Apr 2025 15:26:45,586 ERROR ro.mpp2024.protocol.ClientWorkerJson 57 run - [Ljava.lang.StackTraceElement;@6892933e
06 Apr 2025 15:26:46,597 ERROR ro.mpp2024.protocol.ClientWorkerJson 56 run - java.net.SocketException: Connection reset
06 Apr 2025 15:26:46,597 ERROR ro.mpp2024.protocol.ClientWorkerJson 57 run - [Ljava.lang.StackTraceElement;@2e3439f5
06 Apr 2025 15:26:47,607 ERROR ro.mpp2024.protocol.ClientWorkerJson 56 run - java.net.SocketException: Connection reset
06 Apr 2025 15:26:47,607 ERROR ro.mpp2024.protocol.ClientWorkerJson 57 run - [Ljava.lang.StackTraceElement;@574a27d8
06 Apr 2025 15:26:48,620 ERROR ro.mpp2024.protocol.ClientWorkerJson 56 run - java.net.SocketException: Connection reset
06 Apr 2025 15:26:48,620 ERROR ro.mpp2024.protocol.ClientWorkerJson 57 run - [Ljava.lang.StackTraceElement;@1001363c
06 Apr 2025 15:26:49,630 ERROR ro.mpp2024.protocol.ClientWorkerJson 56 run - java.net.SocketException: Connection reset
06 Apr 2025 15:26:49,630 ERROR ro.mpp2024.protocol.ClientWorkerJson 57 run - [Ljava.lang.StackTraceElement;@6cf64c61
06 Apr 2025 15:26:50,639 ERROR ro.mpp2024.protocol.ClientWorkerJson 56 run - java.net.SocketException: Connection reset
06 Apr 2025 15:26:50,639 ERROR ro.mpp2024.protocol.ClientWorkerJson 57 run - [Ljava.lang.StackTraceElement;@63022b9b
06 Apr 2025 15:26:51,650 ERROR ro.mpp2024.protocol.ClientWorkerJson 56 run - java.net.SocketException: Connection reset
06 Apr 2025 15:26:51,650 ERROR ro.mpp2024.protocol.ClientWorkerJson 57 run - [Ljava.lang.StackTraceElement;@65f0b4c4
06 Apr 2025 15:26:52,657 ERROR ro.mpp2024.protocol.ClientWorkerJson 56 run - java.net.SocketException: Connection reset
06 Apr 2025 15:26:52,657 ERROR ro.mpp2024.protocol.ClientWorkerJson 57 run - [Ljava.lang.StackTraceElement;@7cd9ce90
06 Apr 2025 15:26:53,664 ERROR ro.mpp2024.protocol.ClientWorkerJson 56 run - java.net.SocketException: Connection reset
06 Apr 2025 15:26:53,664 ERROR ro.mpp2024.protocol.ClientWorkerJson 57 run - [Ljava.lang.StackTraceElement;@2292102e
06 Apr 2025 15:26:54,672 ERROR ro.mpp2024.protocol.ClientWorkerJson 56 run - java.net.SocketException: Connection reset
06 Apr 2025 15:26:54,672 ERROR ro.mpp2024.protocol.ClientWorkerJson 57 run - [Ljava.lang.StackTraceElement;@50bea914
06 Apr 2025 15:26:55,683 ERROR ro.mpp2024.protocol.ClientWorkerJson 56 run - java.net.SocketException: Connection reset
06 Apr 2025 15:26:55,683 ERROR ro.mpp2024.protocol.ClientWorkerJson 57 run - [Ljava.lang.StackTraceElement;@30887153
06 Apr 2025 15:26:56,690 ERROR ro.mpp2024.protocol.ClientWorkerJson 56 run - java.net.SocketException: Connection reset
06 Apr 2025 15:26:56,690 ERROR ro.mpp2024.protocol.ClientWorkerJson 57 run - [Ljava.lang.StackTraceElement;@297849c
06 Apr 2025 15:26:57,698 ERROR ro.mpp2024.protocol.ClientWorkerJson 56 run - java.net.SocketException: Connection reset
06 Apr 2025 15:26:57,698 ERROR ro.mpp2024.protocol.ClientWorkerJson 57 run - [Ljava.lang.StackTraceElement;@30b6f780
06 Apr 2025 15:26:58,705 ERROR ro.mpp2024.protocol.ClientWorkerJson 56 run - java.net.SocketException: Connection reset
06 Apr 2025 15:26:58,705 ERROR ro.mpp2024.protocol.ClientWorkerJson 57 run - [Ljava.lang.StackTraceElement;@15650e8b
06 Apr 2025 15:26:59,714 ERROR ro.mpp2024.protocol.ClientWorkerJson 56 run - java.net.SocketException: Connection reset
06 Apr 2025 15:26:59,714 ERROR ro.mpp2024.protocol.ClientWorkerJson 57 run - [Ljava.lang.StackTraceElement;@6694e79d
06 Apr 2025 15:27:00,722 ERROR ro.mpp2024.protocol.ClientWorkerJson 56 run - java.net.SocketException: Connection reset
06 Apr 2025 15:27:00,722 ERROR ro.mpp2024.protocol.ClientWorkerJson 57 run - [Ljava.lang.StackTraceElement;@58992cb7
06 Apr 2025 15:27:01,733 ERROR ro.mpp2024.protocol.ClientWorkerJson 56 run - java.net.SocketException: Connection reset
06 Apr 2025 15:27:01,733 ERROR ro.mpp2024.protocol.ClientWorkerJson 57 run - [Ljava.lang.StackTraceElement;@5f14dad3
06 Apr 2025 15:27:02,744 ERROR ro.mpp2024.protocol.ClientWorkerJson 56 run - java.net.SocketException: Connection reset
06 Apr 2025 15:27:02,744 ERROR ro.mpp2024.protocol.ClientWorkerJson 57 run - [Ljava.lang.StackTraceElement;@623886ec
06 Apr 2025 15:27:03,752 ERROR ro.mpp2024.protocol.ClientWorkerJson 56 run - java.net.SocketException: Connection reset
06 Apr 2025 15:27:03,752 ERROR ro.mpp2024.protocol.ClientWorkerJson 57 run - [Ljava.lang.StackTraceElement;@23d13d39
06 Apr 2025 15:27:04,760 ERROR ro.mpp2024.protocol.ClientWorkerJson 56 run - java.net.SocketException: Connection reset
06 Apr 2025 15:27:04,760 ERROR ro.mpp2024.protocol.ClientWorkerJson 57 run - [Ljava.lang.StackTraceElement;@32bc4160
06 Apr 2025 15:27:05,770 ERROR ro.mpp2024.protocol.ClientWorkerJson 56 run - java.net.SocketException: Connection reset
06 Apr 2025 15:27:05,770 ERROR ro.mpp2024.protocol.ClientWorkerJson 57 run - [Ljava.lang.StackTraceElement;@4b07c7a6
06 Apr 2025 15:27:06,784 ERROR ro.mpp2024.protocol.ClientWorkerJson 56 run - java.net.SocketException: Connection reset
06 Apr 2025 15:27:06,784 ERROR ro.mpp2024.protocol.ClientWorkerJson 57 run - [Ljava.lang.StackTraceElement;@6d2e27cc
06 Apr 2025 15:27:07,791 ERROR ro.mpp2024.protocol.ClientWorkerJson 56 run - java.net.SocketException: Connection reset
06 Apr 2025 15:27:07,791 ERROR ro.mpp2024.protocol.ClientWorkerJson 57 run - [Ljava.lang.StackTraceElement;@473ce7a5
06 Apr 2025 15:27:08,800 ERROR ro.mpp2024.protocol.ClientWorkerJson 56 run - java.net.SocketException: Connection reset
06 Apr 2025 15:27:08,800 ERROR ro.mpp2024.protocol.ClientWorkerJson 57 run - [Ljava.lang.StackTraceElement;@175b1963
06 Apr 2025 15:27:09,811 ERROR ro.mpp2024.protocol.ClientWorkerJson 56 run - java.net.SocketException: Connection reset
06 Apr 2025 15:27:09,811 ERROR ro.mpp2024.protocol.ClientWorkerJson 57 run - [Ljava.lang.StackTraceElement;@6214c6d9
06 Apr 2025 15:27:10,823 ERROR ro.mpp2024.protocol.ClientWorkerJson 56 run - java.net.SocketException: Connection reset
06 Apr 2025 15:27:10,823 ERROR ro.mpp2024.protocol.ClientWorkerJson 57 run - [Ljava.lang.StackTraceElement;@7e188d10
06 Apr 2025 15:27:11,836 ERROR ro.mpp2024.protocol.ClientWorkerJson 56 run - java.net.SocketException: Connection reset
06 Apr 2025 15:27:11,836 ERROR ro.mpp2024.protocol.ClientWorkerJson 57 run - [Ljava.lang.StackTraceElement;@5eb95cb9
06 Apr 2025 15:27:12,845 ERROR ro.mpp2024.protocol.ClientWorkerJson 56 run - java.net.SocketException: Connection reset
06 Apr 2025 15:27:12,845 ERROR ro.mpp2024.protocol.ClientWorkerJson 57 run - [Ljava.lang.StackTraceElement;@1166c60c
06 Apr 2025 15:27:13,846 ERROR ro.mpp2024.protocol.ClientWorkerJson 56 run - java.net.SocketException: Connection reset
06 Apr 2025 15:27:13,846 ERROR ro.mpp2024.protocol.ClientWorkerJson 57 run - [Ljava.lang.StackTraceElement;@5500e8f7
06 Apr 2025 15:27:14,856 ERROR ro.mpp2024.protocol.ClientWorkerJson 56 run - java.net.SocketException: Connection reset
06 Apr 2025 15:27:14,856 ERROR ro.mpp2024.protocol.ClientWorkerJson 57 run - [Ljava.lang.StackTraceElement;@6f4a9f4a
06 Apr 2025 15:27:15,867 ERROR ro.mpp2024.protocol.ClientWorkerJson 56 run - java.net.SocketException: Connection reset
06 Apr 2025 15:27:15,867 ERROR ro.mpp2024.protocol.ClientWorkerJson 57 run - [Ljava.lang.StackTraceElement;@7b825a8e
06 Apr 2025 15:27:16,880 ERROR ro.mpp2024.protocol.ClientWorkerJson 56 run - java.net.SocketException: Connection reset
06 Apr 2025 15:27:16,880 ERROR ro.mpp2024.protocol.ClientWorkerJson 57 run - [Ljava.lang.StackTraceElement;@5cf3b554
06 Apr 2025 15:27:17,889 ERROR ro.mpp2024.protocol.ClientWorkerJson 56 run - java.net.SocketException: Connection reset
06 Apr 2025 15:27:17,889 ERROR ro.mpp2024.protocol.ClientWorkerJson 57 run - [Ljava.lang.StackTraceElement;@ee6b96d
06 Apr 2025 15:27:18,893 ERROR ro.mpp2024.protocol.ClientWorkerJson 56 run - java.net.SocketException: Connection reset
06 Apr 2025 15:27:18,893 ERROR ro.mpp2024.protocol.ClientWorkerJson 57 run - [Ljava.lang.StackTraceElement;@356dd734
06 Apr 2025 15:27:19,902 ERROR ro.mpp2024.protocol.ClientWorkerJson 56 run - java.net.SocketException: Connection reset
06 Apr 2025 15:27:19,902 ERROR ro.mpp2024.protocol.ClientWorkerJson 57 run - [Ljava.lang.StackTraceElement;@5cd2bd3d
06 Apr 2025 15:27:20,913 ERROR ro.mpp2024.protocol.ClientWorkerJson 56 run - java.net.SocketException: Connection reset
06 Apr 2025 15:27:20,913 ERROR ro.mpp2024.protocol.ClientWorkerJson 57 run - [Ljava.lang.StackTraceElement;@1dcafae6
06 Apr 2025 15:27:21,921 ERROR ro.mpp2024.protocol.ClientWorkerJson 56 run - java.net.SocketException: Connection reset
06 Apr 2025 15:27:21,921 ERROR ro.mpp2024.protocol.ClientWorkerJson 57 run - [Ljava.lang.StackTraceElement;@265c05e3
06 Apr 2025 15:27:22,933 ERROR ro.mpp2024.protocol.ClientWorkerJson 56 run - java.net.SocketException: Connection reset
06 Apr 2025 15:27:22,933 ERROR ro.mpp2024.protocol.ClientWorkerJson 57 run - [Ljava.lang.StackTraceElement;@7d53b26b
06 Apr 2025 15:27:23,943 ERROR ro.mpp2024.protocol.ClientWorkerJson 56 run - java.net.SocketException: Connection reset
06 Apr 2025 15:27:23,943 ERROR ro.mpp2024.protocol.ClientWorkerJson 57 run - [Ljava.lang.StackTraceElement;@34a1d3a9
06 Apr 2025 15:27:24,954 ERROR ro.mpp2024.protocol.ClientWorkerJson 56 run - java.net.SocketException: Connection reset
06 Apr 2025 15:27:24,954 ERROR ro.mpp2024.protocol.ClientWorkerJson 57 run - [Ljava.lang.StackTraceElement;@7ef61211
06 Apr 2025 15:27:25,964 ERROR ro.mpp2024.protocol.ClientWorkerJson 56 run - java.net.SocketException: Connection reset
06 Apr 2025 15:27:25,964 ERROR ro.mpp2024.protocol.ClientWorkerJson 57 run - [Ljava.lang.StackTraceElement;@38c36331
06 Apr 2025 15:27:26,973 ERROR ro.mpp2024.protocol.ClientWorkerJson 56 run - java.net.SocketException: Connection reset
06 Apr 2025 15:27:26,973 ERROR ro.mpp2024.protocol.ClientWorkerJson 57 run - [Ljava.lang.StackTraceElement;@58e35ea8
06 Apr 2025 15:27:27,984 ERROR ro.mpp2024.protocol.ClientWorkerJson 56 run - java.net.SocketException: Connection reset
06 Apr 2025 15:27:27,984 ERROR ro.mpp2024.protocol.ClientWorkerJson 57 run - [Ljava.lang.StackTraceElement;@6265f286
06 Apr 2025 15:27:28,992 ERROR ro.mpp2024.protocol.ClientWorkerJson 56 run - java.net.SocketException: Connection reset
06 Apr 2025 15:27:28,992 ERROR ro.mpp2024.protocol.ClientWorkerJson 57 run - [Ljava.lang.StackTraceElement;@2c4d1241
06 Apr 2025 15:27:30,000 ERROR ro.mpp2024.protocol.ClientWorkerJson 56 run - java.net.SocketException: Connection reset
06 Apr 2025 15:27:30,000 ERROR ro.mpp2024.protocol.ClientWorkerJson 57 run - [Ljava.lang.StackTraceElement;@f343612
06 Apr 2025 15:27:31,011 ERROR ro.mpp2024.protocol.ClientWorkerJson 56 run - java.net.SocketException: Connection reset
06 Apr 2025 15:27:31,011 ERROR ro.mpp2024.protocol.ClientWorkerJson 57 run - [Ljava.lang.StackTraceElement;@4d603f42
06 Apr 2025 15:27:32,023 ERROR ro.mpp2024.protocol.ClientWorkerJson 56 run - java.net.SocketException: Connection reset
06 Apr 2025 15:27:32,023 ERROR ro.mpp2024.protocol.ClientWorkerJson 57 run - [Ljava.lang.StackTraceElement;@5c05aa
06 Apr 2025 15:27:33,034 ERROR ro.mpp2024.protocol.ClientWorkerJson 56 run - java.net.SocketException: Connection reset
06 Apr 2025 15:27:33,034 ERROR ro.mpp2024.protocol.ClientWorkerJson 57 run - [Ljava.lang.StackTraceElement;@4447d0fa
06 Apr 2025 15:27:34,043 ERROR ro.mpp2024.protocol.ClientWorkerJson 56 run - java.net.SocketException: Connection reset
06 Apr 2025 15:27:34,043 ERROR ro.mpp2024.protocol.ClientWorkerJson 57 run - [Ljava.lang.StackTraceElement;@6a6dfac6
06 Apr 2025 15:27:35,054 ERROR ro.mpp2024.protocol.ClientWorkerJson 56 run - java.net.SocketException: Connection reset
06 Apr 2025 15:27:35,054 ERROR ro.mpp2024.protocol.ClientWorkerJson 57 run - [Ljava.lang.StackTraceElement;@26bb52e6
06 Apr 2025 15:27:36,068 ERROR ro.mpp2024.protocol.ClientWorkerJson 56 run - java.net.SocketException: Connection reset
06 Apr 2025 15:27:36,068 ERROR ro.mpp2024.protocol.ClientWorkerJson 57 run - [Ljava.lang.StackTraceElement;@46aa62ce
06 Apr 2025 15:27:37,075 ERROR ro.mpp2024.protocol.ClientWorkerJson 56 run - java.net.SocketException: Connection reset
06 Apr 2025 15:27:37,075 ERROR ro.mpp2024.protocol.ClientWorkerJson 57 run - [Ljava.lang.StackTraceElement;@3c10bae1
06 Apr 2025 15:27:38,082 ERROR ro.mpp2024.protocol.ClientWorkerJson 56 run - java.net.SocketException: Connection reset
06 Apr 2025 15:27:38,082 ERROR ro.mpp2024.protocol.ClientWorkerJson 57 run - [Ljava.lang.StackTraceElement;@392edc6f
06 Apr 2025 15:27:39,092 ERROR ro.mpp2024.protocol.ClientWorkerJson 56 run - java.net.SocketException: Connection reset
06 Apr 2025 15:27:39,092 ERROR ro.mpp2024.protocol.ClientWorkerJson 57 run - [Ljava.lang.StackTraceElement;@457e95ce
06 Apr 2025 15:27:40,105 ERROR ro.mpp2024.protocol.ClientWorkerJson 56 run - java.net.SocketException: Connection reset
06 Apr 2025 15:27:40,105 ERROR ro.mpp2024.protocol.ClientWorkerJson 57 run - [Ljava.lang.StackTraceElement;@505733bd
06 Apr 2025 15:27:41,114 ERROR ro.mpp2024.protocol.ClientWorkerJson 56 run - java.net.SocketException: Connection reset
06 Apr 2025 15:27:41,114 ERROR ro.mpp2024.protocol.ClientWorkerJson 57 run - [Ljava.lang.StackTraceElement;@69a95ce4
06 Apr 2025 15:27:42,121 ERROR ro.mpp2024.protocol.ClientWorkerJson 56 run - java.net.SocketException: Connection reset
06 Apr 2025 15:27:42,121 ERROR ro.mpp2024.protocol.ClientWorkerJson 57 run - [Ljava.lang.StackTraceElement;@262b281a
06 Apr 2025 15:27:43,128 ERROR ro.mpp2024.protocol.ClientWorkerJson 56 run - java.net.SocketException: Connection reset
06 Apr 2025 15:27:43,128 ERROR ro.mpp2024.protocol.ClientWorkerJson 57 run - [Ljava.lang.StackTraceElement;@174a09f4
06 Apr 2025 15:27:44,143 ERROR ro.mpp2024.protocol.ClientWorkerJson 56 run - java.net.SocketException: Connection reset
06 Apr 2025 15:27:44,143 ERROR ro.mpp2024.protocol.ClientWorkerJson 57 run - [Ljava.lang.StackTraceElement;@7ee91a7b
06 Apr 2025 15:27:45,153 ERROR ro.mpp2024.protocol.ClientWorkerJson 56 run - java.net.SocketException: Connection reset
06 Apr 2025 15:27:45,153 ERROR ro.mpp2024.protocol.ClientWorkerJson 57 run - [Ljava.lang.StackTraceElement;@5d04273e
06 Apr 2025 15:27:46,168 ERROR ro.mpp2024.protocol.ClientWorkerJson 56 run - java.net.SocketException: Connection reset
06 Apr 2025 15:27:46,168 ERROR ro.mpp2024.protocol.ClientWorkerJson 57 run - [Ljava.lang.StackTraceElement;@2290af7c
06 Apr 2025 15:27:47,176 ERROR ro.mpp2024.protocol.ClientWorkerJson 56 run - java.net.SocketException: Connection reset
06 Apr 2025 15:27:47,176 ERROR ro.mpp2024.protocol.ClientWorkerJson 57 run - [Ljava.lang.StackTraceElement;@65d20773
06 Apr 2025 15:27:48,187 ERROR ro.mpp2024.protocol.ClientWorkerJson 56 run - java.net.SocketException: Connection reset
06 Apr 2025 15:27:48,187 ERROR ro.mpp2024.protocol.ClientWorkerJson 57 run - [Ljava.lang.StackTraceElement;@53def370
06 Apr 2025 15:27:49,196 ERROR ro.mpp2024.protocol.ClientWorkerJson 56 run - java.net.SocketException: Connection reset
06 Apr 2025 15:27:49,196 ERROR ro.mpp2024.protocol.ClientWorkerJson 57 run - [Ljava.lang.StackTraceElement;@2f1f13e2
06 Apr 2025 15:27:50,204 ERROR ro.mpp2024.protocol.ClientWorkerJson 56 run - java.net.SocketException: Connection reset
06 Apr 2025 15:27:50,204 ERROR ro.mpp2024.protocol.ClientWorkerJson 57 run - [Ljava.lang.StackTraceElement;@853a232
06 Apr 2025 15:27:51,214 ERROR ro.mpp2024.protocol.ClientWorkerJson 56 run - java.net.SocketException: Connection reset
06 Apr 2025 15:27:51,214 ERROR ro.mpp2024.protocol.ClientWorkerJson 57 run - [Ljava.lang.StackTraceElement;@7d4fd5d4
06 Apr 2025 15:27:52,226 ERROR ro.mpp2024.protocol.ClientWorkerJson 56 run - java.net.SocketException: Connection reset
06 Apr 2025 15:27:52,226 ERROR ro.mpp2024.protocol.ClientWorkerJson 57 run - [Ljava.lang.StackTraceElement;@59aefc7e
06 Apr 2025 15:27:53,234 ERROR ro.mpp2024.protocol.ClientWorkerJson 56 run - java.net.SocketException: Connection reset
06 Apr 2025 15:27:53,234 ERROR ro.mpp2024.protocol.ClientWorkerJson 57 run - [Ljava.lang.StackTraceElement;@e7974aa
06 Apr 2025 15:27:54,241 ERROR ro.mpp2024.protocol.ClientWorkerJson 56 run - java.net.SocketException: Connection reset
06 Apr 2025 15:27:54,241 ERROR ro.mpp2024.protocol.ClientWorkerJson 57 run - [Ljava.lang.StackTraceElement;@1bae0565
06 Apr 2025 15:27:55,247 ERROR ro.mpp2024.protocol.ClientWorkerJson 56 run - java.net.SocketException: Connection reset
06 Apr 2025 15:27:55,247 ERROR ro.mpp2024.protocol.ClientWorkerJson 57 run - [Ljava.lang.StackTraceElement;@18cc82b1
06 Apr 2025 15:27:56,259 ERROR ro.mpp2024.protocol.ClientWorkerJson 56 run - java.net.SocketException: Connection reset
06 Apr 2025 15:27:56,259 ERROR ro.mpp2024.protocol.ClientWorkerJson 57 run - [Ljava.lang.StackTraceElement;@36afc0da
06 Apr 2025 15:27:57,267 ERROR ro.mpp2024.protocol.ClientWorkerJson 56 run - java.net.SocketException: Connection reset
06 Apr 2025 15:27:57,267 ERROR ro.mpp2024.protocol.ClientWorkerJson 57 run - [Ljava.lang.StackTraceElement;@73b63e81
06 Apr 2025 15:27:58,273 ERROR ro.mpp2024.protocol.ClientWorkerJson 56 run - java.net.SocketException: Connection reset
06 Apr 2025 15:27:58,273 ERROR ro.mpp2024.protocol.ClientWorkerJson 57 run - [Ljava.lang.StackTraceElement;@18d888bf
06 Apr 2025 15:27:59,283 ERROR ro.mpp2024.protocol.ClientWorkerJson 56 run - java.net.SocketException: Connection reset
06 Apr 2025 15:27:59,283 ERROR ro.mpp2024.protocol.ClientWorkerJson 57 run - [Ljava.lang.StackTraceElement;@647d581f
06 Apr 2025 15:28:00,293 ERROR ro.mpp2024.protocol.ClientWorkerJson 56 run - java.net.SocketException: Connection reset
06 Apr 2025 15:28:00,293 ERROR ro.mpp2024.protocol.ClientWorkerJson 57 run - [Ljava.lang.StackTraceElement;@2c9ced5a
06 Apr 2025 15:28:01,307 ERROR ro.mpp2024.protocol.ClientWorkerJson 56 run - java.net.SocketException: Connection reset
06 Apr 2025 15:28:01,307 ERROR ro.mpp2024.protocol.ClientWorkerJson 57 run - [Ljava.lang.StackTraceElement;@6e9c9c7e
06 Apr 2025 15:28:02,318 ERROR ro.mpp2024.protocol.ClientWorkerJson 56 run - java.net.SocketException: Connection reset
06 Apr 2025 15:28:02,318 ERROR ro.mpp2024.protocol.ClientWorkerJson 57 run - [Ljava.lang.StackTraceElement;@32dd7c62
06 Apr 2025 15:28:03,328 ERROR ro.mpp2024.protocol.ClientWorkerJson 56 run - java.net.SocketException: Connection reset
06 Apr 2025 15:28:03,328 ERROR ro.mpp2024.protocol.ClientWorkerJson 57 run - [Ljava.lang.StackTraceElement;@3cee7786
06 Apr 2025 15:28:04,340 ERROR ro.mpp2024.protocol.ClientWorkerJson 56 run - java.net.SocketException: Connection reset
06 Apr 2025 15:28:04,340 ERROR ro.mpp2024.protocol.ClientWorkerJson 57 run - [Ljava.lang.StackTraceElement;@77d3bb7c
06 Apr 2025 15:28:05,351 ERROR ro.mpp2024.protocol.ClientWorkerJson 56 run - java.net.SocketException: Connection reset
06 Apr 2025 15:28:05,351 ERROR ro.mpp2024.protocol.ClientWorkerJson 57 run - [Ljava.lang.StackTraceElement;@7d26b694
06 Apr 2025 15:28:06,357 ERROR ro.mpp2024.protocol.ClientWorkerJson 56 run - java.net.SocketException: Connection reset
06 Apr 2025 15:28:06,357 ERROR ro.mpp2024.protocol.ClientWorkerJson 57 run - [Ljava.lang.StackTraceElement;@2441eb3e
06 Apr 2025 15:28:07,369 ERROR ro.mpp2024.protocol.ClientWorkerJson 56 run - java.net.SocketException: Connection reset
06 Apr 2025 15:28:07,369 ERROR ro.mpp2024.protocol.ClientWorkerJson 57 run - [Ljava.lang.StackTraceElement;@6b5cfa77
06 Apr 2025 15:28:08,381 ERROR ro.mpp2024.protocol.ClientWorkerJson 56 run - java.net.SocketException: Connection reset
06 Apr 2025 15:28:08,381 ERROR ro.mpp2024.protocol.ClientWorkerJson 57 run - [Ljava.lang.StackTraceElement;@13ea43b
06 Apr 2025 15:28:09,389 ERROR ro.mpp2024.protocol.ClientWorkerJson 56 run - java.net.SocketException: Connection reset
06 Apr 2025 15:28:09,389 ERROR ro.mpp2024.protocol.ClientWorkerJson 57 run - [Ljava.lang.StackTraceElement;@49e4209e
06 Apr 2025 15:28:10,397 ERROR ro.mpp2024.protocol.ClientWorkerJson 56 run - java.net.SocketException: Connection reset
06 Apr 2025 15:28:10,397 ERROR ro.mpp2024.protocol.ClientWorkerJson 57 run - [Ljava.lang.StackTraceElement;@62d72a87
06 Apr 2025 15:28:11,403 ERROR ro.mpp2024.protocol.ClientWorkerJson 56 run - java.net.SocketException: Connection reset
06 Apr 2025 15:28:11,403 ERROR ro.mpp2024.protocol.ClientWorkerJson 57 run - [Ljava.lang.StackTraceElement;@6ed4ebe8
06 Apr 2025 15:28:12,411 ERROR ro.mpp2024.protocol.ClientWorkerJson 56 run - java.net.SocketException: Connection reset
06 Apr 2025 15:28:12,411 ERROR ro.mpp2024.protocol.ClientWorkerJson 57 run - [Ljava.lang.StackTraceElement;@1a3f9575
06 Apr 2025 15:28:13,415 ERROR ro.mpp2024.protocol.ClientWorkerJson 56 run - java.net.SocketException: Connection reset
06 Apr 2025 15:28:13,415 ERROR ro.mpp2024.protocol.ClientWorkerJson 57 run - [Ljava.lang.StackTraceElement;@72b7a67c
06 Apr 2025 15:28:14,428 ERROR ro.mpp2024.protocol.ClientWorkerJson 56 run - java.net.SocketException: Connection reset
06 Apr 2025 15:28:14,428 ERROR ro.mpp2024.protocol.ClientWorkerJson 57 run - [Ljava.lang.StackTraceElement;@29ef39bf
06 Apr 2025 15:28:15,435 ERROR ro.mpp2024.protocol.ClientWorkerJson 56 run - java.net.SocketException: Connection reset
06 Apr 2025 15:28:15,435 ERROR ro.mpp2024.protocol.ClientWorkerJson 57 run - [Ljava.lang.StackTraceElement;@602d0cc1
06 Apr 2025 15:28:16,443 ERROR ro.mpp2024.protocol.ClientWorkerJson 56 run - java.net.SocketException: Connection reset
06 Apr 2025 15:28:16,443 ERROR ro.mpp2024.protocol.ClientWorkerJson 57 run - [Ljava.lang.StackTraceElement;@65fb98c
06 Apr 2025 15:28:17,453 ERROR ro.mpp2024.protocol.ClientWorkerJson 56 run - java.net.SocketException: Connection reset
06 Apr 2025 15:28:17,453 ERROR ro.mpp2024.protocol.ClientWorkerJson 57 run - [Ljava.lang.StackTraceElement;@49147b7d
06 Apr 2025 15:28:18,467 ERROR ro.mpp2024.protocol.ClientWorkerJson 56 run - java.net.SocketException: Connection reset
06 Apr 2025 15:28:18,467 ERROR ro.mpp2024.protocol.ClientWorkerJson 57 run - [Ljava.lang.StackTraceElement;@19e68121
06 Apr 2025 15:28:19,479 ERROR ro.mpp2024.protocol.ClientWorkerJson 56 run - java.net.SocketException: Connection reset
06 Apr 2025 15:28:19,479 ERROR ro.mpp2024.protocol.ClientWorkerJson 57 run - [Ljava.lang.StackTraceElement;@1125cdd8
06 Apr 2025 15:28:20,487 ERROR ro.mpp2024.protocol.ClientWorkerJson 56 run - java.net.SocketException: Connection reset
06 Apr 2025 15:28:20,487 ERROR ro.mpp2024.protocol.ClientWorkerJson 57 run - [Ljava.lang.StackTraceElement;@6a4d95a9
06 Apr 2025 15:28:21,500 ERROR ro.mpp2024.protocol.ClientWorkerJson 56 run - java.net.SocketException: Connection reset
06 Apr 2025 15:28:21,500 ERROR ro.mpp2024.protocol.ClientWorkerJson 57 run - [Ljava.lang.StackTraceElement;@e8c40e
06 Apr 2025 15:28:22,511 ERROR ro.mpp2024.protocol.ClientWorkerJson 56 run - java.net.SocketException: Connection reset
06 Apr 2025 15:28:22,511 ERROR ro.mpp2024.protocol.ClientWorkerJson 57 run - [Ljava.lang.StackTraceElement;@2d2aa2bb
06 Apr 2025 15:28:23,526 ERROR ro.mpp2024.protocol.ClientWorkerJson 56 run - java.net.SocketException: Connection reset
06 Apr 2025 15:28:23,527 ERROR ro.mpp2024.protocol.ClientWorkerJson 57 run - [Ljava.lang.StackTraceElement;@12dee1cb
06 Apr 2025 15:28:24,536 ERROR ro.mpp2024.protocol.ClientWorkerJson 56 run - java.net.SocketException: Connection reset
06 Apr 2025 15:28:24,536 ERROR ro.mpp2024.protocol.ClientWorkerJson 57 run - [Ljava.lang.StackTraceElement;@1438cee4
06 Apr 2025 15:28:25,549 ERROR ro.mpp2024.protocol.ClientWorkerJson 56 run - java.net.SocketException: Connection reset
06 Apr 2025 15:28:25,549 ERROR ro.mpp2024.protocol.ClientWorkerJson 57 run - [Ljava.lang.StackTraceElement;@52b6a0d9
06 Apr 2025 15:28:26,559 ERROR ro.mpp2024.protocol.ClientWorkerJson 56 run - java.net.SocketException: Connection reset
06 Apr 2025 15:28:26,559 ERROR ro.mpp2024.protocol.ClientWorkerJson 57 run - [Ljava.lang.StackTraceElement;@2af1ff4e
06 Apr 2025 15:28:27,563 ERROR ro.mpp2024.protocol.ClientWorkerJson 56 run - java.net.SocketException: Connection reset
06 Apr 2025 15:28:27,563 ERROR ro.mpp2024.protocol.ClientWorkerJson 57 run - [Ljava.lang.StackTraceElement;@4f448362
06 Apr 2025 15:28:28,568 ERROR ro.mpp2024.protocol.ClientWorkerJson 56 run - java.net.SocketException: Connection reset
06 Apr 2025 15:28:28,569 ERROR ro.mpp2024.protocol.ClientWorkerJson 57 run - [Ljava.lang.StackTraceElement;@1d593b80
06 Apr 2025 15:28:29,577 ERROR ro.mpp2024.protocol.ClientWorkerJson 56 run - java.net.SocketException: Connection reset
06 Apr 2025 15:28:29,577 ERROR ro.mpp2024.protocol.ClientWorkerJson 57 run - [Ljava.lang.StackTraceElement;@7a8ef09a
06 Apr 2025 15:28:30,578 ERROR ro.mpp2024.protocol.ClientWorkerJson 56 run - java.net.SocketException: Connection reset
06 Apr 2025 15:28:30,578 ERROR ro.mpp2024.protocol.ClientWorkerJson 57 run - [Ljava.lang.StackTraceElement;@5fa06b0a
06 Apr 2025 15:28:31,588 ERROR ro.mpp2024.protocol.ClientWorkerJson 56 run - java.net.SocketException: Connection reset
06 Apr 2025 15:28:31,588 ERROR ro.mpp2024.protocol.ClientWorkerJson 57 run - [Ljava.lang.StackTraceElement;@3414bc0f
06 Apr 2025 15:28:32,597 ERROR ro.mpp2024.protocol.ClientWorkerJson 56 run - java.net.SocketException: Connection reset
06 Apr 2025 15:28:32,597 ERROR ro.mpp2024.protocol.ClientWorkerJson 57 run - [Ljava.lang.StackTraceElement;@60c50436
06 Apr 2025 15:28:33,609 ERROR ro.mpp2024.protocol.ClientWorkerJson 56 run - java.net.SocketException: Connection reset
06 Apr 2025 15:28:33,609 ERROR ro.mpp2024.protocol.ClientWorkerJson 57 run - [Ljava.lang.StackTraceElement;@6d422294
06 Apr 2025 15:28:34,621 ERROR ro.mpp2024.protocol.ClientWorkerJson 56 run - java.net.SocketException: Connection reset
06 Apr 2025 15:28:34,621 ERROR ro.mpp2024.protocol.ClientWorkerJson 57 run - [Ljava.lang.StackTraceElement;@3166fc0d
06 Apr 2025 15:28:35,632 ERROR ro.mpp2024.protocol.ClientWorkerJson 56 run - java.net.SocketException: Connection reset
06 Apr 2025 15:28:35,632 ERROR ro.mpp2024.protocol.ClientWorkerJson 57 run - [Ljava.lang.StackTraceElement;@2003caea
06 Apr 2025 15:28:36,642 ERROR ro.mpp2024.protocol.ClientWorkerJson 56 run - java.net.SocketException: Connection reset
06 Apr 2025 15:28:36,642 ERROR ro.mpp2024.protocol.ClientWorkerJson 57 run - [Ljava.lang.StackTraceElement;@68af8e68
06 Apr 2025 15:28:37,651 ERROR ro.mpp2024.protocol.ClientWorkerJson 56 run - java.net.SocketException: Connection reset
06 Apr 2025 15:28:37,651 ERROR ro.mpp2024.protocol.ClientWorkerJson 57 run - [Ljava.lang.StackTraceElement;@1405476b
06 Apr 2025 15:28:38,654 ERROR ro.mpp2024.protocol.ClientWorkerJson 56 run - java.net.SocketException: Connection reset
06 Apr 2025 15:28:38,654 ERROR ro.mpp2024.protocol.ClientWorkerJson 57 run - [Ljava.lang.StackTraceElement;@12855772
06 Apr 2025 15:28:39,657 ERROR ro.mpp2024.protocol.ClientWorkerJson 56 run - java.net.SocketException: Connection reset
06 Apr 2025 15:28:39,657 ERROR ro.mpp2024.protocol.ClientWorkerJson 57 run - [Ljava.lang.StackTraceElement;@2c6f9b52
06 Apr 2025 15:28:40,670 ERROR ro.mpp2024.protocol.ClientWorkerJson 56 run - java.net.SocketException: Connection reset
06 Apr 2025 15:28:40,670 ERROR ro.mpp2024.protocol.ClientWorkerJson 57 run - [Ljava.lang.StackTraceElement;@38279c79
06 Apr 2025 15:28:41,676 ERROR ro.mpp2024.protocol.ClientWorkerJson 56 run - java.net.SocketException: Connection reset
06 Apr 2025 15:28:41,676 ERROR ro.mpp2024.protocol.ClientWorkerJson 57 run - [Ljava.lang.StackTraceElement;@627ba09
06 Apr 2025 15:28:42,688 ERROR ro.mpp2024.protocol.ClientWorkerJson 56 run - java.net.SocketException: Connection reset
06 Apr 2025 15:28:42,688 ERROR ro.mpp2024.protocol.ClientWorkerJson 57 run - [Ljava.lang.StackTraceElement;@3e214378
06 Apr 2025 15:28:43,701 ERROR ro.mpp2024.protocol.ClientWorkerJson 56 run - java.net.SocketException: Connection reset
06 Apr 2025 15:28:43,701 ERROR ro.mpp2024.protocol.ClientWorkerJson 57 run - [Ljava.lang.StackTraceElement;@6e44fae5
06 Apr 2025 15:28:44,712 ERROR ro.mpp2024.protocol.ClientWorkerJson 56 run - java.net.SocketException: Connection reset
06 Apr 2025 15:28:44,712 ERROR ro.mpp2024.protocol.ClientWorkerJson 57 run - [Ljava.lang.StackTraceElement;@6a847700
06 Apr 2025 15:28:45,725 ERROR ro.mpp2024.protocol.ClientWorkerJson 56 run - java.net.SocketException: Connection reset
06 Apr 2025 15:28:45,725 ERROR ro.mpp2024.protocol.ClientWorkerJson 57 run - [Ljava.lang.StackTraceElement;@51486fab
06 Apr 2025 15:28:46,734 ERROR ro.mpp2024.protocol.ClientWorkerJson 56 run - java.net.SocketException: Connection reset
06 Apr 2025 15:28:46,734 ERROR ro.mpp2024.protocol.ClientWorkerJson 57 run - [Ljava.lang.StackTraceElement;@6546cc79
06 Apr 2025 15:28:47,744 ERROR ro.mpp2024.protocol.ClientWorkerJson 56 run - java.net.SocketException: Connection reset
06 Apr 2025 15:28:47,744 ERROR ro.mpp2024.protocol.ClientWorkerJson 57 run - [Ljava.lang.StackTraceElement;@2c1c91e6
06 Apr 2025 15:28:48,751 ERROR ro.mpp2024.protocol.ClientWorkerJson 56 run - java.net.SocketException: Connection reset
06 Apr 2025 15:28:48,751 ERROR ro.mpp2024.protocol.ClientWorkerJson 57 run - [Ljava.lang.StackTraceElement;@65e9df12
06 Apr 2025 15:28:49,752 ERROR ro.mpp2024.protocol.ClientWorkerJson 56 run - java.net.SocketException: Connection reset
06 Apr 2025 15:28:49,752 ERROR ro.mpp2024.protocol.ClientWorkerJson 57 run - [Ljava.lang.StackTraceElement;@774ec133
06 Apr 2025 15:28:50,755 ERROR ro.mpp2024.protocol.ClientWorkerJson 56 run - java.net.SocketException: Connection reset
06 Apr 2025 15:28:50,755 ERROR ro.mpp2024.protocol.ClientWorkerJson 57 run - [Ljava.lang.StackTraceElement;@24b8eea7
06 Apr 2025 15:28:51,764 ERROR ro.mpp2024.protocol.ClientWorkerJson 56 run - java.net.SocketException: Connection reset
06 Apr 2025 15:28:51,764 ERROR ro.mpp2024.protocol.ClientWorkerJson 57 run - [Ljava.lang.StackTraceElement;@6ce3c877
06 Apr 2025 15:28:52,771 ERROR ro.mpp2024.protocol.ClientWorkerJson 56 run - java.net.SocketException: Connection reset
06 Apr 2025 15:28:52,771 ERROR ro.mpp2024.protocol.ClientWorkerJson 57 run - [Ljava.lang.StackTraceElement;@47599bb6
06 Apr 2025 15:28:53,776 ERROR ro.mpp2024.protocol.ClientWorkerJson 56 run - java.net.SocketException: Connection reset
06 Apr 2025 15:28:53,776 ERROR ro.mpp2024.protocol.ClientWorkerJson 57 run - [Ljava.lang.StackTraceElement;@461f9d37
06 Apr 2025 15:28:54,789 ERROR ro.mpp2024.protocol.ClientWorkerJson 56 run - java.net.SocketException: Connection reset
06 Apr 2025 15:28:54,789 ERROR ro.mpp2024.protocol.ClientWorkerJson 57 run - [Ljava.lang.StackTraceElement;@25b19e85
06 Apr 2025 15:28:55,794 ERROR ro.mpp2024.protocol.ClientWorkerJson 56 run - java.net.SocketException: Connection reset
06 Apr 2025 15:28:55,794 ERROR ro.mpp2024.protocol.ClientWorkerJson 57 run - [Ljava.lang.StackTraceElement;@57635a34
06 Apr 2025 15:28:56,802 ERROR ro.mpp2024.protocol.ClientWorkerJson 56 run - java.net.SocketException: Connection reset
06 Apr 2025 15:28:56,802 ERROR ro.mpp2024.protocol.ClientWorkerJson 57 run - [Ljava.lang.StackTraceElement;@5cecef45
06 Apr 2025 15:28:57,812 ERROR ro.mpp2024.protocol.ClientWorkerJson 56 run - java.net.SocketException: Connection reset
06 Apr 2025 15:28:57,812 ERROR ro.mpp2024.protocol.ClientWorkerJson 57 run - [Ljava.lang.StackTraceElement;@662027ca
06 Apr 2025 15:28:58,822 ERROR ro.mpp2024.protocol.ClientWorkerJson 56 run - java.net.SocketException: Connection reset
06 Apr 2025 15:28:58,822 ERROR ro.mpp2024.protocol.ClientWorkerJson 57 run - [Ljava.lang.StackTraceElement;@4f4cc83d
06 Apr 2025 15:28:59,831 ERROR ro.mpp2024.protocol.ClientWorkerJson 56 run - java.net.SocketException: Connection reset
06 Apr 2025 15:28:59,831 ERROR ro.mpp2024.protocol.ClientWorkerJson 57 run - [Ljava.lang.StackTraceElement;@233991a
06 Apr 2025 15:29:00,840 ERROR ro.mpp2024.protocol.ClientWorkerJson 56 run - java.net.SocketException: Connection reset
06 Apr 2025 15:29:00,840 ERROR ro.mpp2024.protocol.ClientWorkerJson 57 run - [Ljava.lang.StackTraceElement;@391ec8de
06 Apr 2025 15:29:01,850 ERROR ro.mpp2024.protocol.ClientWorkerJson 56 run - java.net.SocketException: Connection reset
06 Apr 2025 15:29:01,850 ERROR ro.mpp2024.protocol.ClientWorkerJson 57 run - [Ljava.lang.StackTraceElement;@5ee7b640
06 Apr 2025 15:29:02,859 ERROR ro.mpp2024.protocol.ClientWorkerJson 56 run - java.net.SocketException: Connection reset
06 Apr 2025 15:29:02,859 ERROR ro.mpp2024.protocol.ClientWorkerJson 57 run - [Ljava.lang.StackTraceElement;@77439081
06 Apr 2025 15:29:03,866 ERROR ro.mpp2024.protocol.ClientWorkerJson 56 run - java.net.SocketException: Connection reset
06 Apr 2025 15:29:03,866 ERROR ro.mpp2024.protocol.ClientWorkerJson 57 run - [Ljava.lang.StackTraceElement;@69263c3a
06 Apr 2025 15:29:04,874 ERROR ro.mpp2024.protocol.ClientWorkerJson 56 run - java.net.SocketException: Connection reset
06 Apr 2025 15:29:04,874 ERROR ro.mpp2024.protocol.ClientWorkerJson 57 run - [Ljava.lang.StackTraceElement;@263151f8
06 Apr 2025 15:29:05,890 ERROR ro.mpp2024.protocol.ClientWorkerJson 56 run - java.net.SocketException: Connection reset
06 Apr 2025 15:29:05,890 ERROR ro.mpp2024.protocol.ClientWorkerJson 57 run - [Ljava.lang.StackTraceElement;@4507b6c8
06 Apr 2025 15:29:06,896 ERROR ro.mpp2024.protocol.ClientWorkerJson 56 run - java.net.SocketException: Connection reset
06 Apr 2025 15:29:06,896 ERROR ro.mpp2024.protocol.ClientWorkerJson 57 run - [Ljava.lang.StackTraceElement;@2e2be171
06 Apr 2025 15:29:07,910 ERROR ro.mpp2024.protocol.ClientWorkerJson 56 run - java.net.SocketException: Connection reset
06 Apr 2025 15:29:07,910 ERROR ro.mpp2024.protocol.ClientWorkerJson 57 run - [Ljava.lang.StackTraceElement;@76b4df62
06 Apr 2025 15:29:08,917 ERROR ro.mpp2024.protocol.ClientWorkerJson 56 run - java.net.SocketException: Connection reset
06 Apr 2025 15:29:08,917 ERROR ro.mpp2024.protocol.ClientWorkerJson 57 run - [Ljava.lang.StackTraceElement;@5aa6eedd
06 Apr 2025 15:29:09,929 ERROR ro.mpp2024.protocol.ClientWorkerJson 56 run - java.net.SocketException: Connection reset
06 Apr 2025 15:29:09,929 ERROR ro.mpp2024.protocol.ClientWorkerJson 57 run - [Ljava.lang.StackTraceElement;@226fa2b7
06 Apr 2025 15:29:10,943 ERROR ro.mpp2024.protocol.ClientWorkerJson 56 run - java.net.SocketException: Connection reset
06 Apr 2025 15:29:10,943 ERROR ro.mpp2024.protocol.ClientWorkerJson 57 run - [Ljava.lang.StackTraceElement;@53beefe2
06 Apr 2025 15:29:11,954 ERROR ro.mpp2024.protocol.ClientWorkerJson 56 run - java.net.SocketException: Connection reset
06 Apr 2025 15:29:11,954 ERROR ro.mpp2024.protocol.ClientWorkerJson 57 run - [Ljava.lang.StackTraceElement;@3a17538
06 Apr 2025 15:29:12,968 ERROR ro.mpp2024.protocol.ClientWorkerJson 56 run - java.net.SocketException: Connection reset
06 Apr 2025 15:29:12,968 ERROR ro.mpp2024.protocol.ClientWorkerJson 57 run - [Ljava.lang.StackTraceElement;@6e1cb397
06 Apr 2025 15:29:13,973 ERROR ro.mpp2024.protocol.ClientWorkerJson 56 run - java.net.SocketException: Connection reset
06 Apr 2025 15:29:13,973 ERROR ro.mpp2024.protocol.ClientWorkerJson 57 run - [Ljava.lang.StackTraceElement;@3139cef9
06 Apr 2025 15:29:14,975 ERROR ro.mpp2024.protocol.ClientWorkerJson 56 run - java.net.SocketException: Connection reset
06 Apr 2025 15:29:14,975 ERROR ro.mpp2024.protocol.ClientWorkerJson 57 run - [Ljava.lang.StackTraceElement;@15dce6c3
06 Apr 2025 15:29:15,983 ERROR ro.mpp2024.protocol.ClientWorkerJson 56 run - java.net.SocketException: Connection reset
06 Apr 2025 15:29:15,983 ERROR ro.mpp2024.protocol.ClientWorkerJson 57 run - [Ljava.lang.StackTraceElement;@1d5c49f5
06 Apr 2025 15:29:16,996 ERROR ro.mpp2024.protocol.ClientWorkerJson 56 run - java.net.SocketException: Connection reset
06 Apr 2025 15:29:16,996 ERROR ro.mpp2024.protocol.ClientWorkerJson 57 run - [Ljava.lang.StackTraceElement;@16d7c1c2
06 Apr 2025 15:29:18,002 ERROR ro.mpp2024.protocol.ClientWorkerJson 56 run - java.net.SocketException: Connection reset
06 Apr 2025 15:29:18,002 ERROR ro.mpp2024.protocol.ClientWorkerJson 57 run - [Ljava.lang.StackTraceElement;@69e68be7
06 Apr 2025 15:29:19,012 ERROR ro.mpp2024.protocol.ClientWorkerJson 56 run - java.net.SocketException: Connection reset
06 Apr 2025 15:29:19,012 ERROR ro.mpp2024.protocol.ClientWorkerJson 57 run - [Ljava.lang.StackTraceElement;@1b7e92e6
06 Apr 2025 15:29:20,020 ERROR ro.mpp2024.protocol.ClientWorkerJson 56 run - java.net.SocketException: Connection reset
06 Apr 2025 15:29:20,020 ERROR ro.mpp2024.protocol.ClientWorkerJson 57 run - [Ljava.lang.StackTraceElement;@6492639d
06 Apr 2025 15:29:25,144 INFO  ro.mpp2024.StartJsonServer 24 main - Server properties: {server.port=55556, jdbc.url=jdbc:sqlite:src/main/resources/triatlon.db}
06 Apr 2025 15:29:25,149 INFO  ro.mpp2024.repository.ArbitruRepository 23 <init> - Initializing IArbitruRepository with properties: {} 
06 Apr 2025 15:29:25,150 INFO  ro.mpp2024.repository.ProbaRepository 25 <init> - Initializing ProbaRepository with properties: {} 
06 Apr 2025 15:29:25,150 INFO  ro.mpp2024.repository.ParticipantRepository 24 <init> - Initializing ParticipantRepository with properties: {} 
06 Apr 2025 15:29:25,151 INFO  ro.mpp2024.repository.RezultatRepository 25 <init> - Initializing RezultatRepository with properties: {} 
06 Apr 2025 15:29:25,152 INFO  ro.mpp2024.services.ServerService 32 <init> - Service Rezultat made
06 Apr 2025 15:29:25,153 DEBUG ro.mpp2024.StartJsonServer 50 main - Starting server on port: 55556
06 Apr 2025 15:29:25,153 DEBUG ro.mpp2024.networkUtils.AbsConcurrentServer 13 <init> - Concurrent AbstractServer
06 Apr 2025 15:29:25,153 INFO  ro.mpp2024.networkUtils.JsonConcurrentServer 17 <init> - JsonConcurrentServer
06 Apr 2025 15:29:25,157 INFO  chat.network.utils.AbstractServer 25 start - Waiting for clients ...
06 Apr 2025 15:29:56,793 INFO  chat.network.utils.AbstractServer 27 start - Client connected ...
06 Apr 2025 15:29:56,820 INFO  chat.network.utils.AbstractServer 25 start - Waiting for clients ...
06 Apr 2025 15:29:56,828 DEBUG ro.mpp2024.protocol.ClientWorkerJson 90 handleRequest - Login request UserDTO{nume='', username='bob.smith', password='U2VjdXJlUEBzczI=', probaId=''}
06 Apr 2025 15:29:56,830 TRACE ro.mpp2024.utils.JdbcUtils 48 getConnection - Enter
06 Apr 2025 15:29:56,830 TRACE ro.mpp2024.utils.JdbcUtils 25 getNewConnection - Enter
06 Apr 2025 15:29:56,830 INFO  ro.mpp2024.utils.JdbcUtils 30 getNewConnection - trying to connect to database ... jdbc:sqlite:src/main/resources/triatlon.db
06 Apr 2025 15:29:56,830 INFO  ro.mpp2024.utils.JdbcUtils 31 getNewConnection - user: null
06 Apr 2025 15:29:56,831 INFO  ro.mpp2024.utils.JdbcUtils 32 getNewConnection - pass: null
06 Apr 2025 15:29:56,930 TRACE ro.mpp2024.utils.JdbcUtils 57 getConnection - Exit with(org.sqlite.jdbc4.JDBC4Connection@73cfe8e1)
06 Apr 2025 15:29:56,932 TRACE ro.mpp2024.repository.ArbitruRepository 29 createEntityFromResultSet - Enter createEntityFromResultSet
06 Apr 2025 15:29:56,933 TRACE ro.mpp2024.repository.ArbitruRepository 36 createEntityFromResultSet - Exit with(Arbitru{nume='Bob Smith', username='bob.smith', password='U2VjdXJlUEBzczI=', id_proba=c1})
06 Apr 2025 15:29:56,936 DEBUG ro.mpp2024.protocol.ClientWorkerJson 79 sendResponse - sending response {"type":"LOGGED_ACC","user":{"id":21,"nume":"Bob Smith","username":"bob.smith","password":"U2VjdXJlUEBzczI\u003d","id_proba":"c1"}}
06 Apr 2025 15:29:57,947 DEBUG ro.mpp2024.protocol.ClientWorkerJson 115 handleRequest - Get all rezultate request fornull
06 Apr 2025 15:29:57,948 TRACE ro.mpp2024.repository.RezultatRepository 144 listaParticipantiPuncteAlfabetic - Enter listaParticipantiPuncteAlfabetic
06 Apr 2025 15:29:57,948 TRACE ro.mpp2024.utils.JdbcUtils 48 getConnection - Enter
06 Apr 2025 15:29:57,948 TRACE ro.mpp2024.utils.JdbcUtils 57 getConnection - Exit with(org.sqlite.jdbc4.JDBC4Connection@73cfe8e1)
06 Apr 2025 15:29:57,949 TRACE ro.mpp2024.repository.RezultatRepository 162 listaParticipantiPuncteAlfabetic - Enter Terminat dictionar
06 Apr 2025 15:29:57,951 DEBUG ro.mpp2024.protocol.ClientWorkerJson 79 sendResponse - sending response {"type":"ALL_REZULTATE","punctaje":[{"idParticipant":18,"nume":"Barbu","prenume":"Irina","varsta":27,"punctaj":230},{"idParticipant":19,"nume":"Constantin","prenume":"Marius","varsta":30,"punctaj":278},{"idParticipant":13,"nume":"Dobre","prenume":"Adriana","varsta":34,"punctaj":175},{"idParticipant":21,"nume":"Dragomir","prenume":"Adrian","varsta":26,"punctaj":130},{"idParticipant":4,"nume":"Dumitrescu","prenume":"Elena","varsta":28,"punctaj":143},{"idParticipant":20,"nume":"Enache","prenume":"Laura","varsta":29,"punctaj":325},{"idParticipant":22,"nume":"Filip","prenume":"Bianca","varsta":31,"punctaj":307},{"idParticipant":3,"nume":"Georgescu","prenume":"Andrei","varsta":22,"punctaj":122},{"idParticipant":17,"nume":"Gheorghe","prenume":"Vlad","varsta":28,"punctaj":200},{"idParticipant":23,"nume":"Grigore","prenume":"Stefan","varsta":24,"punctaj":145},{"idParticipant":24,"nume":"Hagi","prenume":"Diana","varsta":32,"punctaj":193},{"idParticipant":25,"nume":"Iacob","prenume":"Radu","varsta":23,"punctaj":195},{"idParticipant":11,"nume":"Iliescu","prenume":"Daniela","varsta":32,"punctaj":320},{"idParticipant":2,"nume":"Ionescu","prenume":"Maria","varsta":30,"punctaj":156},{"idParticipant":26,"nume":"Jianu","prenume":"Oana","varsta":34,"punctaj":142},{"idParticipant":27,"nume":"Kovacs","prenume":"Cristina","varsta":21,"punctaj":199},{"idParticipant":16,"nume":"Lazar","prenume":"Roxana","varsta":25,"punctaj":185},{"idParticipant":28,"nume":"Lupu","prenume":"George","varsta":33,"punctaj":199},{"idParticipant":29,"nume":"Manole","prenume":"Simona","varsta":25,"punctaj":117},{"idParticipant":8,"nume":"Marin","prenume":"Ana","varsta":29,"punctaj":134},{"idParticipant":14,"nume":"Munteanu","prenume":"Sorin","varsta":21,"punctaj":301},{"idParticipant":30,"nume":"Nedelcu","prenume":"Alexandra","varsta":28,"punctaj":169},{"idParticipant":15,"nume":"Nistor","prenume":"Carmen","varsta":33,"punctaj":189},{"idParticipant":40,"nume":"nume","prenume":"prenume","varsta":20,"punctaj":300},{"idParticipant":31,"nume":"Oprea","prenume":"Bogdan","varsta":27,"punctaj":282},{"idParticipant":32,"nume":"Pavel","prenume":"Monica","varsta":30,"punctaj":111},{"idParticipant":10,"nume":"Petrescu","prenume":"Gabriel","varsta":26,"punctaj":188},{"idParticipant":5,"nume":"Popa","prenume":"Mihai","varsta":35,"punctaj":282},{"idParticipant":1,"nume":"Popescu","prenume":"Ion","varsta":25,"punctaj":158},{"idParticipant":7,"nume":"Radu","prenume":"Cristian","varsta":24,"punctaj":256},{"idParticipant":33,"nume":"Rusu","prenume":"Andreea","varsta":29,"punctaj":313},{"idParticipant":34,"nume":"Sandu","prenume":"Victor","varsta":26,"punctaj":115},{"idParticipant":6,"nume":"Stan","prenume":"Ioana","varsta":27,"punctaj":289},{"idParticipant":35,"nume":"Toma","prenume":"Gabriela","varsta":31,"punctaj":132},{"idParticipant":9,"nume":"Tudor","prenume":"Alexandru","varsta":31,"punctaj":288},{"idParticipant":36,"nume":"Ursu","prenume":"Mihail","varsta":24,"punctaj":155},{"idParticipant":12,"nume":"Vasilescu","prenume":"Florin","varsta":23,"punctaj":472},{"idParticipant":37,"nume":"Vlad","prenume":"Anca","varsta":32,"punctaj":138},{"idParticipant":39,"nume":"Voicu","prenume":"Raluca","varsta":34,"punctaj":190},{"idParticipant":38,"nume":"Zamfir","prenume":"Lucian","varsta":23,"punctaj":177}]}
06 Apr 2025 15:29:58,957 DEBUG ro.mpp2024.protocol.ClientWorkerJson 103 handleRequest - Get rezultate request forUserDTO{nume='', username='', password='', probaId='c1'}
06 Apr 2025 15:29:58,957 TRACE ro.mpp2024.repository.RezultatRepository 168 listaParticiapntPuncteProbaDescrescator - Enter listaParticiapntPuncteProbaDescrescator
06 Apr 2025 15:29:58,958 TRACE ro.mpp2024.utils.JdbcUtils 48 getConnection - Enter
06 Apr 2025 15:29:58,958 TRACE ro.mpp2024.utils.JdbcUtils 57 getConnection - Exit with(org.sqlite.jdbc4.JDBC4Connection@73cfe8e1)
06 Apr 2025 15:29:58,958 TRACE ro.mpp2024.repository.RezultatRepository 186 listaParticiapntPuncteProbaDescrescator - Enter Terminat dictionar
06 Apr 2025 15:29:58,959 DEBUG ro.mpp2024.protocol.ClientWorkerJson 79 sendResponse - sending response {"type":"REZULTATE","punctaje":[{"idParticipant":38,"nume":"Zamfir","prenume":"Lucian","varsta":23,"punctaj":177},{"idParticipant":6,"nume":"Stan","prenume":"Ioana","varsta":27,"punctaj":152},{"idParticipant":9,"nume":"Tudor","prenume":"Alexandru","varsta":31,"punctaj":150},{"idParticipant":12,"nume":"Vasilescu","prenume":"Florin","varsta":23,"punctaj":100},{"idParticipant":18,"nume":"Barbu","prenume":"Irina","varsta":27,"punctaj":30},{"idParticipant":37,"nume":"Vlad","prenume":"Anca","varsta":32,"punctaj":10},{"idParticipant":20,"nume":"Enache","prenume":"Laura","varsta":29,"punctaj":10},{"idParticipant":13,"nume":"Dobre","prenume":"Adriana","varsta":34,"punctaj":10},{"idParticipant":11,"nume":"Iliescu","prenume":"Daniela","varsta":32,"punctaj":10},{"idParticipant":1,"nume":"Popescu","prenume":"Ion","varsta":25,"punctaj":10}]}
06 Apr 2025 15:29:59,964 DEBUG ro.mpp2024.protocol.ClientWorkerJson 141 handleRequest - Get participanti request fornull
06 Apr 2025 15:29:59,964 TRACE ro.mpp2024.repository.ParticipantRepository 42 findAll - Enter
06 Apr 2025 15:29:59,965 TRACE ro.mpp2024.utils.JdbcUtils 48 getConnection - Enter
06 Apr 2025 15:29:59,965 TRACE ro.mpp2024.utils.JdbcUtils 57 getConnection - Exit with(org.sqlite.jdbc4.JDBC4Connection@73cfe8e1)
06 Apr 2025 15:29:59,965 TRACE ro.mpp2024.repository.ParticipantRepository 30 createEntityFromResultSet - Enter createEntityFromResultSet
06 Apr 2025 15:29:59,966 TRACE ro.mpp2024.repository.ParticipantRepository 36 createEntityFromResultSet - Exit with(Popescu Ion)
06 Apr 2025 15:29:59,966 TRACE ro.mpp2024.repository.ParticipantRepository 30 createEntityFromResultSet - Enter createEntityFromResultSet
06 Apr 2025 15:29:59,966 TRACE ro.mpp2024.repository.ParticipantRepository 36 createEntityFromResultSet - Exit with(Ionescu Maria)
06 Apr 2025 15:29:59,966 TRACE ro.mpp2024.repository.ParticipantRepository 30 createEntityFromResultSet - Enter createEntityFromResultSet
06 Apr 2025 15:29:59,966 TRACE ro.mpp2024.repository.ParticipantRepository 36 createEntityFromResultSet - Exit with(Georgescu Andrei)
06 Apr 2025 15:29:59,966 TRACE ro.mpp2024.repository.ParticipantRepository 30 createEntityFromResultSet - Enter createEntityFromResultSet
06 Apr 2025 15:29:59,967 TRACE ro.mpp2024.repository.ParticipantRepository 36 createEntityFromResultSet - Exit with(Dumitrescu Elena)
06 Apr 2025 15:29:59,967 TRACE ro.mpp2024.repository.ParticipantRepository 30 createEntityFromResultSet - Enter createEntityFromResultSet
06 Apr 2025 15:29:59,967 TRACE ro.mpp2024.repository.ParticipantRepository 36 createEntityFromResultSet - Exit with(Popa Mihai)
06 Apr 2025 15:29:59,967 TRACE ro.mpp2024.repository.ParticipantRepository 30 createEntityFromResultSet - Enter createEntityFromResultSet
06 Apr 2025 15:29:59,967 TRACE ro.mpp2024.repository.ParticipantRepository 36 createEntityFromResultSet - Exit with(Stan Ioana)
06 Apr 2025 15:29:59,967 TRACE ro.mpp2024.repository.ParticipantRepository 30 createEntityFromResultSet - Enter createEntityFromResultSet
06 Apr 2025 15:29:59,967 TRACE ro.mpp2024.repository.ParticipantRepository 36 createEntityFromResultSet - Exit with(Radu Cristian)
06 Apr 2025 15:29:59,967 TRACE ro.mpp2024.repository.ParticipantRepository 30 createEntityFromResultSet - Enter createEntityFromResultSet
06 Apr 2025 15:29:59,968 TRACE ro.mpp2024.repository.ParticipantRepository 36 createEntityFromResultSet - Exit with(Marin Ana)
06 Apr 2025 15:29:59,968 TRACE ro.mpp2024.repository.ParticipantRepository 30 createEntityFromResultSet - Enter createEntityFromResultSet
06 Apr 2025 15:29:59,968 TRACE ro.mpp2024.repository.ParticipantRepository 36 createEntityFromResultSet - Exit with(Tudor Alexandru)
06 Apr 2025 15:29:59,968 TRACE ro.mpp2024.repository.ParticipantRepository 30 createEntityFromResultSet - Enter createEntityFromResultSet
06 Apr 2025 15:29:59,968 TRACE ro.mpp2024.repository.ParticipantRepository 36 createEntityFromResultSet - Exit with(Petrescu Gabriel)
06 Apr 2025 15:29:59,968 TRACE ro.mpp2024.repository.ParticipantRepository 30 createEntityFromResultSet - Enter createEntityFromResultSet
06 Apr 2025 15:29:59,968 TRACE ro.mpp2024.repository.ParticipantRepository 36 createEntityFromResultSet - Exit with(Iliescu Daniela)
06 Apr 2025 15:29:59,968 TRACE ro.mpp2024.repository.ParticipantRepository 30 createEntityFromResultSet - Enter createEntityFromResultSet
06 Apr 2025 15:29:59,968 TRACE ro.mpp2024.repository.ParticipantRepository 36 createEntityFromResultSet - Exit with(Vasilescu Florin)
06 Apr 2025 15:29:59,969 TRACE ro.mpp2024.repository.ParticipantRepository 30 createEntityFromResultSet - Enter createEntityFromResultSet
06 Apr 2025 15:29:59,969 TRACE ro.mpp2024.repository.ParticipantRepository 36 createEntityFromResultSet - Exit with(Dobre Adriana)
06 Apr 2025 15:29:59,969 TRACE ro.mpp2024.repository.ParticipantRepository 30 createEntityFromResultSet - Enter createEntityFromResultSet
06 Apr 2025 15:29:59,969 TRACE ro.mpp2024.repository.ParticipantRepository 36 createEntityFromResultSet - Exit with(Munteanu Sorin)
06 Apr 2025 15:29:59,969 TRACE ro.mpp2024.repository.ParticipantRepository 30 createEntityFromResultSet - Enter createEntityFromResultSet
06 Apr 2025 15:29:59,969 TRACE ro.mpp2024.repository.ParticipantRepository 36 createEntityFromResultSet - Exit with(Nistor Carmen)
06 Apr 2025 15:29:59,969 TRACE ro.mpp2024.repository.ParticipantRepository 30 createEntityFromResultSet - Enter createEntityFromResultSet
06 Apr 2025 15:29:59,969 TRACE ro.mpp2024.repository.ParticipantRepository 36 createEntityFromResultSet - Exit with(Lazar Roxana)
06 Apr 2025 15:29:59,970 TRACE ro.mpp2024.repository.ParticipantRepository 30 createEntityFromResultSet - Enter createEntityFromResultSet
06 Apr 2025 15:29:59,970 TRACE ro.mpp2024.repository.ParticipantRepository 36 createEntityFromResultSet - Exit with(Gheorghe Vlad)
06 Apr 2025 15:29:59,970 TRACE ro.mpp2024.repository.ParticipantRepository 30 createEntityFromResultSet - Enter createEntityFromResultSet
06 Apr 2025 15:29:59,970 TRACE ro.mpp2024.repository.ParticipantRepository 36 createEntityFromResultSet - Exit with(Barbu Irina)
06 Apr 2025 15:29:59,970 TRACE ro.mpp2024.repository.ParticipantRepository 30 createEntityFromResultSet - Enter createEntityFromResultSet
06 Apr 2025 15:29:59,970 TRACE ro.mpp2024.repository.ParticipantRepository 36 createEntityFromResultSet - Exit with(Constantin Marius)
06 Apr 2025 15:29:59,970 TRACE ro.mpp2024.repository.ParticipantRepository 30 createEntityFromResultSet - Enter createEntityFromResultSet
06 Apr 2025 15:29:59,970 TRACE ro.mpp2024.repository.ParticipantRepository 36 createEntityFromResultSet - Exit with(Enache Laura)
06 Apr 2025 15:29:59,970 TRACE ro.mpp2024.repository.ParticipantRepository 30 createEntityFromResultSet - Enter createEntityFromResultSet
06 Apr 2025 15:29:59,971 TRACE ro.mpp2024.repository.ParticipantRepository 36 createEntityFromResultSet - Exit with(Dragomir Adrian)
06 Apr 2025 15:29:59,971 TRACE ro.mpp2024.repository.ParticipantRepository 30 createEntityFromResultSet - Enter createEntityFromResultSet
06 Apr 2025 15:29:59,971 TRACE ro.mpp2024.repository.ParticipantRepository 36 createEntityFromResultSet - Exit with(Filip Bianca)
06 Apr 2025 15:29:59,971 TRACE ro.mpp2024.repository.ParticipantRepository 30 createEntityFromResultSet - Enter createEntityFromResultSet
06 Apr 2025 15:29:59,971 TRACE ro.mpp2024.repository.ParticipantRepository 36 createEntityFromResultSet - Exit with(Grigore Stefan)
06 Apr 2025 15:29:59,971 TRACE ro.mpp2024.repository.ParticipantRepository 30 createEntityFromResultSet - Enter createEntityFromResultSet
06 Apr 2025 15:29:59,971 TRACE ro.mpp2024.repository.ParticipantRepository 36 createEntityFromResultSet - Exit with(Hagi Diana)
06 Apr 2025 15:29:59,971 TRACE ro.mpp2024.repository.ParticipantRepository 30 createEntityFromResultSet - Enter createEntityFromResultSet
06 Apr 2025 15:29:59,972 TRACE ro.mpp2024.repository.ParticipantRepository 36 createEntityFromResultSet - Exit with(Iacob Radu)
06 Apr 2025 15:29:59,972 TRACE ro.mpp2024.repository.ParticipantRepository 30 createEntityFromResultSet - Enter createEntityFromResultSet
06 Apr 2025 15:29:59,972 TRACE ro.mpp2024.repository.ParticipantRepository 36 createEntityFromResultSet - Exit with(Jianu Oana)
06 Apr 2025 15:29:59,972 TRACE ro.mpp2024.repository.ParticipantRepository 30 createEntityFromResultSet - Enter createEntityFromResultSet
06 Apr 2025 15:29:59,972 TRACE ro.mpp2024.repository.ParticipantRepository 36 createEntityFromResultSet - Exit with(Kovacs Cristina)
06 Apr 2025 15:29:59,972 TRACE ro.mpp2024.repository.ParticipantRepository 30 createEntityFromResultSet - Enter createEntityFromResultSet
06 Apr 2025 15:29:59,972 TRACE ro.mpp2024.repository.ParticipantRepository 36 createEntityFromResultSet - Exit with(Lupu George)
06 Apr 2025 15:29:59,972 TRACE ro.mpp2024.repository.ParticipantRepository 30 createEntityFromResultSet - Enter createEntityFromResultSet
06 Apr 2025 15:29:59,972 TRACE ro.mpp2024.repository.ParticipantRepository 36 createEntityFromResultSet - Exit with(Manole Simona)
06 Apr 2025 15:29:59,973 TRACE ro.mpp2024.repository.ParticipantRepository 30 createEntityFromResultSet - Enter createEntityFromResultSet
06 Apr 2025 15:29:59,973 TRACE ro.mpp2024.repository.ParticipantRepository 36 createEntityFromResultSet - Exit with(Nedelcu Alexandra)
06 Apr 2025 15:29:59,973 TRACE ro.mpp2024.repository.ParticipantRepository 30 createEntityFromResultSet - Enter createEntityFromResultSet
06 Apr 2025 15:29:59,973 TRACE ro.mpp2024.repository.ParticipantRepository 36 createEntityFromResultSet - Exit with(Oprea Bogdan)
06 Apr 2025 15:29:59,973 TRACE ro.mpp2024.repository.ParticipantRepository 30 createEntityFromResultSet - Enter createEntityFromResultSet
06 Apr 2025 15:29:59,973 TRACE ro.mpp2024.repository.ParticipantRepository 36 createEntityFromResultSet - Exit with(Pavel Monica)
06 Apr 2025 15:29:59,973 TRACE ro.mpp2024.repository.ParticipantRepository 30 createEntityFromResultSet - Enter createEntityFromResultSet
06 Apr 2025 15:29:59,973 TRACE ro.mpp2024.repository.ParticipantRepository 36 createEntityFromResultSet - Exit with(Rusu Andreea)
06 Apr 2025 15:29:59,974 TRACE ro.mpp2024.repository.ParticipantRepository 30 createEntityFromResultSet - Enter createEntityFromResultSet
06 Apr 2025 15:29:59,974 TRACE ro.mpp2024.repository.ParticipantRepository 36 createEntityFromResultSet - Exit with(Sandu Victor)
06 Apr 2025 15:29:59,974 TRACE ro.mpp2024.repository.ParticipantRepository 30 createEntityFromResultSet - Enter createEntityFromResultSet
06 Apr 2025 15:29:59,974 TRACE ro.mpp2024.repository.ParticipantRepository 36 createEntityFromResultSet - Exit with(Toma Gabriela)
06 Apr 2025 15:29:59,974 TRACE ro.mpp2024.repository.ParticipantRepository 30 createEntityFromResultSet - Enter createEntityFromResultSet
06 Apr 2025 15:29:59,974 TRACE ro.mpp2024.repository.ParticipantRepository 36 createEntityFromResultSet - Exit with(Ursu Mihail)
06 Apr 2025 15:29:59,974 TRACE ro.mpp2024.repository.ParticipantRepository 30 createEntityFromResultSet - Enter createEntityFromResultSet
06 Apr 2025 15:29:59,974 TRACE ro.mpp2024.repository.ParticipantRepository 36 createEntityFromResultSet - Exit with(Vlad Anca)
06 Apr 2025 15:29:59,974 TRACE ro.mpp2024.repository.ParticipantRepository 30 createEntityFromResultSet - Enter createEntityFromResultSet
06 Apr 2025 15:29:59,974 TRACE ro.mpp2024.repository.ParticipantRepository 36 createEntityFromResultSet - Exit with(Zamfir Lucian)
06 Apr 2025 15:29:59,975 TRACE ro.mpp2024.repository.ParticipantRepository 30 createEntityFromResultSet - Enter createEntityFromResultSet
06 Apr 2025 15:29:59,975 TRACE ro.mpp2024.repository.ParticipantRepository 36 createEntityFromResultSet - Exit with(Voicu Raluca)
06 Apr 2025 15:29:59,975 TRACE ro.mpp2024.repository.ParticipantRepository 30 createEntityFromResultSet - Enter createEntityFromResultSet
06 Apr 2025 15:29:59,975 TRACE ro.mpp2024.repository.ParticipantRepository 36 createEntityFromResultSet - Exit with(nume prenume)
06 Apr 2025 15:29:59,975 TRACE ro.mpp2024.repository.ParticipantRepository 56 findAll - Exit with([Popescu Ion, Ionescu Maria, Georgescu Andrei, Dumitrescu Elena, Popa Mihai, Stan Ioana, Radu Cristian, Marin Ana, Tudor Alexandru, Petrescu Gabriel, Iliescu Daniela, Vasilescu Florin, Dobre Adriana, Munteanu Sorin, Nistor Carmen, Lazar Roxana, Gheorghe Vlad, Barbu Irina, Constantin Marius, Enache Laura, Dragomir Adrian, Filip Bianca, Grigore Stefan, Hagi Diana, Iacob Radu, Jianu Oana, Kovacs Cristina, Lupu George, Manole Simona, Nedelcu Alexandra, Oprea Bogdan, Pavel Monica, Rusu Andreea, Sandu Victor, Toma Gabriela, Ursu Mihail, Vlad Anca, Zamfir Lucian, Voicu Raluca, nume prenume])
06 Apr 2025 15:29:59,976 DEBUG ro.mpp2024.protocol.ClientWorkerJson 79 sendResponse - sending response {"type":"PARTICIPANTI","participanti":[{"idParticipant":1,"nume":"Popescu","prenume":"Ion","varsta":25,"punctaj":0},{"idParticipant":2,"nume":"Ionescu","prenume":"Maria","varsta":30,"punctaj":0},{"idParticipant":3,"nume":"Georgescu","prenume":"Andrei","varsta":22,"punctaj":0},{"idParticipant":4,"nume":"Dumitrescu","prenume":"Elena","varsta":28,"punctaj":0},{"idParticipant":5,"nume":"Popa","prenume":"Mihai","varsta":35,"punctaj":0},{"idParticipant":6,"nume":"Stan","prenume":"Ioana","varsta":27,"punctaj":0},{"idParticipant":7,"nume":"Radu","prenume":"Cristian","varsta":24,"punctaj":0},{"idParticipant":8,"nume":"Marin","prenume":"Ana","varsta":29,"punctaj":0},{"idParticipant":9,"nume":"Tudor","prenume":"Alexandru","varsta":31,"punctaj":0},{"idParticipant":10,"nume":"Petrescu","prenume":"Gabriel","varsta":26,"punctaj":0},{"idParticipant":11,"nume":"Iliescu","prenume":"Daniela","varsta":32,"punctaj":0},{"idParticipant":12,"nume":"Vasilescu","prenume":"Florin","varsta":23,"punctaj":0},{"idParticipant":13,"nume":"Dobre","prenume":"Adriana","varsta":34,"punctaj":0},{"idParticipant":14,"nume":"Munteanu","prenume":"Sorin","varsta":21,"punctaj":0},{"idParticipant":15,"nume":"Nistor","prenume":"Carmen","varsta":33,"punctaj":0},{"idParticipant":16,"nume":"Lazar","prenume":"Roxana","varsta":25,"punctaj":0},{"idParticipant":17,"nume":"Gheorghe","prenume":"Vlad","varsta":28,"punctaj":0},{"idParticipant":18,"nume":"Barbu","prenume":"Irina","varsta":27,"punctaj":0},{"idParticipant":19,"nume":"Constantin","prenume":"Marius","varsta":30,"punctaj":0},{"idParticipant":20,"nume":"Enache","prenume":"Laura","varsta":29,"punctaj":0},{"idParticipant":21,"nume":"Dragomir","prenume":"Adrian","varsta":26,"punctaj":0},{"idParticipant":22,"nume":"Filip","prenume":"Bianca","varsta":31,"punctaj":0},{"idParticipant":23,"nume":"Grigore","prenume":"Stefan","varsta":24,"punctaj":0},{"idParticipant":24,"nume":"Hagi","prenume":"Diana","varsta":32,"punctaj":0},{"idParticipant":25,"nume":"Iacob","prenume":"Radu","varsta":23,"punctaj":0},{"idParticipant":26,"nume":"Jianu","prenume":"Oana","varsta":34,"punctaj":0},{"idParticipant":27,"nume":"Kovacs","prenume":"Cristina","varsta":21,"punctaj":0},{"idParticipant":28,"nume":"Lupu","prenume":"George","varsta":33,"punctaj":0},{"idParticipant":29,"nume":"Manole","prenume":"Simona","varsta":25,"punctaj":0},{"idParticipant":30,"nume":"Nedelcu","prenume":"Alexandra","varsta":28,"punctaj":0},{"idParticipant":31,"nume":"Oprea","prenume":"Bogdan","varsta":27,"punctaj":0},{"idParticipant":32,"nume":"Pavel","prenume":"Monica","varsta":30,"punctaj":0},{"idParticipant":33,"nume":"Rusu","prenume":"Andreea","varsta":29,"punctaj":0},{"idParticipant":34,"nume":"Sandu","prenume":"Victor","varsta":26,"punctaj":0},{"idParticipant":35,"nume":"Toma","prenume":"Gabriela","varsta":31,"punctaj":0},{"idParticipant":36,"nume":"Ursu","prenume":"Mihail","varsta":24,"punctaj":0},{"idParticipant":37,"nume":"Vlad","prenume":"Anca","varsta":32,"punctaj":0},{"idParticipant":38,"nume":"Zamfir","prenume":"Lucian","varsta":23,"punctaj":0},{"idParticipant":39,"nume":"Voicu","prenume":"Raluca","varsta":34,"punctaj":0},{"idParticipant":40,"nume":"nume","prenume":"prenume","varsta":20,"punctaj":0}]}
06 Apr 2025 15:30:07,561 DEBUG ro.mpp2024.protocol.ClientWorkerJson 126 handleRequest - Add rezultat request RezultatDTO{idProba='c1', idParticipant=19, puncte=10}
06 Apr 2025 15:30:07,562 TRACE ro.mpp2024.services.ServerService 40 addRezultat - Enter
06 Apr 2025 15:30:07,562 TRACE ro.mpp2024.repository.ParticipantRepository 62 findOne - Enter
06 Apr 2025 15:30:07,562 TRACE ro.mpp2024.utils.JdbcUtils 48 getConnection - Enter
06 Apr 2025 15:30:07,562 TRACE ro.mpp2024.utils.JdbcUtils 57 getConnection - Exit with(org.sqlite.jdbc4.JDBC4Connection@73cfe8e1)
06 Apr 2025 15:30:07,562 TRACE ro.mpp2024.repository.ParticipantRepository 30 createEntityFromResultSet - Enter createEntityFromResultSet
06 Apr 2025 15:30:07,563 TRACE ro.mpp2024.repository.ParticipantRepository 36 createEntityFromResultSet - Exit with(Constantin Marius)
06 Apr 2025 15:30:07,563 TRACE ro.mpp2024.repository.ParticipantRepository 76 findOne - Exit with(Constantin Marius)
06 Apr 2025 15:30:07,563 TRACE ro.mpp2024.repository.ProbaRepository 63 findOne - Enter findOne
06 Apr 2025 15:30:07,563 TRACE ro.mpp2024.utils.JdbcUtils 48 getConnection - Enter
06 Apr 2025 15:30:07,563 TRACE ro.mpp2024.utils.JdbcUtils 57 getConnection - Exit with(org.sqlite.jdbc4.JDBC4Connection@73cfe8e1)
06 Apr 2025 15:30:07,564 TRACE ro.mpp2024.repository.ProbaRepository 31 createEntityFromResultSet - Enter createEntityFromResultSet
06 Apr 2025 15:30:07,567 TRACE ro.mpp2024.repository.ProbaRepository 37 createEntityFromResultSet - Exit with(Proba{nume='Pedalat 200 de m', arbitru=1, categorie=ciclism})
06 Apr 2025 15:30:07,567 TRACE ro.mpp2024.repository.ProbaRepository 77 findOne - Exit with(Proba{nume='Pedalat 200 de m', arbitru=1, categorie=ciclism})
06 Apr 2025 15:30:07,567 TRACE ro.mpp2024.repository.RezultatRepository 116 save - Enter save
06 Apr 2025 15:30:07,567 TRACE ro.mpp2024.utils.JdbcUtils 48 getConnection - Enter
06 Apr 2025 15:30:07,567 TRACE ro.mpp2024.utils.JdbcUtils 57 getConnection - Exit with(org.sqlite.jdbc4.JDBC4Connection@73cfe8e1)
06 Apr 2025 15:30:07,571 TRACE ro.mpp2024.repository.RezultatRepository 127 save - Exit
06 Apr 2025 15:30:07,571 TRACE ro.mpp2024.services.ServerService 44 addRezultat - Exit
06 Apr 2025 15:30:07,571 DEBUG ro.mpp2024.protocol.ClientWorkerJson 79 sendResponse - sending response {"type":"REZULTAT_ADDED","rezultat":{"idProba":"c1","idParticipant":19,"numeParticipant":"Constantin","prenumeParticipant":"Marius","puncte":10}}
06 Apr 2025 15:30:26,763 ERROR ro.mpp2024.protocol.ClientWorkerJson 56 run - java.net.SocketException: Connection reset
06 Apr 2025 15:30:26,764 ERROR ro.mpp2024.protocol.ClientWorkerJson 57 run - [Ljava.lang.StackTraceElement;@742874bd
06 Apr 2025 15:30:27,779 ERROR ro.mpp2024.protocol.ClientWorkerJson 56 run - java.net.SocketException: Connection reset
06 Apr 2025 15:30:27,779 ERROR ro.mpp2024.protocol.ClientWorkerJson 57 run - [Ljava.lang.StackTraceElement;@3adeb4df
06 Apr 2025 15:30:28,792 ERROR ro.mpp2024.protocol.ClientWorkerJson 56 run - java.net.SocketException: Connection reset
06 Apr 2025 15:30:28,792 ERROR ro.mpp2024.protocol.ClientWorkerJson 57 run - [Ljava.lang.StackTraceElement;@f5c2766
06 Apr 2025 15:30:29,802 ERROR ro.mpp2024.protocol.ClientWorkerJson 56 run - java.net.SocketException: Connection reset
06 Apr 2025 15:30:29,802 ERROR ro.mpp2024.protocol.ClientWorkerJson 57 run - [Ljava.lang.StackTraceElement;@143e847a
06 Apr 2025 15:30:30,812 ERROR ro.mpp2024.protocol.ClientWorkerJson 56 run - java.net.SocketException: Connection reset
06 Apr 2025 15:30:30,812 ERROR ro.mpp2024.protocol.ClientWorkerJson 57 run - [Ljava.lang.StackTraceElement;@238487dc
06 Apr 2025 15:30:31,823 ERROR ro.mpp2024.protocol.ClientWorkerJson 56 run - java.net.SocketException: Connection reset
06 Apr 2025 15:30:31,823 ERROR ro.mpp2024.protocol.ClientWorkerJson 57 run - [Ljava.lang.StackTraceElement;@6c33a73f
06 Apr 2025 15:30:32,836 ERROR ro.mpp2024.protocol.ClientWorkerJson 56 run - java.net.SocketException: Connection reset
06 Apr 2025 15:30:32,836 ERROR ro.mpp2024.protocol.ClientWorkerJson 57 run - [Ljava.lang.StackTraceElement;@2badac8
06 Apr 2025 15:30:33,846 ERROR ro.mpp2024.protocol.ClientWorkerJson 56 run - java.net.SocketException: Connection reset
06 Apr 2025 15:30:33,846 ERROR ro.mpp2024.protocol.ClientWorkerJson 57 run - [Ljava.lang.StackTraceElement;@62c783b1
06 Apr 2025 15:34:42,444 INFO  ro.mpp2024.StartJsonServer 24 main - Server properties: {server.port=55556, jdbc.url=jdbc:sqlite:src/main/resources/triatlon.db}
06 Apr 2025 15:34:42,447 INFO  ro.mpp2024.repository.ArbitruRepository 23 <init> - Initializing IArbitruRepository with properties: {} 
06 Apr 2025 15:34:42,448 INFO  ro.mpp2024.repository.ProbaRepository 25 <init> - Initializing ProbaRepository with properties: {} 
06 Apr 2025 15:34:42,449 INFO  ro.mpp2024.repository.ParticipantRepository 24 <init> - Initializing ParticipantRepository with properties: {} 
06 Apr 2025 15:34:42,450 INFO  ro.mpp2024.repository.RezultatRepository 25 <init> - Initializing RezultatRepository with properties: {} 
06 Apr 2025 15:34:42,451 INFO  ro.mpp2024.services.ServerService 32 <init> - Service Rezultat made
06 Apr 2025 15:34:42,451 DEBUG ro.mpp2024.StartJsonServer 50 main - Starting server on port: 55556
06 Apr 2025 15:34:42,452 DEBUG ro.mpp2024.networkUtils.AbsConcurrentServer 13 <init> - Concurrent AbstractServer
06 Apr 2025 15:34:42,452 INFO  ro.mpp2024.networkUtils.JsonConcurrentServer 17 <init> - JsonConcurrentServer
06 Apr 2025 15:34:42,457 INFO  chat.network.utils.AbstractServer 25 start - Waiting for clients ...
06 Apr 2025 15:34:53,787 INFO  chat.network.utils.AbstractServer 27 start - Client connected ...
06 Apr 2025 15:34:53,814 INFO  chat.network.utils.AbstractServer 25 start - Waiting for clients ...
06 Apr 2025 15:34:53,823 DEBUG ro.mpp2024.protocol.ClientWorkerJson 90 handleRequest - Login request UserDTO{nume='', username='bob.smtih', password='U2VjdXJlUEBzczI=', probaId=''}
06 Apr 2025 15:34:53,824 TRACE ro.mpp2024.utils.JdbcUtils 48 getConnection - Enter
06 Apr 2025 15:34:53,825 TRACE ro.mpp2024.utils.JdbcUtils 25 getNewConnection - Enter
06 Apr 2025 15:34:53,825 INFO  ro.mpp2024.utils.JdbcUtils 30 getNewConnection - trying to connect to database ... jdbc:sqlite:src/main/resources/triatlon.db
06 Apr 2025 15:34:53,825 INFO  ro.mpp2024.utils.JdbcUtils 31 getNewConnection - user: null
06 Apr 2025 15:34:53,825 INFO  ro.mpp2024.utils.JdbcUtils 32 getNewConnection - pass: null
06 Apr 2025 15:34:53,927 TRACE ro.mpp2024.utils.JdbcUtils 57 getConnection - Exit with(org.sqlite.jdbc4.JDBC4Connection@73cfe8e1)
06 Apr 2025 15:34:53,933 DEBUG ro.mpp2024.protocol.ClientWorkerJson 79 sendResponse - sending response {"type":"LOGGED_ACC","user":{"id":-1,"nume":"","username":"test","password":"","id_proba":""}}
06 Apr 2025 15:35:10,874 INFO  chat.network.utils.AbstractServer 27 start - Client connected ...
06 Apr 2025 15:35:10,874 INFO  chat.network.utils.AbstractServer 25 start - Waiting for clients ...
06 Apr 2025 15:35:10,875 DEBUG ro.mpp2024.protocol.ClientWorkerJson 90 handleRequest - Login request UserDTO{nume='', username='bob.smtih', password='U2VjdXJlUEBzczI=', probaId=''}
06 Apr 2025 15:35:10,875 TRACE ro.mpp2024.utils.JdbcUtils 48 getConnection - Enter
06 Apr 2025 15:35:10,875 TRACE ro.mpp2024.utils.JdbcUtils 57 getConnection - Exit with(org.sqlite.jdbc4.JDBC4Connection@73cfe8e1)
06 Apr 2025 15:35:10,876 DEBUG ro.mpp2024.protocol.ClientWorkerJson 79 sendResponse - sending response {"type":"LOGGED_ACC","user":{"id":-1,"nume":"","username":"test","password":"","id_proba":""}}
06 Apr 2025 15:35:16,182 INFO  chat.network.utils.AbstractServer 27 start - Client connected ...
06 Apr 2025 15:35:16,182 INFO  chat.network.utils.AbstractServer 25 start - Waiting for clients ...
06 Apr 2025 15:35:16,183 DEBUG ro.mpp2024.protocol.ClientWorkerJson 90 handleRequest - Login request UserDTO{nume='', username='bob.smith', password='U2VjdXJlUEBzczI=', probaId=''}
06 Apr 2025 15:35:16,183 TRACE ro.mpp2024.utils.JdbcUtils 48 getConnection - Enter
06 Apr 2025 15:35:16,184 TRACE ro.mpp2024.utils.JdbcUtils 57 getConnection - Exit with(org.sqlite.jdbc4.JDBC4Connection@73cfe8e1)
06 Apr 2025 15:35:16,185 TRACE ro.mpp2024.repository.ArbitruRepository 29 createEntityFromResultSet - Enter createEntityFromResultSet
06 Apr 2025 15:35:16,185 TRACE ro.mpp2024.repository.ArbitruRepository 36 createEntityFromResultSet - Exit with(Arbitru{nume='Bob Smith', username='bob.smith', password='U2VjdXJlUEBzczI=', id_proba=c1})
06 Apr 2025 15:35:16,186 DEBUG ro.mpp2024.protocol.ClientWorkerJson 79 sendResponse - sending response {"type":"LOGGED_ACC","user":{"id":21,"nume":"Bob Smith","username":"bob.smith","password":"U2VjdXJlUEBzczI\u003d","id_proba":"c1"}}
06 Apr 2025 15:35:17,201 DEBUG ro.mpp2024.protocol.ClientWorkerJson 115 handleRequest - Get all rezultate request fornull
06 Apr 2025 15:35:17,201 TRACE ro.mpp2024.repository.RezultatRepository 144 listaParticipantiPuncteAlfabetic - Enter listaParticipantiPuncteAlfabetic
06 Apr 2025 15:35:17,202 TRACE ro.mpp2024.utils.JdbcUtils 48 getConnection - Enter
06 Apr 2025 15:35:17,202 TRACE ro.mpp2024.utils.JdbcUtils 57 getConnection - Exit with(org.sqlite.jdbc4.JDBC4Connection@73cfe8e1)
06 Apr 2025 15:35:17,203 TRACE ro.mpp2024.repository.RezultatRepository 162 listaParticipantiPuncteAlfabetic - Enter Terminat dictionar
06 Apr 2025 15:35:17,204 DEBUG ro.mpp2024.protocol.ClientWorkerJson 79 sendResponse - sending response {"type":"ALL_REZULTATE","punctaje":[{"idParticipant":18,"nume":"Barbu","prenume":"Irina","varsta":27,"punctaj":230},{"idParticipant":19,"nume":"Constantin","prenume":"Marius","varsta":30,"punctaj":288},{"idParticipant":13,"nume":"Dobre","prenume":"Adriana","varsta":34,"punctaj":175},{"idParticipant":21,"nume":"Dragomir","prenume":"Adrian","varsta":26,"punctaj":130},{"idParticipant":4,"nume":"Dumitrescu","prenume":"Elena","varsta":28,"punctaj":143},{"idParticipant":20,"nume":"Enache","prenume":"Laura","varsta":29,"punctaj":325},{"idParticipant":22,"nume":"Filip","prenume":"Bianca","varsta":31,"punctaj":307},{"idParticipant":3,"nume":"Georgescu","prenume":"Andrei","varsta":22,"punctaj":122},{"idParticipant":17,"nume":"Gheorghe","prenume":"Vlad","varsta":28,"punctaj":200},{"idParticipant":23,"nume":"Grigore","prenume":"Stefan","varsta":24,"punctaj":145},{"idParticipant":24,"nume":"Hagi","prenume":"Diana","varsta":32,"punctaj":193},{"idParticipant":25,"nume":"Iacob","prenume":"Radu","varsta":23,"punctaj":195},{"idParticipant":11,"nume":"Iliescu","prenume":"Daniela","varsta":32,"punctaj":320},{"idParticipant":2,"nume":"Ionescu","prenume":"Maria","varsta":30,"punctaj":156},{"idParticipant":26,"nume":"Jianu","prenume":"Oana","varsta":34,"punctaj":142},{"idParticipant":27,"nume":"Kovacs","prenume":"Cristina","varsta":21,"punctaj":199},{"idParticipant":16,"nume":"Lazar","prenume":"Roxana","varsta":25,"punctaj":185},{"idParticipant":28,"nume":"Lupu","prenume":"George","varsta":33,"punctaj":199},{"idParticipant":29,"nume":"Manole","prenume":"Simona","varsta":25,"punctaj":117},{"idParticipant":8,"nume":"Marin","prenume":"Ana","varsta":29,"punctaj":134},{"idParticipant":14,"nume":"Munteanu","prenume":"Sorin","varsta":21,"punctaj":301},{"idParticipant":30,"nume":"Nedelcu","prenume":"Alexandra","varsta":28,"punctaj":169},{"idParticipant":15,"nume":"Nistor","prenume":"Carmen","varsta":33,"punctaj":189},{"idParticipant":40,"nume":"nume","prenume":"prenume","varsta":20,"punctaj":300},{"idParticipant":31,"nume":"Oprea","prenume":"Bogdan","varsta":27,"punctaj":282},{"idParticipant":32,"nume":"Pavel","prenume":"Monica","varsta":30,"punctaj":111},{"idParticipant":10,"nume":"Petrescu","prenume":"Gabriel","varsta":26,"punctaj":188},{"idParticipant":5,"nume":"Popa","prenume":"Mihai","varsta":35,"punctaj":282},{"idParticipant":1,"nume":"Popescu","prenume":"Ion","varsta":25,"punctaj":158},{"idParticipant":7,"nume":"Radu","prenume":"Cristian","varsta":24,"punctaj":256},{"idParticipant":33,"nume":"Rusu","prenume":"Andreea","varsta":29,"punctaj":313},{"idParticipant":34,"nume":"Sandu","prenume":"Victor","varsta":26,"punctaj":115},{"idParticipant":6,"nume":"Stan","prenume":"Ioana","varsta":27,"punctaj":289},{"idParticipant":35,"nume":"Toma","prenume":"Gabriela","varsta":31,"punctaj":132},{"idParticipant":9,"nume":"Tudor","prenume":"Alexandru","varsta":31,"punctaj":288},{"idParticipant":36,"nume":"Ursu","prenume":"Mihail","varsta":24,"punctaj":155},{"idParticipant":12,"nume":"Vasilescu","prenume":"Florin","varsta":23,"punctaj":472},{"idParticipant":37,"nume":"Vlad","prenume":"Anca","varsta":32,"punctaj":138},{"idParticipant":39,"nume":"Voicu","prenume":"Raluca","varsta":34,"punctaj":190},{"idParticipant":38,"nume":"Zamfir","prenume":"Lucian","varsta":23,"punctaj":177}]}
06 Apr 2025 15:35:18,214 DEBUG ro.mpp2024.protocol.ClientWorkerJson 103 handleRequest - Get rezultate request forUserDTO{nume='', username='', password='', probaId='c1'}
06 Apr 2025 15:35:18,214 TRACE ro.mpp2024.repository.RezultatRepository 168 listaParticiapntPuncteProbaDescrescator - Enter listaParticiapntPuncteProbaDescrescator
06 Apr 2025 15:35:18,214 TRACE ro.mpp2024.utils.JdbcUtils 48 getConnection - Enter
06 Apr 2025 15:35:18,214 TRACE ro.mpp2024.utils.JdbcUtils 57 getConnection - Exit with(org.sqlite.jdbc4.JDBC4Connection@73cfe8e1)
06 Apr 2025 15:35:18,215 TRACE ro.mpp2024.repository.RezultatRepository 186 listaParticiapntPuncteProbaDescrescator - Enter Terminat dictionar
06 Apr 2025 15:35:18,216 DEBUG ro.mpp2024.protocol.ClientWorkerJson 79 sendResponse - sending response {"type":"REZULTATE","punctaje":[{"idParticipant":38,"nume":"Zamfir","prenume":"Lucian","varsta":23,"punctaj":177},{"idParticipant":6,"nume":"Stan","prenume":"Ioana","varsta":27,"punctaj":152},{"idParticipant":9,"nume":"Tudor","prenume":"Alexandru","varsta":31,"punctaj":150},{"idParticipant":12,"nume":"Vasilescu","prenume":"Florin","varsta":23,"punctaj":100},{"idParticipant":18,"nume":"Barbu","prenume":"Irina","varsta":27,"punctaj":30},{"idParticipant":37,"nume":"Vlad","prenume":"Anca","varsta":32,"punctaj":10},{"idParticipant":20,"nume":"Enache","prenume":"Laura","varsta":29,"punctaj":10},{"idParticipant":19,"nume":"Constantin","prenume":"Marius","varsta":30,"punctaj":10},{"idParticipant":13,"nume":"Dobre","prenume":"Adriana","varsta":34,"punctaj":10},{"idParticipant":11,"nume":"Iliescu","prenume":"Daniela","varsta":32,"punctaj":10},{"idParticipant":1,"nume":"Popescu","prenume":"Ion","varsta":25,"punctaj":10}]}
06 Apr 2025 15:35:19,222 DEBUG ro.mpp2024.protocol.ClientWorkerJson 141 handleRequest - Get participanti request fornull
06 Apr 2025 15:35:19,222 TRACE ro.mpp2024.repository.ParticipantRepository 42 findAll - Enter
06 Apr 2025 15:35:19,222 TRACE ro.mpp2024.utils.JdbcUtils 48 getConnection - Enter
06 Apr 2025 15:35:19,222 TRACE ro.mpp2024.utils.JdbcUtils 57 getConnection - Exit with(org.sqlite.jdbc4.JDBC4Connection@73cfe8e1)
06 Apr 2025 15:35:19,223 TRACE ro.mpp2024.repository.ParticipantRepository 30 createEntityFromResultSet - Enter createEntityFromResultSet
06 Apr 2025 15:35:19,223 TRACE ro.mpp2024.repository.ParticipantRepository 36 createEntityFromResultSet - Exit with(Popescu Ion)
06 Apr 2025 15:35:19,224 TRACE ro.mpp2024.repository.ParticipantRepository 30 createEntityFromResultSet - Enter createEntityFromResultSet
06 Apr 2025 15:35:19,224 TRACE ro.mpp2024.repository.ParticipantRepository 36 createEntityFromResultSet - Exit with(Ionescu Maria)
06 Apr 2025 15:35:19,224 TRACE ro.mpp2024.repository.ParticipantRepository 30 createEntityFromResultSet - Enter createEntityFromResultSet
06 Apr 2025 15:35:19,224 TRACE ro.mpp2024.repository.ParticipantRepository 36 createEntityFromResultSet - Exit with(Georgescu Andrei)
06 Apr 2025 15:35:19,224 TRACE ro.mpp2024.repository.ParticipantRepository 30 createEntityFromResultSet - Enter createEntityFromResultSet
06 Apr 2025 15:35:19,224 TRACE ro.mpp2024.repository.ParticipantRepository 36 createEntityFromResultSet - Exit with(Dumitrescu Elena)
06 Apr 2025 15:35:19,224 TRACE ro.mpp2024.repository.ParticipantRepository 30 createEntityFromResultSet - Enter createEntityFromResultSet
06 Apr 2025 15:35:19,225 TRACE ro.mpp2024.repository.ParticipantRepository 36 createEntityFromResultSet - Exit with(Popa Mihai)
06 Apr 2025 15:35:19,225 TRACE ro.mpp2024.repository.ParticipantRepository 30 createEntityFromResultSet - Enter createEntityFromResultSet
06 Apr 2025 15:35:19,225 TRACE ro.mpp2024.repository.ParticipantRepository 36 createEntityFromResultSet - Exit with(Stan Ioana)
06 Apr 2025 15:35:19,225 TRACE ro.mpp2024.repository.ParticipantRepository 30 createEntityFromResultSet - Enter createEntityFromResultSet
06 Apr 2025 15:35:19,225 TRACE ro.mpp2024.repository.ParticipantRepository 36 createEntityFromResultSet - Exit with(Radu Cristian)
06 Apr 2025 15:35:19,225 TRACE ro.mpp2024.repository.ParticipantRepository 30 createEntityFromResultSet - Enter createEntityFromResultSet
06 Apr 2025 15:35:19,225 TRACE ro.mpp2024.repository.ParticipantRepository 36 createEntityFromResultSet - Exit with(Marin Ana)
06 Apr 2025 15:35:19,225 TRACE ro.mpp2024.repository.ParticipantRepository 30 createEntityFromResultSet - Enter createEntityFromResultSet
06 Apr 2025 15:35:19,226 TRACE ro.mpp2024.repository.ParticipantRepository 36 createEntityFromResultSet - Exit with(Tudor Alexandru)
06 Apr 2025 15:35:19,226 TRACE ro.mpp2024.repository.ParticipantRepository 30 createEntityFromResultSet - Enter createEntityFromResultSet
06 Apr 2025 15:35:19,226 TRACE ro.mpp2024.repository.ParticipantRepository 36 createEntityFromResultSet - Exit with(Petrescu Gabriel)
06 Apr 2025 15:35:19,226 TRACE ro.mpp2024.repository.ParticipantRepository 30 createEntityFromResultSet - Enter createEntityFromResultSet
06 Apr 2025 15:35:19,226 TRACE ro.mpp2024.repository.ParticipantRepository 36 createEntityFromResultSet - Exit with(Iliescu Daniela)
06 Apr 2025 15:35:19,226 TRACE ro.mpp2024.repository.ParticipantRepository 30 createEntityFromResultSet - Enter createEntityFromResultSet
06 Apr 2025 15:35:19,226 TRACE ro.mpp2024.repository.ParticipantRepository 36 createEntityFromResultSet - Exit with(Vasilescu Florin)
06 Apr 2025 15:35:19,226 TRACE ro.mpp2024.repository.ParticipantRepository 30 createEntityFromResultSet - Enter createEntityFromResultSet
06 Apr 2025 15:35:19,227 TRACE ro.mpp2024.repository.ParticipantRepository 36 createEntityFromResultSet - Exit with(Dobre Adriana)
06 Apr 2025 15:35:19,227 TRACE ro.mpp2024.repository.ParticipantRepository 30 createEntityFromResultSet - Enter createEntityFromResultSet
06 Apr 2025 15:35:19,227 TRACE ro.mpp2024.repository.ParticipantRepository 36 createEntityFromResultSet - Exit with(Munteanu Sorin)
06 Apr 2025 15:35:19,227 TRACE ro.mpp2024.repository.ParticipantRepository 30 createEntityFromResultSet - Enter createEntityFromResultSet
06 Apr 2025 15:35:19,227 TRACE ro.mpp2024.repository.ParticipantRepository 36 createEntityFromResultSet - Exit with(Nistor Carmen)
06 Apr 2025 15:35:19,227 TRACE ro.mpp2024.repository.ParticipantRepository 30 createEntityFromResultSet - Enter createEntityFromResultSet
06 Apr 2025 15:35:19,227 TRACE ro.mpp2024.repository.ParticipantRepository 36 createEntityFromResultSet - Exit with(Lazar Roxana)
06 Apr 2025 15:35:19,227 TRACE ro.mpp2024.repository.ParticipantRepository 30 createEntityFromResultSet - Enter createEntityFromResultSet
06 Apr 2025 15:35:19,227 TRACE ro.mpp2024.repository.ParticipantRepository 36 createEntityFromResultSet - Exit with(Gheorghe Vlad)
06 Apr 2025 15:35:19,228 TRACE ro.mpp2024.repository.ParticipantRepository 30 createEntityFromResultSet - Enter createEntityFromResultSet
06 Apr 2025 15:35:19,228 TRACE ro.mpp2024.repository.ParticipantRepository 36 createEntityFromResultSet - Exit with(Barbu Irina)
06 Apr 2025 15:35:19,228 TRACE ro.mpp2024.repository.ParticipantRepository 30 createEntityFromResultSet - Enter createEntityFromResultSet
06 Apr 2025 15:35:19,228 TRACE ro.mpp2024.repository.ParticipantRepository 36 createEntityFromResultSet - Exit with(Constantin Marius)
06 Apr 2025 15:35:19,228 TRACE ro.mpp2024.repository.ParticipantRepository 30 createEntityFromResultSet - Enter createEntityFromResultSet
06 Apr 2025 15:35:19,228 TRACE ro.mpp2024.repository.ParticipantRepository 36 createEntityFromResultSet - Exit with(Enache Laura)
06 Apr 2025 15:35:19,228 TRACE ro.mpp2024.repository.ParticipantRepository 30 createEntityFromResultSet - Enter createEntityFromResultSet
06 Apr 2025 15:35:19,228 TRACE ro.mpp2024.repository.ParticipantRepository 36 createEntityFromResultSet - Exit with(Dragomir Adrian)
06 Apr 2025 15:35:19,228 TRACE ro.mpp2024.repository.ParticipantRepository 30 createEntityFromResultSet - Enter createEntityFromResultSet
06 Apr 2025 15:35:19,229 TRACE ro.mpp2024.repository.ParticipantRepository 36 createEntityFromResultSet - Exit with(Filip Bianca)
06 Apr 2025 15:35:19,229 TRACE ro.mpp2024.repository.ParticipantRepository 30 createEntityFromResultSet - Enter createEntityFromResultSet
06 Apr 2025 15:35:19,229 TRACE ro.mpp2024.repository.ParticipantRepository 36 createEntityFromResultSet - Exit with(Grigore Stefan)
06 Apr 2025 15:35:19,229 TRACE ro.mpp2024.repository.ParticipantRepository 30 createEntityFromResultSet - Enter createEntityFromResultSet
06 Apr 2025 15:35:19,229 TRACE ro.mpp2024.repository.ParticipantRepository 36 createEntityFromResultSet - Exit with(Hagi Diana)
06 Apr 2025 15:35:19,229 TRACE ro.mpp2024.repository.ParticipantRepository 30 createEntityFromResultSet - Enter createEntityFromResultSet
06 Apr 2025 15:35:19,229 TRACE ro.mpp2024.repository.ParticipantRepository 36 createEntityFromResultSet - Exit with(Iacob Radu)
06 Apr 2025 15:35:19,229 TRACE ro.mpp2024.repository.ParticipantRepository 30 createEntityFromResultSet - Enter createEntityFromResultSet
06 Apr 2025 15:35:19,229 TRACE ro.mpp2024.repository.ParticipantRepository 36 createEntityFromResultSet - Exit with(Jianu Oana)
06 Apr 2025 15:35:19,230 TRACE ro.mpp2024.repository.ParticipantRepository 30 createEntityFromResultSet - Enter createEntityFromResultSet
06 Apr 2025 15:35:19,230 TRACE ro.mpp2024.repository.ParticipantRepository 36 createEntityFromResultSet - Exit with(Kovacs Cristina)
06 Apr 2025 15:35:19,230 TRACE ro.mpp2024.repository.ParticipantRepository 30 createEntityFromResultSet - Enter createEntityFromResultSet
06 Apr 2025 15:35:19,230 TRACE ro.mpp2024.repository.ParticipantRepository 36 createEntityFromResultSet - Exit with(Lupu George)
06 Apr 2025 15:35:19,230 TRACE ro.mpp2024.repository.ParticipantRepository 30 createEntityFromResultSet - Enter createEntityFromResultSet
06 Apr 2025 15:35:19,230 TRACE ro.mpp2024.repository.ParticipantRepository 36 createEntityFromResultSet - Exit with(Manole Simona)
06 Apr 2025 15:35:19,230 TRACE ro.mpp2024.repository.ParticipantRepository 30 createEntityFromResultSet - Enter createEntityFromResultSet
06 Apr 2025 15:35:19,230 TRACE ro.mpp2024.repository.ParticipantRepository 36 createEntityFromResultSet - Exit with(Nedelcu Alexandra)
06 Apr 2025 15:35:19,231 TRACE ro.mpp2024.repository.ParticipantRepository 30 createEntityFromResultSet - Enter createEntityFromResultSet
06 Apr 2025 15:35:19,231 TRACE ro.mpp2024.repository.ParticipantRepository 36 createEntityFromResultSet - Exit with(Oprea Bogdan)
06 Apr 2025 15:35:19,231 TRACE ro.mpp2024.repository.ParticipantRepository 30 createEntityFromResultSet - Enter createEntityFromResultSet
06 Apr 2025 15:35:19,231 TRACE ro.mpp2024.repository.ParticipantRepository 36 createEntityFromResultSet - Exit with(Pavel Monica)
06 Apr 2025 15:35:19,231 TRACE ro.mpp2024.repository.ParticipantRepository 30 createEntityFromResultSet - Enter createEntityFromResultSet
06 Apr 2025 15:35:19,231 TRACE ro.mpp2024.repository.ParticipantRepository 36 createEntityFromResultSet - Exit with(Rusu Andreea)
06 Apr 2025 15:35:19,231 TRACE ro.mpp2024.repository.ParticipantRepository 30 createEntityFromResultSet - Enter createEntityFromResultSet
06 Apr 2025 15:35:19,231 TRACE ro.mpp2024.repository.ParticipantRepository 36 createEntityFromResultSet - Exit with(Sandu Victor)
06 Apr 2025 15:35:19,231 TRACE ro.mpp2024.repository.ParticipantRepository 30 createEntityFromResultSet - Enter createEntityFromResultSet
06 Apr 2025 15:35:19,232 TRACE ro.mpp2024.repository.ParticipantRepository 36 createEntityFromResultSet - Exit with(Toma Gabriela)
06 Apr 2025 15:35:19,232 TRACE ro.mpp2024.repository.ParticipantRepository 30 createEntityFromResultSet - Enter createEntityFromResultSet
06 Apr 2025 15:35:19,232 TRACE ro.mpp2024.repository.ParticipantRepository 36 createEntityFromResultSet - Exit with(Ursu Mihail)
06 Apr 2025 15:35:19,232 TRACE ro.mpp2024.repository.ParticipantRepository 30 createEntityFromResultSet - Enter createEntityFromResultSet
06 Apr 2025 15:35:19,232 TRACE ro.mpp2024.repository.ParticipantRepository 36 createEntityFromResultSet - Exit with(Vlad Anca)
06 Apr 2025 15:35:19,232 TRACE ro.mpp2024.repository.ParticipantRepository 30 createEntityFromResultSet - Enter createEntityFromResultSet
06 Apr 2025 15:35:19,232 TRACE ro.mpp2024.repository.ParticipantRepository 36 createEntityFromResultSet - Exit with(Zamfir Lucian)
06 Apr 2025 15:35:19,232 TRACE ro.mpp2024.repository.ParticipantRepository 30 createEntityFromResultSet - Enter createEntityFromResultSet
06 Apr 2025 15:35:19,232 TRACE ro.mpp2024.repository.ParticipantRepository 36 createEntityFromResultSet - Exit with(Voicu Raluca)
06 Apr 2025 15:35:19,233 TRACE ro.mpp2024.repository.ParticipantRepository 30 createEntityFromResultSet - Enter createEntityFromResultSet
06 Apr 2025 15:35:19,233 TRACE ro.mpp2024.repository.ParticipantRepository 36 createEntityFromResultSet - Exit with(nume prenume)
06 Apr 2025 15:35:19,233 TRACE ro.mpp2024.repository.ParticipantRepository 56 findAll - Exit with([Popescu Ion, Ionescu Maria, Georgescu Andrei, Dumitrescu Elena, Popa Mihai, Stan Ioana, Radu Cristian, Marin Ana, Tudor Alexandru, Petrescu Gabriel, Iliescu Daniela, Vasilescu Florin, Dobre Adriana, Munteanu Sorin, Nistor Carmen, Lazar Roxana, Gheorghe Vlad, Barbu Irina, Constantin Marius, Enache Laura, Dragomir Adrian, Filip Bianca, Grigore Stefan, Hagi Diana, Iacob Radu, Jianu Oana, Kovacs Cristina, Lupu George, Manole Simona, Nedelcu Alexandra, Oprea Bogdan, Pavel Monica, Rusu Andreea, Sandu Victor, Toma Gabriela, Ursu Mihail, Vlad Anca, Zamfir Lucian, Voicu Raluca, nume prenume])
06 Apr 2025 15:35:19,234 DEBUG ro.mpp2024.protocol.ClientWorkerJson 79 sendResponse - sending response {"type":"PARTICIPANTI","participanti":[{"idParticipant":1,"nume":"Popescu","prenume":"Ion","varsta":25,"punctaj":0},{"idParticipant":2,"nume":"Ionescu","prenume":"Maria","varsta":30,"punctaj":0},{"idParticipant":3,"nume":"Georgescu","prenume":"Andrei","varsta":22,"punctaj":0},{"idParticipant":4,"nume":"Dumitrescu","prenume":"Elena","varsta":28,"punctaj":0},{"idParticipant":5,"nume":"Popa","prenume":"Mihai","varsta":35,"punctaj":0},{"idParticipant":6,"nume":"Stan","prenume":"Ioana","varsta":27,"punctaj":0},{"idParticipant":7,"nume":"Radu","prenume":"Cristian","varsta":24,"punctaj":0},{"idParticipant":8,"nume":"Marin","prenume":"Ana","varsta":29,"punctaj":0},{"idParticipant":9,"nume":"Tudor","prenume":"Alexandru","varsta":31,"punctaj":0},{"idParticipant":10,"nume":"Petrescu","prenume":"Gabriel","varsta":26,"punctaj":0},{"idParticipant":11,"nume":"Iliescu","prenume":"Daniela","varsta":32,"punctaj":0},{"idParticipant":12,"nume":"Vasilescu","prenume":"Florin","varsta":23,"punctaj":0},{"idParticipant":13,"nume":"Dobre","prenume":"Adriana","varsta":34,"punctaj":0},{"idParticipant":14,"nume":"Munteanu","prenume":"Sorin","varsta":21,"punctaj":0},{"idParticipant":15,"nume":"Nistor","prenume":"Carmen","varsta":33,"punctaj":0},{"idParticipant":16,"nume":"Lazar","prenume":"Roxana","varsta":25,"punctaj":0},{"idParticipant":17,"nume":"Gheorghe","prenume":"Vlad","varsta":28,"punctaj":0},{"idParticipant":18,"nume":"Barbu","prenume":"Irina","varsta":27,"punctaj":0},{"idParticipant":19,"nume":"Constantin","prenume":"Marius","varsta":30,"punctaj":0},{"idParticipant":20,"nume":"Enache","prenume":"Laura","varsta":29,"punctaj":0},{"idParticipant":21,"nume":"Dragomir","prenume":"Adrian","varsta":26,"punctaj":0},{"idParticipant":22,"nume":"Filip","prenume":"Bianca","varsta":31,"punctaj":0},{"idParticipant":23,"nume":"Grigore","prenume":"Stefan","varsta":24,"punctaj":0},{"idParticipant":24,"nume":"Hagi","prenume":"Diana","varsta":32,"punctaj":0},{"idParticipant":25,"nume":"Iacob","prenume":"Radu","varsta":23,"punctaj":0},{"idParticipant":26,"nume":"Jianu","prenume":"Oana","varsta":34,"punctaj":0},{"idParticipant":27,"nume":"Kovacs","prenume":"Cristina","varsta":21,"punctaj":0},{"idParticipant":28,"nume":"Lupu","prenume":"George","varsta":33,"punctaj":0},{"idParticipant":29,"nume":"Manole","prenume":"Simona","varsta":25,"punctaj":0},{"idParticipant":30,"nume":"Nedelcu","prenume":"Alexandra","varsta":28,"punctaj":0},{"idParticipant":31,"nume":"Oprea","prenume":"Bogdan","varsta":27,"punctaj":0},{"idParticipant":32,"nume":"Pavel","prenume":"Monica","varsta":30,"punctaj":0},{"idParticipant":33,"nume":"Rusu","prenume":"Andreea","varsta":29,"punctaj":0},{"idParticipant":34,"nume":"Sandu","prenume":"Victor","varsta":26,"punctaj":0},{"idParticipant":35,"nume":"Toma","prenume":"Gabriela","varsta":31,"punctaj":0},{"idParticipant":36,"nume":"Ursu","prenume":"Mihail","varsta":24,"punctaj":0},{"idParticipant":37,"nume":"Vlad","prenume":"Anca","varsta":32,"punctaj":0},{"idParticipant":38,"nume":"Zamfir","prenume":"Lucian","varsta":23,"punctaj":0},{"idParticipant":39,"nume":"Voicu","prenume":"Raluca","varsta":34,"punctaj":0},{"idParticipant":40,"nume":"nume","prenume":"prenume","varsta":20,"punctaj":0}]}
06 Apr 2025 15:35:23,881 DEBUG ro.mpp2024.protocol.ClientWorkerJson 126 handleRequest - Add rezultat request RezultatDTO{idProba='c1', idParticipant=4, puncte=10}
06 Apr 2025 15:35:23,881 TRACE ro.mpp2024.services.ServerService 40 addRezultat - Enter
06 Apr 2025 15:35:23,881 TRACE ro.mpp2024.repository.ParticipantRepository 62 findOne - Enter
06 Apr 2025 15:35:23,881 TRACE ro.mpp2024.utils.JdbcUtils 48 getConnection - Enter
06 Apr 2025 15:35:23,881 TRACE ro.mpp2024.utils.JdbcUtils 57 getConnection - Exit with(org.sqlite.jdbc4.JDBC4Connection@73cfe8e1)
06 Apr 2025 15:35:23,882 TRACE ro.mpp2024.repository.ParticipantRepository 30 createEntityFromResultSet - Enter createEntityFromResultSet
06 Apr 2025 15:35:23,882 TRACE ro.mpp2024.repository.ParticipantRepository 36 createEntityFromResultSet - Exit with(Dumitrescu Elena)
06 Apr 2025 15:35:23,882 TRACE ro.mpp2024.repository.ParticipantRepository 76 findOne - Exit with(Dumitrescu Elena)
06 Apr 2025 15:35:23,882 TRACE ro.mpp2024.repository.ProbaRepository 63 findOne - Enter findOne
06 Apr 2025 15:35:23,882 TRACE ro.mpp2024.utils.JdbcUtils 48 getConnection - Enter
06 Apr 2025 15:35:23,882 TRACE ro.mpp2024.utils.JdbcUtils 57 getConnection - Exit with(org.sqlite.jdbc4.JDBC4Connection@73cfe8e1)
06 Apr 2025 15:35:23,883 TRACE ro.mpp2024.repository.ProbaRepository 31 createEntityFromResultSet - Enter createEntityFromResultSet
06 Apr 2025 15:35:23,885 TRACE ro.mpp2024.repository.ProbaRepository 37 createEntityFromResultSet - Exit with(Proba{nume='Pedalat 200 de m', arbitru=1, categorie=ciclism})
06 Apr 2025 15:35:23,886 TRACE ro.mpp2024.repository.ProbaRepository 77 findOne - Exit with(Proba{nume='Pedalat 200 de m', arbitru=1, categorie=ciclism})
06 Apr 2025 15:35:23,886 TRACE ro.mpp2024.repository.RezultatRepository 116 save - Enter save
06 Apr 2025 15:35:23,886 TRACE ro.mpp2024.utils.JdbcUtils 48 getConnection - Enter
06 Apr 2025 15:35:23,886 TRACE ro.mpp2024.utils.JdbcUtils 57 getConnection - Exit with(org.sqlite.jdbc4.JDBC4Connection@73cfe8e1)
06 Apr 2025 15:35:23,894 TRACE ro.mpp2024.repository.RezultatRepository 127 save - Exit
06 Apr 2025 15:35:23,894 TRACE ro.mpp2024.services.ServerService 44 addRezultat - Exit
06 Apr 2025 15:35:23,895 DEBUG ro.mpp2024.protocol.ClientWorkerJson 79 sendResponse - sending response {"type":"REZULTAT_ADDED","rezultat":{"idProba":"c1","idParticipant":4,"numeParticipant":"Dumitrescu","prenumeParticipant":"Elena","puncte":10}}
06 Apr 2025 15:36:24,430 ERROR ro.mpp2024.protocol.ClientWorkerJson 56 run - java.net.SocketException: Connection reset
06 Apr 2025 15:36:24,430 ERROR ro.mpp2024.protocol.ClientWorkerJson 57 run - [Ljava.lang.StackTraceElement;@2c30a5e2
06 Apr 2025 15:36:24,435 ERROR ro.mpp2024.protocol.ClientWorkerJson 56 run - java.net.SocketException: Connection reset
06 Apr 2025 15:36:24,435 ERROR ro.mpp2024.protocol.ClientWorkerJson 56 run - java.net.SocketException: Connection reset
06 Apr 2025 15:36:24,436 ERROR ro.mpp2024.protocol.ClientWorkerJson 57 run - [Ljava.lang.StackTraceElement;@530844a3
06 Apr 2025 15:36:24,436 ERROR ro.mpp2024.protocol.ClientWorkerJson 57 run - [Ljava.lang.StackTraceElement;@2fc7f625
06 Apr 2025 15:36:25,432 ERROR ro.mpp2024.protocol.ClientWorkerJson 56 run - java.net.SocketException: Connection reset
06 Apr 2025 15:36:25,432 ERROR ro.mpp2024.protocol.ClientWorkerJson 57 run - [Ljava.lang.StackTraceElement;@1d25c979
06 Apr 2025 15:36:25,448 ERROR ro.mpp2024.protocol.ClientWorkerJson 56 run - java.net.SocketException: Connection reset
06 Apr 2025 15:36:25,448 ERROR ro.mpp2024.protocol.ClientWorkerJson 56 run - java.net.SocketException: Connection reset
06 Apr 2025 15:36:25,448 ERROR ro.mpp2024.protocol.ClientWorkerJson 57 run - [Ljava.lang.StackTraceElement;@11f8fd3d
06 Apr 2025 15:36:25,448 ERROR ro.mpp2024.protocol.ClientWorkerJson 57 run - [Ljava.lang.StackTraceElement;@6e211eb3
06 Apr 2025 15:36:26,442 ERROR ro.mpp2024.protocol.ClientWorkerJson 56 run - java.net.SocketException: Connection reset
06 Apr 2025 15:36:26,442 ERROR ro.mpp2024.protocol.ClientWorkerJson 57 run - [Ljava.lang.StackTraceElement;@1d56ce63
06 Apr 2025 15:36:26,458 ERROR ro.mpp2024.protocol.ClientWorkerJson 56 run - java.net.SocketException: Connection reset
06 Apr 2025 15:36:26,458 ERROR ro.mpp2024.protocol.ClientWorkerJson 56 run - java.net.SocketException: Connection reset
06 Apr 2025 15:36:26,458 ERROR ro.mpp2024.protocol.ClientWorkerJson 57 run - [Ljava.lang.StackTraceElement;@22157fb6
06 Apr 2025 15:36:26,458 ERROR ro.mpp2024.protocol.ClientWorkerJson 57 run - [Ljava.lang.StackTraceElement;@2d1200fb
06 Apr 2025 15:36:27,452 ERROR ro.mpp2024.protocol.ClientWorkerJson 56 run - java.net.SocketException: Connection reset
06 Apr 2025 15:36:27,453 ERROR ro.mpp2024.protocol.ClientWorkerJson 57 run - [Ljava.lang.StackTraceElement;@65a9fc4f
06 Apr 2025 15:36:27,468 ERROR ro.mpp2024.protocol.ClientWorkerJson 56 run - java.net.SocketException: Connection reset
06 Apr 2025 15:36:27,468 ERROR ro.mpp2024.protocol.ClientWorkerJson 56 run - java.net.SocketException: Connection reset
06 Apr 2025 15:36:27,468 ERROR ro.mpp2024.protocol.ClientWorkerJson 57 run - [Ljava.lang.StackTraceElement;@35df6bd9
06 Apr 2025 15:36:27,468 ERROR ro.mpp2024.protocol.ClientWorkerJson 57 run - [Ljava.lang.StackTraceElement;@6eb0b243
06 Apr 2025 15:36:28,465 ERROR ro.mpp2024.protocol.ClientWorkerJson 56 run - java.net.SocketException: Connection reset
06 Apr 2025 15:36:28,465 ERROR ro.mpp2024.protocol.ClientWorkerJson 57 run - [Ljava.lang.StackTraceElement;@4c1f5aad
06 Apr 2025 15:36:28,481 ERROR ro.mpp2024.protocol.ClientWorkerJson 56 run - java.net.SocketException: Connection reset
06 Apr 2025 15:36:28,481 ERROR ro.mpp2024.protocol.ClientWorkerJson 56 run - java.net.SocketException: Connection reset
06 Apr 2025 15:36:28,481 ERROR ro.mpp2024.protocol.ClientWorkerJson 57 run - [Ljava.lang.StackTraceElement;@7ed6176e
06 Apr 2025 15:36:28,481 ERROR ro.mpp2024.protocol.ClientWorkerJson 57 run - [Ljava.lang.StackTraceElement;@24630c9d
06 Apr 2025 15:36:29,477 ERROR ro.mpp2024.protocol.ClientWorkerJson 56 run - java.net.SocketException: Connection reset
06 Apr 2025 15:36:29,477 ERROR ro.mpp2024.protocol.ClientWorkerJson 57 run - [Ljava.lang.StackTraceElement;@7fc22c56
06 Apr 2025 15:36:29,492 ERROR ro.mpp2024.protocol.ClientWorkerJson 56 run - java.net.SocketException: Connection reset
06 Apr 2025 15:36:29,492 ERROR ro.mpp2024.protocol.ClientWorkerJson 56 run - java.net.SocketException: Connection reset
06 Apr 2025 15:36:29,492 ERROR ro.mpp2024.protocol.ClientWorkerJson 57 run - [Ljava.lang.StackTraceElement;@42515a24
06 Apr 2025 15:36:29,492 ERROR ro.mpp2024.protocol.ClientWorkerJson 57 run - [Ljava.lang.StackTraceElement;@28911c9c
06 Apr 2025 15:38:46,305 INFO  ro.mpp2024.StartJsonServer 24 main - Server properties: {server.port=55556, jdbc.url=jdbc:sqlite:src/main/resources/triatlon.db}
06 Apr 2025 15:38:46,309 INFO  ro.mpp2024.repository.ArbitruRepository 23 <init> - Initializing IArbitruRepository with properties: {} 
06 Apr 2025 15:38:46,310 INFO  ro.mpp2024.repository.ProbaRepository 25 <init> - Initializing ProbaRepository with properties: {} 
06 Apr 2025 15:38:46,310 INFO  ro.mpp2024.repository.ParticipantRepository 24 <init> - Initializing ParticipantRepository with properties: {} 
06 Apr 2025 15:38:46,311 INFO  ro.mpp2024.repository.RezultatRepository 25 <init> - Initializing RezultatRepository with properties: {} 
06 Apr 2025 15:38:46,312 INFO  ro.mpp2024.services.ServerService 32 <init> - Service Rezultat made
06 Apr 2025 15:38:46,312 DEBUG ro.mpp2024.StartJsonServer 50 main - Starting server on port: 55556
06 Apr 2025 15:38:46,313 DEBUG ro.mpp2024.networkUtils.AbsConcurrentServer 13 <init> - Concurrent AbstractServer
06 Apr 2025 15:38:46,313 INFO  ro.mpp2024.networkUtils.JsonConcurrentServer 17 <init> - JsonConcurrentServer
06 Apr 2025 15:38:46,317 INFO  chat.network.utils.AbstractServer 25 start - Waiting for clients ...
06 Apr 2025 15:39:07,382 INFO  chat.network.utils.AbstractServer 27 start - Client connected ...
06 Apr 2025 15:39:07,410 INFO  chat.network.utils.AbstractServer 25 start - Waiting for clients ...
06 Apr 2025 15:39:07,418 DEBUG ro.mpp2024.protocol.ClientWorkerJson 90 handleRequest - Login request UserDTO{nume='', username='bob.smith', password='Ym9iLnNtaXRo', probaId=''}
06 Apr 2025 15:39:07,419 TRACE ro.mpp2024.utils.JdbcUtils 48 getConnection - Enter
06 Apr 2025 15:39:07,420 TRACE ro.mpp2024.utils.JdbcUtils 25 getNewConnection - Enter
06 Apr 2025 15:39:07,420 INFO  ro.mpp2024.utils.JdbcUtils 30 getNewConnection - trying to connect to database ... jdbc:sqlite:src/main/resources/triatlon.db
06 Apr 2025 15:39:07,420 INFO  ro.mpp2024.utils.JdbcUtils 31 getNewConnection - user: null
06 Apr 2025 15:39:07,420 INFO  ro.mpp2024.utils.JdbcUtils 32 getNewConnection - pass: null
06 Apr 2025 15:39:07,522 TRACE ro.mpp2024.utils.JdbcUtils 57 getConnection - Exit with(org.sqlite.jdbc4.JDBC4Connection@73cfe8e1)
06 Apr 2025 15:39:07,527 DEBUG ro.mpp2024.protocol.ClientWorkerJson 79 sendResponse - sending response {"type":"LOGGED_ACC","user":{"id":-1,"nume":"","username":"test","password":"","id_proba":""}}
06 Apr 2025 15:39:21,437 INFO  chat.network.utils.AbstractServer 27 start - Client connected ...
06 Apr 2025 15:39:21,438 INFO  chat.network.utils.AbstractServer 25 start - Waiting for clients ...
06 Apr 2025 15:39:21,438 DEBUG ro.mpp2024.protocol.ClientWorkerJson 90 handleRequest - Login request UserDTO{nume='', username='bob.smith', password='Ym9iLnNtaXRo', probaId=''}
06 Apr 2025 15:39:21,439 TRACE ro.mpp2024.utils.JdbcUtils 48 getConnection - Enter
06 Apr 2025 15:39:21,439 TRACE ro.mpp2024.utils.JdbcUtils 57 getConnection - Exit with(org.sqlite.jdbc4.JDBC4Connection@73cfe8e1)
06 Apr 2025 15:39:21,440 DEBUG ro.mpp2024.protocol.ClientWorkerJson 79 sendResponse - sending response {"type":"LOGGED_ACC","user":{"id":-1,"nume":"","username":"test","password":"","id_proba":""}}
06 Apr 2025 15:39:26,445 INFO  chat.network.utils.AbstractServer 27 start - Client connected ...
06 Apr 2025 15:39:26,445 INFO  chat.network.utils.AbstractServer 25 start - Waiting for clients ...
06 Apr 2025 15:39:26,446 DEBUG ro.mpp2024.protocol.ClientWorkerJson 90 handleRequest - Login request UserDTO{nume='', username='bob.smith', password='U2VjdXJlUEBzczI=', probaId=''}
06 Apr 2025 15:39:26,446 TRACE ro.mpp2024.utils.JdbcUtils 48 getConnection - Enter
06 Apr 2025 15:39:26,447 TRACE ro.mpp2024.utils.JdbcUtils 57 getConnection - Exit with(org.sqlite.jdbc4.JDBC4Connection@73cfe8e1)
06 Apr 2025 15:39:26,447 TRACE ro.mpp2024.repository.ArbitruRepository 29 createEntityFromResultSet - Enter createEntityFromResultSet
06 Apr 2025 15:39:26,448 TRACE ro.mpp2024.repository.ArbitruRepository 36 createEntityFromResultSet - Exit with(Arbitru{nume='Bob Smith', username='bob.smith', password='U2VjdXJlUEBzczI=', id_proba=c1})
06 Apr 2025 15:39:26,449 DEBUG ro.mpp2024.protocol.ClientWorkerJson 79 sendResponse - sending response {"type":"LOGGED_ACC","user":{"id":21,"nume":"Bob Smith","username":"bob.smith","password":"U2VjdXJlUEBzczI\u003d","id_proba":"c1"}}
06 Apr 2025 15:39:32,596 DEBUG ro.mpp2024.protocol.ClientWorkerJson 115 handleRequest - Get all rezultate request fornull
06 Apr 2025 15:39:32,596 TRACE ro.mpp2024.repository.RezultatRepository 144 listaParticipantiPuncteAlfabetic - Enter listaParticipantiPuncteAlfabetic
06 Apr 2025 15:39:32,596 TRACE ro.mpp2024.utils.JdbcUtils 48 getConnection - Enter
06 Apr 2025 15:39:32,596 TRACE ro.mpp2024.utils.JdbcUtils 57 getConnection - Exit with(org.sqlite.jdbc4.JDBC4Connection@73cfe8e1)
06 Apr 2025 15:39:32,598 TRACE ro.mpp2024.repository.RezultatRepository 162 listaParticipantiPuncteAlfabetic - Enter Terminat dictionar
06 Apr 2025 15:39:32,599 DEBUG ro.mpp2024.protocol.ClientWorkerJson 79 sendResponse - sending response {"type":"ALL_REZULTATE","punctaje":[{"idParticipant":18,"nume":"Barbu","prenume":"Irina","varsta":27,"punctaj":230},{"idParticipant":19,"nume":"Constantin","prenume":"Marius","varsta":30,"punctaj":288},{"idParticipant":13,"nume":"Dobre","prenume":"Adriana","varsta":34,"punctaj":175},{"idParticipant":21,"nume":"Dragomir","prenume":"Adrian","varsta":26,"punctaj":130},{"idParticipant":4,"nume":"Dumitrescu","prenume":"Elena","varsta":28,"punctaj":153},{"idParticipant":20,"nume":"Enache","prenume":"Laura","varsta":29,"punctaj":325},{"idParticipant":22,"nume":"Filip","prenume":"Bianca","varsta":31,"punctaj":307},{"idParticipant":3,"nume":"Georgescu","prenume":"Andrei","varsta":22,"punctaj":122},{"idParticipant":17,"nume":"Gheorghe","prenume":"Vlad","varsta":28,"punctaj":200},{"idParticipant":23,"nume":"Grigore","prenume":"Stefan","varsta":24,"punctaj":145},{"idParticipant":24,"nume":"Hagi","prenume":"Diana","varsta":32,"punctaj":193},{"idParticipant":25,"nume":"Iacob","prenume":"Radu","varsta":23,"punctaj":195},{"idParticipant":11,"nume":"Iliescu","prenume":"Daniela","varsta":32,"punctaj":320},{"idParticipant":2,"nume":"Ionescu","prenume":"Maria","varsta":30,"punctaj":156},{"idParticipant":26,"nume":"Jianu","prenume":"Oana","varsta":34,"punctaj":142},{"idParticipant":27,"nume":"Kovacs","prenume":"Cristina","varsta":21,"punctaj":199},{"idParticipant":16,"nume":"Lazar","prenume":"Roxana","varsta":25,"punctaj":185},{"idParticipant":28,"nume":"Lupu","prenume":"George","varsta":33,"punctaj":199},{"idParticipant":29,"nume":"Manole","prenume":"Simona","varsta":25,"punctaj":117},{"idParticipant":8,"nume":"Marin","prenume":"Ana","varsta":29,"punctaj":134},{"idParticipant":14,"nume":"Munteanu","prenume":"Sorin","varsta":21,"punctaj":301},{"idParticipant":30,"nume":"Nedelcu","prenume":"Alexandra","varsta":28,"punctaj":169},{"idParticipant":15,"nume":"Nistor","prenume":"Carmen","varsta":33,"punctaj":189},{"idParticipant":40,"nume":"nume","prenume":"prenume","varsta":20,"punctaj":300},{"idParticipant":31,"nume":"Oprea","prenume":"Bogdan","varsta":27,"punctaj":282},{"idParticipant":32,"nume":"Pavel","prenume":"Monica","varsta":30,"punctaj":111},{"idParticipant":10,"nume":"Petrescu","prenume":"Gabriel","varsta":26,"punctaj":188},{"idParticipant":5,"nume":"Popa","prenume":"Mihai","varsta":35,"punctaj":282},{"idParticipant":1,"nume":"Popescu","prenume":"Ion","varsta":25,"punctaj":158},{"idParticipant":7,"nume":"Radu","prenume":"Cristian","varsta":24,"punctaj":256},{"idParticipant":33,"nume":"Rusu","prenume":"Andreea","varsta":29,"punctaj":313},{"idParticipant":34,"nume":"Sandu","prenume":"Victor","varsta":26,"punctaj":115},{"idParticipant":6,"nume":"Stan","prenume":"Ioana","varsta":27,"punctaj":289},{"idParticipant":35,"nume":"Toma","prenume":"Gabriela","varsta":31,"punctaj":132},{"idParticipant":9,"nume":"Tudor","prenume":"Alexandru","varsta":31,"punctaj":288},{"idParticipant":36,"nume":"Ursu","prenume":"Mihail","varsta":24,"punctaj":155},{"idParticipant":12,"nume":"Vasilescu","prenume":"Florin","varsta":23,"punctaj":472},{"idParticipant":37,"nume":"Vlad","prenume":"Anca","varsta":32,"punctaj":138},{"idParticipant":39,"nume":"Voicu","prenume":"Raluca","varsta":34,"punctaj":190},{"idParticipant":38,"nume":"Zamfir","prenume":"Lucian","varsta":23,"punctaj":177}]}
06 Apr 2025 15:39:34,566 DEBUG ro.mpp2024.protocol.ClientWorkerJson 103 handleRequest - Get rezultate request forUserDTO{nume='', username='', password='', probaId='c1'}
06 Apr 2025 15:39:34,566 TRACE ro.mpp2024.repository.RezultatRepository 168 listaParticiapntPuncteProbaDescrescator - Enter listaParticiapntPuncteProbaDescrescator
06 Apr 2025 15:39:34,566 TRACE ro.mpp2024.utils.JdbcUtils 48 getConnection - Enter
06 Apr 2025 15:39:34,566 TRACE ro.mpp2024.utils.JdbcUtils 57 getConnection - Exit with(org.sqlite.jdbc4.JDBC4Connection@73cfe8e1)
06 Apr 2025 15:39:34,567 TRACE ro.mpp2024.repository.RezultatRepository 186 listaParticiapntPuncteProbaDescrescator - Enter Terminat dictionar
06 Apr 2025 15:39:34,568 DEBUG ro.mpp2024.protocol.ClientWorkerJson 79 sendResponse - sending response {"type":"REZULTATE","punctaje":[{"idParticipant":38,"nume":"Zamfir","prenume":"Lucian","varsta":23,"punctaj":177},{"idParticipant":6,"nume":"Stan","prenume":"Ioana","varsta":27,"punctaj":152},{"idParticipant":9,"nume":"Tudor","prenume":"Alexandru","varsta":31,"punctaj":150},{"idParticipant":12,"nume":"Vasilescu","prenume":"Florin","varsta":23,"punctaj":100},{"idParticipant":18,"nume":"Barbu","prenume":"Irina","varsta":27,"punctaj":30},{"idParticipant":37,"nume":"Vlad","prenume":"Anca","varsta":32,"punctaj":10},{"idParticipant":20,"nume":"Enache","prenume":"Laura","varsta":29,"punctaj":10},{"idParticipant":19,"nume":"Constantin","prenume":"Marius","varsta":30,"punctaj":10},{"idParticipant":13,"nume":"Dobre","prenume":"Adriana","varsta":34,"punctaj":10},{"idParticipant":11,"nume":"Iliescu","prenume":"Daniela","varsta":32,"punctaj":10},{"idParticipant":4,"nume":"Dumitrescu","prenume":"Elena","varsta":28,"punctaj":10},{"idParticipant":1,"nume":"Popescu","prenume":"Ion","varsta":25,"punctaj":10}]}
06 Apr 2025 15:39:37,236 DEBUG ro.mpp2024.protocol.ClientWorkerJson 141 handleRequest - Get participanti request fornull
06 Apr 2025 15:39:37,236 TRACE ro.mpp2024.repository.ParticipantRepository 42 findAll - Enter
06 Apr 2025 15:39:37,236 TRACE ro.mpp2024.utils.JdbcUtils 48 getConnection - Enter
06 Apr 2025 15:39:37,236 TRACE ro.mpp2024.utils.JdbcUtils 57 getConnection - Exit with(org.sqlite.jdbc4.JDBC4Connection@73cfe8e1)
06 Apr 2025 15:39:37,237 TRACE ro.mpp2024.repository.ParticipantRepository 30 createEntityFromResultSet - Enter createEntityFromResultSet
06 Apr 2025 15:39:37,237 TRACE ro.mpp2024.repository.ParticipantRepository 36 createEntityFromResultSet - Exit with(Popescu Ion)
06 Apr 2025 15:39:37,237 TRACE ro.mpp2024.repository.ParticipantRepository 30 createEntityFromResultSet - Enter createEntityFromResultSet
06 Apr 2025 15:39:37,238 TRACE ro.mpp2024.repository.ParticipantRepository 36 createEntityFromResultSet - Exit with(Ionescu Maria)
06 Apr 2025 15:39:37,238 TRACE ro.mpp2024.repository.ParticipantRepository 30 createEntityFromResultSet - Enter createEntityFromResultSet
06 Apr 2025 15:39:37,238 TRACE ro.mpp2024.repository.ParticipantRepository 36 createEntityFromResultSet - Exit with(Georgescu Andrei)
06 Apr 2025 15:39:37,238 TRACE ro.mpp2024.repository.ParticipantRepository 30 createEntityFromResultSet - Enter createEntityFromResultSet
06 Apr 2025 15:39:37,238 TRACE ro.mpp2024.repository.ParticipantRepository 36 createEntityFromResultSet - Exit with(Dumitrescu Elena)
06 Apr 2025 15:39:37,238 TRACE ro.mpp2024.repository.ParticipantRepository 30 createEntityFromResultSet - Enter createEntityFromResultSet
06 Apr 2025 15:39:37,238 TRACE ro.mpp2024.repository.ParticipantRepository 36 createEntityFromResultSet - Exit with(Popa Mihai)
06 Apr 2025 15:39:37,238 TRACE ro.mpp2024.repository.ParticipantRepository 30 createEntityFromResultSet - Enter createEntityFromResultSet
06 Apr 2025 15:39:37,239 TRACE ro.mpp2024.repository.ParticipantRepository 36 createEntityFromResultSet - Exit with(Stan Ioana)
06 Apr 2025 15:39:37,239 TRACE ro.mpp2024.repository.ParticipantRepository 30 createEntityFromResultSet - Enter createEntityFromResultSet
06 Apr 2025 15:39:37,239 TRACE ro.mpp2024.repository.ParticipantRepository 36 createEntityFromResultSet - Exit with(Radu Cristian)
06 Apr 2025 15:39:37,239 TRACE ro.mpp2024.repository.ParticipantRepository 30 createEntityFromResultSet - Enter createEntityFromResultSet
06 Apr 2025 15:39:37,239 TRACE ro.mpp2024.repository.ParticipantRepository 36 createEntityFromResultSet - Exit with(Marin Ana)
06 Apr 2025 15:39:37,239 TRACE ro.mpp2024.repository.ParticipantRepository 30 createEntityFromResultSet - Enter createEntityFromResultSet
06 Apr 2025 15:39:37,239 TRACE ro.mpp2024.repository.ParticipantRepository 36 createEntityFromResultSet - Exit with(Tudor Alexandru)
06 Apr 2025 15:39:37,239 TRACE ro.mpp2024.repository.ParticipantRepository 30 createEntityFromResultSet - Enter createEntityFromResultSet
06 Apr 2025 15:39:37,239 TRACE ro.mpp2024.repository.ParticipantRepository 36 createEntityFromResultSet - Exit with(Petrescu Gabriel)
06 Apr 2025 15:39:37,239 TRACE ro.mpp2024.repository.ParticipantRepository 30 createEntityFromResultSet - Enter createEntityFromResultSet
06 Apr 2025 15:39:37,240 TRACE ro.mpp2024.repository.ParticipantRepository 36 createEntityFromResultSet - Exit with(Iliescu Daniela)
06 Apr 2025 15:39:37,240 TRACE ro.mpp2024.repository.ParticipantRepository 30 createEntityFromResultSet - Enter createEntityFromResultSet
06 Apr 2025 15:39:37,240 TRACE ro.mpp2024.repository.ParticipantRepository 36 createEntityFromResultSet - Exit with(Vasilescu Florin)
06 Apr 2025 15:39:37,240 TRACE ro.mpp2024.repository.ParticipantRepository 30 createEntityFromResultSet - Enter createEntityFromResultSet
06 Apr 2025 15:39:37,240 TRACE ro.mpp2024.repository.ParticipantRepository 36 createEntityFromResultSet - Exit with(Dobre Adriana)
06 Apr 2025 15:39:37,240 TRACE ro.mpp2024.repository.ParticipantRepository 30 createEntityFromResultSet - Enter createEntityFromResultSet
06 Apr 2025 15:39:37,240 TRACE ro.mpp2024.repository.ParticipantRepository 36 createEntityFromResultSet - Exit with(Munteanu Sorin)
06 Apr 2025 15:39:37,240 TRACE ro.mpp2024.repository.ParticipantRepository 30 createEntityFromResultSet - Enter createEntityFromResultSet
06 Apr 2025 15:39:37,240 TRACE ro.mpp2024.repository.ParticipantRepository 36 createEntityFromResultSet - Exit with(Nistor Carmen)
06 Apr 2025 15:39:37,240 TRACE ro.mpp2024.repository.ParticipantRepository 30 createEntityFromResultSet - Enter createEntityFromResultSet
06 Apr 2025 15:39:37,240 TRACE ro.mpp2024.repository.ParticipantRepository 36 createEntityFromResultSet - Exit with(Lazar Roxana)
06 Apr 2025 15:39:37,241 TRACE ro.mpp2024.repository.ParticipantRepository 30 createEntityFromResultSet - Enter createEntityFromResultSet
06 Apr 2025 15:39:37,241 TRACE ro.mpp2024.repository.ParticipantRepository 36 createEntityFromResultSet - Exit with(Gheorghe Vlad)
06 Apr 2025 15:39:37,241 TRACE ro.mpp2024.repository.ParticipantRepository 30 createEntityFromResultSet - Enter createEntityFromResultSet
06 Apr 2025 15:39:37,241 TRACE ro.mpp2024.repository.ParticipantRepository 36 createEntityFromResultSet - Exit with(Barbu Irina)
06 Apr 2025 15:39:37,241 TRACE ro.mpp2024.repository.ParticipantRepository 30 createEntityFromResultSet - Enter createEntityFromResultSet
06 Apr 2025 15:39:37,241 TRACE ro.mpp2024.repository.ParticipantRepository 36 createEntityFromResultSet - Exit with(Constantin Marius)
06 Apr 2025 15:39:37,241 TRACE ro.mpp2024.repository.ParticipantRepository 30 createEntityFromResultSet - Enter createEntityFromResultSet
06 Apr 2025 15:39:37,241 TRACE ro.mpp2024.repository.ParticipantRepository 36 createEntityFromResultSet - Exit with(Enache Laura)
06 Apr 2025 15:39:37,241 TRACE ro.mpp2024.repository.ParticipantRepository 30 createEntityFromResultSet - Enter createEntityFromResultSet
06 Apr 2025 15:39:37,241 TRACE ro.mpp2024.repository.ParticipantRepository 36 createEntityFromResultSet - Exit with(Dragomir Adrian)
06 Apr 2025 15:39:37,242 TRACE ro.mpp2024.repository.ParticipantRepository 30 createEntityFromResultSet - Enter createEntityFromResultSet
06 Apr 2025 15:39:37,242 TRACE ro.mpp2024.repository.ParticipantRepository 36 createEntityFromResultSet - Exit with(Filip Bianca)
06 Apr 2025 15:39:37,242 TRACE ro.mpp2024.repository.ParticipantRepository 30 createEntityFromResultSet - Enter createEntityFromResultSet
06 Apr 2025 15:39:37,242 TRACE ro.mpp2024.repository.ParticipantRepository 36 createEntityFromResultSet - Exit with(Grigore Stefan)
06 Apr 2025 15:39:37,242 TRACE ro.mpp2024.repository.ParticipantRepository 30 createEntityFromResultSet - Enter createEntityFromResultSet
06 Apr 2025 15:39:37,242 TRACE ro.mpp2024.repository.ParticipantRepository 36 createEntityFromResultSet - Exit with(Hagi Diana)
06 Apr 2025 15:39:37,242 TRACE ro.mpp2024.repository.ParticipantRepository 30 createEntityFromResultSet - Enter createEntityFromResultSet
06 Apr 2025 15:39:37,242 TRACE ro.mpp2024.repository.ParticipantRepository 36 createEntityFromResultSet - Exit with(Iacob Radu)
06 Apr 2025 15:39:37,242 TRACE ro.mpp2024.repository.ParticipantRepository 30 createEntityFromResultSet - Enter createEntityFromResultSet
06 Apr 2025 15:39:37,242 TRACE ro.mpp2024.repository.ParticipantRepository 36 createEntityFromResultSet - Exit with(Jianu Oana)
06 Apr 2025 15:39:37,242 TRACE ro.mpp2024.repository.ParticipantRepository 30 createEntityFromResultSet - Enter createEntityFromResultSet
06 Apr 2025 15:39:37,243 TRACE ro.mpp2024.repository.ParticipantRepository 36 createEntityFromResultSet - Exit with(Kovacs Cristina)
06 Apr 2025 15:39:37,243 TRACE ro.mpp2024.repository.ParticipantRepository 30 createEntityFromResultSet - Enter createEntityFromResultSet
06 Apr 2025 15:39:37,243 TRACE ro.mpp2024.repository.ParticipantRepository 36 createEntityFromResultSet - Exit with(Lupu George)
06 Apr 2025 15:39:37,243 TRACE ro.mpp2024.repository.ParticipantRepository 30 createEntityFromResultSet - Enter createEntityFromResultSet
06 Apr 2025 15:39:37,243 TRACE ro.mpp2024.repository.ParticipantRepository 36 createEntityFromResultSet - Exit with(Manole Simona)
06 Apr 2025 15:39:37,243 TRACE ro.mpp2024.repository.ParticipantRepository 30 createEntityFromResultSet - Enter createEntityFromResultSet
06 Apr 2025 15:39:37,243 TRACE ro.mpp2024.repository.ParticipantRepository 36 createEntityFromResultSet - Exit with(Nedelcu Alexandra)
06 Apr 2025 15:39:37,243 TRACE ro.mpp2024.repository.ParticipantRepository 30 createEntityFromResultSet - Enter createEntityFromResultSet
06 Apr 2025 15:39:37,243 TRACE ro.mpp2024.repository.ParticipantRepository 36 createEntityFromResultSet - Exit with(Oprea Bogdan)
06 Apr 2025 15:39:37,243 TRACE ro.mpp2024.repository.ParticipantRepository 30 createEntityFromResultSet - Enter createEntityFromResultSet
06 Apr 2025 15:39:37,244 TRACE ro.mpp2024.repository.ParticipantRepository 36 createEntityFromResultSet - Exit with(Pavel Monica)
06 Apr 2025 15:39:37,244 TRACE ro.mpp2024.repository.ParticipantRepository 30 createEntityFromResultSet - Enter createEntityFromResultSet
06 Apr 2025 15:39:37,244 TRACE ro.mpp2024.repository.ParticipantRepository 36 createEntityFromResultSet - Exit with(Rusu Andreea)
06 Apr 2025 15:39:37,244 TRACE ro.mpp2024.repository.ParticipantRepository 30 createEntityFromResultSet - Enter createEntityFromResultSet
06 Apr 2025 15:39:37,244 TRACE ro.mpp2024.repository.ParticipantRepository 36 createEntityFromResultSet - Exit with(Sandu Victor)
06 Apr 2025 15:39:37,244 TRACE ro.mpp2024.repository.ParticipantRepository 30 createEntityFromResultSet - Enter createEntityFromResultSet
06 Apr 2025 15:39:37,244 TRACE ro.mpp2024.repository.ParticipantRepository 36 createEntityFromResultSet - Exit with(Toma Gabriela)
06 Apr 2025 15:39:37,244 TRACE ro.mpp2024.repository.ParticipantRepository 30 createEntityFromResultSet - Enter createEntityFromResultSet
06 Apr 2025 15:39:37,244 TRACE ro.mpp2024.repository.ParticipantRepository 36 createEntityFromResultSet - Exit with(Ursu Mihail)
06 Apr 2025 15:39:37,244 TRACE ro.mpp2024.repository.ParticipantRepository 30 createEntityFromResultSet - Enter createEntityFromResultSet
06 Apr 2025 15:39:37,244 TRACE ro.mpp2024.repository.ParticipantRepository 36 createEntityFromResultSet - Exit with(Vlad Anca)
06 Apr 2025 15:39:37,245 TRACE ro.mpp2024.repository.ParticipantRepository 30 createEntityFromResultSet - Enter createEntityFromResultSet
06 Apr 2025 15:39:37,245 TRACE ro.mpp2024.repository.ParticipantRepository 36 createEntityFromResultSet - Exit with(Zamfir Lucian)
06 Apr 2025 15:39:37,245 TRACE ro.mpp2024.repository.ParticipantRepository 30 createEntityFromResultSet - Enter createEntityFromResultSet
06 Apr 2025 15:39:37,245 TRACE ro.mpp2024.repository.ParticipantRepository 36 createEntityFromResultSet - Exit with(Voicu Raluca)
06 Apr 2025 15:39:37,245 TRACE ro.mpp2024.repository.ParticipantRepository 30 createEntityFromResultSet - Enter createEntityFromResultSet
06 Apr 2025 15:39:37,245 TRACE ro.mpp2024.repository.ParticipantRepository 36 createEntityFromResultSet - Exit with(nume prenume)
06 Apr 2025 15:39:37,245 TRACE ro.mpp2024.repository.ParticipantRepository 56 findAll - Exit with([Popescu Ion, Ionescu Maria, Georgescu Andrei, Dumitrescu Elena, Popa Mihai, Stan Ioana, Radu Cristian, Marin Ana, Tudor Alexandru, Petrescu Gabriel, Iliescu Daniela, Vasilescu Florin, Dobre Adriana, Munteanu Sorin, Nistor Carmen, Lazar Roxana, Gheorghe Vlad, Barbu Irina, Constantin Marius, Enache Laura, Dragomir Adrian, Filip Bianca, Grigore Stefan, Hagi Diana, Iacob Radu, Jianu Oana, Kovacs Cristina, Lupu George, Manole Simona, Nedelcu Alexandra, Oprea Bogdan, Pavel Monica, Rusu Andreea, Sandu Victor, Toma Gabriela, Ursu Mihail, Vlad Anca, Zamfir Lucian, Voicu Raluca, nume prenume])
06 Apr 2025 15:39:37,246 DEBUG ro.mpp2024.protocol.ClientWorkerJson 79 sendResponse - sending response {"type":"PARTICIPANTI","participanti":[{"idParticipant":1,"nume":"Popescu","prenume":"Ion","varsta":25,"punctaj":0},{"idParticipant":2,"nume":"Ionescu","prenume":"Maria","varsta":30,"punctaj":0},{"idParticipant":3,"nume":"Georgescu","prenume":"Andrei","varsta":22,"punctaj":0},{"idParticipant":4,"nume":"Dumitrescu","prenume":"Elena","varsta":28,"punctaj":0},{"idParticipant":5,"nume":"Popa","prenume":"Mihai","varsta":35,"punctaj":0},{"idParticipant":6,"nume":"Stan","prenume":"Ioana","varsta":27,"punctaj":0},{"idParticipant":7,"nume":"Radu","prenume":"Cristian","varsta":24,"punctaj":0},{"idParticipant":8,"nume":"Marin","prenume":"Ana","varsta":29,"punctaj":0},{"idParticipant":9,"nume":"Tudor","prenume":"Alexandru","varsta":31,"punctaj":0},{"idParticipant":10,"nume":"Petrescu","prenume":"Gabriel","varsta":26,"punctaj":0},{"idParticipant":11,"nume":"Iliescu","prenume":"Daniela","varsta":32,"punctaj":0},{"idParticipant":12,"nume":"Vasilescu","prenume":"Florin","varsta":23,"punctaj":0},{"idParticipant":13,"nume":"Dobre","prenume":"Adriana","varsta":34,"punctaj":0},{"idParticipant":14,"nume":"Munteanu","prenume":"Sorin","varsta":21,"punctaj":0},{"idParticipant":15,"nume":"Nistor","prenume":"Carmen","varsta":33,"punctaj":0},{"idParticipant":16,"nume":"Lazar","prenume":"Roxana","varsta":25,"punctaj":0},{"idParticipant":17,"nume":"Gheorghe","prenume":"Vlad","varsta":28,"punctaj":0},{"idParticipant":18,"nume":"Barbu","prenume":"Irina","varsta":27,"punctaj":0},{"idParticipant":19,"nume":"Constantin","prenume":"Marius","varsta":30,"punctaj":0},{"idParticipant":20,"nume":"Enache","prenume":"Laura","varsta":29,"punctaj":0},{"idParticipant":21,"nume":"Dragomir","prenume":"Adrian","varsta":26,"punctaj":0},{"idParticipant":22,"nume":"Filip","prenume":"Bianca","varsta":31,"punctaj":0},{"idParticipant":23,"nume":"Grigore","prenume":"Stefan","varsta":24,"punctaj":0},{"idParticipant":24,"nume":"Hagi","prenume":"Diana","varsta":32,"punctaj":0},{"idParticipant":25,"nume":"Iacob","prenume":"Radu","varsta":23,"punctaj":0},{"idParticipant":26,"nume":"Jianu","prenume":"Oana","varsta":34,"punctaj":0},{"idParticipant":27,"nume":"Kovacs","prenume":"Cristina","varsta":21,"punctaj":0},{"idParticipant":28,"nume":"Lupu","prenume":"George","varsta":33,"punctaj":0},{"idParticipant":29,"nume":"Manole","prenume":"Simona","varsta":25,"punctaj":0},{"idParticipant":30,"nume":"Nedelcu","prenume":"Alexandra","varsta":28,"punctaj":0},{"idParticipant":31,"nume":"Oprea","prenume":"Bogdan","varsta":27,"punctaj":0},{"idParticipant":32,"nume":"Pavel","prenume":"Monica","varsta":30,"punctaj":0},{"idParticipant":33,"nume":"Rusu","prenume":"Andreea","varsta":29,"punctaj":0},{"idParticipant":34,"nume":"Sandu","prenume":"Victor","varsta":26,"punctaj":0},{"idParticipant":35,"nume":"Toma","prenume":"Gabriela","varsta":31,"punctaj":0},{"idParticipant":36,"nume":"Ursu","prenume":"Mihail","varsta":24,"punctaj":0},{"idParticipant":37,"nume":"Vlad","prenume":"Anca","varsta":32,"punctaj":0},{"idParticipant":38,"nume":"Zamfir","prenume":"Lucian","varsta":23,"punctaj":0},{"idParticipant":39,"nume":"Voicu","prenume":"Raluca","varsta":34,"punctaj":0},{"idParticipant":40,"nume":"nume","prenume":"prenume","varsta":20,"punctaj":0}]}
06 Apr 2025 15:40:00,455 DEBUG ro.mpp2024.protocol.ClientWorkerJson 126 handleRequest - Add rezultat request RezultatDTO{idProba='c1', idParticipant=21, puncte=10}
06 Apr 2025 15:40:00,455 TRACE ro.mpp2024.services.ServerService 40 addRezultat - Enter
06 Apr 2025 15:40:00,455 TRACE ro.mpp2024.repository.ParticipantRepository 62 findOne - Enter
06 Apr 2025 15:40:00,455 TRACE ro.mpp2024.utils.JdbcUtils 48 getConnection - Enter
06 Apr 2025 15:40:00,455 TRACE ro.mpp2024.utils.JdbcUtils 57 getConnection - Exit with(org.sqlite.jdbc4.JDBC4Connection@73cfe8e1)
06 Apr 2025 15:40:00,456 TRACE ro.mpp2024.repository.ParticipantRepository 30 createEntityFromResultSet - Enter createEntityFromResultSet
06 Apr 2025 15:40:00,456 TRACE ro.mpp2024.repository.ParticipantRepository 36 createEntityFromResultSet - Exit with(Dragomir Adrian)
06 Apr 2025 15:40:00,456 TRACE ro.mpp2024.repository.ParticipantRepository 76 findOne - Exit with(Dragomir Adrian)
06 Apr 2025 15:40:00,456 TRACE ro.mpp2024.repository.ProbaRepository 63 findOne - Enter findOne
06 Apr 2025 15:40:00,456 TRACE ro.mpp2024.utils.JdbcUtils 48 getConnection - Enter
06 Apr 2025 15:40:00,456 TRACE ro.mpp2024.utils.JdbcUtils 57 getConnection - Exit with(org.sqlite.jdbc4.JDBC4Connection@73cfe8e1)
06 Apr 2025 15:40:00,457 TRACE ro.mpp2024.repository.ProbaRepository 31 createEntityFromResultSet - Enter createEntityFromResultSet
06 Apr 2025 15:40:00,459 TRACE ro.mpp2024.repository.ProbaRepository 37 createEntityFromResultSet - Exit with(Proba{nume='Pedalat 200 de m', arbitru=1, categorie=ciclism})
06 Apr 2025 15:40:00,460 TRACE ro.mpp2024.repository.ProbaRepository 77 findOne - Exit with(Proba{nume='Pedalat 200 de m', arbitru=1, categorie=ciclism})
06 Apr 2025 15:40:00,460 TRACE ro.mpp2024.repository.RezultatRepository 116 save - Enter save
06 Apr 2025 15:40:00,460 TRACE ro.mpp2024.utils.JdbcUtils 48 getConnection - Enter
06 Apr 2025 15:40:00,460 TRACE ro.mpp2024.utils.JdbcUtils 57 getConnection - Exit with(org.sqlite.jdbc4.JDBC4Connection@73cfe8e1)
06 Apr 2025 15:40:00,469 TRACE ro.mpp2024.repository.RezultatRepository 127 save - Exit
06 Apr 2025 15:40:00,469 TRACE ro.mpp2024.services.ServerService 44 addRezultat - Exit
06 Apr 2025 15:40:00,469 DEBUG ro.mpp2024.protocol.ClientWorkerJson 79 sendResponse - sending response {"type":"REZULTAT_ADDED","rezultat":{"idProba":"c1","idParticipant":21,"numeParticipant":"Dragomir","prenumeParticipant":"Adrian","puncte":10}}
06 Apr 2025 15:40:25,666 ERROR ro.mpp2024.protocol.ClientWorkerJson 56 run - java.net.SocketException: Connection reset
06 Apr 2025 15:40:25,666 ERROR ro.mpp2024.protocol.ClientWorkerJson 56 run - java.net.SocketException: Connection reset
06 Apr 2025 15:40:25,666 ERROR ro.mpp2024.protocol.ClientWorkerJson 56 run - java.net.SocketException: Connection reset
06 Apr 2025 15:40:25,667 ERROR ro.mpp2024.protocol.ClientWorkerJson 57 run - [Ljava.lang.StackTraceElement;@63ca4dd0
06 Apr 2025 15:40:25,667 ERROR ro.mpp2024.protocol.ClientWorkerJson 57 run - [Ljava.lang.StackTraceElement;@6eb0b243
06 Apr 2025 15:40:25,667 ERROR ro.mpp2024.protocol.ClientWorkerJson 57 run - [Ljava.lang.StackTraceElement;@530844a3
06 Apr 2025 15:40:26,668 ERROR ro.mpp2024.protocol.ClientWorkerJson 56 run - java.net.SocketException: Connection reset
06 Apr 2025 15:40:26,668 ERROR ro.mpp2024.protocol.ClientWorkerJson 56 run - java.net.SocketException: Connection reset
06 Apr 2025 15:40:26,668 ERROR ro.mpp2024.protocol.ClientWorkerJson 56 run - java.net.SocketException: Connection reset
06 Apr 2025 15:40:26,668 ERROR ro.mpp2024.protocol.ClientWorkerJson 57 run - [Ljava.lang.StackTraceElement;@6d0dafd9
06 Apr 2025 15:40:26,668 ERROR ro.mpp2024.protocol.ClientWorkerJson 57 run - [Ljava.lang.StackTraceElement;@6e211eb3
06 Apr 2025 15:40:26,668 ERROR ro.mpp2024.protocol.ClientWorkerJson 57 run - [Ljava.lang.StackTraceElement;@7ed6176e
06 Apr 2025 15:40:27,669 ERROR ro.mpp2024.protocol.ClientWorkerJson 56 run - java.net.SocketException: Connection reset
06 Apr 2025 15:40:27,669 ERROR ro.mpp2024.protocol.ClientWorkerJson 57 run - [Ljava.lang.StackTraceElement;@693226a0
06 Apr 2025 15:40:27,670 ERROR ro.mpp2024.protocol.ClientWorkerJson 56 run - java.net.SocketException: Connection reset
06 Apr 2025 15:40:27,670 ERROR ro.mpp2024.protocol.ClientWorkerJson 56 run - java.net.SocketException: Connection reset
06 Apr 2025 15:40:27,670 ERROR ro.mpp2024.protocol.ClientWorkerJson 57 run - [Ljava.lang.StackTraceElement;@2d1200fb
06 Apr 2025 15:40:27,670 ERROR ro.mpp2024.protocol.ClientWorkerJson 57 run - [Ljava.lang.StackTraceElement;@28911c9c
06 Apr 2025 15:40:28,677 ERROR ro.mpp2024.protocol.ClientWorkerJson 56 run - java.net.SocketException: Connection reset
06 Apr 2025 15:40:28,677 ERROR ro.mpp2024.protocol.ClientWorkerJson 56 run - java.net.SocketException: Connection reset
06 Apr 2025 15:40:28,677 ERROR ro.mpp2024.protocol.ClientWorkerJson 56 run - java.net.SocketException: Connection reset
06 Apr 2025 15:40:28,678 ERROR ro.mpp2024.protocol.ClientWorkerJson 57 run - [Ljava.lang.StackTraceElement;@35df6bd9
06 Apr 2025 15:40:28,678 ERROR ro.mpp2024.protocol.ClientWorkerJson 57 run - [Ljava.lang.StackTraceElement;@21703ef7
06 Apr 2025 15:40:28,678 ERROR ro.mpp2024.protocol.ClientWorkerJson 57 run - [Ljava.lang.StackTraceElement;@2c30a5e2
06 Apr 2025 15:40:29,686 ERROR ro.mpp2024.protocol.ClientWorkerJson 56 run - java.net.SocketException: Connection reset
06 Apr 2025 15:40:29,686 ERROR ro.mpp2024.protocol.ClientWorkerJson 56 run - java.net.SocketException: Connection reset
06 Apr 2025 15:40:29,686 ERROR ro.mpp2024.protocol.ClientWorkerJson 57 run - [Ljava.lang.StackTraceElement;@4ab9b230
06 Apr 2025 15:40:29,686 ERROR ro.mpp2024.protocol.ClientWorkerJson 56 run - java.net.SocketException: Connection reset
06 Apr 2025 15:40:29,686 ERROR ro.mpp2024.protocol.ClientWorkerJson 57 run - [Ljava.lang.StackTraceElement;@1d25c979
06 Apr 2025 15:40:29,686 ERROR ro.mpp2024.protocol.ClientWorkerJson 57 run - [Ljava.lang.StackTraceElement;@24630c9d
06 Apr 2025 15:40:34,951 INFO  ro.mpp2024.StartJsonServer 24 main - Server properties: {server.port=55556, jdbc.url=jdbc:sqlite:src/main/resources/triatlon.db}
06 Apr 2025 15:40:34,956 INFO  ro.mpp2024.repository.ArbitruRepository 23 <init> - Initializing IArbitruRepository with properties: {} 
06 Apr 2025 15:40:34,956 INFO  ro.mpp2024.repository.ProbaRepository 25 <init> - Initializing ProbaRepository with properties: {} 
06 Apr 2025 15:40:34,957 INFO  ro.mpp2024.repository.ParticipantRepository 24 <init> - Initializing ParticipantRepository with properties: {} 
06 Apr 2025 15:40:34,958 INFO  ro.mpp2024.repository.RezultatRepository 25 <init> - Initializing RezultatRepository with properties: {} 
06 Apr 2025 15:40:34,959 INFO  ro.mpp2024.services.ServerService 32 <init> - Service Rezultat made
06 Apr 2025 15:40:34,959 DEBUG ro.mpp2024.StartJsonServer 50 main - Starting server on port: 55556
06 Apr 2025 15:40:34,960 DEBUG ro.mpp2024.networkUtils.AbsConcurrentServer 13 <init> - Concurrent AbstractServer
06 Apr 2025 15:40:34,960 INFO  ro.mpp2024.networkUtils.JsonConcurrentServer 17 <init> - JsonConcurrentServer
06 Apr 2025 15:40:34,964 INFO  chat.network.utils.AbstractServer 25 start - Waiting for clients ...
06 Apr 2025 15:41:54,696 INFO  ro.mpp2024.StartJsonServer 24 main - Server properties: {server.port=55556, jdbc.url=jdbc:sqlite:src/main/resources/triatlon.db}
06 Apr 2025 15:41:54,700 INFO  ro.mpp2024.repository.ArbitruRepository 23 <init> - Initializing IArbitruRepository with properties: {} 
06 Apr 2025 15:41:54,701 INFO  ro.mpp2024.repository.ProbaRepository 25 <init> - Initializing ProbaRepository with properties: {} 
06 Apr 2025 15:41:54,702 INFO  ro.mpp2024.repository.ParticipantRepository 24 <init> - Initializing ParticipantRepository with properties: {} 
06 Apr 2025 15:41:54,703 INFO  ro.mpp2024.repository.RezultatRepository 25 <init> - Initializing RezultatRepository with properties: {} 
06 Apr 2025 15:41:54,703 INFO  ro.mpp2024.services.ServerService 32 <init> - Service Rezultat made
06 Apr 2025 15:41:54,704 DEBUG ro.mpp2024.StartJsonServer 50 main - Starting server on port: 55556
06 Apr 2025 15:41:54,704 DEBUG ro.mpp2024.networkUtils.AbsConcurrentServer 13 <init> - Concurrent AbstractServer
06 Apr 2025 15:41:54,705 INFO  ro.mpp2024.networkUtils.JsonConcurrentServer 17 <init> - JsonConcurrentServer
06 Apr 2025 15:41:54,709 INFO  chat.network.utils.AbstractServer 25 start - Waiting for clients ...
06 Apr 2025 15:42:04,339 INFO  ro.mpp2024.StartJsonServer 24 main - Server properties: {server.port=55556, jdbc.url=jdbc:sqlite:src/main/resources/triatlon.db}
06 Apr 2025 15:42:04,344 INFO  ro.mpp2024.repository.ArbitruRepository 23 <init> - Initializing IArbitruRepository with properties: {} 
06 Apr 2025 15:42:04,345 INFO  ro.mpp2024.repository.ProbaRepository 25 <init> - Initializing ProbaRepository with properties: {} 
06 Apr 2025 15:42:04,345 INFO  ro.mpp2024.repository.ParticipantRepository 24 <init> - Initializing ParticipantRepository with properties: {} 
06 Apr 2025 15:42:04,346 INFO  ro.mpp2024.repository.RezultatRepository 25 <init> - Initializing RezultatRepository with properties: {} 
06 Apr 2025 15:42:04,347 INFO  ro.mpp2024.services.ServerService 32 <init> - Service Rezultat made
06 Apr 2025 15:42:04,348 DEBUG ro.mpp2024.StartJsonServer 50 main - Starting server on port: 55556
06 Apr 2025 15:42:04,348 DEBUG ro.mpp2024.networkUtils.AbsConcurrentServer 13 <init> - Concurrent AbstractServer
06 Apr 2025 15:42:04,348 INFO  ro.mpp2024.networkUtils.JsonConcurrentServer 17 <init> - JsonConcurrentServer
06 Apr 2025 15:42:04,353 INFO  chat.network.utils.AbstractServer 25 start - Waiting for clients ...
06 Apr 2025 15:42:21,489 INFO  ro.mpp2024.StartJsonServer 24 main - Server properties: {server.port=55556, jdbc.url=jdbc:sqlite:src/main/resources/triatlon.db}
06 Apr 2025 15:42:21,494 INFO  ro.mpp2024.repository.ArbitruRepository 23 <init> - Initializing IArbitruRepository with properties: {} 
06 Apr 2025 15:42:21,495 INFO  ro.mpp2024.repository.ProbaRepository 25 <init> - Initializing ProbaRepository with properties: {} 
06 Apr 2025 15:42:21,496 INFO  ro.mpp2024.repository.ParticipantRepository 24 <init> - Initializing ParticipantRepository with properties: {} 
06 Apr 2025 15:42:21,498 INFO  ro.mpp2024.repository.RezultatRepository 25 <init> - Initializing RezultatRepository with properties: {} 
06 Apr 2025 15:42:21,499 INFO  ro.mpp2024.services.ServerService 32 <init> - Service Rezultat made
06 Apr 2025 15:42:21,500 DEBUG ro.mpp2024.StartJsonServer 50 main - Starting server on port: 55556
06 Apr 2025 15:42:21,500 DEBUG ro.mpp2024.networkUtils.AbsConcurrentServer 13 <init> - Concurrent AbstractServer
06 Apr 2025 15:42:21,500 INFO  ro.mpp2024.networkUtils.JsonConcurrentServer 17 <init> - JsonConcurrentServer
06 Apr 2025 15:42:21,506 INFO  chat.network.utils.AbstractServer 25 start - Waiting for clients ...
06 Apr 2025 15:42:55,006 INFO  chat.network.utils.AbstractServer 27 start - Client connected ...
06 Apr 2025 15:42:55,037 INFO  chat.network.utils.AbstractServer 25 start - Waiting for clients ...
06 Apr 2025 15:42:55,045 DEBUG ro.mpp2024.protocol.ClientWorkerJson 90 handleRequest - Login request UserDTO{nume='', username='bob.smith', password='U2VjdXJlUEBzczI=', probaId=''}
06 Apr 2025 15:42:55,047 TRACE ro.mpp2024.utils.JdbcUtils 48 getConnection - Enter
06 Apr 2025 15:42:55,047 TRACE ro.mpp2024.utils.JdbcUtils 25 getNewConnection - Enter
06 Apr 2025 15:42:55,048 INFO  ro.mpp2024.utils.JdbcUtils 30 getNewConnection - trying to connect to database ... jdbc:sqlite:src/main/resources/triatlon.db
06 Apr 2025 15:42:55,048 INFO  ro.mpp2024.utils.JdbcUtils 31 getNewConnection - user: null
06 Apr 2025 15:42:55,048 INFO  ro.mpp2024.utils.JdbcUtils 32 getNewConnection - pass: null
06 Apr 2025 15:42:55,159 TRACE ro.mpp2024.utils.JdbcUtils 57 getConnection - Exit with(org.sqlite.jdbc4.JDBC4Connection@69e2b972)
06 Apr 2025 15:42:55,162 TRACE ro.mpp2024.repository.ArbitruRepository 29 createEntityFromResultSet - Enter createEntityFromResultSet
06 Apr 2025 15:42:55,162 TRACE ro.mpp2024.repository.ArbitruRepository 36 createEntityFromResultSet - Exit with(Arbitru{nume='Bob Smith', username='bob.smith', password='U2VjdXJlUEBzczI=', id_proba=c1})
06 Apr 2025 15:42:55,166 DEBUG ro.mpp2024.protocol.ClientWorkerJson 79 sendResponse - sending response {"type":"LOGGED_ACC","user":{"id":21,"nume":"Bob Smith","username":"bob.smith","password":"U2VjdXJlUEBzczI\u003d","id_proba":"c1"}}
06 Apr 2025 15:42:56,179 DEBUG ro.mpp2024.protocol.ClientWorkerJson 115 handleRequest - Get all rezultate request fornull
06 Apr 2025 15:42:56,179 TRACE ro.mpp2024.repository.RezultatRepository 144 listaParticipantiPuncteAlfabetic - Enter listaParticipantiPuncteAlfabetic
06 Apr 2025 15:42:56,180 TRACE ro.mpp2024.utils.JdbcUtils 48 getConnection - Enter
06 Apr 2025 15:42:56,180 TRACE ro.mpp2024.utils.JdbcUtils 57 getConnection - Exit with(org.sqlite.jdbc4.JDBC4Connection@69e2b972)
06 Apr 2025 15:42:56,181 TRACE ro.mpp2024.repository.RezultatRepository 162 listaParticipantiPuncteAlfabetic - Enter Terminat dictionar
06 Apr 2025 15:42:56,183 DEBUG ro.mpp2024.protocol.ClientWorkerJson 79 sendResponse - sending response {"type":"ALL_REZULTATE","punctaje":[{"idParticipant":18,"nume":"Barbu","prenume":"Irina","varsta":27,"punctaj":230},{"idParticipant":19,"nume":"Constantin","prenume":"Marius","varsta":30,"punctaj":288},{"idParticipant":13,"nume":"Dobre","prenume":"Adriana","varsta":34,"punctaj":175},{"idParticipant":21,"nume":"Dragomir","prenume":"Adrian","varsta":26,"punctaj":140},{"idParticipant":4,"nume":"Dumitrescu","prenume":"Elena","varsta":28,"punctaj":153},{"idParticipant":20,"nume":"Enache","prenume":"Laura","varsta":29,"punctaj":325},{"idParticipant":22,"nume":"Filip","prenume":"Bianca","varsta":31,"punctaj":307},{"idParticipant":3,"nume":"Georgescu","prenume":"Andrei","varsta":22,"punctaj":122},{"idParticipant":17,"nume":"Gheorghe","prenume":"Vlad","varsta":28,"punctaj":200},{"idParticipant":23,"nume":"Grigore","prenume":"Stefan","varsta":24,"punctaj":145},{"idParticipant":24,"nume":"Hagi","prenume":"Diana","varsta":32,"punctaj":193},{"idParticipant":25,"nume":"Iacob","prenume":"Radu","varsta":23,"punctaj":195},{"idParticipant":11,"nume":"Iliescu","prenume":"Daniela","varsta":32,"punctaj":320},{"idParticipant":2,"nume":"Ionescu","prenume":"Maria","varsta":30,"punctaj":156},{"idParticipant":26,"nume":"Jianu","prenume":"Oana","varsta":34,"punctaj":142},{"idParticipant":27,"nume":"Kovacs","prenume":"Cristina","varsta":21,"punctaj":199},{"idParticipant":16,"nume":"Lazar","prenume":"Roxana","varsta":25,"punctaj":185},{"idParticipant":28,"nume":"Lupu","prenume":"George","varsta":33,"punctaj":199},{"idParticipant":29,"nume":"Manole","prenume":"Simona","varsta":25,"punctaj":117},{"idParticipant":8,"nume":"Marin","prenume":"Ana","varsta":29,"punctaj":134},{"idParticipant":14,"nume":"Munteanu","prenume":"Sorin","varsta":21,"punctaj":301},{"idParticipant":30,"nume":"Nedelcu","prenume":"Alexandra","varsta":28,"punctaj":169},{"idParticipant":15,"nume":"Nistor","prenume":"Carmen","varsta":33,"punctaj":189},{"idParticipant":40,"nume":"nume","prenume":"prenume","varsta":20,"punctaj":300},{"idParticipant":31,"nume":"Oprea","prenume":"Bogdan","varsta":27,"punctaj":282},{"idParticipant":32,"nume":"Pavel","prenume":"Monica","varsta":30,"punctaj":111},{"idParticipant":10,"nume":"Petrescu","prenume":"Gabriel","varsta":26,"punctaj":188},{"idParticipant":5,"nume":"Popa","prenume":"Mihai","varsta":35,"punctaj":282},{"idParticipant":1,"nume":"Popescu","prenume":"Ion","varsta":25,"punctaj":158},{"idParticipant":7,"nume":"Radu","prenume":"Cristian","varsta":24,"punctaj":256},{"idParticipant":33,"nume":"Rusu","prenume":"Andreea","varsta":29,"punctaj":313},{"idParticipant":34,"nume":"Sandu","prenume":"Victor","varsta":26,"punctaj":115},{"idParticipant":6,"nume":"Stan","prenume":"Ioana","varsta":27,"punctaj":289},{"idParticipant":35,"nume":"Toma","prenume":"Gabriela","varsta":31,"punctaj":132},{"idParticipant":9,"nume":"Tudor","prenume":"Alexandru","varsta":31,"punctaj":288},{"idParticipant":36,"nume":"Ursu","prenume":"Mihail","varsta":24,"punctaj":155},{"idParticipant":12,"nume":"Vasilescu","prenume":"Florin","varsta":23,"punctaj":472},{"idParticipant":37,"nume":"Vlad","prenume":"Anca","varsta":32,"punctaj":138},{"idParticipant":39,"nume":"Voicu","prenume":"Raluca","varsta":34,"punctaj":190},{"idParticipant":38,"nume":"Zamfir","prenume":"Lucian","varsta":23,"punctaj":177}]}
06 Apr 2025 15:42:57,187 DEBUG ro.mpp2024.protocol.ClientWorkerJson 103 handleRequest - Get rezultate request forUserDTO{nume='', username='', password='', probaId='c1'}
06 Apr 2025 15:42:57,187 TRACE ro.mpp2024.repository.RezultatRepository 168 listaParticiapntPuncteProbaDescrescator - Enter listaParticiapntPuncteProbaDescrescator
06 Apr 2025 15:42:57,188 TRACE ro.mpp2024.utils.JdbcUtils 48 getConnection - Enter
06 Apr 2025 15:42:57,188 TRACE ro.mpp2024.utils.JdbcUtils 57 getConnection - Exit with(org.sqlite.jdbc4.JDBC4Connection@69e2b972)
06 Apr 2025 15:42:57,188 TRACE ro.mpp2024.repository.RezultatRepository 186 listaParticiapntPuncteProbaDescrescator - Enter Terminat dictionar
06 Apr 2025 15:42:57,189 DEBUG ro.mpp2024.protocol.ClientWorkerJson 79 sendResponse - sending response {"type":"REZULTATE","punctaje":[{"idParticipant":38,"nume":"Zamfir","prenume":"Lucian","varsta":23,"punctaj":177},{"idParticipant":6,"nume":"Stan","prenume":"Ioana","varsta":27,"punctaj":152},{"idParticipant":9,"nume":"Tudor","prenume":"Alexandru","varsta":31,"punctaj":150},{"idParticipant":12,"nume":"Vasilescu","prenume":"Florin","varsta":23,"punctaj":100},{"idParticipant":18,"nume":"Barbu","prenume":"Irina","varsta":27,"punctaj":30},{"idParticipant":37,"nume":"Vlad","prenume":"Anca","varsta":32,"punctaj":10},{"idParticipant":21,"nume":"Dragomir","prenume":"Adrian","varsta":26,"punctaj":10},{"idParticipant":20,"nume":"Enache","prenume":"Laura","varsta":29,"punctaj":10},{"idParticipant":19,"nume":"Constantin","prenume":"Marius","varsta":30,"punctaj":10},{"idParticipant":13,"nume":"Dobre","prenume":"Adriana","varsta":34,"punctaj":10},{"idParticipant":11,"nume":"Iliescu","prenume":"Daniela","varsta":32,"punctaj":10},{"idParticipant":4,"nume":"Dumitrescu","prenume":"Elena","varsta":28,"punctaj":10},{"idParticipant":1,"nume":"Popescu","prenume":"Ion","varsta":25,"punctaj":10}]}
06 Apr 2025 15:42:58,198 DEBUG ro.mpp2024.protocol.ClientWorkerJson 141 handleRequest - Get participanti request fornull
06 Apr 2025 15:42:58,198 TRACE ro.mpp2024.repository.ParticipantRepository 42 findAll - Enter
06 Apr 2025 15:42:58,198 TRACE ro.mpp2024.utils.JdbcUtils 48 getConnection - Enter
06 Apr 2025 15:42:58,198 TRACE ro.mpp2024.utils.JdbcUtils 57 getConnection - Exit with(org.sqlite.jdbc4.JDBC4Connection@69e2b972)
06 Apr 2025 15:42:58,199 TRACE ro.mpp2024.repository.ParticipantRepository 30 createEntityFromResultSet - Enter createEntityFromResultSet
06 Apr 2025 15:42:58,199 TRACE ro.mpp2024.repository.ParticipantRepository 36 createEntityFromResultSet - Exit with(Popescu Ion)
06 Apr 2025 15:42:58,199 TRACE ro.mpp2024.repository.ParticipantRepository 30 createEntityFromResultSet - Enter createEntityFromResultSet
06 Apr 2025 15:42:58,200 TRACE ro.mpp2024.repository.ParticipantRepository 36 createEntityFromResultSet - Exit with(Ionescu Maria)
06 Apr 2025 15:42:58,200 TRACE ro.mpp2024.repository.ParticipantRepository 30 createEntityFromResultSet - Enter createEntityFromResultSet
06 Apr 2025 15:42:58,200 TRACE ro.mpp2024.repository.ParticipantRepository 36 createEntityFromResultSet - Exit with(Georgescu Andrei)
06 Apr 2025 15:42:58,200 TRACE ro.mpp2024.repository.ParticipantRepository 30 createEntityFromResultSet - Enter createEntityFromResultSet
06 Apr 2025 15:42:58,200 TRACE ro.mpp2024.repository.ParticipantRepository 36 createEntityFromResultSet - Exit with(Dumitrescu Elena)
06 Apr 2025 15:42:58,200 TRACE ro.mpp2024.repository.ParticipantRepository 30 createEntityFromResultSet - Enter createEntityFromResultSet
06 Apr 2025 15:42:58,200 TRACE ro.mpp2024.repository.ParticipantRepository 36 createEntityFromResultSet - Exit with(Popa Mihai)
06 Apr 2025 15:42:58,201 TRACE ro.mpp2024.repository.ParticipantRepository 30 createEntityFromResultSet - Enter createEntityFromResultSet
06 Apr 2025 15:42:58,201 TRACE ro.mpp2024.repository.ParticipantRepository 36 createEntityFromResultSet - Exit with(Stan Ioana)
06 Apr 2025 15:42:58,201 TRACE ro.mpp2024.repository.ParticipantRepository 30 createEntityFromResultSet - Enter createEntityFromResultSet
06 Apr 2025 15:42:58,201 TRACE ro.mpp2024.repository.ParticipantRepository 36 createEntityFromResultSet - Exit with(Radu Cristian)
06 Apr 2025 15:42:58,201 TRACE ro.mpp2024.repository.ParticipantRepository 30 createEntityFromResultSet - Enter createEntityFromResultSet
06 Apr 2025 15:42:58,201 TRACE ro.mpp2024.repository.ParticipantRepository 36 createEntityFromResultSet - Exit with(Marin Ana)
06 Apr 2025 15:42:58,201 TRACE ro.mpp2024.repository.ParticipantRepository 30 createEntityFromResultSet - Enter createEntityFromResultSet
06 Apr 2025 15:42:58,202 TRACE ro.mpp2024.repository.ParticipantRepository 36 createEntityFromResultSet - Exit with(Tudor Alexandru)
06 Apr 2025 15:42:58,202 TRACE ro.mpp2024.repository.ParticipantRepository 30 createEntityFromResultSet - Enter createEntityFromResultSet
06 Apr 2025 15:42:58,202 TRACE ro.mpp2024.repository.ParticipantRepository 36 createEntityFromResultSet - Exit with(Petrescu Gabriel)
06 Apr 2025 15:42:58,202 TRACE ro.mpp2024.repository.ParticipantRepository 30 createEntityFromResultSet - Enter createEntityFromResultSet
06 Apr 2025 15:42:58,202 TRACE ro.mpp2024.repository.ParticipantRepository 36 createEntityFromResultSet - Exit with(Iliescu Daniela)
06 Apr 2025 15:42:58,202 TRACE ro.mpp2024.repository.ParticipantRepository 30 createEntityFromResultSet - Enter createEntityFromResultSet
06 Apr 2025 15:42:58,202 TRACE ro.mpp2024.repository.ParticipantRepository 36 createEntityFromResultSet - Exit with(Vasilescu Florin)
06 Apr 2025 15:42:58,202 TRACE ro.mpp2024.repository.ParticipantRepository 30 createEntityFromResultSet - Enter createEntityFromResultSet
06 Apr 2025 15:42:58,203 TRACE ro.mpp2024.repository.ParticipantRepository 36 createEntityFromResultSet - Exit with(Dobre Adriana)
06 Apr 2025 15:42:58,203 TRACE ro.mpp2024.repository.ParticipantRepository 30 createEntityFromResultSet - Enter createEntityFromResultSet
06 Apr 2025 15:42:58,203 TRACE ro.mpp2024.repository.ParticipantRepository 36 createEntityFromResultSet - Exit with(Munteanu Sorin)
06 Apr 2025 15:42:58,203 TRACE ro.mpp2024.repository.ParticipantRepository 30 createEntityFromResultSet - Enter createEntityFromResultSet
06 Apr 2025 15:42:58,203 TRACE ro.mpp2024.repository.ParticipantRepository 36 createEntityFromResultSet - Exit with(Nistor Carmen)
06 Apr 2025 15:42:58,203 TRACE ro.mpp2024.repository.ParticipantRepository 30 createEntityFromResultSet - Enter createEntityFromResultSet
06 Apr 2025 15:42:58,203 TRACE ro.mpp2024.repository.ParticipantRepository 36 createEntityFromResultSet - Exit with(Lazar Roxana)
06 Apr 2025 15:42:58,203 TRACE ro.mpp2024.repository.ParticipantRepository 30 createEntityFromResultSet - Enter createEntityFromResultSet
06 Apr 2025 15:42:58,204 TRACE ro.mpp2024.repository.ParticipantRepository 36 createEntityFromResultSet - Exit with(Gheorghe Vlad)
06 Apr 2025 15:42:58,204 TRACE ro.mpp2024.repository.ParticipantRepository 30 createEntityFromResultSet - Enter createEntityFromResultSet
06 Apr 2025 15:42:58,204 TRACE ro.mpp2024.repository.ParticipantRepository 36 createEntityFromResultSet - Exit with(Barbu Irina)
06 Apr 2025 15:42:58,204 TRACE ro.mpp2024.repository.ParticipantRepository 30 createEntityFromResultSet - Enter createEntityFromResultSet
06 Apr 2025 15:42:58,204 TRACE ro.mpp2024.repository.ParticipantRepository 36 createEntityFromResultSet - Exit with(Constantin Marius)
06 Apr 2025 15:42:58,204 TRACE ro.mpp2024.repository.ParticipantRepository 30 createEntityFromResultSet - Enter createEntityFromResultSet
06 Apr 2025 15:42:58,204 TRACE ro.mpp2024.repository.ParticipantRepository 36 createEntityFromResultSet - Exit with(Enache Laura)
06 Apr 2025 15:42:58,204 TRACE ro.mpp2024.repository.ParticipantRepository 30 createEntityFromResultSet - Enter createEntityFromResultSet
06 Apr 2025 15:42:58,205 TRACE ro.mpp2024.repository.ParticipantRepository 36 createEntityFromResultSet - Exit with(Dragomir Adrian)
06 Apr 2025 15:42:58,205 TRACE ro.mpp2024.repository.ParticipantRepository 30 createEntityFromResultSet - Enter createEntityFromResultSet
06 Apr 2025 15:42:58,205 TRACE ro.mpp2024.repository.ParticipantRepository 36 createEntityFromResultSet - Exit with(Filip Bianca)
06 Apr 2025 15:42:58,205 TRACE ro.mpp2024.repository.ParticipantRepository 30 createEntityFromResultSet - Enter createEntityFromResultSet
06 Apr 2025 15:42:58,205 TRACE ro.mpp2024.repository.ParticipantRepository 36 createEntityFromResultSet - Exit with(Grigore Stefan)
06 Apr 2025 15:42:58,205 TRACE ro.mpp2024.repository.ParticipantRepository 30 createEntityFromResultSet - Enter createEntityFromResultSet
06 Apr 2025 15:42:58,205 TRACE ro.mpp2024.repository.ParticipantRepository 36 createEntityFromResultSet - Exit with(Hagi Diana)
06 Apr 2025 15:42:58,205 TRACE ro.mpp2024.repository.ParticipantRepository 30 createEntityFromResultSet - Enter createEntityFromResultSet
06 Apr 2025 15:42:58,206 TRACE ro.mpp2024.repository.ParticipantRepository 36 createEntityFromResultSet - Exit with(Iacob Radu)
06 Apr 2025 15:42:58,206 TRACE ro.mpp2024.repository.ParticipantRepository 30 createEntityFromResultSet - Enter createEntityFromResultSet
06 Apr 2025 15:42:58,206 TRACE ro.mpp2024.repository.ParticipantRepository 36 createEntityFromResultSet - Exit with(Jianu Oana)
06 Apr 2025 15:42:58,206 TRACE ro.mpp2024.repository.ParticipantRepository 30 createEntityFromResultSet - Enter createEntityFromResultSet
06 Apr 2025 15:42:58,206 TRACE ro.mpp2024.repository.ParticipantRepository 36 createEntityFromResultSet - Exit with(Kovacs Cristina)
06 Apr 2025 15:42:58,206 TRACE ro.mpp2024.repository.ParticipantRepository 30 createEntityFromResultSet - Enter createEntityFromResultSet
06 Apr 2025 15:42:58,206 TRACE ro.mpp2024.repository.ParticipantRepository 36 createEntityFromResultSet - Exit with(Lupu George)
06 Apr 2025 15:42:58,206 TRACE ro.mpp2024.repository.ParticipantRepository 30 createEntityFromResultSet - Enter createEntityFromResultSet
06 Apr 2025 15:42:58,207 TRACE ro.mpp2024.repository.ParticipantRepository 36 createEntityFromResultSet - Exit with(Manole Simona)
06 Apr 2025 15:42:58,207 TRACE ro.mpp2024.repository.ParticipantRepository 30 createEntityFromResultSet - Enter createEntityFromResultSet
06 Apr 2025 15:42:58,207 TRACE ro.mpp2024.repository.ParticipantRepository 36 createEntityFromResultSet - Exit with(Nedelcu Alexandra)
06 Apr 2025 15:42:58,207 TRACE ro.mpp2024.repository.ParticipantRepository 30 createEntityFromResultSet - Enter createEntityFromResultSet
06 Apr 2025 15:42:58,207 TRACE ro.mpp2024.repository.ParticipantRepository 36 createEntityFromResultSet - Exit with(Oprea Bogdan)
06 Apr 2025 15:42:58,207 TRACE ro.mpp2024.repository.ParticipantRepository 30 createEntityFromResultSet - Enter createEntityFromResultSet
06 Apr 2025 15:42:58,207 TRACE ro.mpp2024.repository.ParticipantRepository 36 createEntityFromResultSet - Exit with(Pavel Monica)
06 Apr 2025 15:42:58,207 TRACE ro.mpp2024.repository.ParticipantRepository 30 createEntityFromResultSet - Enter createEntityFromResultSet
06 Apr 2025 15:42:58,207 TRACE ro.mpp2024.repository.ParticipantRepository 36 createEntityFromResultSet - Exit with(Rusu Andreea)
06 Apr 2025 15:42:58,208 TRACE ro.mpp2024.repository.ParticipantRepository 30 createEntityFromResultSet - Enter createEntityFromResultSet
06 Apr 2025 15:42:58,208 TRACE ro.mpp2024.repository.ParticipantRepository 36 createEntityFromResultSet - Exit with(Sandu Victor)
06 Apr 2025 15:42:58,208 TRACE ro.mpp2024.repository.ParticipantRepository 30 createEntityFromResultSet - Enter createEntityFromResultSet
06 Apr 2025 15:42:58,208 TRACE ro.mpp2024.repository.ParticipantRepository 36 createEntityFromResultSet - Exit with(Toma Gabriela)
06 Apr 2025 15:42:58,208 TRACE ro.mpp2024.repository.ParticipantRepository 30 createEntityFromResultSet - Enter createEntityFromResultSet
06 Apr 2025 15:42:58,208 TRACE ro.mpp2024.repository.ParticipantRepository 36 createEntityFromResultSet - Exit with(Ursu Mihail)
06 Apr 2025 15:42:58,208 TRACE ro.mpp2024.repository.ParticipantRepository 30 createEntityFromResultSet - Enter createEntityFromResultSet
06 Apr 2025 15:42:58,208 TRACE ro.mpp2024.repository.ParticipantRepository 36 createEntityFromResultSet - Exit with(Vlad Anca)
06 Apr 2025 15:42:58,209 TRACE ro.mpp2024.repository.ParticipantRepository 30 createEntityFromResultSet - Enter createEntityFromResultSet
06 Apr 2025 15:42:58,209 TRACE ro.mpp2024.repository.ParticipantRepository 36 createEntityFromResultSet - Exit with(Zamfir Lucian)
06 Apr 2025 15:42:58,209 TRACE ro.mpp2024.repository.ParticipantRepository 30 createEntityFromResultSet - Enter createEntityFromResultSet
06 Apr 2025 15:42:58,209 TRACE ro.mpp2024.repository.ParticipantRepository 36 createEntityFromResultSet - Exit with(Voicu Raluca)
06 Apr 2025 15:42:58,209 TRACE ro.mpp2024.repository.ParticipantRepository 30 createEntityFromResultSet - Enter createEntityFromResultSet
06 Apr 2025 15:42:58,209 TRACE ro.mpp2024.repository.ParticipantRepository 36 createEntityFromResultSet - Exit with(nume prenume)
06 Apr 2025 15:42:58,210 TRACE ro.mpp2024.repository.ParticipantRepository 56 findAll - Exit with([Popescu Ion, Ionescu Maria, Georgescu Andrei, Dumitrescu Elena, Popa Mihai, Stan Ioana, Radu Cristian, Marin Ana, Tudor Alexandru, Petrescu Gabriel, Iliescu Daniela, Vasilescu Florin, Dobre Adriana, Munteanu Sorin, Nistor Carmen, Lazar Roxana, Gheorghe Vlad, Barbu Irina, Constantin Marius, Enache Laura, Dragomir Adrian, Filip Bianca, Grigore Stefan, Hagi Diana, Iacob Radu, Jianu Oana, Kovacs Cristina, Lupu George, Manole Simona, Nedelcu Alexandra, Oprea Bogdan, Pavel Monica, Rusu Andreea, Sandu Victor, Toma Gabriela, Ursu Mihail, Vlad Anca, Zamfir Lucian, Voicu Raluca, nume prenume])
06 Apr 2025 15:42:58,211 DEBUG ro.mpp2024.protocol.ClientWorkerJson 79 sendResponse - sending response {"type":"PARTICIPANTI","participanti":[{"idParticipant":1,"nume":"Popescu","prenume":"Ion","varsta":25,"punctaj":0},{"idParticipant":2,"nume":"Ionescu","prenume":"Maria","varsta":30,"punctaj":0},{"idParticipant":3,"nume":"Georgescu","prenume":"Andrei","varsta":22,"punctaj":0},{"idParticipant":4,"nume":"Dumitrescu","prenume":"Elena","varsta":28,"punctaj":0},{"idParticipant":5,"nume":"Popa","prenume":"Mihai","varsta":35,"punctaj":0},{"idParticipant":6,"nume":"Stan","prenume":"Ioana","varsta":27,"punctaj":0},{"idParticipant":7,"nume":"Radu","prenume":"Cristian","varsta":24,"punctaj":0},{"idParticipant":8,"nume":"Marin","prenume":"Ana","varsta":29,"punctaj":0},{"idParticipant":9,"nume":"Tudor","prenume":"Alexandru","varsta":31,"punctaj":0},{"idParticipant":10,"nume":"Petrescu","prenume":"Gabriel","varsta":26,"punctaj":0},{"idParticipant":11,"nume":"Iliescu","prenume":"Daniela","varsta":32,"punctaj":0},{"idParticipant":12,"nume":"Vasilescu","prenume":"Florin","varsta":23,"punctaj":0},{"idParticipant":13,"nume":"Dobre","prenume":"Adriana","varsta":34,"punctaj":0},{"idParticipant":14,"nume":"Munteanu","prenume":"Sorin","varsta":21,"punctaj":0},{"idParticipant":15,"nume":"Nistor","prenume":"Carmen","varsta":33,"punctaj":0},{"idParticipant":16,"nume":"Lazar","prenume":"Roxana","varsta":25,"punctaj":0},{"idParticipant":17,"nume":"Gheorghe","prenume":"Vlad","varsta":28,"punctaj":0},{"idParticipant":18,"nume":"Barbu","prenume":"Irina","varsta":27,"punctaj":0},{"idParticipant":19,"nume":"Constantin","prenume":"Marius","varsta":30,"punctaj":0},{"idParticipant":20,"nume":"Enache","prenume":"Laura","varsta":29,"punctaj":0},{"idParticipant":21,"nume":"Dragomir","prenume":"Adrian","varsta":26,"punctaj":0},{"idParticipant":22,"nume":"Filip","prenume":"Bianca","varsta":31,"punctaj":0},{"idParticipant":23,"nume":"Grigore","prenume":"Stefan","varsta":24,"punctaj":0},{"idParticipant":24,"nume":"Hagi","prenume":"Diana","varsta":32,"punctaj":0},{"idParticipant":25,"nume":"Iacob","prenume":"Radu","varsta":23,"punctaj":0},{"idParticipant":26,"nume":"Jianu","prenume":"Oana","varsta":34,"punctaj":0},{"idParticipant":27,"nume":"Kovacs","prenume":"Cristina","varsta":21,"punctaj":0},{"idParticipant":28,"nume":"Lupu","prenume":"George","varsta":33,"punctaj":0},{"idParticipant":29,"nume":"Manole","prenume":"Simona","varsta":25,"punctaj":0},{"idParticipant":30,"nume":"Nedelcu","prenume":"Alexandra","varsta":28,"punctaj":0},{"idParticipant":31,"nume":"Oprea","prenume":"Bogdan","varsta":27,"punctaj":0},{"idParticipant":32,"nume":"Pavel","prenume":"Monica","varsta":30,"punctaj":0},{"idParticipant":33,"nume":"Rusu","prenume":"Andreea","varsta":29,"punctaj":0},{"idParticipant":34,"nume":"Sandu","prenume":"Victor","varsta":26,"punctaj":0},{"idParticipant":35,"nume":"Toma","prenume":"Gabriela","varsta":31,"punctaj":0},{"idParticipant":36,"nume":"Ursu","prenume":"Mihail","varsta":24,"punctaj":0},{"idParticipant":37,"nume":"Vlad","prenume":"Anca","varsta":32,"punctaj":0},{"idParticipant":38,"nume":"Zamfir","prenume":"Lucian","varsta":23,"punctaj":0},{"idParticipant":39,"nume":"Voicu","prenume":"Raluca","varsta":34,"punctaj":0},{"idParticipant":40,"nume":"nume","prenume":"prenume","varsta":20,"punctaj":0}]}
06 Apr 2025 15:43:02,853 DEBUG ro.mpp2024.protocol.ClientWorkerJson 126 handleRequest - Add rezultat request RezultatDTO{idProba='c1', idParticipant=3, puncte=10}
06 Apr 2025 15:43:02,853 TRACE ro.mpp2024.services.ServerService 40 addRezultat - Enter
06 Apr 2025 15:43:02,853 TRACE ro.mpp2024.repository.ParticipantRepository 62 findOne - Enter
06 Apr 2025 15:43:02,854 TRACE ro.mpp2024.utils.JdbcUtils 48 getConnection - Enter
06 Apr 2025 15:43:02,854 TRACE ro.mpp2024.utils.JdbcUtils 57 getConnection - Exit with(org.sqlite.jdbc4.JDBC4Connection@69e2b972)
06 Apr 2025 15:43:02,854 TRACE ro.mpp2024.repository.ParticipantRepository 30 createEntityFromResultSet - Enter createEntityFromResultSet
06 Apr 2025 15:43:02,854 TRACE ro.mpp2024.repository.ParticipantRepository 36 createEntityFromResultSet - Exit with(Georgescu Andrei)
06 Apr 2025 15:43:02,854 TRACE ro.mpp2024.repository.ParticipantRepository 76 findOne - Exit with(Georgescu Andrei)
06 Apr 2025 15:43:02,855 TRACE ro.mpp2024.repository.ProbaRepository 63 findOne - Enter findOne
06 Apr 2025 15:43:02,855 TRACE ro.mpp2024.utils.JdbcUtils 48 getConnection - Enter
06 Apr 2025 15:43:02,855 TRACE ro.mpp2024.utils.JdbcUtils 57 getConnection - Exit with(org.sqlite.jdbc4.JDBC4Connection@69e2b972)
06 Apr 2025 15:43:02,855 TRACE ro.mpp2024.repository.ProbaRepository 31 createEntityFromResultSet - Enter createEntityFromResultSet
06 Apr 2025 15:43:02,859 TRACE ro.mpp2024.repository.ProbaRepository 37 createEntityFromResultSet - Exit with(Proba{nume='Pedalat 200 de m', arbitru=1, categorie=ciclism})
06 Apr 2025 15:43:02,859 TRACE ro.mpp2024.repository.ProbaRepository 77 findOne - Exit with(Proba{nume='Pedalat 200 de m', arbitru=1, categorie=ciclism})
06 Apr 2025 15:43:02,859 TRACE ro.mpp2024.repository.RezultatRepository 116 save - Enter save
06 Apr 2025 15:43:02,859 TRACE ro.mpp2024.utils.JdbcUtils 48 getConnection - Enter
06 Apr 2025 15:43:02,859 TRACE ro.mpp2024.utils.JdbcUtils 57 getConnection - Exit with(org.sqlite.jdbc4.JDBC4Connection@69e2b972)
06 Apr 2025 15:43:02,864 TRACE ro.mpp2024.repository.RezultatRepository 127 save - Exit
06 Apr 2025 15:43:02,864 TRACE ro.mpp2024.services.ServerService 44 addRezultat - Exit
06 Apr 2025 15:43:02,864 DEBUG ro.mpp2024.protocol.ClientWorkerJson 79 sendResponse - sending response {"type":"REZULTAT_ADDED","rezultat":{"idProba":"c1","idParticipant":3,"numeParticipant":"Georgescu","prenumeParticipant":"Andrei","puncte":10}}
06 Apr 2025 15:43:52,445 ERROR ro.mpp2024.protocol.ClientWorkerJson 56 run - java.net.SocketException: Connection reset
06 Apr 2025 15:43:52,446 ERROR ro.mpp2024.protocol.ClientWorkerJson 57 run - [Ljava.lang.StackTraceElement;@11509589
06 Apr 2025 15:43:53,457 ERROR ro.mpp2024.protocol.ClientWorkerJson 56 run - java.net.SocketException: Connection reset
06 Apr 2025 15:43:53,457 ERROR ro.mpp2024.protocol.ClientWorkerJson 57 run - [Ljava.lang.StackTraceElement;@4b64c70
06 Apr 2025 15:43:54,460 ERROR ro.mpp2024.protocol.ClientWorkerJson 56 run - java.net.SocketException: Connection reset
06 Apr 2025 15:43:54,460 ERROR ro.mpp2024.protocol.ClientWorkerJson 57 run - [Ljava.lang.StackTraceElement;@40260eb9
06 Apr 2025 15:46:08,254 INFO  ro.mpp2024.StartJsonServer 24 main - Server properties: {server.port=55556, jdbc.url=jdbc:sqlite:src/main/resources/triatlon.db}
06 Apr 2025 15:46:08,258 INFO  ro.mpp2024.repository.ArbitruRepository 23 <init> - Initializing IArbitruRepository with properties: {} 
06 Apr 2025 15:46:08,259 INFO  ro.mpp2024.repository.ProbaRepository 25 <init> - Initializing ProbaRepository with properties: {} 
06 Apr 2025 15:46:08,259 INFO  ro.mpp2024.repository.ParticipantRepository 24 <init> - Initializing ParticipantRepository with properties: {} 
06 Apr 2025 15:46:08,260 INFO  ro.mpp2024.repository.RezultatRepository 25 <init> - Initializing RezultatRepository with properties: {} 
06 Apr 2025 15:46:08,261 INFO  ro.mpp2024.services.ServerService 32 <init> - Service Rezultat made
06 Apr 2025 15:46:08,262 DEBUG ro.mpp2024.StartJsonServer 50 main - Starting server on port: 55556
06 Apr 2025 15:46:08,262 DEBUG ro.mpp2024.networkUtils.AbsConcurrentServer 13 <init> - Concurrent AbstractServer
06 Apr 2025 15:46:08,262 INFO  ro.mpp2024.networkUtils.JsonConcurrentServer 17 <init> - JsonConcurrentServer
06 Apr 2025 15:46:08,266 INFO  chat.network.utils.AbstractServer 25 start - Waiting for clients ...
06 Apr 2025 15:46:20,729 INFO  chat.network.utils.AbstractServer 27 start - Client connected ...
06 Apr 2025 15:46:20,758 INFO  chat.network.utils.AbstractServer 25 start - Waiting for clients ...
06 Apr 2025 15:46:20,767 DEBUG ro.mpp2024.protocol.ClientWorkerJson 90 handleRequest - Login request UserDTO{nume='', username='bob.smith', password='U2VjdXJlUEBzczI=', probaId=''}
06 Apr 2025 15:46:20,769 TRACE ro.mpp2024.utils.JdbcUtils 48 getConnection - Enter
06 Apr 2025 15:46:20,770 TRACE ro.mpp2024.utils.JdbcUtils 25 getNewConnection - Enter
06 Apr 2025 15:46:20,770 INFO  ro.mpp2024.utils.JdbcUtils 30 getNewConnection - trying to connect to database ... jdbc:sqlite:src/main/resources/triatlon.db
06 Apr 2025 15:46:20,770 INFO  ro.mpp2024.utils.JdbcUtils 31 getNewConnection - user: null
06 Apr 2025 15:46:20,770 INFO  ro.mpp2024.utils.JdbcUtils 32 getNewConnection - pass: null
06 Apr 2025 15:46:20,880 TRACE ro.mpp2024.utils.JdbcUtils 57 getConnection - Exit with(org.sqlite.jdbc4.JDBC4Connection@73cfe8e1)
06 Apr 2025 15:46:20,883 TRACE ro.mpp2024.repository.ArbitruRepository 29 createEntityFromResultSet - Enter createEntityFromResultSet
06 Apr 2025 15:46:20,883 TRACE ro.mpp2024.repository.ArbitruRepository 36 createEntityFromResultSet - Exit with(Arbitru{nume='Bob Smith', username='bob.smith', password='U2VjdXJlUEBzczI=', id_proba=c1})
06 Apr 2025 15:46:20,886 DEBUG ro.mpp2024.protocol.ClientWorkerJson 79 sendResponse - sending response {"type":"LOGGED_ACC","user":{"id":21,"nume":"Bob Smith","username":"bob.smith","password":"U2VjdXJlUEBzczI\u003d","id_proba":"c1"}}
06 Apr 2025 15:46:21,896 DEBUG ro.mpp2024.protocol.ClientWorkerJson 115 handleRequest - Get all rezultate request fornull
06 Apr 2025 15:46:21,896 TRACE ro.mpp2024.repository.RezultatRepository 144 listaParticipantiPuncteAlfabetic - Enter listaParticipantiPuncteAlfabetic
06 Apr 2025 15:46:21,897 TRACE ro.mpp2024.utils.JdbcUtils 48 getConnection - Enter
06 Apr 2025 15:46:21,897 TRACE ro.mpp2024.utils.JdbcUtils 57 getConnection - Exit with(org.sqlite.jdbc4.JDBC4Connection@73cfe8e1)
06 Apr 2025 15:46:21,898 TRACE ro.mpp2024.repository.RezultatRepository 162 listaParticipantiPuncteAlfabetic - Enter Terminat dictionar
06 Apr 2025 15:46:21,900 DEBUG ro.mpp2024.protocol.ClientWorkerJson 79 sendResponse - sending response {"type":"ALL_REZULTATE","punctaje":[{"idParticipant":18,"nume":"Barbu","prenume":"Irina","varsta":27,"punctaj":230},{"idParticipant":19,"nume":"Constantin","prenume":"Marius","varsta":30,"punctaj":288},{"idParticipant":13,"nume":"Dobre","prenume":"Adriana","varsta":34,"punctaj":175},{"idParticipant":21,"nume":"Dragomir","prenume":"Adrian","varsta":26,"punctaj":140},{"idParticipant":4,"nume":"Dumitrescu","prenume":"Elena","varsta":28,"punctaj":153},{"idParticipant":20,"nume":"Enache","prenume":"Laura","varsta":29,"punctaj":325},{"idParticipant":22,"nume":"Filip","prenume":"Bianca","varsta":31,"punctaj":307},{"idParticipant":3,"nume":"Georgescu","prenume":"Andrei","varsta":22,"punctaj":132},{"idParticipant":17,"nume":"Gheorghe","prenume":"Vlad","varsta":28,"punctaj":200},{"idParticipant":23,"nume":"Grigore","prenume":"Stefan","varsta":24,"punctaj":145},{"idParticipant":24,"nume":"Hagi","prenume":"Diana","varsta":32,"punctaj":193},{"idParticipant":25,"nume":"Iacob","prenume":"Radu","varsta":23,"punctaj":195},{"idParticipant":11,"nume":"Iliescu","prenume":"Daniela","varsta":32,"punctaj":320},{"idParticipant":2,"nume":"Ionescu","prenume":"Maria","varsta":30,"punctaj":156},{"idParticipant":26,"nume":"Jianu","prenume":"Oana","varsta":34,"punctaj":142},{"idParticipant":27,"nume":"Kovacs","prenume":"Cristina","varsta":21,"punctaj":199},{"idParticipant":16,"nume":"Lazar","prenume":"Roxana","varsta":25,"punctaj":185},{"idParticipant":28,"nume":"Lupu","prenume":"George","varsta":33,"punctaj":199},{"idParticipant":29,"nume":"Manole","prenume":"Simona","varsta":25,"punctaj":117},{"idParticipant":8,"nume":"Marin","prenume":"Ana","varsta":29,"punctaj":134},{"idParticipant":14,"nume":"Munteanu","prenume":"Sorin","varsta":21,"punctaj":301},{"idParticipant":30,"nume":"Nedelcu","prenume":"Alexandra","varsta":28,"punctaj":169},{"idParticipant":15,"nume":"Nistor","prenume":"Carmen","varsta":33,"punctaj":189},{"idParticipant":40,"nume":"nume","prenume":"prenume","varsta":20,"punctaj":300},{"idParticipant":31,"nume":"Oprea","prenume":"Bogdan","varsta":27,"punctaj":282},{"idParticipant":32,"nume":"Pavel","prenume":"Monica","varsta":30,"punctaj":111},{"idParticipant":10,"nume":"Petrescu","prenume":"Gabriel","varsta":26,"punctaj":188},{"idParticipant":5,"nume":"Popa","prenume":"Mihai","varsta":35,"punctaj":282},{"idParticipant":1,"nume":"Popescu","prenume":"Ion","varsta":25,"punctaj":158},{"idParticipant":7,"nume":"Radu","prenume":"Cristian","varsta":24,"punctaj":256},{"idParticipant":33,"nume":"Rusu","prenume":"Andreea","varsta":29,"punctaj":313},{"idParticipant":34,"nume":"Sandu","prenume":"Victor","varsta":26,"punctaj":115},{"idParticipant":6,"nume":"Stan","prenume":"Ioana","varsta":27,"punctaj":289},{"idParticipant":35,"nume":"Toma","prenume":"Gabriela","varsta":31,"punctaj":132},{"idParticipant":9,"nume":"Tudor","prenume":"Alexandru","varsta":31,"punctaj":288},{"idParticipant":36,"nume":"Ursu","prenume":"Mihail","varsta":24,"punctaj":155},{"idParticipant":12,"nume":"Vasilescu","prenume":"Florin","varsta":23,"punctaj":472},{"idParticipant":37,"nume":"Vlad","prenume":"Anca","varsta":32,"punctaj":138},{"idParticipant":39,"nume":"Voicu","prenume":"Raluca","varsta":34,"punctaj":190},{"idParticipant":38,"nume":"Zamfir","prenume":"Lucian","varsta":23,"punctaj":177}]}
06 Apr 2025 15:46:22,911 DEBUG ro.mpp2024.protocol.ClientWorkerJson 103 handleRequest - Get rezultate request forUserDTO{nume='', username='', password='', probaId='c1'}
06 Apr 2025 15:46:22,911 TRACE ro.mpp2024.repository.RezultatRepository 168 listaParticiapntPuncteProbaDescrescator - Enter listaParticiapntPuncteProbaDescrescator
06 Apr 2025 15:46:22,911 TRACE ro.mpp2024.utils.JdbcUtils 48 getConnection - Enter
06 Apr 2025 15:46:22,912 TRACE ro.mpp2024.utils.JdbcUtils 57 getConnection - Exit with(org.sqlite.jdbc4.JDBC4Connection@73cfe8e1)
06 Apr 2025 15:46:22,912 TRACE ro.mpp2024.repository.RezultatRepository 186 listaParticiapntPuncteProbaDescrescator - Enter Terminat dictionar
06 Apr 2025 15:46:22,913 DEBUG ro.mpp2024.protocol.ClientWorkerJson 79 sendResponse - sending response {"type":"REZULTATE","punctaje":[{"idParticipant":38,"nume":"Zamfir","prenume":"Lucian","varsta":23,"punctaj":177},{"idParticipant":6,"nume":"Stan","prenume":"Ioana","varsta":27,"punctaj":152},{"idParticipant":9,"nume":"Tudor","prenume":"Alexandru","varsta":31,"punctaj":150},{"idParticipant":12,"nume":"Vasilescu","prenume":"Florin","varsta":23,"punctaj":100},{"idParticipant":18,"nume":"Barbu","prenume":"Irina","varsta":27,"punctaj":30},{"idParticipant":37,"nume":"Vlad","prenume":"Anca","varsta":32,"punctaj":10},{"idParticipant":21,"nume":"Dragomir","prenume":"Adrian","varsta":26,"punctaj":10},{"idParticipant":20,"nume":"Enache","prenume":"Laura","varsta":29,"punctaj":10},{"idParticipant":19,"nume":"Constantin","prenume":"Marius","varsta":30,"punctaj":10},{"idParticipant":13,"nume":"Dobre","prenume":"Adriana","varsta":34,"punctaj":10},{"idParticipant":11,"nume":"Iliescu","prenume":"Daniela","varsta":32,"punctaj":10},{"idParticipant":4,"nume":"Dumitrescu","prenume":"Elena","varsta":28,"punctaj":10},{"idParticipant":3,"nume":"Georgescu","prenume":"Andrei","varsta":22,"punctaj":10},{"idParticipant":1,"nume":"Popescu","prenume":"Ion","varsta":25,"punctaj":10}]}
06 Apr 2025 15:46:23,921 DEBUG ro.mpp2024.protocol.ClientWorkerJson 141 handleRequest - Get participanti request fornull
06 Apr 2025 15:46:23,922 TRACE ro.mpp2024.repository.ParticipantRepository 42 findAll - Enter
06 Apr 2025 15:46:23,922 TRACE ro.mpp2024.utils.JdbcUtils 48 getConnection - Enter
06 Apr 2025 15:46:23,922 TRACE ro.mpp2024.utils.JdbcUtils 57 getConnection - Exit with(org.sqlite.jdbc4.JDBC4Connection@73cfe8e1)
06 Apr 2025 15:46:23,922 TRACE ro.mpp2024.repository.ParticipantRepository 30 createEntityFromResultSet - Enter createEntityFromResultSet
06 Apr 2025 15:46:23,923 TRACE ro.mpp2024.repository.ParticipantRepository 36 createEntityFromResultSet - Exit with(Popescu Ion)
06 Apr 2025 15:46:23,923 TRACE ro.mpp2024.repository.ParticipantRepository 30 createEntityFromResultSet - Enter createEntityFromResultSet
06 Apr 2025 15:46:23,923 TRACE ro.mpp2024.repository.ParticipantRepository 36 createEntityFromResultSet - Exit with(Ionescu Maria)
06 Apr 2025 15:46:23,923 TRACE ro.mpp2024.repository.ParticipantRepository 30 createEntityFromResultSet - Enter createEntityFromResultSet
06 Apr 2025 15:46:23,923 TRACE ro.mpp2024.repository.ParticipantRepository 36 createEntityFromResultSet - Exit with(Georgescu Andrei)
06 Apr 2025 15:46:23,924 TRACE ro.mpp2024.repository.ParticipantRepository 30 createEntityFromResultSet - Enter createEntityFromResultSet
06 Apr 2025 15:46:23,924 TRACE ro.mpp2024.repository.ParticipantRepository 36 createEntityFromResultSet - Exit with(Dumitrescu Elena)
06 Apr 2025 15:46:23,924 TRACE ro.mpp2024.repository.ParticipantRepository 30 createEntityFromResultSet - Enter createEntityFromResultSet
06 Apr 2025 15:46:23,924 TRACE ro.mpp2024.repository.ParticipantRepository 36 createEntityFromResultSet - Exit with(Popa Mihai)
06 Apr 2025 15:46:23,924 TRACE ro.mpp2024.repository.ParticipantRepository 30 createEntityFromResultSet - Enter createEntityFromResultSet
06 Apr 2025 15:46:23,924 TRACE ro.mpp2024.repository.ParticipantRepository 36 createEntityFromResultSet - Exit with(Stan Ioana)
06 Apr 2025 15:46:23,924 TRACE ro.mpp2024.repository.ParticipantRepository 30 createEntityFromResultSet - Enter createEntityFromResultSet
06 Apr 2025 15:46:23,924 TRACE ro.mpp2024.repository.ParticipantRepository 36 createEntityFromResultSet - Exit with(Radu Cristian)
06 Apr 2025 15:46:23,925 TRACE ro.mpp2024.repository.ParticipantRepository 30 createEntityFromResultSet - Enter createEntityFromResultSet
06 Apr 2025 15:46:23,925 TRACE ro.mpp2024.repository.ParticipantRepository 36 createEntityFromResultSet - Exit with(Marin Ana)
06 Apr 2025 15:46:23,925 TRACE ro.mpp2024.repository.ParticipantRepository 30 createEntityFromResultSet - Enter createEntityFromResultSet
06 Apr 2025 15:46:23,925 TRACE ro.mpp2024.repository.ParticipantRepository 36 createEntityFromResultSet - Exit with(Tudor Alexandru)
06 Apr 2025 15:46:23,925 TRACE ro.mpp2024.repository.ParticipantRepository 30 createEntityFromResultSet - Enter createEntityFromResultSet
06 Apr 2025 15:46:23,925 TRACE ro.mpp2024.repository.ParticipantRepository 36 createEntityFromResultSet - Exit with(Petrescu Gabriel)
06 Apr 2025 15:46:23,925 TRACE ro.mpp2024.repository.ParticipantRepository 30 createEntityFromResultSet - Enter createEntityFromResultSet
06 Apr 2025 15:46:23,926 TRACE ro.mpp2024.repository.ParticipantRepository 36 createEntityFromResultSet - Exit with(Iliescu Daniela)
06 Apr 2025 15:46:23,926 TRACE ro.mpp2024.repository.ParticipantRepository 30 createEntityFromResultSet - Enter createEntityFromResultSet
06 Apr 2025 15:46:23,926 TRACE ro.mpp2024.repository.ParticipantRepository 36 createEntityFromResultSet - Exit with(Vasilescu Florin)
06 Apr 2025 15:46:23,926 TRACE ro.mpp2024.repository.ParticipantRepository 30 createEntityFromResultSet - Enter createEntityFromResultSet
06 Apr 2025 15:46:23,926 TRACE ro.mpp2024.repository.ParticipantRepository 36 createEntityFromResultSet - Exit with(Dobre Adriana)
06 Apr 2025 15:46:23,926 TRACE ro.mpp2024.repository.ParticipantRepository 30 createEntityFromResultSet - Enter createEntityFromResultSet
06 Apr 2025 15:46:23,927 TRACE ro.mpp2024.repository.ParticipantRepository 36 createEntityFromResultSet - Exit with(Munteanu Sorin)
06 Apr 2025 15:46:23,927 TRACE ro.mpp2024.repository.ParticipantRepository 30 createEntityFromResultSet - Enter createEntityFromResultSet
06 Apr 2025 15:46:23,927 TRACE ro.mpp2024.repository.ParticipantRepository 36 createEntityFromResultSet - Exit with(Nistor Carmen)
06 Apr 2025 15:46:23,927 TRACE ro.mpp2024.repository.ParticipantRepository 30 createEntityFromResultSet - Enter createEntityFromResultSet
06 Apr 2025 15:46:23,927 TRACE ro.mpp2024.repository.ParticipantRepository 36 createEntityFromResultSet - Exit with(Lazar Roxana)
06 Apr 2025 15:46:23,927 TRACE ro.mpp2024.repository.ParticipantRepository 30 createEntityFromResultSet - Enter createEntityFromResultSet
06 Apr 2025 15:46:23,927 TRACE ro.mpp2024.repository.ParticipantRepository 36 createEntityFromResultSet - Exit with(Gheorghe Vlad)
06 Apr 2025 15:46:23,927 TRACE ro.mpp2024.repository.ParticipantRepository 30 createEntityFromResultSet - Enter createEntityFromResultSet
06 Apr 2025 15:46:23,928 TRACE ro.mpp2024.repository.ParticipantRepository 36 createEntityFromResultSet - Exit with(Barbu Irina)
06 Apr 2025 15:46:23,928 TRACE ro.mpp2024.repository.ParticipantRepository 30 createEntityFromResultSet - Enter createEntityFromResultSet
06 Apr 2025 15:46:23,928 TRACE ro.mpp2024.repository.ParticipantRepository 36 createEntityFromResultSet - Exit with(Constantin Marius)
06 Apr 2025 15:46:23,928 TRACE ro.mpp2024.repository.ParticipantRepository 30 createEntityFromResultSet - Enter createEntityFromResultSet
06 Apr 2025 15:46:23,928 TRACE ro.mpp2024.repository.ParticipantRepository 36 createEntityFromResultSet - Exit with(Enache Laura)
06 Apr 2025 15:46:23,928 TRACE ro.mpp2024.repository.ParticipantRepository 30 createEntityFromResultSet - Enter createEntityFromResultSet
06 Apr 2025 15:46:23,928 TRACE ro.mpp2024.repository.ParticipantRepository 36 createEntityFromResultSet - Exit with(Dragomir Adrian)
06 Apr 2025 15:46:23,928 TRACE ro.mpp2024.repository.ParticipantRepository 30 createEntityFromResultSet - Enter createEntityFromResultSet
06 Apr 2025 15:46:23,929 TRACE ro.mpp2024.repository.ParticipantRepository 36 createEntityFromResultSet - Exit with(Filip Bianca)
06 Apr 2025 15:46:23,929 TRACE ro.mpp2024.repository.ParticipantRepository 30 createEntityFromResultSet - Enter createEntityFromResultSet
06 Apr 2025 15:46:23,929 TRACE ro.mpp2024.repository.ParticipantRepository 36 createEntityFromResultSet - Exit with(Grigore Stefan)
06 Apr 2025 15:46:23,929 TRACE ro.mpp2024.repository.ParticipantRepository 30 createEntityFromResultSet - Enter createEntityFromResultSet
06 Apr 2025 15:46:23,929 TRACE ro.mpp2024.repository.ParticipantRepository 36 createEntityFromResultSet - Exit with(Hagi Diana)
06 Apr 2025 15:46:23,929 TRACE ro.mpp2024.repository.ParticipantRepository 30 createEntityFromResultSet - Enter createEntityFromResultSet
06 Apr 2025 15:46:23,930 TRACE ro.mpp2024.repository.ParticipantRepository 36 createEntityFromResultSet - Exit with(Iacob Radu)
06 Apr 2025 15:46:23,930 TRACE ro.mpp2024.repository.ParticipantRepository 30 createEntityFromResultSet - Enter createEntityFromResultSet
06 Apr 2025 15:46:23,930 TRACE ro.mpp2024.repository.ParticipantRepository 36 createEntityFromResultSet - Exit with(Jianu Oana)
06 Apr 2025 15:46:23,930 TRACE ro.mpp2024.repository.ParticipantRepository 30 createEntityFromResultSet - Enter createEntityFromResultSet
06 Apr 2025 15:46:23,930 TRACE ro.mpp2024.repository.ParticipantRepository 36 createEntityFromResultSet - Exit with(Kovacs Cristina)
06 Apr 2025 15:46:23,931 TRACE ro.mpp2024.repository.ParticipantRepository 30 createEntityFromResultSet - Enter createEntityFromResultSet
06 Apr 2025 15:46:23,931 TRACE ro.mpp2024.repository.ParticipantRepository 36 createEntityFromResultSet - Exit with(Lupu George)
06 Apr 2025 15:46:23,931 TRACE ro.mpp2024.repository.ParticipantRepository 30 createEntityFromResultSet - Enter createEntityFromResultSet
06 Apr 2025 15:46:23,931 TRACE ro.mpp2024.repository.ParticipantRepository 36 createEntityFromResultSet - Exit with(Manole Simona)
06 Apr 2025 15:46:23,931 TRACE ro.mpp2024.repository.ParticipantRepository 30 createEntityFromResultSet - Enter createEntityFromResultSet
06 Apr 2025 15:46:23,931 TRACE ro.mpp2024.repository.ParticipantRepository 36 createEntityFromResultSet - Exit with(Nedelcu Alexandra)
06 Apr 2025 15:46:23,931 TRACE ro.mpp2024.repository.ParticipantRepository 30 createEntityFromResultSet - Enter createEntityFromResultSet
06 Apr 2025 15:46:23,932 TRACE ro.mpp2024.repository.ParticipantRepository 36 createEntityFromResultSet - Exit with(Oprea Bogdan)
06 Apr 2025 15:46:23,932 TRACE ro.mpp2024.repository.ParticipantRepository 30 createEntityFromResultSet - Enter createEntityFromResultSet
06 Apr 2025 15:46:23,932 TRACE ro.mpp2024.repository.ParticipantRepository 36 createEntityFromResultSet - Exit with(Pavel Monica)
06 Apr 2025 15:46:23,932 TRACE ro.mpp2024.repository.ParticipantRepository 30 createEntityFromResultSet - Enter createEntityFromResultSet
06 Apr 2025 15:46:23,932 TRACE ro.mpp2024.repository.ParticipantRepository 36 createEntityFromResultSet - Exit with(Rusu Andreea)
06 Apr 2025 15:46:23,932 TRACE ro.mpp2024.repository.ParticipantRepository 30 createEntityFromResultSet - Enter createEntityFromResultSet
06 Apr 2025 15:46:23,932 TRACE ro.mpp2024.repository.ParticipantRepository 36 createEntityFromResultSet - Exit with(Sandu Victor)
06 Apr 2025 15:46:23,933 TRACE ro.mpp2024.repository.ParticipantRepository 30 createEntityFromResultSet - Enter createEntityFromResultSet
06 Apr 2025 15:46:23,933 TRACE ro.mpp2024.repository.ParticipantRepository 36 createEntityFromResultSet - Exit with(Toma Gabriela)
06 Apr 2025 15:46:23,933 TRACE ro.mpp2024.repository.ParticipantRepository 30 createEntityFromResultSet - Enter createEntityFromResultSet
06 Apr 2025 15:46:23,933 TRACE ro.mpp2024.repository.ParticipantRepository 36 createEntityFromResultSet - Exit with(Ursu Mihail)
06 Apr 2025 15:46:23,933 TRACE ro.mpp2024.repository.ParticipantRepository 30 createEntityFromResultSet - Enter createEntityFromResultSet
06 Apr 2025 15:46:23,933 TRACE ro.mpp2024.repository.ParticipantRepository 36 createEntityFromResultSet - Exit with(Vlad Anca)
06 Apr 2025 15:46:23,933 TRACE ro.mpp2024.repository.ParticipantRepository 30 createEntityFromResultSet - Enter createEntityFromResultSet
06 Apr 2025 15:46:23,934 TRACE ro.mpp2024.repository.ParticipantRepository 36 createEntityFromResultSet - Exit with(Zamfir Lucian)
06 Apr 2025 15:46:23,934 TRACE ro.mpp2024.repository.ParticipantRepository 30 createEntityFromResultSet - Enter createEntityFromResultSet
06 Apr 2025 15:46:23,934 TRACE ro.mpp2024.repository.ParticipantRepository 36 createEntityFromResultSet - Exit with(Voicu Raluca)
06 Apr 2025 15:46:23,934 TRACE ro.mpp2024.repository.ParticipantRepository 30 createEntityFromResultSet - Enter createEntityFromResultSet
06 Apr 2025 15:46:23,934 TRACE ro.mpp2024.repository.ParticipantRepository 36 createEntityFromResultSet - Exit with(nume prenume)
06 Apr 2025 15:46:23,935 TRACE ro.mpp2024.repository.ParticipantRepository 56 findAll - Exit with([Popescu Ion, Ionescu Maria, Georgescu Andrei, Dumitrescu Elena, Popa Mihai, Stan Ioana, Radu Cristian, Marin Ana, Tudor Alexandru, Petrescu Gabriel, Iliescu Daniela, Vasilescu Florin, Dobre Adriana, Munteanu Sorin, Nistor Carmen, Lazar Roxana, Gheorghe Vlad, Barbu Irina, Constantin Marius, Enache Laura, Dragomir Adrian, Filip Bianca, Grigore Stefan, Hagi Diana, Iacob Radu, Jianu Oana, Kovacs Cristina, Lupu George, Manole Simona, Nedelcu Alexandra, Oprea Bogdan, Pavel Monica, Rusu Andreea, Sandu Victor, Toma Gabriela, Ursu Mihail, Vlad Anca, Zamfir Lucian, Voicu Raluca, nume prenume])
06 Apr 2025 15:46:23,936 DEBUG ro.mpp2024.protocol.ClientWorkerJson 79 sendResponse - sending response {"type":"PARTICIPANTI","participanti":[{"idParticipant":1,"nume":"Popescu","prenume":"Ion","varsta":25,"punctaj":0},{"idParticipant":2,"nume":"Ionescu","prenume":"Maria","varsta":30,"punctaj":0},{"idParticipant":3,"nume":"Georgescu","prenume":"Andrei","varsta":22,"punctaj":0},{"idParticipant":4,"nume":"Dumitrescu","prenume":"Elena","varsta":28,"punctaj":0},{"idParticipant":5,"nume":"Popa","prenume":"Mihai","varsta":35,"punctaj":0},{"idParticipant":6,"nume":"Stan","prenume":"Ioana","varsta":27,"punctaj":0},{"idParticipant":7,"nume":"Radu","prenume":"Cristian","varsta":24,"punctaj":0},{"idParticipant":8,"nume":"Marin","prenume":"Ana","varsta":29,"punctaj":0},{"idParticipant":9,"nume":"Tudor","prenume":"Alexandru","varsta":31,"punctaj":0},{"idParticipant":10,"nume":"Petrescu","prenume":"Gabriel","varsta":26,"punctaj":0},{"idParticipant":11,"nume":"Iliescu","prenume":"Daniela","varsta":32,"punctaj":0},{"idParticipant":12,"nume":"Vasilescu","prenume":"Florin","varsta":23,"punctaj":0},{"idParticipant":13,"nume":"Dobre","prenume":"Adriana","varsta":34,"punctaj":0},{"idParticipant":14,"nume":"Munteanu","prenume":"Sorin","varsta":21,"punctaj":0},{"idParticipant":15,"nume":"Nistor","prenume":"Carmen","varsta":33,"punctaj":0},{"idParticipant":16,"nume":"Lazar","prenume":"Roxana","varsta":25,"punctaj":0},{"idParticipant":17,"nume":"Gheorghe","prenume":"Vlad","varsta":28,"punctaj":0},{"idParticipant":18,"nume":"Barbu","prenume":"Irina","varsta":27,"punctaj":0},{"idParticipant":19,"nume":"Constantin","prenume":"Marius","varsta":30,"punctaj":0},{"idParticipant":20,"nume":"Enache","prenume":"Laura","varsta":29,"punctaj":0},{"idParticipant":21,"nume":"Dragomir","prenume":"Adrian","varsta":26,"punctaj":0},{"idParticipant":22,"nume":"Filip","prenume":"Bianca","varsta":31,"punctaj":0},{"idParticipant":23,"nume":"Grigore","prenume":"Stefan","varsta":24,"punctaj":0},{"idParticipant":24,"nume":"Hagi","prenume":"Diana","varsta":32,"punctaj":0},{"idParticipant":25,"nume":"Iacob","prenume":"Radu","varsta":23,"punctaj":0},{"idParticipant":26,"nume":"Jianu","prenume":"Oana","varsta":34,"punctaj":0},{"idParticipant":27,"nume":"Kovacs","prenume":"Cristina","varsta":21,"punctaj":0},{"idParticipant":28,"nume":"Lupu","prenume":"George","varsta":33,"punctaj":0},{"idParticipant":29,"nume":"Manole","prenume":"Simona","varsta":25,"punctaj":0},{"idParticipant":30,"nume":"Nedelcu","prenume":"Alexandra","varsta":28,"punctaj":0},{"idParticipant":31,"nume":"Oprea","prenume":"Bogdan","varsta":27,"punctaj":0},{"idParticipant":32,"nume":"Pavel","prenume":"Monica","varsta":30,"punctaj":0},{"idParticipant":33,"nume":"Rusu","prenume":"Andreea","varsta":29,"punctaj":0},{"idParticipant":34,"nume":"Sandu","prenume":"Victor","varsta":26,"punctaj":0},{"idParticipant":35,"nume":"Toma","prenume":"Gabriela","varsta":31,"punctaj":0},{"idParticipant":36,"nume":"Ursu","prenume":"Mihail","varsta":24,"punctaj":0},{"idParticipant":37,"nume":"Vlad","prenume":"Anca","varsta":32,"punctaj":0},{"idParticipant":38,"nume":"Zamfir","prenume":"Lucian","varsta":23,"punctaj":0},{"idParticipant":39,"nume":"Voicu","prenume":"Raluca","varsta":34,"punctaj":0},{"idParticipant":40,"nume":"nume","prenume":"prenume","varsta":20,"punctaj":0}]}
06 Apr 2025 15:46:28,587 DEBUG ro.mpp2024.protocol.ClientWorkerJson 126 handleRequest - Add rezultat request RezultatDTO{idProba='c1', idParticipant=17, puncte=10}
06 Apr 2025 15:46:28,587 TRACE ro.mpp2024.services.ServerService 40 addRezultat - Enter
06 Apr 2025 15:46:28,588 TRACE ro.mpp2024.repository.ParticipantRepository 62 findOne - Enter
06 Apr 2025 15:46:28,588 TRACE ro.mpp2024.utils.JdbcUtils 48 getConnection - Enter
06 Apr 2025 15:46:28,588 TRACE ro.mpp2024.utils.JdbcUtils 57 getConnection - Exit with(org.sqlite.jdbc4.JDBC4Connection@73cfe8e1)
06 Apr 2025 15:46:28,588 TRACE ro.mpp2024.repository.ParticipantRepository 30 createEntityFromResultSet - Enter createEntityFromResultSet
06 Apr 2025 15:46:28,588 TRACE ro.mpp2024.repository.ParticipantRepository 36 createEntityFromResultSet - Exit with(Gheorghe Vlad)
06 Apr 2025 15:46:28,589 TRACE ro.mpp2024.repository.ParticipantRepository 76 findOne - Exit with(Gheorghe Vlad)
06 Apr 2025 15:46:28,589 TRACE ro.mpp2024.repository.ProbaRepository 63 findOne - Enter findOne
06 Apr 2025 15:46:28,589 TRACE ro.mpp2024.utils.JdbcUtils 48 getConnection - Enter
06 Apr 2025 15:46:28,589 TRACE ro.mpp2024.utils.JdbcUtils 57 getConnection - Exit with(org.sqlite.jdbc4.JDBC4Connection@73cfe8e1)
06 Apr 2025 15:46:28,590 TRACE ro.mpp2024.repository.ProbaRepository 31 createEntityFromResultSet - Enter createEntityFromResultSet
06 Apr 2025 15:46:28,592 TRACE ro.mpp2024.repository.ProbaRepository 37 createEntityFromResultSet - Exit with(Proba{nume='Pedalat 200 de m', arbitru=1, categorie=ciclism})
06 Apr 2025 15:46:28,593 TRACE ro.mpp2024.repository.ProbaRepository 77 findOne - Exit with(Proba{nume='Pedalat 200 de m', arbitru=1, categorie=ciclism})
06 Apr 2025 15:46:28,593 TRACE ro.mpp2024.repository.RezultatRepository 116 save - Enter save
06 Apr 2025 15:46:28,593 TRACE ro.mpp2024.utils.JdbcUtils 48 getConnection - Enter
06 Apr 2025 15:46:28,593 TRACE ro.mpp2024.utils.JdbcUtils 57 getConnection - Exit with(org.sqlite.jdbc4.JDBC4Connection@73cfe8e1)
06 Apr 2025 15:46:28,603 TRACE ro.mpp2024.repository.RezultatRepository 127 save - Exit
06 Apr 2025 15:46:28,603 TRACE ro.mpp2024.services.ServerService 44 addRezultat - Exit
06 Apr 2025 15:46:28,603 DEBUG ro.mpp2024.protocol.ClientWorkerJson 79 sendResponse - sending response {"type":"REZULTAT_ADDED","rezultat":{"idProba":"c1","idParticipant":17,"numeParticipant":"Gheorghe","prenumeParticipant":"Vlad","puncte":10}}
06 Apr 2025 15:46:41,950 ERROR ro.mpp2024.protocol.ClientWorkerJson 56 run - java.net.SocketException: Connection reset
06 Apr 2025 15:46:41,950 ERROR ro.mpp2024.protocol.ClientWorkerJson 57 run - [Ljava.lang.StackTraceElement;@742874bd
06 Apr 2025 15:50:26,312 INFO  ro.mpp2024.StartJsonServer 24 main - Server properties: {server.port=55556, jdbc.url=jdbc:sqlite:src/main/resources/triatlon.db}
06 Apr 2025 15:50:26,317 INFO  ro.mpp2024.repository.ArbitruRepository 23 <init> - Initializing IArbitruRepository with properties: {} 
06 Apr 2025 15:50:26,319 INFO  ro.mpp2024.repository.ProbaRepository 25 <init> - Initializing ProbaRepository with properties: {} 
06 Apr 2025 15:50:26,320 INFO  ro.mpp2024.repository.ParticipantRepository 24 <init> - Initializing ParticipantRepository with properties: {} 
06 Apr 2025 15:50:26,321 INFO  ro.mpp2024.repository.RezultatRepository 25 <init> - Initializing RezultatRepository with properties: {} 
06 Apr 2025 15:50:26,322 INFO  ro.mpp2024.services.ServerService 32 <init> - Service Rezultat made
06 Apr 2025 15:50:26,323 DEBUG ro.mpp2024.StartJsonServer 50 main - Starting server on port: 55556
06 Apr 2025 15:50:26,323 DEBUG ro.mpp2024.networkUtils.AbsConcurrentServer 13 <init> - Concurrent AbstractServer
06 Apr 2025 15:50:26,324 INFO  ro.mpp2024.networkUtils.JsonConcurrentServer 17 <init> - JsonConcurrentServer
06 Apr 2025 15:50:26,330 INFO  chat.network.utils.AbstractServer 25 start - Waiting for clients ...
06 Apr 2025 15:50:39,466 INFO  chat.network.utils.AbstractServer 27 start - Client connected ...
06 Apr 2025 15:50:39,494 INFO  chat.network.utils.AbstractServer 25 start - Waiting for clients ...
06 Apr 2025 15:50:39,501 DEBUG ro.mpp2024.protocol.ClientWorkerJson 90 handleRequest - Login request UserDTO{nume='', username='bob.smtih', password='U2VjdXJlUEBzczI=', probaId=''}
06 Apr 2025 15:50:39,503 TRACE ro.mpp2024.utils.JdbcUtils 48 getConnection - Enter
06 Apr 2025 15:50:39,503 TRACE ro.mpp2024.utils.JdbcUtils 25 getNewConnection - Enter
06 Apr 2025 15:50:39,504 INFO  ro.mpp2024.utils.JdbcUtils 30 getNewConnection - trying to connect to database ... jdbc:sqlite:src/main/resources/triatlon.db
06 Apr 2025 15:50:39,504 INFO  ro.mpp2024.utils.JdbcUtils 31 getNewConnection - user: null
06 Apr 2025 15:50:39,504 INFO  ro.mpp2024.utils.JdbcUtils 32 getNewConnection - pass: null
06 Apr 2025 15:50:39,600 TRACE ro.mpp2024.utils.JdbcUtils 57 getConnection - Exit with(org.sqlite.jdbc4.JDBC4Connection@22493c1a)
06 Apr 2025 15:50:39,605 DEBUG ro.mpp2024.protocol.ClientWorkerJson 79 sendResponse - sending response {"type":"LOGGED_ACC","user":{"id":-1,"nume":"","username":"test","password":"","id_proba":""}}
06 Apr 2025 15:50:49,115 INFO  chat.network.utils.AbstractServer 27 start - Client connected ...
06 Apr 2025 15:50:49,115 INFO  chat.network.utils.AbstractServer 25 start - Waiting for clients ...
06 Apr 2025 15:50:49,116 DEBUG ro.mpp2024.protocol.ClientWorkerJson 90 handleRequest - Login request UserDTO{nume='', username='bob.smtih', password='U2VjdXJlUEBzczI=', probaId=''}
06 Apr 2025 15:50:49,116 TRACE ro.mpp2024.utils.JdbcUtils 48 getConnection - Enter
06 Apr 2025 15:50:49,116 TRACE ro.mpp2024.utils.JdbcUtils 57 getConnection - Exit with(org.sqlite.jdbc4.JDBC4Connection@22493c1a)
06 Apr 2025 15:50:49,117 DEBUG ro.mpp2024.protocol.ClientWorkerJson 79 sendResponse - sending response {"type":"LOGGED_ACC","user":{"id":-1,"nume":"","username":"test","password":"","id_proba":""}}
06 Apr 2025 15:50:54,455 INFO  chat.network.utils.AbstractServer 27 start - Client connected ...
06 Apr 2025 15:50:54,456 INFO  chat.network.utils.AbstractServer 25 start - Waiting for clients ...
06 Apr 2025 15:50:54,456 DEBUG ro.mpp2024.protocol.ClientWorkerJson 90 handleRequest - Login request UserDTO{nume='', username='bob.smith', password='U2VjdXJlUEBzczI=', probaId=''}
06 Apr 2025 15:50:54,457 TRACE ro.mpp2024.utils.JdbcUtils 48 getConnection - Enter
06 Apr 2025 15:50:54,457 TRACE ro.mpp2024.utils.JdbcUtils 57 getConnection - Exit with(org.sqlite.jdbc4.JDBC4Connection@22493c1a)
06 Apr 2025 15:50:54,458 TRACE ro.mpp2024.repository.ArbitruRepository 29 createEntityFromResultSet - Enter createEntityFromResultSet
06 Apr 2025 15:50:54,459 TRACE ro.mpp2024.repository.ArbitruRepository 36 createEntityFromResultSet - Exit with(Arbitru{nume='Bob Smith', username='bob.smith', password='U2VjdXJlUEBzczI=', id_proba=c1})
06 Apr 2025 15:50:54,459 DEBUG ro.mpp2024.protocol.ClientWorkerJson 79 sendResponse - sending response {"type":"LOGGED_ACC","user":{"id":21,"nume":"Bob Smith","username":"bob.smith","password":"U2VjdXJlUEBzczI\u003d","id_proba":"c1"}}
06 Apr 2025 15:50:55,469 DEBUG ro.mpp2024.protocol.ClientWorkerJson 115 handleRequest - Get all rezultate request fornull
06 Apr 2025 15:50:55,469 TRACE ro.mpp2024.repository.RezultatRepository 144 listaParticipantiPuncteAlfabetic - Enter listaParticipantiPuncteAlfabetic
06 Apr 2025 15:50:55,470 TRACE ro.mpp2024.utils.JdbcUtils 48 getConnection - Enter
06 Apr 2025 15:50:55,470 TRACE ro.mpp2024.utils.JdbcUtils 57 getConnection - Exit with(org.sqlite.jdbc4.JDBC4Connection@22493c1a)
06 Apr 2025 15:50:55,471 TRACE ro.mpp2024.repository.RezultatRepository 162 listaParticipantiPuncteAlfabetic - Enter Terminat dictionar
06 Apr 2025 15:50:55,472 DEBUG ro.mpp2024.protocol.ClientWorkerJson 79 sendResponse - sending response {"type":"ALL_REZULTATE","punctaje":[{"idParticipant":18,"nume":"Barbu","prenume":"Irina","varsta":27,"punctaj":230},{"idParticipant":19,"nume":"Constantin","prenume":"Marius","varsta":30,"punctaj":288},{"idParticipant":13,"nume":"Dobre","prenume":"Adriana","varsta":34,"punctaj":175},{"idParticipant":21,"nume":"Dragomir","prenume":"Adrian","varsta":26,"punctaj":140},{"idParticipant":4,"nume":"Dumitrescu","prenume":"Elena","varsta":28,"punctaj":153},{"idParticipant":20,"nume":"Enache","prenume":"Laura","varsta":29,"punctaj":325},{"idParticipant":22,"nume":"Filip","prenume":"Bianca","varsta":31,"punctaj":307},{"idParticipant":3,"nume":"Georgescu","prenume":"Andrei","varsta":22,"punctaj":132},{"idParticipant":17,"nume":"Gheorghe","prenume":"Vlad","varsta":28,"punctaj":210},{"idParticipant":23,"nume":"Grigore","prenume":"Stefan","varsta":24,"punctaj":145},{"idParticipant":24,"nume":"Hagi","prenume":"Diana","varsta":32,"punctaj":193},{"idParticipant":25,"nume":"Iacob","prenume":"Radu","varsta":23,"punctaj":195},{"idParticipant":11,"nume":"Iliescu","prenume":"Daniela","varsta":32,"punctaj":320},{"idParticipant":2,"nume":"Ionescu","prenume":"Maria","varsta":30,"punctaj":156},{"idParticipant":26,"nume":"Jianu","prenume":"Oana","varsta":34,"punctaj":142},{"idParticipant":27,"nume":"Kovacs","prenume":"Cristina","varsta":21,"punctaj":199},{"idParticipant":16,"nume":"Lazar","prenume":"Roxana","varsta":25,"punctaj":185},{"idParticipant":28,"nume":"Lupu","prenume":"George","varsta":33,"punctaj":199},{"idParticipant":29,"nume":"Manole","prenume":"Simona","varsta":25,"punctaj":117},{"idParticipant":8,"nume":"Marin","prenume":"Ana","varsta":29,"punctaj":134},{"idParticipant":14,"nume":"Munteanu","prenume":"Sorin","varsta":21,"punctaj":301},{"idParticipant":30,"nume":"Nedelcu","prenume":"Alexandra","varsta":28,"punctaj":169},{"idParticipant":15,"nume":"Nistor","prenume":"Carmen","varsta":33,"punctaj":189},{"idParticipant":40,"nume":"nume","prenume":"prenume","varsta":20,"punctaj":300},{"idParticipant":31,"nume":"Oprea","prenume":"Bogdan","varsta":27,"punctaj":282},{"idParticipant":32,"nume":"Pavel","prenume":"Monica","varsta":30,"punctaj":111},{"idParticipant":10,"nume":"Petrescu","prenume":"Gabriel","varsta":26,"punctaj":188},{"idParticipant":5,"nume":"Popa","prenume":"Mihai","varsta":35,"punctaj":282},{"idParticipant":1,"nume":"Popescu","prenume":"Ion","varsta":25,"punctaj":158},{"idParticipant":7,"nume":"Radu","prenume":"Cristian","varsta":24,"punctaj":256},{"idParticipant":33,"nume":"Rusu","prenume":"Andreea","varsta":29,"punctaj":313},{"idParticipant":34,"nume":"Sandu","prenume":"Victor","varsta":26,"punctaj":115},{"idParticipant":6,"nume":"Stan","prenume":"Ioana","varsta":27,"punctaj":289},{"idParticipant":35,"nume":"Toma","prenume":"Gabriela","varsta":31,"punctaj":132},{"idParticipant":9,"nume":"Tudor","prenume":"Alexandru","varsta":31,"punctaj":288},{"idParticipant":36,"nume":"Ursu","prenume":"Mihail","varsta":24,"punctaj":155},{"idParticipant":12,"nume":"Vasilescu","prenume":"Florin","varsta":23,"punctaj":472},{"idParticipant":37,"nume":"Vlad","prenume":"Anca","varsta":32,"punctaj":138},{"idParticipant":39,"nume":"Voicu","prenume":"Raluca","varsta":34,"punctaj":190},{"idParticipant":38,"nume":"Zamfir","prenume":"Lucian","varsta":23,"punctaj":177}]}
06 Apr 2025 15:50:56,484 DEBUG ro.mpp2024.protocol.ClientWorkerJson 103 handleRequest - Get rezultate request forUserDTO{nume='', username='', password='', probaId='c1'}
06 Apr 2025 15:50:56,484 TRACE ro.mpp2024.repository.RezultatRepository 168 listaParticiapntPuncteProbaDescrescator - Enter listaParticiapntPuncteProbaDescrescator
06 Apr 2025 15:50:56,484 TRACE ro.mpp2024.utils.JdbcUtils 48 getConnection - Enter
06 Apr 2025 15:50:56,485 TRACE ro.mpp2024.utils.JdbcUtils 57 getConnection - Exit with(org.sqlite.jdbc4.JDBC4Connection@22493c1a)
06 Apr 2025 15:50:56,485 TRACE ro.mpp2024.repository.RezultatRepository 186 listaParticiapntPuncteProbaDescrescator - Enter Terminat dictionar
06 Apr 2025 15:50:56,486 DEBUG ro.mpp2024.protocol.ClientWorkerJson 79 sendResponse - sending response {"type":"REZULTATE","punctaje":[{"idParticipant":38,"nume":"Zamfir","prenume":"Lucian","varsta":23,"punctaj":177},{"idParticipant":6,"nume":"Stan","prenume":"Ioana","varsta":27,"punctaj":152},{"idParticipant":9,"nume":"Tudor","prenume":"Alexandru","varsta":31,"punctaj":150},{"idParticipant":12,"nume":"Vasilescu","prenume":"Florin","varsta":23,"punctaj":100},{"idParticipant":18,"nume":"Barbu","prenume":"Irina","varsta":27,"punctaj":30},{"idParticipant":37,"nume":"Vlad","prenume":"Anca","varsta":32,"punctaj":10},{"idParticipant":21,"nume":"Dragomir","prenume":"Adrian","varsta":26,"punctaj":10},{"idParticipant":20,"nume":"Enache","prenume":"Laura","varsta":29,"punctaj":10},{"idParticipant":19,"nume":"Constantin","prenume":"Marius","varsta":30,"punctaj":10},{"idParticipant":17,"nume":"Gheorghe","prenume":"Vlad","varsta":28,"punctaj":10},{"idParticipant":13,"nume":"Dobre","prenume":"Adriana","varsta":34,"punctaj":10},{"idParticipant":11,"nume":"Iliescu","prenume":"Daniela","varsta":32,"punctaj":10},{"idParticipant":4,"nume":"Dumitrescu","prenume":"Elena","varsta":28,"punctaj":10},{"idParticipant":3,"nume":"Georgescu","prenume":"Andrei","varsta":22,"punctaj":10},{"idParticipant":1,"nume":"Popescu","prenume":"Ion","varsta":25,"punctaj":10}]}
06 Apr 2025 15:50:57,492 DEBUG ro.mpp2024.protocol.ClientWorkerJson 141 handleRequest - Get participanti request fornull
06 Apr 2025 15:50:57,492 TRACE ro.mpp2024.repository.ParticipantRepository 42 findAll - Enter
06 Apr 2025 15:50:57,492 TRACE ro.mpp2024.utils.JdbcUtils 48 getConnection - Enter
06 Apr 2025 15:50:57,493 TRACE ro.mpp2024.utils.JdbcUtils 57 getConnection - Exit with(org.sqlite.jdbc4.JDBC4Connection@22493c1a)
06 Apr 2025 15:50:57,493 TRACE ro.mpp2024.repository.ParticipantRepository 30 createEntityFromResultSet - Enter createEntityFromResultSet
06 Apr 2025 15:50:57,494 TRACE ro.mpp2024.repository.ParticipantRepository 36 createEntityFromResultSet - Exit with(Popescu Ion)
06 Apr 2025 15:50:57,494 TRACE ro.mpp2024.repository.ParticipantRepository 30 createEntityFromResultSet - Enter createEntityFromResultSet
06 Apr 2025 15:50:57,494 TRACE ro.mpp2024.repository.ParticipantRepository 36 createEntityFromResultSet - Exit with(Ionescu Maria)
06 Apr 2025 15:50:57,494 TRACE ro.mpp2024.repository.ParticipantRepository 30 createEntityFromResultSet - Enter createEntityFromResultSet
06 Apr 2025 15:50:57,494 TRACE ro.mpp2024.repository.ParticipantRepository 36 createEntityFromResultSet - Exit with(Georgescu Andrei)
06 Apr 2025 15:50:57,494 TRACE ro.mpp2024.repository.ParticipantRepository 30 createEntityFromResultSet - Enter createEntityFromResultSet
06 Apr 2025 15:50:57,495 TRACE ro.mpp2024.repository.ParticipantRepository 36 createEntityFromResultSet - Exit with(Dumitrescu Elena)
06 Apr 2025 15:50:57,495 TRACE ro.mpp2024.repository.ParticipantRepository 30 createEntityFromResultSet - Enter createEntityFromResultSet
06 Apr 2025 15:50:57,495 TRACE ro.mpp2024.repository.ParticipantRepository 36 createEntityFromResultSet - Exit with(Popa Mihai)
06 Apr 2025 15:50:57,495 TRACE ro.mpp2024.repository.ParticipantRepository 30 createEntityFromResultSet - Enter createEntityFromResultSet
06 Apr 2025 15:50:57,495 TRACE ro.mpp2024.repository.ParticipantRepository 36 createEntityFromResultSet - Exit with(Stan Ioana)
06 Apr 2025 15:50:57,495 TRACE ro.mpp2024.repository.ParticipantRepository 30 createEntityFromResultSet - Enter createEntityFromResultSet
06 Apr 2025 15:50:57,495 TRACE ro.mpp2024.repository.ParticipantRepository 36 createEntityFromResultSet - Exit with(Radu Cristian)
06 Apr 2025 15:50:57,496 TRACE ro.mpp2024.repository.ParticipantRepository 30 createEntityFromResultSet - Enter createEntityFromResultSet
06 Apr 2025 15:50:57,496 TRACE ro.mpp2024.repository.ParticipantRepository 36 createEntityFromResultSet - Exit with(Marin Ana)
06 Apr 2025 15:50:57,496 TRACE ro.mpp2024.repository.ParticipantRepository 30 createEntityFromResultSet - Enter createEntityFromResultSet
06 Apr 2025 15:50:57,496 TRACE ro.mpp2024.repository.ParticipantRepository 36 createEntityFromResultSet - Exit with(Tudor Alexandru)
06 Apr 2025 15:50:57,496 TRACE ro.mpp2024.repository.ParticipantRepository 30 createEntityFromResultSet - Enter createEntityFromResultSet
06 Apr 2025 15:50:57,496 TRACE ro.mpp2024.repository.ParticipantRepository 36 createEntityFromResultSet - Exit with(Petrescu Gabriel)
06 Apr 2025 15:50:57,496 TRACE ro.mpp2024.repository.ParticipantRepository 30 createEntityFromResultSet - Enter createEntityFromResultSet
06 Apr 2025 15:50:57,496 TRACE ro.mpp2024.repository.ParticipantRepository 36 createEntityFromResultSet - Exit with(Iliescu Daniela)
06 Apr 2025 15:50:57,497 TRACE ro.mpp2024.repository.ParticipantRepository 30 createEntityFromResultSet - Enter createEntityFromResultSet
06 Apr 2025 15:50:57,497 TRACE ro.mpp2024.repository.ParticipantRepository 36 createEntityFromResultSet - Exit with(Vasilescu Florin)
06 Apr 2025 15:50:57,497 TRACE ro.mpp2024.repository.ParticipantRepository 30 createEntityFromResultSet - Enter createEntityFromResultSet
06 Apr 2025 15:50:57,497 TRACE ro.mpp2024.repository.ParticipantRepository 36 createEntityFromResultSet - Exit with(Dobre Adriana)
06 Apr 2025 15:50:57,497 TRACE ro.mpp2024.repository.ParticipantRepository 30 createEntityFromResultSet - Enter createEntityFromResultSet
06 Apr 2025 15:50:57,497 TRACE ro.mpp2024.repository.ParticipantRepository 36 createEntityFromResultSet - Exit with(Munteanu Sorin)
06 Apr 2025 15:50:57,497 TRACE ro.mpp2024.repository.ParticipantRepository 30 createEntityFromResultSet - Enter createEntityFromResultSet
06 Apr 2025 15:50:57,497 TRACE ro.mpp2024.repository.ParticipantRepository 36 createEntityFromResultSet - Exit with(Nistor Carmen)
06 Apr 2025 15:50:57,498 TRACE ro.mpp2024.repository.ParticipantRepository 30 createEntityFromResultSet - Enter createEntityFromResultSet
06 Apr 2025 15:50:57,498 TRACE ro.mpp2024.repository.ParticipantRepository 36 createEntityFromResultSet - Exit with(Lazar Roxana)
06 Apr 2025 15:50:57,498 TRACE ro.mpp2024.repository.ParticipantRepository 30 createEntityFromResultSet - Enter createEntityFromResultSet
06 Apr 2025 15:50:57,498 TRACE ro.mpp2024.repository.ParticipantRepository 36 createEntityFromResultSet - Exit with(Gheorghe Vlad)
06 Apr 2025 15:50:57,498 TRACE ro.mpp2024.repository.ParticipantRepository 30 createEntityFromResultSet - Enter createEntityFromResultSet
06 Apr 2025 15:50:57,498 TRACE ro.mpp2024.repository.ParticipantRepository 36 createEntityFromResultSet - Exit with(Barbu Irina)
06 Apr 2025 15:50:57,498 TRACE ro.mpp2024.repository.ParticipantRepository 30 createEntityFromResultSet - Enter createEntityFromResultSet
06 Apr 2025 15:50:57,498 TRACE ro.mpp2024.repository.ParticipantRepository 36 createEntityFromResultSet - Exit with(Constantin Marius)
06 Apr 2025 15:50:57,499 TRACE ro.mpp2024.repository.ParticipantRepository 30 createEntityFromResultSet - Enter createEntityFromResultSet
06 Apr 2025 15:50:57,499 TRACE ro.mpp2024.repository.ParticipantRepository 36 createEntityFromResultSet - Exit with(Enache Laura)
06 Apr 2025 15:50:57,499 TRACE ro.mpp2024.repository.ParticipantRepository 30 createEntityFromResultSet - Enter createEntityFromResultSet
06 Apr 2025 15:50:57,499 TRACE ro.mpp2024.repository.ParticipantRepository 36 createEntityFromResultSet - Exit with(Dragomir Adrian)
06 Apr 2025 15:50:57,499 TRACE ro.mpp2024.repository.ParticipantRepository 30 createEntityFromResultSet - Enter createEntityFromResultSet
06 Apr 2025 15:50:57,499 TRACE ro.mpp2024.repository.ParticipantRepository 36 createEntityFromResultSet - Exit with(Filip Bianca)
06 Apr 2025 15:50:57,499 TRACE ro.mpp2024.repository.ParticipantRepository 30 createEntityFromResultSet - Enter createEntityFromResultSet
06 Apr 2025 15:50:57,499 TRACE ro.mpp2024.repository.ParticipantRepository 36 createEntityFromResultSet - Exit with(Grigore Stefan)
06 Apr 2025 15:50:57,500 TRACE ro.mpp2024.repository.ParticipantRepository 30 createEntityFromResultSet - Enter createEntityFromResultSet
06 Apr 2025 15:50:57,500 TRACE ro.mpp2024.repository.ParticipantRepository 36 createEntityFromResultSet - Exit with(Hagi Diana)
06 Apr 2025 15:50:57,500 TRACE ro.mpp2024.repository.ParticipantRepository 30 createEntityFromResultSet - Enter createEntityFromResultSet
06 Apr 2025 15:50:57,500 TRACE ro.mpp2024.repository.ParticipantRepository 36 createEntityFromResultSet - Exit with(Iacob Radu)
06 Apr 2025 15:50:57,500 TRACE ro.mpp2024.repository.ParticipantRepository 30 createEntityFromResultSet - Enter createEntityFromResultSet
06 Apr 2025 15:50:57,500 TRACE ro.mpp2024.repository.ParticipantRepository 36 createEntityFromResultSet - Exit with(Jianu Oana)
06 Apr 2025 15:50:57,500 TRACE ro.mpp2024.repository.ParticipantRepository 30 createEntityFromResultSet - Enter createEntityFromResultSet
06 Apr 2025 15:50:57,500 TRACE ro.mpp2024.repository.ParticipantRepository 36 createEntityFromResultSet - Exit with(Kovacs Cristina)
06 Apr 2025 15:50:57,500 TRACE ro.mpp2024.repository.ParticipantRepository 30 createEntityFromResultSet - Enter createEntityFromResultSet
06 Apr 2025 15:50:57,501 TRACE ro.mpp2024.repository.ParticipantRepository 36 createEntityFromResultSet - Exit with(Lupu George)
06 Apr 2025 15:50:57,501 TRACE ro.mpp2024.repository.ParticipantRepository 30 createEntityFromResultSet - Enter createEntityFromResultSet
06 Apr 2025 15:50:57,501 TRACE ro.mpp2024.repository.ParticipantRepository 36 createEntityFromResultSet - Exit with(Manole Simona)
06 Apr 2025 15:50:57,501 TRACE ro.mpp2024.repository.ParticipantRepository 30 createEntityFromResultSet - Enter createEntityFromResultSet
06 Apr 2025 15:50:57,501 TRACE ro.mpp2024.repository.ParticipantRepository 36 createEntityFromResultSet - Exit with(Nedelcu Alexandra)
06 Apr 2025 15:50:57,501 TRACE ro.mpp2024.repository.ParticipantRepository 30 createEntityFromResultSet - Enter createEntityFromResultSet
06 Apr 2025 15:50:57,501 TRACE ro.mpp2024.repository.ParticipantRepository 36 createEntityFromResultSet - Exit with(Oprea Bogdan)
06 Apr 2025 15:50:57,501 TRACE ro.mpp2024.repository.ParticipantRepository 30 createEntityFromResultSet - Enter createEntityFromResultSet
06 Apr 2025 15:50:57,502 TRACE ro.mpp2024.repository.ParticipantRepository 36 createEntityFromResultSet - Exit with(Pavel Monica)
06 Apr 2025 15:50:57,502 TRACE ro.mpp2024.repository.ParticipantRepository 30 createEntityFromResultSet - Enter createEntityFromResultSet
06 Apr 2025 15:50:57,502 TRACE ro.mpp2024.repository.ParticipantRepository 36 createEntityFromResultSet - Exit with(Rusu Andreea)
06 Apr 2025 15:50:57,502 TRACE ro.mpp2024.repository.ParticipantRepository 30 createEntityFromResultSet - Enter createEntityFromResultSet
06 Apr 2025 15:50:57,502 TRACE ro.mpp2024.repository.ParticipantRepository 36 createEntityFromResultSet - Exit with(Sandu Victor)
06 Apr 2025 15:50:57,502 TRACE ro.mpp2024.repository.ParticipantRepository 30 createEntityFromResultSet - Enter createEntityFromResultSet
06 Apr 2025 15:50:57,502 TRACE ro.mpp2024.repository.ParticipantRepository 36 createEntityFromResultSet - Exit with(Toma Gabriela)
06 Apr 2025 15:50:57,502 TRACE ro.mpp2024.repository.ParticipantRepository 30 createEntityFromResultSet - Enter createEntityFromResultSet
06 Apr 2025 15:50:57,502 TRACE ro.mpp2024.repository.ParticipantRepository 36 createEntityFromResultSet - Exit with(Ursu Mihail)
06 Apr 2025 15:50:57,503 TRACE ro.mpp2024.repository.ParticipantRepository 30 createEntityFromResultSet - Enter createEntityFromResultSet
06 Apr 2025 15:50:57,503 TRACE ro.mpp2024.repository.ParticipantRepository 36 createEntityFromResultSet - Exit with(Vlad Anca)
06 Apr 2025 15:50:57,503 TRACE ro.mpp2024.repository.ParticipantRepository 30 createEntityFromResultSet - Enter createEntityFromResultSet
06 Apr 2025 15:50:57,503 TRACE ro.mpp2024.repository.ParticipantRepository 36 createEntityFromResultSet - Exit with(Zamfir Lucian)
06 Apr 2025 15:50:57,503 TRACE ro.mpp2024.repository.ParticipantRepository 30 createEntityFromResultSet - Enter createEntityFromResultSet
06 Apr 2025 15:50:57,503 TRACE ro.mpp2024.repository.ParticipantRepository 36 createEntityFromResultSet - Exit with(Voicu Raluca)
06 Apr 2025 15:50:57,503 TRACE ro.mpp2024.repository.ParticipantRepository 30 createEntityFromResultSet - Enter createEntityFromResultSet
06 Apr 2025 15:50:57,503 TRACE ro.mpp2024.repository.ParticipantRepository 36 createEntityFromResultSet - Exit with(nume prenume)
06 Apr 2025 15:50:57,504 TRACE ro.mpp2024.repository.ParticipantRepository 56 findAll - Exit with([Popescu Ion, Ionescu Maria, Georgescu Andrei, Dumitrescu Elena, Popa Mihai, Stan Ioana, Radu Cristian, Marin Ana, Tudor Alexandru, Petrescu Gabriel, Iliescu Daniela, Vasilescu Florin, Dobre Adriana, Munteanu Sorin, Nistor Carmen, Lazar Roxana, Gheorghe Vlad, Barbu Irina, Constantin Marius, Enache Laura, Dragomir Adrian, Filip Bianca, Grigore Stefan, Hagi Diana, Iacob Radu, Jianu Oana, Kovacs Cristina, Lupu George, Manole Simona, Nedelcu Alexandra, Oprea Bogdan, Pavel Monica, Rusu Andreea, Sandu Victor, Toma Gabriela, Ursu Mihail, Vlad Anca, Zamfir Lucian, Voicu Raluca, nume prenume])
06 Apr 2025 15:50:57,505 DEBUG ro.mpp2024.protocol.ClientWorkerJson 79 sendResponse - sending response {"type":"PARTICIPANTI","participanti":[{"idParticipant":1,"nume":"Popescu","prenume":"Ion","varsta":25,"punctaj":0},{"idParticipant":2,"nume":"Ionescu","prenume":"Maria","varsta":30,"punctaj":0},{"idParticipant":3,"nume":"Georgescu","prenume":"Andrei","varsta":22,"punctaj":0},{"idParticipant":4,"nume":"Dumitrescu","prenume":"Elena","varsta":28,"punctaj":0},{"idParticipant":5,"nume":"Popa","prenume":"Mihai","varsta":35,"punctaj":0},{"idParticipant":6,"nume":"Stan","prenume":"Ioana","varsta":27,"punctaj":0},{"idParticipant":7,"nume":"Radu","prenume":"Cristian","varsta":24,"punctaj":0},{"idParticipant":8,"nume":"Marin","prenume":"Ana","varsta":29,"punctaj":0},{"idParticipant":9,"nume":"Tudor","prenume":"Alexandru","varsta":31,"punctaj":0},{"idParticipant":10,"nume":"Petrescu","prenume":"Gabriel","varsta":26,"punctaj":0},{"idParticipant":11,"nume":"Iliescu","prenume":"Daniela","varsta":32,"punctaj":0},{"idParticipant":12,"nume":"Vasilescu","prenume":"Florin","varsta":23,"punctaj":0},{"idParticipant":13,"nume":"Dobre","prenume":"Adriana","varsta":34,"punctaj":0},{"idParticipant":14,"nume":"Munteanu","prenume":"Sorin","varsta":21,"punctaj":0},{"idParticipant":15,"nume":"Nistor","prenume":"Carmen","varsta":33,"punctaj":0},{"idParticipant":16,"nume":"Lazar","prenume":"Roxana","varsta":25,"punctaj":0},{"idParticipant":17,"nume":"Gheorghe","prenume":"Vlad","varsta":28,"punctaj":0},{"idParticipant":18,"nume":"Barbu","prenume":"Irina","varsta":27,"punctaj":0},{"idParticipant":19,"nume":"Constantin","prenume":"Marius","varsta":30,"punctaj":0},{"idParticipant":20,"nume":"Enache","prenume":"Laura","varsta":29,"punctaj":0},{"idParticipant":21,"nume":"Dragomir","prenume":"Adrian","varsta":26,"punctaj":0},{"idParticipant":22,"nume":"Filip","prenume":"Bianca","varsta":31,"punctaj":0},{"idParticipant":23,"nume":"Grigore","prenume":"Stefan","varsta":24,"punctaj":0},{"idParticipant":24,"nume":"Hagi","prenume":"Diana","varsta":32,"punctaj":0},{"idParticipant":25,"nume":"Iacob","prenume":"Radu","varsta":23,"punctaj":0},{"idParticipant":26,"nume":"Jianu","prenume":"Oana","varsta":34,"punctaj":0},{"idParticipant":27,"nume":"Kovacs","prenume":"Cristina","varsta":21,"punctaj":0},{"idParticipant":28,"nume":"Lupu","prenume":"George","varsta":33,"punctaj":0},{"idParticipant":29,"nume":"Manole","prenume":"Simona","varsta":25,"punctaj":0},{"idParticipant":30,"nume":"Nedelcu","prenume":"Alexandra","varsta":28,"punctaj":0},{"idParticipant":31,"nume":"Oprea","prenume":"Bogdan","varsta":27,"punctaj":0},{"idParticipant":32,"nume":"Pavel","prenume":"Monica","varsta":30,"punctaj":0},{"idParticipant":33,"nume":"Rusu","prenume":"Andreea","varsta":29,"punctaj":0},{"idParticipant":34,"nume":"Sandu","prenume":"Victor","varsta":26,"punctaj":0},{"idParticipant":35,"nume":"Toma","prenume":"Gabriela","varsta":31,"punctaj":0},{"idParticipant":36,"nume":"Ursu","prenume":"Mihail","varsta":24,"punctaj":0},{"idParticipant":37,"nume":"Vlad","prenume":"Anca","varsta":32,"punctaj":0},{"idParticipant":38,"nume":"Zamfir","prenume":"Lucian","varsta":23,"punctaj":0},{"idParticipant":39,"nume":"Voicu","prenume":"Raluca","varsta":34,"punctaj":0},{"idParticipant":40,"nume":"nume","prenume":"prenume","varsta":20,"punctaj":0}]}
06 Apr 2025 15:51:14,190 DEBUG ro.mpp2024.protocol.ClientWorkerJson 126 handleRequest - Add rezultat request RezultatDTO{idProba='c1', idParticipant=23, puncte=10}
06 Apr 2025 15:51:14,190 TRACE ro.mpp2024.services.ServerService 40 addRezultat - Enter
06 Apr 2025 15:51:14,190 TRACE ro.mpp2024.repository.ParticipantRepository 62 findOne - Enter
06 Apr 2025 15:51:14,190 TRACE ro.mpp2024.utils.JdbcUtils 48 getConnection - Enter
06 Apr 2025 15:51:14,190 TRACE ro.mpp2024.utils.JdbcUtils 57 getConnection - Exit with(org.sqlite.jdbc4.JDBC4Connection@22493c1a)
06 Apr 2025 15:51:14,191 TRACE ro.mpp2024.repository.ParticipantRepository 30 createEntityFromResultSet - Enter createEntityFromResultSet
06 Apr 2025 15:51:14,191 TRACE ro.mpp2024.repository.ParticipantRepository 36 createEntityFromResultSet - Exit with(Grigore Stefan)
06 Apr 2025 15:51:14,192 TRACE ro.mpp2024.repository.ParticipantRepository 76 findOne - Exit with(Grigore Stefan)
06 Apr 2025 15:51:14,192 TRACE ro.mpp2024.repository.ProbaRepository 63 findOne - Enter findOne
06 Apr 2025 15:51:14,192 TRACE ro.mpp2024.utils.JdbcUtils 48 getConnection - Enter
06 Apr 2025 15:51:14,192 TRACE ro.mpp2024.utils.JdbcUtils 57 getConnection - Exit with(org.sqlite.jdbc4.JDBC4Connection@22493c1a)
06 Apr 2025 15:51:14,192 TRACE ro.mpp2024.repository.ProbaRepository 31 createEntityFromResultSet - Enter createEntityFromResultSet
06 Apr 2025 15:51:14,196 TRACE ro.mpp2024.repository.ProbaRepository 37 createEntityFromResultSet - Exit with(Proba{nume='Pedalat 200 de m', arbitru=1, categorie=ciclism})
06 Apr 2025 15:51:14,196 TRACE ro.mpp2024.repository.ProbaRepository 77 findOne - Exit with(Proba{nume='Pedalat 200 de m', arbitru=1, categorie=ciclism})
06 Apr 2025 15:51:14,196 TRACE ro.mpp2024.repository.RezultatRepository 116 save - Enter save
06 Apr 2025 15:51:14,196 TRACE ro.mpp2024.utils.JdbcUtils 48 getConnection - Enter
06 Apr 2025 15:51:14,196 TRACE ro.mpp2024.utils.JdbcUtils 57 getConnection - Exit with(org.sqlite.jdbc4.JDBC4Connection@22493c1a)
06 Apr 2025 15:51:14,207 TRACE ro.mpp2024.repository.RezultatRepository 127 save - Exit
06 Apr 2025 15:51:14,207 TRACE ro.mpp2024.services.ServerService 44 addRezultat - Exit
06 Apr 2025 15:51:14,207 DEBUG ro.mpp2024.protocol.ClientWorkerJson 79 sendResponse - sending response {"type":"REZULTAT_ADDED","rezultat":{"idProba":"c1","idParticipant":23,"numeParticipant":"Grigore","prenumeParticipant":"Stefan","puncte":10}}
06 Apr 2025 15:51:34,487 ERROR ro.mpp2024.protocol.ClientWorkerJson 56 run - java.net.SocketException: Connection reset
06 Apr 2025 15:51:34,487 ERROR ro.mpp2024.protocol.ClientWorkerJson 56 run - java.net.SocketException: Connection reset
06 Apr 2025 15:51:34,487 ERROR ro.mpp2024.protocol.ClientWorkerJson 56 run - java.net.SocketException: Connection reset
06 Apr 2025 15:51:34,489 ERROR ro.mpp2024.protocol.ClientWorkerJson 57 run - [Ljava.lang.StackTraceElement;@103de3ba
06 Apr 2025 15:51:34,489 ERROR ro.mpp2024.protocol.ClientWorkerJson 57 run - [Ljava.lang.StackTraceElement;@2cfe4481
06 Apr 2025 15:51:34,489 ERROR ro.mpp2024.protocol.ClientWorkerJson 57 run - [Ljava.lang.StackTraceElement;@1dafe764
06 Apr 2025 15:57:04,771 INFO  ro.mpp2024.StartJsonServer 24 main - Server properties: {server.port=55556, jdbc.url=jdbc:sqlite:src/main/resources/triatlon.db}
06 Apr 2025 15:57:04,775 INFO  ro.mpp2024.repository.ArbitruRepository 23 <init> - Initializing IArbitruRepository with properties: {} 
06 Apr 2025 15:57:04,776 INFO  ro.mpp2024.repository.ProbaRepository 25 <init> - Initializing ProbaRepository with properties: {} 
06 Apr 2025 15:57:04,776 INFO  ro.mpp2024.repository.ParticipantRepository 24 <init> - Initializing ParticipantRepository with properties: {} 
06 Apr 2025 15:57:04,777 INFO  ro.mpp2024.repository.RezultatRepository 25 <init> - Initializing RezultatRepository with properties: {} 
06 Apr 2025 15:57:04,778 INFO  ro.mpp2024.services.ServerService 32 <init> - Service Rezultat made
06 Apr 2025 15:57:04,779 DEBUG ro.mpp2024.StartJsonServer 50 main - Starting server on port: 55556
06 Apr 2025 15:57:04,779 DEBUG ro.mpp2024.networkUtils.AbsConcurrentServer 13 <init> - Concurrent AbstractServer
06 Apr 2025 15:57:04,779 INFO  ro.mpp2024.networkUtils.JsonConcurrentServer 17 <init> - JsonConcurrentServer
06 Apr 2025 15:57:04,783 INFO  chat.network.utils.AbstractServer 25 start - Waiting for clients ...
06 Apr 2025 15:57:32,326 INFO  chat.network.utils.AbstractServer 27 start - Client connected ...
06 Apr 2025 15:57:32,355 INFO  chat.network.utils.AbstractServer 25 start - Waiting for clients ...
06 Apr 2025 15:57:32,363 DEBUG ro.mpp2024.protocol.ClientWorkerJson 90 handleRequest - Login request UserDTO{nume='', username='bob.smith', password='U2VjdXJlUEBzczI=', probaId=''}
06 Apr 2025 15:57:32,365 TRACE ro.mpp2024.utils.JdbcUtils 48 getConnection - Enter
06 Apr 2025 15:57:32,365 TRACE ro.mpp2024.utils.JdbcUtils 25 getNewConnection - Enter
06 Apr 2025 15:57:32,365 INFO  ro.mpp2024.utils.JdbcUtils 30 getNewConnection - trying to connect to database ... jdbc:sqlite:src/main/resources/triatlon.db
06 Apr 2025 15:57:32,366 INFO  ro.mpp2024.utils.JdbcUtils 31 getNewConnection - user: null
06 Apr 2025 15:57:32,366 INFO  ro.mpp2024.utils.JdbcUtils 32 getNewConnection - pass: null
06 Apr 2025 15:57:32,464 TRACE ro.mpp2024.utils.JdbcUtils 57 getConnection - Exit with(org.sqlite.jdbc4.JDBC4Connection@73cfe8e1)
06 Apr 2025 15:57:32,466 TRACE ro.mpp2024.repository.ArbitruRepository 29 createEntityFromResultSet - Enter createEntityFromResultSet
06 Apr 2025 15:57:32,467 TRACE ro.mpp2024.repository.ArbitruRepository 36 createEntityFromResultSet - Exit with(Arbitru{nume='Bob Smith', username='bob.smith', password='U2VjdXJlUEBzczI=', id_proba=c1})
06 Apr 2025 15:57:32,470 DEBUG ro.mpp2024.protocol.ClientWorkerJson 79 sendResponse - sending response {"type":"LOGGED_ACC","user":{"id":21,"nume":"Bob Smith","username":"bob.smith","password":"U2VjdXJlUEBzczI\u003d","id_proba":"c1"}}
06 Apr 2025 15:57:33,477 DEBUG ro.mpp2024.protocol.ClientWorkerJson 115 handleRequest - Get all rezultate request fornull
06 Apr 2025 15:57:33,477 TRACE ro.mpp2024.repository.RezultatRepository 144 listaParticipantiPuncteAlfabetic - Enter listaParticipantiPuncteAlfabetic
06 Apr 2025 15:57:33,478 TRACE ro.mpp2024.utils.JdbcUtils 48 getConnection - Enter
06 Apr 2025 15:57:33,478 TRACE ro.mpp2024.utils.JdbcUtils 57 getConnection - Exit with(org.sqlite.jdbc4.JDBC4Connection@73cfe8e1)
06 Apr 2025 15:57:33,479 TRACE ro.mpp2024.repository.RezultatRepository 162 listaParticipantiPuncteAlfabetic - Enter Terminat dictionar
06 Apr 2025 15:57:33,480 DEBUG ro.mpp2024.protocol.ClientWorkerJson 79 sendResponse - sending response {"type":"ALL_REZULTATE","punctaje":[{"idParticipant":18,"nume":"Barbu","prenume":"Irina","varsta":27,"punctaj":230},{"idParticipant":19,"nume":"Constantin","prenume":"Marius","varsta":30,"punctaj":288},{"idParticipant":13,"nume":"Dobre","prenume":"Adriana","varsta":34,"punctaj":175},{"idParticipant":21,"nume":"Dragomir","prenume":"Adrian","varsta":26,"punctaj":140},{"idParticipant":4,"nume":"Dumitrescu","prenume":"Elena","varsta":28,"punctaj":153},{"idParticipant":20,"nume":"Enache","prenume":"Laura","varsta":29,"punctaj":325},{"idParticipant":22,"nume":"Filip","prenume":"Bianca","varsta":31,"punctaj":307},{"idParticipant":3,"nume":"Georgescu","prenume":"Andrei","varsta":22,"punctaj":132},{"idParticipant":17,"nume":"Gheorghe","prenume":"Vlad","varsta":28,"punctaj":210},{"idParticipant":23,"nume":"Grigore","prenume":"Stefan","varsta":24,"punctaj":155},{"idParticipant":24,"nume":"Hagi","prenume":"Diana","varsta":32,"punctaj":193},{"idParticipant":25,"nume":"Iacob","prenume":"Radu","varsta":23,"punctaj":195},{"idParticipant":11,"nume":"Iliescu","prenume":"Daniela","varsta":32,"punctaj":320},{"idParticipant":2,"nume":"Ionescu","prenume":"Maria","varsta":30,"punctaj":156},{"idParticipant":26,"nume":"Jianu","prenume":"Oana","varsta":34,"punctaj":142},{"idParticipant":27,"nume":"Kovacs","prenume":"Cristina","varsta":21,"punctaj":199},{"idParticipant":16,"nume":"Lazar","prenume":"Roxana","varsta":25,"punctaj":185},{"idParticipant":28,"nume":"Lupu","prenume":"George","varsta":33,"punctaj":199},{"idParticipant":29,"nume":"Manole","prenume":"Simona","varsta":25,"punctaj":117},{"idParticipant":8,"nume":"Marin","prenume":"Ana","varsta":29,"punctaj":134},{"idParticipant":14,"nume":"Munteanu","prenume":"Sorin","varsta":21,"punctaj":301},{"idParticipant":30,"nume":"Nedelcu","prenume":"Alexandra","varsta":28,"punctaj":169},{"idParticipant":15,"nume":"Nistor","prenume":"Carmen","varsta":33,"punctaj":189},{"idParticipant":40,"nume":"nume","prenume":"prenume","varsta":20,"punctaj":300},{"idParticipant":31,"nume":"Oprea","prenume":"Bogdan","varsta":27,"punctaj":282},{"idParticipant":32,"nume":"Pavel","prenume":"Monica","varsta":30,"punctaj":111},{"idParticipant":10,"nume":"Petrescu","prenume":"Gabriel","varsta":26,"punctaj":188},{"idParticipant":5,"nume":"Popa","prenume":"Mihai","varsta":35,"punctaj":282},{"idParticipant":1,"nume":"Popescu","prenume":"Ion","varsta":25,"punctaj":158},{"idParticipant":7,"nume":"Radu","prenume":"Cristian","varsta":24,"punctaj":256},{"idParticipant":33,"nume":"Rusu","prenume":"Andreea","varsta":29,"punctaj":313},{"idParticipant":34,"nume":"Sandu","prenume":"Victor","varsta":26,"punctaj":115},{"idParticipant":6,"nume":"Stan","prenume":"Ioana","varsta":27,"punctaj":289},{"idParticipant":35,"nume":"Toma","prenume":"Gabriela","varsta":31,"punctaj":132},{"idParticipant":9,"nume":"Tudor","prenume":"Alexandru","varsta":31,"punctaj":288},{"idParticipant":36,"nume":"Ursu","prenume":"Mihail","varsta":24,"punctaj":155},{"idParticipant":12,"nume":"Vasilescu","prenume":"Florin","varsta":23,"punctaj":472},{"idParticipant":37,"nume":"Vlad","prenume":"Anca","varsta":32,"punctaj":138},{"idParticipant":39,"nume":"Voicu","prenume":"Raluca","varsta":34,"punctaj":190},{"idParticipant":38,"nume":"Zamfir","prenume":"Lucian","varsta":23,"punctaj":177}]}
06 Apr 2025 15:57:34,484 DEBUG ro.mpp2024.protocol.ClientWorkerJson 103 handleRequest - Get rezultate request forUserDTO{nume='', username='', password='', probaId='c1'}
06 Apr 2025 15:57:34,485 TRACE ro.mpp2024.repository.RezultatRepository 168 listaParticiapntPuncteProbaDescrescator - Enter listaParticiapntPuncteProbaDescrescator
06 Apr 2025 15:57:34,485 TRACE ro.mpp2024.utils.JdbcUtils 48 getConnection - Enter
06 Apr 2025 15:57:34,485 TRACE ro.mpp2024.utils.JdbcUtils 57 getConnection - Exit with(org.sqlite.jdbc4.JDBC4Connection@73cfe8e1)
06 Apr 2025 15:57:34,486 TRACE ro.mpp2024.repository.RezultatRepository 186 listaParticiapntPuncteProbaDescrescator - Enter Terminat dictionar
06 Apr 2025 15:57:34,486 DEBUG ro.mpp2024.protocol.ClientWorkerJson 79 sendResponse - sending response {"type":"REZULTATE","punctaje":[{"idParticipant":38,"nume":"Zamfir","prenume":"Lucian","varsta":23,"punctaj":177},{"idParticipant":6,"nume":"Stan","prenume":"Ioana","varsta":27,"punctaj":152},{"idParticipant":9,"nume":"Tudor","prenume":"Alexandru","varsta":31,"punctaj":150},{"idParticipant":12,"nume":"Vasilescu","prenume":"Florin","varsta":23,"punctaj":100},{"idParticipant":18,"nume":"Barbu","prenume":"Irina","varsta":27,"punctaj":30},{"idParticipant":37,"nume":"Vlad","prenume":"Anca","varsta":32,"punctaj":10},{"idParticipant":23,"nume":"Grigore","prenume":"Stefan","varsta":24,"punctaj":10},{"idParticipant":21,"nume":"Dragomir","prenume":"Adrian","varsta":26,"punctaj":10},{"idParticipant":20,"nume":"Enache","prenume":"Laura","varsta":29,"punctaj":10},{"idParticipant":19,"nume":"Constantin","prenume":"Marius","varsta":30,"punctaj":10},{"idParticipant":17,"nume":"Gheorghe","prenume":"Vlad","varsta":28,"punctaj":10},{"idParticipant":13,"nume":"Dobre","prenume":"Adriana","varsta":34,"punctaj":10},{"idParticipant":11,"nume":"Iliescu","prenume":"Daniela","varsta":32,"punctaj":10},{"idParticipant":4,"nume":"Dumitrescu","prenume":"Elena","varsta":28,"punctaj":10},{"idParticipant":3,"nume":"Georgescu","prenume":"Andrei","varsta":22,"punctaj":10},{"idParticipant":1,"nume":"Popescu","prenume":"Ion","varsta":25,"punctaj":10}]}
06 Apr 2025 15:57:35,495 DEBUG ro.mpp2024.protocol.ClientWorkerJson 141 handleRequest - Get participanti request fornull
06 Apr 2025 15:57:35,495 TRACE ro.mpp2024.repository.ParticipantRepository 42 findAll - Enter
06 Apr 2025 15:57:35,496 TRACE ro.mpp2024.utils.JdbcUtils 48 getConnection - Enter
06 Apr 2025 15:57:35,496 TRACE ro.mpp2024.utils.JdbcUtils 57 getConnection - Exit with(org.sqlite.jdbc4.JDBC4Connection@73cfe8e1)
06 Apr 2025 15:57:35,496 TRACE ro.mpp2024.repository.ParticipantRepository 30 createEntityFromResultSet - Enter createEntityFromResultSet
06 Apr 2025 15:57:35,497 TRACE ro.mpp2024.repository.ParticipantRepository 36 createEntityFromResultSet - Exit with(Popescu Ion)
06 Apr 2025 15:57:35,497 TRACE ro.mpp2024.repository.ParticipantRepository 30 createEntityFromResultSet - Enter createEntityFromResultSet
06 Apr 2025 15:57:35,497 TRACE ro.mpp2024.repository.ParticipantRepository 36 createEntityFromResultSet - Exit with(Ionescu Maria)
06 Apr 2025 15:57:35,497 TRACE ro.mpp2024.repository.ParticipantRepository 30 createEntityFromResultSet - Enter createEntityFromResultSet
06 Apr 2025 15:57:35,497 TRACE ro.mpp2024.repository.ParticipantRepository 36 createEntityFromResultSet - Exit with(Georgescu Andrei)
06 Apr 2025 15:57:35,498 TRACE ro.mpp2024.repository.ParticipantRepository 30 createEntityFromResultSet - Enter createEntityFromResultSet
06 Apr 2025 15:57:35,498 TRACE ro.mpp2024.repository.ParticipantRepository 36 createEntityFromResultSet - Exit with(Dumitrescu Elena)
06 Apr 2025 15:57:35,498 TRACE ro.mpp2024.repository.ParticipantRepository 30 createEntityFromResultSet - Enter createEntityFromResultSet
06 Apr 2025 15:57:35,498 TRACE ro.mpp2024.repository.ParticipantRepository 36 createEntityFromResultSet - Exit with(Popa Mihai)
06 Apr 2025 15:57:35,498 TRACE ro.mpp2024.repository.ParticipantRepository 30 createEntityFromResultSet - Enter createEntityFromResultSet
06 Apr 2025 15:57:35,498 TRACE ro.mpp2024.repository.ParticipantRepository 36 createEntityFromResultSet - Exit with(Stan Ioana)
06 Apr 2025 15:57:35,498 TRACE ro.mpp2024.repository.ParticipantRepository 30 createEntityFromResultSet - Enter createEntityFromResultSet
06 Apr 2025 15:57:35,499 TRACE ro.mpp2024.repository.ParticipantRepository 36 createEntityFromResultSet - Exit with(Radu Cristian)
06 Apr 2025 15:57:35,499 TRACE ro.mpp2024.repository.ParticipantRepository 30 createEntityFromResultSet - Enter createEntityFromResultSet
06 Apr 2025 15:57:35,499 TRACE ro.mpp2024.repository.ParticipantRepository 36 createEntityFromResultSet - Exit with(Marin Ana)
06 Apr 2025 15:57:35,499 TRACE ro.mpp2024.repository.ParticipantRepository 30 createEntityFromResultSet - Enter createEntityFromResultSet
06 Apr 2025 15:57:35,499 TRACE ro.mpp2024.repository.ParticipantRepository 36 createEntityFromResultSet - Exit with(Tudor Alexandru)
06 Apr 2025 15:57:35,499 TRACE ro.mpp2024.repository.ParticipantRepository 30 createEntityFromResultSet - Enter createEntityFromResultSet
06 Apr 2025 15:57:35,499 TRACE ro.mpp2024.repository.ParticipantRepository 36 createEntityFromResultSet - Exit with(Petrescu Gabriel)
06 Apr 2025 15:57:35,499 TRACE ro.mpp2024.repository.ParticipantRepository 30 createEntityFromResultSet - Enter createEntityFromResultSet
06 Apr 2025 15:57:35,500 TRACE ro.mpp2024.repository.ParticipantRepository 36 createEntityFromResultSet - Exit with(Iliescu Daniela)
06 Apr 2025 15:57:35,500 TRACE ro.mpp2024.repository.ParticipantRepository 30 createEntityFromResultSet - Enter createEntityFromResultSet
06 Apr 2025 15:57:35,500 TRACE ro.mpp2024.repository.ParticipantRepository 36 createEntityFromResultSet - Exit with(Vasilescu Florin)
06 Apr 2025 15:57:35,500 TRACE ro.mpp2024.repository.ParticipantRepository 30 createEntityFromResultSet - Enter createEntityFromResultSet
06 Apr 2025 15:57:35,500 TRACE ro.mpp2024.repository.ParticipantRepository 36 createEntityFromResultSet - Exit with(Dobre Adriana)
06 Apr 2025 15:57:35,500 TRACE ro.mpp2024.repository.ParticipantRepository 30 createEntityFromResultSet - Enter createEntityFromResultSet
06 Apr 2025 15:57:35,500 TRACE ro.mpp2024.repository.ParticipantRepository 36 createEntityFromResultSet - Exit with(Munteanu Sorin)
06 Apr 2025 15:57:35,500 TRACE ro.mpp2024.repository.ParticipantRepository 30 createEntityFromResultSet - Enter createEntityFromResultSet
06 Apr 2025 15:57:35,501 TRACE ro.mpp2024.repository.ParticipantRepository 36 createEntityFromResultSet - Exit with(Nistor Carmen)
06 Apr 2025 15:57:35,501 TRACE ro.mpp2024.repository.ParticipantRepository 30 createEntityFromResultSet - Enter createEntityFromResultSet
06 Apr 2025 15:57:35,501 TRACE ro.mpp2024.repository.ParticipantRepository 36 createEntityFromResultSet - Exit with(Lazar Roxana)
06 Apr 2025 15:57:35,501 TRACE ro.mpp2024.repository.ParticipantRepository 30 createEntityFromResultSet - Enter createEntityFromResultSet
06 Apr 2025 15:57:35,501 TRACE ro.mpp2024.repository.ParticipantRepository 36 createEntityFromResultSet - Exit with(Gheorghe Vlad)
06 Apr 2025 15:57:35,501 TRACE ro.mpp2024.repository.ParticipantRepository 30 createEntityFromResultSet - Enter createEntityFromResultSet
06 Apr 2025 15:57:35,501 TRACE ro.mpp2024.repository.ParticipantRepository 36 createEntityFromResultSet - Exit with(Barbu Irina)
06 Apr 2025 15:57:35,501 TRACE ro.mpp2024.repository.ParticipantRepository 30 createEntityFromResultSet - Enter createEntityFromResultSet
06 Apr 2025 15:57:35,501 TRACE ro.mpp2024.repository.ParticipantRepository 36 createEntityFromResultSet - Exit with(Constantin Marius)
06 Apr 2025 15:57:35,502 TRACE ro.mpp2024.repository.ParticipantRepository 30 createEntityFromResultSet - Enter createEntityFromResultSet
06 Apr 2025 15:57:35,502 TRACE ro.mpp2024.repository.ParticipantRepository 36 createEntityFromResultSet - Exit with(Enache Laura)
06 Apr 2025 15:57:35,502 TRACE ro.mpp2024.repository.ParticipantRepository 30 createEntityFromResultSet - Enter createEntityFromResultSet
06 Apr 2025 15:57:35,502 TRACE ro.mpp2024.repository.ParticipantRepository 36 createEntityFromResultSet - Exit with(Dragomir Adrian)
06 Apr 2025 15:57:35,502 TRACE ro.mpp2024.repository.ParticipantRepository 30 createEntityFromResultSet - Enter createEntityFromResultSet
06 Apr 2025 15:57:35,502 TRACE ro.mpp2024.repository.ParticipantRepository 36 createEntityFromResultSet - Exit with(Filip Bianca)
06 Apr 2025 15:57:35,502 TRACE ro.mpp2024.repository.ParticipantRepository 30 createEntityFromResultSet - Enter createEntityFromResultSet
06 Apr 2025 15:57:35,502 TRACE ro.mpp2024.repository.ParticipantRepository 36 createEntityFromResultSet - Exit with(Grigore Stefan)
06 Apr 2025 15:57:35,503 TRACE ro.mpp2024.repository.ParticipantRepository 30 createEntityFromResultSet - Enter createEntityFromResultSet
06 Apr 2025 15:57:35,503 TRACE ro.mpp2024.repository.ParticipantRepository 36 createEntityFromResultSet - Exit with(Hagi Diana)
06 Apr 2025 15:57:35,503 TRACE ro.mpp2024.repository.ParticipantRepository 30 createEntityFromResultSet - Enter createEntityFromResultSet
06 Apr 2025 15:57:35,503 TRACE ro.mpp2024.repository.ParticipantRepository 36 createEntityFromResultSet - Exit with(Iacob Radu)
06 Apr 2025 15:57:35,503 TRACE ro.mpp2024.repository.ParticipantRepository 30 createEntityFromResultSet - Enter createEntityFromResultSet
06 Apr 2025 15:57:35,503 TRACE ro.mpp2024.repository.ParticipantRepository 36 createEntityFromResultSet - Exit with(Jianu Oana)
06 Apr 2025 15:57:35,503 TRACE ro.mpp2024.repository.ParticipantRepository 30 createEntityFromResultSet - Enter createEntityFromResultSet
06 Apr 2025 15:57:35,503 TRACE ro.mpp2024.repository.ParticipantRepository 36 createEntityFromResultSet - Exit with(Kovacs Cristina)
06 Apr 2025 15:57:35,503 TRACE ro.mpp2024.repository.ParticipantRepository 30 createEntityFromResultSet - Enter createEntityFromResultSet
06 Apr 2025 15:57:35,504 TRACE ro.mpp2024.repository.ParticipantRepository 36 createEntityFromResultSet - Exit with(Lupu George)
06 Apr 2025 15:57:35,504 TRACE ro.mpp2024.repository.ParticipantRepository 30 createEntityFromResultSet - Enter createEntityFromResultSet
06 Apr 2025 15:57:35,504 TRACE ro.mpp2024.repository.ParticipantRepository 36 createEntityFromResultSet - Exit with(Manole Simona)
06 Apr 2025 15:57:35,504 TRACE ro.mpp2024.repository.ParticipantRepository 30 createEntityFromResultSet - Enter createEntityFromResultSet
06 Apr 2025 15:57:35,504 TRACE ro.mpp2024.repository.ParticipantRepository 36 createEntityFromResultSet - Exit with(Nedelcu Alexandra)
06 Apr 2025 15:57:35,504 TRACE ro.mpp2024.repository.ParticipantRepository 30 createEntityFromResultSet - Enter createEntityFromResultSet
06 Apr 2025 15:57:35,504 TRACE ro.mpp2024.repository.ParticipantRepository 36 createEntityFromResultSet - Exit with(Oprea Bogdan)
06 Apr 2025 15:57:35,504 TRACE ro.mpp2024.repository.ParticipantRepository 30 createEntityFromResultSet - Enter createEntityFromResultSet
06 Apr 2025 15:57:35,504 TRACE ro.mpp2024.repository.ParticipantRepository 36 createEntityFromResultSet - Exit with(Pavel Monica)
06 Apr 2025 15:57:35,505 TRACE ro.mpp2024.repository.ParticipantRepository 30 createEntityFromResultSet - Enter createEntityFromResultSet
06 Apr 2025 15:57:35,505 TRACE ro.mpp2024.repository.ParticipantRepository 36 createEntityFromResultSet - Exit with(Rusu Andreea)
06 Apr 2025 15:57:35,505 TRACE ro.mpp2024.repository.ParticipantRepository 30 createEntityFromResultSet - Enter createEntityFromResultSet
06 Apr 2025 15:57:35,505 TRACE ro.mpp2024.repository.ParticipantRepository 36 createEntityFromResultSet - Exit with(Sandu Victor)
06 Apr 2025 15:57:35,505 TRACE ro.mpp2024.repository.ParticipantRepository 30 createEntityFromResultSet - Enter createEntityFromResultSet
06 Apr 2025 15:57:35,505 TRACE ro.mpp2024.repository.ParticipantRepository 36 createEntityFromResultSet - Exit with(Toma Gabriela)
06 Apr 2025 15:57:35,505 TRACE ro.mpp2024.repository.ParticipantRepository 30 createEntityFromResultSet - Enter createEntityFromResultSet
06 Apr 2025 15:57:35,505 TRACE ro.mpp2024.repository.ParticipantRepository 36 createEntityFromResultSet - Exit with(Ursu Mihail)
06 Apr 2025 15:57:35,506 TRACE ro.mpp2024.repository.ParticipantRepository 30 createEntityFromResultSet - Enter createEntityFromResultSet
06 Apr 2025 15:57:35,506 TRACE ro.mpp2024.repository.ParticipantRepository 36 createEntityFromResultSet - Exit with(Vlad Anca)
06 Apr 2025 15:57:35,506 TRACE ro.mpp2024.repository.ParticipantRepository 30 createEntityFromResultSet - Enter createEntityFromResultSet
06 Apr 2025 15:57:35,506 TRACE ro.mpp2024.repository.ParticipantRepository 36 createEntityFromResultSet - Exit with(Zamfir Lucian)
06 Apr 2025 15:57:35,506 TRACE ro.mpp2024.repository.ParticipantRepository 30 createEntityFromResultSet - Enter createEntityFromResultSet
06 Apr 2025 15:57:35,506 TRACE ro.mpp2024.repository.ParticipantRepository 36 createEntityFromResultSet - Exit with(Voicu Raluca)
06 Apr 2025 15:57:35,506 TRACE ro.mpp2024.repository.ParticipantRepository 30 createEntityFromResultSet - Enter createEntityFromResultSet
06 Apr 2025 15:57:35,506 TRACE ro.mpp2024.repository.ParticipantRepository 36 createEntityFromResultSet - Exit with(nume prenume)
06 Apr 2025 15:57:35,507 TRACE ro.mpp2024.repository.ParticipantRepository 56 findAll - Exit with([Popescu Ion, Ionescu Maria, Georgescu Andrei, Dumitrescu Elena, Popa Mihai, Stan Ioana, Radu Cristian, Marin Ana, Tudor Alexandru, Petrescu Gabriel, Iliescu Daniela, Vasilescu Florin, Dobre Adriana, Munteanu Sorin, Nistor Carmen, Lazar Roxana, Gheorghe Vlad, Barbu Irina, Constantin Marius, Enache Laura, Dragomir Adrian, Filip Bianca, Grigore Stefan, Hagi Diana, Iacob Radu, Jianu Oana, Kovacs Cristina, Lupu George, Manole Simona, Nedelcu Alexandra, Oprea Bogdan, Pavel Monica, Rusu Andreea, Sandu Victor, Toma Gabriela, Ursu Mihail, Vlad Anca, Zamfir Lucian, Voicu Raluca, nume prenume])
06 Apr 2025 15:57:35,508 DEBUG ro.mpp2024.protocol.ClientWorkerJson 79 sendResponse - sending response {"type":"PARTICIPANTI","participanti":[{"idParticipant":1,"nume":"Popescu","prenume":"Ion","varsta":25,"punctaj":0},{"idParticipant":2,"nume":"Ionescu","prenume":"Maria","varsta":30,"punctaj":0},{"idParticipant":3,"nume":"Georgescu","prenume":"Andrei","varsta":22,"punctaj":0},{"idParticipant":4,"nume":"Dumitrescu","prenume":"Elena","varsta":28,"punctaj":0},{"idParticipant":5,"nume":"Popa","prenume":"Mihai","varsta":35,"punctaj":0},{"idParticipant":6,"nume":"Stan","prenume":"Ioana","varsta":27,"punctaj":0},{"idParticipant":7,"nume":"Radu","prenume":"Cristian","varsta":24,"punctaj":0},{"idParticipant":8,"nume":"Marin","prenume":"Ana","varsta":29,"punctaj":0},{"idParticipant":9,"nume":"Tudor","prenume":"Alexandru","varsta":31,"punctaj":0},{"idParticipant":10,"nume":"Petrescu","prenume":"Gabriel","varsta":26,"punctaj":0},{"idParticipant":11,"nume":"Iliescu","prenume":"Daniela","varsta":32,"punctaj":0},{"idParticipant":12,"nume":"Vasilescu","prenume":"Florin","varsta":23,"punctaj":0},{"idParticipant":13,"nume":"Dobre","prenume":"Adriana","varsta":34,"punctaj":0},{"idParticipant":14,"nume":"Munteanu","prenume":"Sorin","varsta":21,"punctaj":0},{"idParticipant":15,"nume":"Nistor","prenume":"Carmen","varsta":33,"punctaj":0},{"idParticipant":16,"nume":"Lazar","prenume":"Roxana","varsta":25,"punctaj":0},{"idParticipant":17,"nume":"Gheorghe","prenume":"Vlad","varsta":28,"punctaj":0},{"idParticipant":18,"nume":"Barbu","prenume":"Irina","varsta":27,"punctaj":0},{"idParticipant":19,"nume":"Constantin","prenume":"Marius","varsta":30,"punctaj":0},{"idParticipant":20,"nume":"Enache","prenume":"Laura","varsta":29,"punctaj":0},{"idParticipant":21,"nume":"Dragomir","prenume":"Adrian","varsta":26,"punctaj":0},{"idParticipant":22,"nume":"Filip","prenume":"Bianca","varsta":31,"punctaj":0},{"idParticipant":23,"nume":"Grigore","prenume":"Stefan","varsta":24,"punctaj":0},{"idParticipant":24,"nume":"Hagi","prenume":"Diana","varsta":32,"punctaj":0},{"idParticipant":25,"nume":"Iacob","prenume":"Radu","varsta":23,"punctaj":0},{"idParticipant":26,"nume":"Jianu","prenume":"Oana","varsta":34,"punctaj":0},{"idParticipant":27,"nume":"Kovacs","prenume":"Cristina","varsta":21,"punctaj":0},{"idParticipant":28,"nume":"Lupu","prenume":"George","varsta":33,"punctaj":0},{"idParticipant":29,"nume":"Manole","prenume":"Simona","varsta":25,"punctaj":0},{"idParticipant":30,"nume":"Nedelcu","prenume":"Alexandra","varsta":28,"punctaj":0},{"idParticipant":31,"nume":"Oprea","prenume":"Bogdan","varsta":27,"punctaj":0},{"idParticipant":32,"nume":"Pavel","prenume":"Monica","varsta":30,"punctaj":0},{"idParticipant":33,"nume":"Rusu","prenume":"Andreea","varsta":29,"punctaj":0},{"idParticipant":34,"nume":"Sandu","prenume":"Victor","varsta":26,"punctaj":0},{"idParticipant":35,"nume":"Toma","prenume":"Gabriela","varsta":31,"punctaj":0},{"idParticipant":36,"nume":"Ursu","prenume":"Mihail","varsta":24,"punctaj":0},{"idParticipant":37,"nume":"Vlad","prenume":"Anca","varsta":32,"punctaj":0},{"idParticipant":38,"nume":"Zamfir","prenume":"Lucian","varsta":23,"punctaj":0},{"idParticipant":39,"nume":"Voicu","prenume":"Raluca","varsta":34,"punctaj":0},{"idParticipant":40,"nume":"nume","prenume":"prenume","varsta":20,"punctaj":0}]}
06 Apr 2025 15:57:39,861 DEBUG ro.mpp2024.protocol.ClientWorkerJson 126 handleRequest - Add rezultat request RezultatDTO{idProba='c1', idParticipant=22, puncte=10}
06 Apr 2025 15:57:39,861 TRACE ro.mpp2024.services.ServerService 40 addRezultat - Enter
06 Apr 2025 15:57:39,861 TRACE ro.mpp2024.repository.ParticipantRepository 62 findOne - Enter
06 Apr 2025 15:57:39,861 TRACE ro.mpp2024.utils.JdbcUtils 48 getConnection - Enter
06 Apr 2025 15:57:39,861 TRACE ro.mpp2024.utils.JdbcUtils 57 getConnection - Exit with(org.sqlite.jdbc4.JDBC4Connection@73cfe8e1)
06 Apr 2025 15:57:39,862 TRACE ro.mpp2024.repository.ParticipantRepository 30 createEntityFromResultSet - Enter createEntityFromResultSet
06 Apr 2025 15:57:39,862 TRACE ro.mpp2024.repository.ParticipantRepository 36 createEntityFromResultSet - Exit with(Filip Bianca)
06 Apr 2025 15:57:39,862 TRACE ro.mpp2024.repository.ParticipantRepository 76 findOne - Exit with(Filip Bianca)
06 Apr 2025 15:57:39,862 TRACE ro.mpp2024.repository.ProbaRepository 63 findOne - Enter findOne
06 Apr 2025 15:57:39,862 TRACE ro.mpp2024.utils.JdbcUtils 48 getConnection - Enter
06 Apr 2025 15:57:39,862 TRACE ro.mpp2024.utils.JdbcUtils 57 getConnection - Exit with(org.sqlite.jdbc4.JDBC4Connection@73cfe8e1)
06 Apr 2025 15:57:39,863 TRACE ro.mpp2024.repository.ProbaRepository 31 createEntityFromResultSet - Enter createEntityFromResultSet
06 Apr 2025 15:57:39,866 TRACE ro.mpp2024.repository.ProbaRepository 37 createEntityFromResultSet - Exit with(Proba{nume='Pedalat 200 de m', arbitru=1, categorie=ciclism})
06 Apr 2025 15:57:39,866 TRACE ro.mpp2024.repository.ProbaRepository 77 findOne - Exit with(Proba{nume='Pedalat 200 de m', arbitru=1, categorie=ciclism})
06 Apr 2025 15:57:39,866 TRACE ro.mpp2024.repository.RezultatRepository 116 save - Enter save
06 Apr 2025 15:57:39,866 TRACE ro.mpp2024.utils.JdbcUtils 48 getConnection - Enter
06 Apr 2025 15:57:39,866 TRACE ro.mpp2024.utils.JdbcUtils 57 getConnection - Exit with(org.sqlite.jdbc4.JDBC4Connection@73cfe8e1)
06 Apr 2025 15:57:39,876 TRACE ro.mpp2024.repository.RezultatRepository 127 save - Exit
06 Apr 2025 15:57:39,876 TRACE ro.mpp2024.services.ServerService 44 addRezultat - Exit
06 Apr 2025 15:57:39,876 DEBUG ro.mpp2024.protocol.ClientWorkerJson 79 sendResponse - sending response {"type":"REZULTAT_ADDED","rezultat":{"idProba":"c1","idParticipant":22,"numeParticipant":"Filip","prenumeParticipant":"Bianca","puncte":10}}
06 Apr 2025 15:57:52,881 ERROR ro.mpp2024.protocol.ClientWorkerJson 56 run - java.net.SocketException: Connection reset
06 Apr 2025 15:57:52,881 ERROR ro.mpp2024.protocol.ClientWorkerJson 57 run - [Ljava.lang.StackTraceElement;@742874bd
06 Apr 2025 15:59:40,942 INFO  ro.mpp2024.StartJsonServer 24 main - Server properties: {server.port=55556, jdbc.url=jdbc:sqlite:src/main/resources/triatlon.db}
06 Apr 2025 15:59:40,947 INFO  ro.mpp2024.repository.ArbitruRepository 23 <init> - Initializing IArbitruRepository with properties: {} 
06 Apr 2025 15:59:40,948 INFO  ro.mpp2024.repository.ProbaRepository 25 <init> - Initializing ProbaRepository with properties: {} 
06 Apr 2025 15:59:40,949 INFO  ro.mpp2024.repository.ParticipantRepository 24 <init> - Initializing ParticipantRepository with properties: {} 
06 Apr 2025 15:59:40,950 INFO  ro.mpp2024.repository.RezultatRepository 25 <init> - Initializing RezultatRepository with properties: {} 
06 Apr 2025 15:59:40,951 INFO  ro.mpp2024.services.ServerService 32 <init> - Service Rezultat made
06 Apr 2025 15:59:40,952 DEBUG ro.mpp2024.StartJsonServer 50 main - Starting server on port: 55556
06 Apr 2025 15:59:40,952 DEBUG ro.mpp2024.networkUtils.AbsConcurrentServer 13 <init> - Concurrent AbstractServer
06 Apr 2025 15:59:40,952 INFO  ro.mpp2024.networkUtils.JsonConcurrentServer 17 <init> - JsonConcurrentServer
06 Apr 2025 15:59:40,957 INFO  chat.network.utils.AbstractServer 25 start - Waiting for clients ...
06 Apr 2025 15:59:42,239 INFO  chat.network.utils.AbstractServer 27 start - Client connected ...
06 Apr 2025 15:59:42,268 INFO  chat.network.utils.AbstractServer 25 start - Waiting for clients ...
06 Apr 2025 15:59:42,276 DEBUG ro.mpp2024.protocol.ClientWorkerJson 90 handleRequest - Login request UserDTO{nume='', username='bob.smith', password='U2VjdXJlUEBzczI=', probaId=''}
06 Apr 2025 15:59:42,279 TRACE ro.mpp2024.utils.JdbcUtils 48 getConnection - Enter
06 Apr 2025 15:59:42,279 TRACE ro.mpp2024.utils.JdbcUtils 25 getNewConnection - Enter
06 Apr 2025 15:59:42,279 INFO  ro.mpp2024.utils.JdbcUtils 30 getNewConnection - trying to connect to database ... jdbc:sqlite:src/main/resources/triatlon.db
06 Apr 2025 15:59:42,280 INFO  ro.mpp2024.utils.JdbcUtils 31 getNewConnection - user: null
06 Apr 2025 15:59:42,280 INFO  ro.mpp2024.utils.JdbcUtils 32 getNewConnection - pass: null
06 Apr 2025 15:59:42,409 TRACE ro.mpp2024.utils.JdbcUtils 57 getConnection - Exit with(org.sqlite.jdbc4.JDBC4Connection@73cfe8e1)
06 Apr 2025 15:59:42,412 TRACE ro.mpp2024.repository.ArbitruRepository 29 createEntityFromResultSet - Enter createEntityFromResultSet
06 Apr 2025 15:59:42,413 TRACE ro.mpp2024.repository.ArbitruRepository 36 createEntityFromResultSet - Exit with(Arbitru{nume='Bob Smith', username='bob.smith', password='U2VjdXJlUEBzczI=', id_proba=c1})
06 Apr 2025 15:59:42,416 DEBUG ro.mpp2024.protocol.ClientWorkerJson 79 sendResponse - sending response {"type":"LOGGED_ACC","user":{"id":21,"nume":"Bob Smith","username":"bob.smith","password":"U2VjdXJlUEBzczI\u003d","id_proba":"c1"}}
06 Apr 2025 15:59:43,421 DEBUG ro.mpp2024.protocol.ClientWorkerJson 115 handleRequest - Get all rezultate request fornull
06 Apr 2025 15:59:43,421 TRACE ro.mpp2024.repository.RezultatRepository 144 listaParticipantiPuncteAlfabetic - Enter listaParticipantiPuncteAlfabetic
06 Apr 2025 15:59:43,422 TRACE ro.mpp2024.utils.JdbcUtils 48 getConnection - Enter
06 Apr 2025 15:59:43,422 TRACE ro.mpp2024.utils.JdbcUtils 57 getConnection - Exit with(org.sqlite.jdbc4.JDBC4Connection@73cfe8e1)
06 Apr 2025 15:59:43,423 TRACE ro.mpp2024.repository.RezultatRepository 162 listaParticipantiPuncteAlfabetic - Enter Terminat dictionar
06 Apr 2025 15:59:43,424 DEBUG ro.mpp2024.protocol.ClientWorkerJson 79 sendResponse - sending response {"type":"ALL_REZULTATE","punctaje":[{"idParticipant":18,"nume":"Barbu","prenume":"Irina","varsta":27,"punctaj":230},{"idParticipant":19,"nume":"Constantin","prenume":"Marius","varsta":30,"punctaj":288},{"idParticipant":13,"nume":"Dobre","prenume":"Adriana","varsta":34,"punctaj":175},{"idParticipant":21,"nume":"Dragomir","prenume":"Adrian","varsta":26,"punctaj":140},{"idParticipant":4,"nume":"Dumitrescu","prenume":"Elena","varsta":28,"punctaj":153},{"idParticipant":20,"nume":"Enache","prenume":"Laura","varsta":29,"punctaj":325},{"idParticipant":22,"nume":"Filip","prenume":"Bianca","varsta":31,"punctaj":317},{"idParticipant":3,"nume":"Georgescu","prenume":"Andrei","varsta":22,"punctaj":132},{"idParticipant":17,"nume":"Gheorghe","prenume":"Vlad","varsta":28,"punctaj":210},{"idParticipant":23,"nume":"Grigore","prenume":"Stefan","varsta":24,"punctaj":155},{"idParticipant":24,"nume":"Hagi","prenume":"Diana","varsta":32,"punctaj":193},{"idParticipant":25,"nume":"Iacob","prenume":"Radu","varsta":23,"punctaj":195},{"idParticipant":11,"nume":"Iliescu","prenume":"Daniela","varsta":32,"punctaj":320},{"idParticipant":2,"nume":"Ionescu","prenume":"Maria","varsta":30,"punctaj":156},{"idParticipant":26,"nume":"Jianu","prenume":"Oana","varsta":34,"punctaj":142},{"idParticipant":27,"nume":"Kovacs","prenume":"Cristina","varsta":21,"punctaj":199},{"idParticipant":16,"nume":"Lazar","prenume":"Roxana","varsta":25,"punctaj":185},{"idParticipant":28,"nume":"Lupu","prenume":"George","varsta":33,"punctaj":199},{"idParticipant":29,"nume":"Manole","prenume":"Simona","varsta":25,"punctaj":117},{"idParticipant":8,"nume":"Marin","prenume":"Ana","varsta":29,"punctaj":134},{"idParticipant":14,"nume":"Munteanu","prenume":"Sorin","varsta":21,"punctaj":301},{"idParticipant":30,"nume":"Nedelcu","prenume":"Alexandra","varsta":28,"punctaj":169},{"idParticipant":15,"nume":"Nistor","prenume":"Carmen","varsta":33,"punctaj":189},{"idParticipant":40,"nume":"nume","prenume":"prenume","varsta":20,"punctaj":300},{"idParticipant":31,"nume":"Oprea","prenume":"Bogdan","varsta":27,"punctaj":282},{"idParticipant":32,"nume":"Pavel","prenume":"Monica","varsta":30,"punctaj":111},{"idParticipant":10,"nume":"Petrescu","prenume":"Gabriel","varsta":26,"punctaj":188},{"idParticipant":5,"nume":"Popa","prenume":"Mihai","varsta":35,"punctaj":282},{"idParticipant":1,"nume":"Popescu","prenume":"Ion","varsta":25,"punctaj":158},{"idParticipant":7,"nume":"Radu","prenume":"Cristian","varsta":24,"punctaj":256},{"idParticipant":33,"nume":"Rusu","prenume":"Andreea","varsta":29,"punctaj":313},{"idParticipant":34,"nume":"Sandu","prenume":"Victor","varsta":26,"punctaj":115},{"idParticipant":6,"nume":"Stan","prenume":"Ioana","varsta":27,"punctaj":289},{"idParticipant":35,"nume":"Toma","prenume":"Gabriela","varsta":31,"punctaj":132},{"idParticipant":9,"nume":"Tudor","prenume":"Alexandru","varsta":31,"punctaj":288},{"idParticipant":36,"nume":"Ursu","prenume":"Mihail","varsta":24,"punctaj":155},{"idParticipant":12,"nume":"Vasilescu","prenume":"Florin","varsta":23,"punctaj":472},{"idParticipant":37,"nume":"Vlad","prenume":"Anca","varsta":32,"punctaj":138},{"idParticipant":39,"nume":"Voicu","prenume":"Raluca","varsta":34,"punctaj":190},{"idParticipant":38,"nume":"Zamfir","prenume":"Lucian","varsta":23,"punctaj":177}]}
06 Apr 2025 15:59:44,435 DEBUG ro.mpp2024.protocol.ClientWorkerJson 103 handleRequest - Get rezultate request forUserDTO{nume='', username='', password='', probaId='c1'}
06 Apr 2025 15:59:44,435 TRACE ro.mpp2024.repository.RezultatRepository 168 listaParticiapntPuncteProbaDescrescator - Enter listaParticiapntPuncteProbaDescrescator
06 Apr 2025 15:59:44,436 TRACE ro.mpp2024.utils.JdbcUtils 48 getConnection - Enter
06 Apr 2025 15:59:44,436 TRACE ro.mpp2024.utils.JdbcUtils 57 getConnection - Exit with(org.sqlite.jdbc4.JDBC4Connection@73cfe8e1)
06 Apr 2025 15:59:44,437 TRACE ro.mpp2024.repository.RezultatRepository 186 listaParticiapntPuncteProbaDescrescator - Enter Terminat dictionar
06 Apr 2025 15:59:44,437 DEBUG ro.mpp2024.protocol.ClientWorkerJson 79 sendResponse - sending response {"type":"REZULTATE","punctaje":[{"idParticipant":38,"nume":"Zamfir","prenume":"Lucian","varsta":23,"punctaj":177},{"idParticipant":6,"nume":"Stan","prenume":"Ioana","varsta":27,"punctaj":152},{"idParticipant":9,"nume":"Tudor","prenume":"Alexandru","varsta":31,"punctaj":150},{"idParticipant":12,"nume":"Vasilescu","prenume":"Florin","varsta":23,"punctaj":100},{"idParticipant":18,"nume":"Barbu","prenume":"Irina","varsta":27,"punctaj":30},{"idParticipant":37,"nume":"Vlad","prenume":"Anca","varsta":32,"punctaj":10},{"idParticipant":23,"nume":"Grigore","prenume":"Stefan","varsta":24,"punctaj":10},{"idParticipant":22,"nume":"Filip","prenume":"Bianca","varsta":31,"punctaj":10},{"idParticipant":21,"nume":"Dragomir","prenume":"Adrian","varsta":26,"punctaj":10},{"idParticipant":20,"nume":"Enache","prenume":"Laura","varsta":29,"punctaj":10},{"idParticipant":19,"nume":"Constantin","prenume":"Marius","varsta":30,"punctaj":10},{"idParticipant":17,"nume":"Gheorghe","prenume":"Vlad","varsta":28,"punctaj":10},{"idParticipant":13,"nume":"Dobre","prenume":"Adriana","varsta":34,"punctaj":10},{"idParticipant":11,"nume":"Iliescu","prenume":"Daniela","varsta":32,"punctaj":10},{"idParticipant":4,"nume":"Dumitrescu","prenume":"Elena","varsta":28,"punctaj":10},{"idParticipant":3,"nume":"Georgescu","prenume":"Andrei","varsta":22,"punctaj":10},{"idParticipant":1,"nume":"Popescu","prenume":"Ion","varsta":25,"punctaj":10}]}
06 Apr 2025 15:59:45,445 DEBUG ro.mpp2024.protocol.ClientWorkerJson 141 handleRequest - Get participanti request fornull
06 Apr 2025 15:59:45,447 TRACE ro.mpp2024.repository.ParticipantRepository 42 findAll - Enter
06 Apr 2025 15:59:45,447 TRACE ro.mpp2024.utils.JdbcUtils 48 getConnection - Enter
06 Apr 2025 15:59:45,447 TRACE ro.mpp2024.utils.JdbcUtils 57 getConnection - Exit with(org.sqlite.jdbc4.JDBC4Connection@73cfe8e1)
06 Apr 2025 15:59:45,448 TRACE ro.mpp2024.repository.ParticipantRepository 30 createEntityFromResultSet - Enter createEntityFromResultSet
06 Apr 2025 15:59:45,448 TRACE ro.mpp2024.repository.ParticipantRepository 36 createEntityFromResultSet - Exit with(Popescu Ion)
06 Apr 2025 15:59:45,448 TRACE ro.mpp2024.repository.ParticipantRepository 30 createEntityFromResultSet - Enter createEntityFromResultSet
06 Apr 2025 15:59:45,449 TRACE ro.mpp2024.repository.ParticipantRepository 36 createEntityFromResultSet - Exit with(Ionescu Maria)
06 Apr 2025 15:59:45,449 TRACE ro.mpp2024.repository.ParticipantRepository 30 createEntityFromResultSet - Enter createEntityFromResultSet
06 Apr 2025 15:59:45,449 TRACE ro.mpp2024.repository.ParticipantRepository 36 createEntityFromResultSet - Exit with(Georgescu Andrei)
06 Apr 2025 15:59:45,449 TRACE ro.mpp2024.repository.ParticipantRepository 30 createEntityFromResultSet - Enter createEntityFromResultSet
06 Apr 2025 15:59:45,449 TRACE ro.mpp2024.repository.ParticipantRepository 36 createEntityFromResultSet - Exit with(Dumitrescu Elena)
06 Apr 2025 15:59:45,449 TRACE ro.mpp2024.repository.ParticipantRepository 30 createEntityFromResultSet - Enter createEntityFromResultSet
06 Apr 2025 15:59:45,449 TRACE ro.mpp2024.repository.ParticipantRepository 36 createEntityFromResultSet - Exit with(Popa Mihai)
06 Apr 2025 15:59:45,449 TRACE ro.mpp2024.repository.ParticipantRepository 30 createEntityFromResultSet - Enter createEntityFromResultSet
06 Apr 2025 15:59:45,449 TRACE ro.mpp2024.repository.ParticipantRepository 36 createEntityFromResultSet - Exit with(Stan Ioana)
06 Apr 2025 15:59:45,449 TRACE ro.mpp2024.repository.ParticipantRepository 30 createEntityFromResultSet - Enter createEntityFromResultSet
06 Apr 2025 15:59:45,449 TRACE ro.mpp2024.repository.ParticipantRepository 36 createEntityFromResultSet - Exit with(Radu Cristian)
06 Apr 2025 15:59:45,449 TRACE ro.mpp2024.repository.ParticipantRepository 30 createEntityFromResultSet - Enter createEntityFromResultSet
06 Apr 2025 15:59:45,449 TRACE ro.mpp2024.repository.ParticipantRepository 36 createEntityFromResultSet - Exit with(Marin Ana)
06 Apr 2025 15:59:45,449 TRACE ro.mpp2024.repository.ParticipantRepository 30 createEntityFromResultSet - Enter createEntityFromResultSet
06 Apr 2025 15:59:45,449 TRACE ro.mpp2024.repository.ParticipantRepository 36 createEntityFromResultSet - Exit with(Tudor Alexandru)
06 Apr 2025 15:59:45,450 TRACE ro.mpp2024.repository.ParticipantRepository 30 createEntityFromResultSet - Enter createEntityFromResultSet
06 Apr 2025 15:59:45,450 TRACE ro.mpp2024.repository.ParticipantRepository 36 createEntityFromResultSet - Exit with(Petrescu Gabriel)
06 Apr 2025 15:59:45,450 TRACE ro.mpp2024.repository.ParticipantRepository 30 createEntityFromResultSet - Enter createEntityFromResultSet
06 Apr 2025 15:59:45,450 TRACE ro.mpp2024.repository.ParticipantRepository 36 createEntityFromResultSet - Exit with(Iliescu Daniela)
06 Apr 2025 15:59:45,450 TRACE ro.mpp2024.repository.ParticipantRepository 30 createEntityFromResultSet - Enter createEntityFromResultSet
06 Apr 2025 15:59:45,450 TRACE ro.mpp2024.repository.ParticipantRepository 36 createEntityFromResultSet - Exit with(Vasilescu Florin)
06 Apr 2025 15:59:45,450 TRACE ro.mpp2024.repository.ParticipantRepository 30 createEntityFromResultSet - Enter createEntityFromResultSet
06 Apr 2025 15:59:45,450 TRACE ro.mpp2024.repository.ParticipantRepository 36 createEntityFromResultSet - Exit with(Dobre Adriana)
06 Apr 2025 15:59:45,451 TRACE ro.mpp2024.repository.ParticipantRepository 30 createEntityFromResultSet - Enter createEntityFromResultSet
06 Apr 2025 15:59:45,451 TRACE ro.mpp2024.repository.ParticipantRepository 36 createEntityFromResultSet - Exit with(Munteanu Sorin)
06 Apr 2025 15:59:45,451 TRACE ro.mpp2024.repository.ParticipantRepository 30 createEntityFromResultSet - Enter createEntityFromResultSet
06 Apr 2025 15:59:45,451 TRACE ro.mpp2024.repository.ParticipantRepository 36 createEntityFromResultSet - Exit with(Nistor Carmen)
06 Apr 2025 15:59:45,451 TRACE ro.mpp2024.repository.ParticipantRepository 30 createEntityFromResultSet - Enter createEntityFromResultSet
06 Apr 2025 15:59:45,451 TRACE ro.mpp2024.repository.ParticipantRepository 36 createEntityFromResultSet - Exit with(Lazar Roxana)
06 Apr 2025 15:59:45,451 TRACE ro.mpp2024.repository.ParticipantRepository 30 createEntityFromResultSet - Enter createEntityFromResultSet
06 Apr 2025 15:59:45,451 TRACE ro.mpp2024.repository.ParticipantRepository 36 createEntityFromResultSet - Exit with(Gheorghe Vlad)
06 Apr 2025 15:59:45,451 TRACE ro.mpp2024.repository.ParticipantRepository 30 createEntityFromResultSet - Enter createEntityFromResultSet
06 Apr 2025 15:59:45,452 TRACE ro.mpp2024.repository.ParticipantRepository 36 createEntityFromResultSet - Exit with(Barbu Irina)
06 Apr 2025 15:59:45,452 TRACE ro.mpp2024.repository.ParticipantRepository 30 createEntityFromResultSet - Enter createEntityFromResultSet
06 Apr 2025 15:59:45,452 TRACE ro.mpp2024.repository.ParticipantRepository 36 createEntityFromResultSet - Exit with(Constantin Marius)
06 Apr 2025 15:59:45,452 TRACE ro.mpp2024.repository.ParticipantRepository 30 createEntityFromResultSet - Enter createEntityFromResultSet
06 Apr 2025 15:59:45,452 TRACE ro.mpp2024.repository.ParticipantRepository 36 createEntityFromResultSet - Exit with(Enache Laura)
06 Apr 2025 15:59:45,452 TRACE ro.mpp2024.repository.ParticipantRepository 30 createEntityFromResultSet - Enter createEntityFromResultSet
06 Apr 2025 15:59:45,452 TRACE ro.mpp2024.repository.ParticipantRepository 36 createEntityFromResultSet - Exit with(Dragomir Adrian)
06 Apr 2025 15:59:45,452 TRACE ro.mpp2024.repository.ParticipantRepository 30 createEntityFromResultSet - Enter createEntityFromResultSet
06 Apr 2025 15:59:45,452 TRACE ro.mpp2024.repository.ParticipantRepository 36 createEntityFromResultSet - Exit with(Filip Bianca)
06 Apr 2025 15:59:45,453 TRACE ro.mpp2024.repository.ParticipantRepository 30 createEntityFromResultSet - Enter createEntityFromResultSet
06 Apr 2025 15:59:45,453 TRACE ro.mpp2024.repository.ParticipantRepository 36 createEntityFromResultSet - Exit with(Grigore Stefan)
06 Apr 2025 15:59:45,453 TRACE ro.mpp2024.repository.ParticipantRepository 30 createEntityFromResultSet - Enter createEntityFromResultSet
06 Apr 2025 15:59:45,453 TRACE ro.mpp2024.repository.ParticipantRepository 36 createEntityFromResultSet - Exit with(Hagi Diana)
06 Apr 2025 15:59:45,453 TRACE ro.mpp2024.repository.ParticipantRepository 30 createEntityFromResultSet - Enter createEntityFromResultSet
06 Apr 2025 15:59:45,453 TRACE ro.mpp2024.repository.ParticipantRepository 36 createEntityFromResultSet - Exit with(Iacob Radu)
06 Apr 2025 15:59:45,453 TRACE ro.mpp2024.repository.ParticipantRepository 30 createEntityFromResultSet - Enter createEntityFromResultSet
06 Apr 2025 15:59:45,453 TRACE ro.mpp2024.repository.ParticipantRepository 36 createEntityFromResultSet - Exit with(Jianu Oana)
06 Apr 2025 15:59:45,454 TRACE ro.mpp2024.repository.ParticipantRepository 30 createEntityFromResultSet - Enter createEntityFromResultSet
06 Apr 2025 15:59:45,454 TRACE ro.mpp2024.repository.ParticipantRepository 36 createEntityFromResultSet - Exit with(Kovacs Cristina)
06 Apr 2025 15:59:45,454 TRACE ro.mpp2024.repository.ParticipantRepository 30 createEntityFromResultSet - Enter createEntityFromResultSet
06 Apr 2025 15:59:45,454 TRACE ro.mpp2024.repository.ParticipantRepository 36 createEntityFromResultSet - Exit with(Lupu George)
06 Apr 2025 15:59:45,454 TRACE ro.mpp2024.repository.ParticipantRepository 30 createEntityFromResultSet - Enter createEntityFromResultSet
06 Apr 2025 15:59:45,454 TRACE ro.mpp2024.repository.ParticipantRepository 36 createEntityFromResultSet - Exit with(Manole Simona)
06 Apr 2025 15:59:45,454 TRACE ro.mpp2024.repository.ParticipantRepository 30 createEntityFromResultSet - Enter createEntityFromResultSet
06 Apr 2025 15:59:45,454 TRACE ro.mpp2024.repository.ParticipantRepository 36 createEntityFromResultSet - Exit with(Nedelcu Alexandra)
06 Apr 2025 15:59:45,455 TRACE ro.mpp2024.repository.ParticipantRepository 30 createEntityFromResultSet - Enter createEntityFromResultSet
06 Apr 2025 15:59:45,455 TRACE ro.mpp2024.repository.ParticipantRepository 36 createEntityFromResultSet - Exit with(Oprea Bogdan)
06 Apr 2025 15:59:45,455 TRACE ro.mpp2024.repository.ParticipantRepository 30 createEntityFromResultSet - Enter createEntityFromResultSet
06 Apr 2025 15:59:45,455 TRACE ro.mpp2024.repository.ParticipantRepository 36 createEntityFromResultSet - Exit with(Pavel Monica)
06 Apr 2025 15:59:45,455 TRACE ro.mpp2024.repository.ParticipantRepository 30 createEntityFromResultSet - Enter createEntityFromResultSet
06 Apr 2025 15:59:45,455 TRACE ro.mpp2024.repository.ParticipantRepository 36 createEntityFromResultSet - Exit with(Rusu Andreea)
06 Apr 2025 15:59:45,455 TRACE ro.mpp2024.repository.ParticipantRepository 30 createEntityFromResultSet - Enter createEntityFromResultSet
06 Apr 2025 15:59:45,455 TRACE ro.mpp2024.repository.ParticipantRepository 36 createEntityFromResultSet - Exit with(Sandu Victor)
06 Apr 2025 15:59:45,455 TRACE ro.mpp2024.repository.ParticipantRepository 30 createEntityFromResultSet - Enter createEntityFromResultSet
06 Apr 2025 15:59:45,456 TRACE ro.mpp2024.repository.ParticipantRepository 36 createEntityFromResultSet - Exit with(Toma Gabriela)
06 Apr 2025 15:59:45,456 TRACE ro.mpp2024.repository.ParticipantRepository 30 createEntityFromResultSet - Enter createEntityFromResultSet
06 Apr 2025 15:59:45,456 TRACE ro.mpp2024.repository.ParticipantRepository 36 createEntityFromResultSet - Exit with(Ursu Mihail)
06 Apr 2025 15:59:45,456 TRACE ro.mpp2024.repository.ParticipantRepository 30 createEntityFromResultSet - Enter createEntityFromResultSet
06 Apr 2025 15:59:45,456 TRACE ro.mpp2024.repository.ParticipantRepository 36 createEntityFromResultSet - Exit with(Vlad Anca)
06 Apr 2025 15:59:45,456 TRACE ro.mpp2024.repository.ParticipantRepository 30 createEntityFromResultSet - Enter createEntityFromResultSet
06 Apr 2025 15:59:45,456 TRACE ro.mpp2024.repository.ParticipantRepository 36 createEntityFromResultSet - Exit with(Zamfir Lucian)
06 Apr 2025 15:59:45,456 TRACE ro.mpp2024.repository.ParticipantRepository 30 createEntityFromResultSet - Enter createEntityFromResultSet
06 Apr 2025 15:59:45,456 TRACE ro.mpp2024.repository.ParticipantRepository 36 createEntityFromResultSet - Exit with(Voicu Raluca)
06 Apr 2025 15:59:45,458 TRACE ro.mpp2024.repository.ParticipantRepository 30 createEntityFromResultSet - Enter createEntityFromResultSet
06 Apr 2025 15:59:45,458 TRACE ro.mpp2024.repository.ParticipantRepository 36 createEntityFromResultSet - Exit with(nume prenume)
06 Apr 2025 15:59:45,458 TRACE ro.mpp2024.repository.ParticipantRepository 56 findAll - Exit with([Popescu Ion, Ionescu Maria, Georgescu Andrei, Dumitrescu Elena, Popa Mihai, Stan Ioana, Radu Cristian, Marin Ana, Tudor Alexandru, Petrescu Gabriel, Iliescu Daniela, Vasilescu Florin, Dobre Adriana, Munteanu Sorin, Nistor Carmen, Lazar Roxana, Gheorghe Vlad, Barbu Irina, Constantin Marius, Enache Laura, Dragomir Adrian, Filip Bianca, Grigore Stefan, Hagi Diana, Iacob Radu, Jianu Oana, Kovacs Cristina, Lupu George, Manole Simona, Nedelcu Alexandra, Oprea Bogdan, Pavel Monica, Rusu Andreea, Sandu Victor, Toma Gabriela, Ursu Mihail, Vlad Anca, Zamfir Lucian, Voicu Raluca, nume prenume])
06 Apr 2025 15:59:45,459 DEBUG ro.mpp2024.protocol.ClientWorkerJson 79 sendResponse - sending response {"type":"PARTICIPANTI","participanti":[{"idParticipant":1,"nume":"Popescu","prenume":"Ion","varsta":25,"punctaj":0},{"idParticipant":2,"nume":"Ionescu","prenume":"Maria","varsta":30,"punctaj":0},{"idParticipant":3,"nume":"Georgescu","prenume":"Andrei","varsta":22,"punctaj":0},{"idParticipant":4,"nume":"Dumitrescu","prenume":"Elena","varsta":28,"punctaj":0},{"idParticipant":5,"nume":"Popa","prenume":"Mihai","varsta":35,"punctaj":0},{"idParticipant":6,"nume":"Stan","prenume":"Ioana","varsta":27,"punctaj":0},{"idParticipant":7,"nume":"Radu","prenume":"Cristian","varsta":24,"punctaj":0},{"idParticipant":8,"nume":"Marin","prenume":"Ana","varsta":29,"punctaj":0},{"idParticipant":9,"nume":"Tudor","prenume":"Alexandru","varsta":31,"punctaj":0},{"idParticipant":10,"nume":"Petrescu","prenume":"Gabriel","varsta":26,"punctaj":0},{"idParticipant":11,"nume":"Iliescu","prenume":"Daniela","varsta":32,"punctaj":0},{"idParticipant":12,"nume":"Vasilescu","prenume":"Florin","varsta":23,"punctaj":0},{"idParticipant":13,"nume":"Dobre","prenume":"Adriana","varsta":34,"punctaj":0},{"idParticipant":14,"nume":"Munteanu","prenume":"Sorin","varsta":21,"punctaj":0},{"idParticipant":15,"nume":"Nistor","prenume":"Carmen","varsta":33,"punctaj":0},{"idParticipant":16,"nume":"Lazar","prenume":"Roxana","varsta":25,"punctaj":0},{"idParticipant":17,"nume":"Gheorghe","prenume":"Vlad","varsta":28,"punctaj":0},{"idParticipant":18,"nume":"Barbu","prenume":"Irina","varsta":27,"punctaj":0},{"idParticipant":19,"nume":"Constantin","prenume":"Marius","varsta":30,"punctaj":0},{"idParticipant":20,"nume":"Enache","prenume":"Laura","varsta":29,"punctaj":0},{"idParticipant":21,"nume":"Dragomir","prenume":"Adrian","varsta":26,"punctaj":0},{"idParticipant":22,"nume":"Filip","prenume":"Bianca","varsta":31,"punctaj":0},{"idParticipant":23,"nume":"Grigore","prenume":"Stefan","varsta":24,"punctaj":0},{"idParticipant":24,"nume":"Hagi","prenume":"Diana","varsta":32,"punctaj":0},{"idParticipant":25,"nume":"Iacob","prenume":"Radu","varsta":23,"punctaj":0},{"idParticipant":26,"nume":"Jianu","prenume":"Oana","varsta":34,"punctaj":0},{"idParticipant":27,"nume":"Kovacs","prenume":"Cristina","varsta":21,"punctaj":0},{"idParticipant":28,"nume":"Lupu","prenume":"George","varsta":33,"punctaj":0},{"idParticipant":29,"nume":"Manole","prenume":"Simona","varsta":25,"punctaj":0},{"idParticipant":30,"nume":"Nedelcu","prenume":"Alexandra","varsta":28,"punctaj":0},{"idParticipant":31,"nume":"Oprea","prenume":"Bogdan","varsta":27,"punctaj":0},{"idParticipant":32,"nume":"Pavel","prenume":"Monica","varsta":30,"punctaj":0},{"idParticipant":33,"nume":"Rusu","prenume":"Andreea","varsta":29,"punctaj":0},{"idParticipant":34,"nume":"Sandu","prenume":"Victor","varsta":26,"punctaj":0},{"idParticipant":35,"nume":"Toma","prenume":"Gabriela","varsta":31,"punctaj":0},{"idParticipant":36,"nume":"Ursu","prenume":"Mihail","varsta":24,"punctaj":0},{"idParticipant":37,"nume":"Vlad","prenume":"Anca","varsta":32,"punctaj":0},{"idParticipant":38,"nume":"Zamfir","prenume":"Lucian","varsta":23,"punctaj":0},{"idParticipant":39,"nume":"Voicu","prenume":"Raluca","varsta":34,"punctaj":0},{"idParticipant":40,"nume":"nume","prenume":"prenume","varsta":20,"punctaj":0}]}
06 Apr 2025 15:59:50,611 DEBUG ro.mpp2024.protocol.ClientWorkerJson 126 handleRequest - Add rezultat request RezultatDTO{idProba='c1', idParticipant=24, puncte=10}
06 Apr 2025 15:59:50,612 TRACE ro.mpp2024.services.ServerService 40 addRezultat - Enter
06 Apr 2025 15:59:50,612 TRACE ro.mpp2024.repository.ParticipantRepository 62 findOne - Enter
06 Apr 2025 15:59:50,612 TRACE ro.mpp2024.utils.JdbcUtils 48 getConnection - Enter
06 Apr 2025 15:59:50,612 TRACE ro.mpp2024.utils.JdbcUtils 57 getConnection - Exit with(org.sqlite.jdbc4.JDBC4Connection@73cfe8e1)
06 Apr 2025 15:59:50,613 TRACE ro.mpp2024.repository.ParticipantRepository 30 createEntityFromResultSet - Enter createEntityFromResultSet
06 Apr 2025 15:59:50,613 TRACE ro.mpp2024.repository.ParticipantRepository 36 createEntityFromResultSet - Exit with(Hagi Diana)
06 Apr 2025 15:59:50,613 TRACE ro.mpp2024.repository.ParticipantRepository 76 findOne - Exit with(Hagi Diana)
06 Apr 2025 15:59:50,613 TRACE ro.mpp2024.repository.ProbaRepository 63 findOne - Enter findOne
06 Apr 2025 15:59:50,613 TRACE ro.mpp2024.utils.JdbcUtils 48 getConnection - Enter
06 Apr 2025 15:59:50,613 TRACE ro.mpp2024.utils.JdbcUtils 57 getConnection - Exit with(org.sqlite.jdbc4.JDBC4Connection@73cfe8e1)
06 Apr 2025 15:59:50,614 TRACE ro.mpp2024.repository.ProbaRepository 31 createEntityFromResultSet - Enter createEntityFromResultSet
06 Apr 2025 15:59:50,616 TRACE ro.mpp2024.repository.ProbaRepository 37 createEntityFromResultSet - Exit with(Proba{nume='Pedalat 200 de m', arbitru=1, categorie=ciclism})
06 Apr 2025 15:59:50,616 TRACE ro.mpp2024.repository.ProbaRepository 77 findOne - Exit with(Proba{nume='Pedalat 200 de m', arbitru=1, categorie=ciclism})
06 Apr 2025 15:59:50,617 TRACE ro.mpp2024.repository.RezultatRepository 116 save - Enter save
06 Apr 2025 15:59:50,617 TRACE ro.mpp2024.utils.JdbcUtils 48 getConnection - Enter
06 Apr 2025 15:59:50,617 TRACE ro.mpp2024.utils.JdbcUtils 57 getConnection - Exit with(org.sqlite.jdbc4.JDBC4Connection@73cfe8e1)
06 Apr 2025 15:59:50,621 TRACE ro.mpp2024.repository.RezultatRepository 127 save - Exit
06 Apr 2025 15:59:50,621 TRACE ro.mpp2024.services.ServerService 44 addRezultat - Exit
06 Apr 2025 15:59:50,621 DEBUG ro.mpp2024.protocol.ClientWorkerJson 79 sendResponse - sending response {"type":"REZULTAT_ADDED","rezultat":{"idProba":"c1","idParticipant":24,"numeParticipant":"Hagi","prenumeParticipant":"Diana","puncte":10}}
06 Apr 2025 16:05:27,627 INFO  ro.mpp2024.StartJsonServer 24 main - Server properties: {server.port=55556, jdbc.url=jdbc:sqlite:src/main/resources/triatlon.db}
06 Apr 2025 16:05:27,631 INFO  ro.mpp2024.repository.ArbitruRepository 23 <init> - Initializing IArbitruRepository with properties: {} 
06 Apr 2025 16:05:27,632 INFO  ro.mpp2024.repository.ProbaRepository 25 <init> - Initializing ProbaRepository with properties: {} 
06 Apr 2025 16:05:27,633 INFO  ro.mpp2024.repository.ParticipantRepository 24 <init> - Initializing ParticipantRepository with properties: {} 
06 Apr 2025 16:05:27,634 INFO  ro.mpp2024.repository.RezultatRepository 25 <init> - Initializing RezultatRepository with properties: {} 
06 Apr 2025 16:05:27,635 INFO  ro.mpp2024.services.ServerService 32 <init> - Service Rezultat made
06 Apr 2025 16:05:27,635 DEBUG ro.mpp2024.StartJsonServer 50 main - Starting server on port: 55556
06 Apr 2025 16:05:27,636 DEBUG ro.mpp2024.networkUtils.AbsConcurrentServer 13 <init> - Concurrent AbstractServer
06 Apr 2025 16:05:27,636 INFO  ro.mpp2024.networkUtils.JsonConcurrentServer 17 <init> - JsonConcurrentServer
06 Apr 2025 16:05:27,640 INFO  chat.network.utils.AbstractServer 25 start - Waiting for clients ...
06 Apr 2025 16:05:45,522 INFO  chat.network.utils.AbstractServer 27 start - Client connected ...
06 Apr 2025 16:05:45,550 INFO  chat.network.utils.AbstractServer 25 start - Waiting for clients ...
06 Apr 2025 16:05:45,557 DEBUG ro.mpp2024.protocol.ClientWorkerJson 90 handleRequest - Login request UserDTO{nume='', username='bob.smith', password='U2VjdXJlUEBzczI=', probaId=''}
06 Apr 2025 16:05:45,559 TRACE ro.mpp2024.utils.JdbcUtils 48 getConnection - Enter
06 Apr 2025 16:05:45,559 TRACE ro.mpp2024.utils.JdbcUtils 25 getNewConnection - Enter
06 Apr 2025 16:05:45,560 INFO  ro.mpp2024.utils.JdbcUtils 30 getNewConnection - trying to connect to database ... jdbc:sqlite:src/main/resources/triatlon.db
06 Apr 2025 16:05:45,560 INFO  ro.mpp2024.utils.JdbcUtils 31 getNewConnection - user: null
06 Apr 2025 16:05:45,560 INFO  ro.mpp2024.utils.JdbcUtils 32 getNewConnection - pass: null
06 Apr 2025 16:05:45,658 TRACE ro.mpp2024.utils.JdbcUtils 57 getConnection - Exit with(org.sqlite.jdbc4.JDBC4Connection@73cfe8e1)
06 Apr 2025 16:05:45,661 TRACE ro.mpp2024.repository.ArbitruRepository 29 createEntityFromResultSet - Enter createEntityFromResultSet
06 Apr 2025 16:05:45,661 TRACE ro.mpp2024.repository.ArbitruRepository 36 createEntityFromResultSet - Exit with(Arbitru{nume='Bob Smith', username='bob.smith', password='U2VjdXJlUEBzczI=', id_proba=c1})
06 Apr 2025 16:05:45,664 DEBUG ro.mpp2024.protocol.ClientWorkerJson 79 sendResponse - sending response {"type":"LOGGED_ACC","user":{"id":21,"nume":"Bob Smith","username":"bob.smith","password":"U2VjdXJlUEBzczI\u003d","id_proba":"c1"}}
06 Apr 2025 16:05:46,679 DEBUG ro.mpp2024.protocol.ClientWorkerJson 115 handleRequest - Get all rezultate request fornull
06 Apr 2025 16:05:46,679 TRACE ro.mpp2024.repository.RezultatRepository 144 listaParticipantiPuncteAlfabetic - Enter listaParticipantiPuncteAlfabetic
06 Apr 2025 16:05:46,679 TRACE ro.mpp2024.utils.JdbcUtils 48 getConnection - Enter
06 Apr 2025 16:05:46,680 TRACE ro.mpp2024.utils.JdbcUtils 57 getConnection - Exit with(org.sqlite.jdbc4.JDBC4Connection@73cfe8e1)
06 Apr 2025 16:05:46,681 TRACE ro.mpp2024.repository.RezultatRepository 162 listaParticipantiPuncteAlfabetic - Enter Terminat dictionar
06 Apr 2025 16:05:46,682 DEBUG ro.mpp2024.protocol.ClientWorkerJson 79 sendResponse - sending response {"type":"ALL_REZULTATE","punctaje":[{"idParticipant":18,"nume":"Barbu","prenume":"Irina","varsta":27,"punctaj":230},{"idParticipant":19,"nume":"Constantin","prenume":"Marius","varsta":30,"punctaj":288},{"idParticipant":13,"nume":"Dobre","prenume":"Adriana","varsta":34,"punctaj":175},{"idParticipant":21,"nume":"Dragomir","prenume":"Adrian","varsta":26,"punctaj":140},{"idParticipant":4,"nume":"Dumitrescu","prenume":"Elena","varsta":28,"punctaj":153},{"idParticipant":20,"nume":"Enache","prenume":"Laura","varsta":29,"punctaj":325},{"idParticipant":22,"nume":"Filip","prenume":"Bianca","varsta":31,"punctaj":317},{"idParticipant":3,"nume":"Georgescu","prenume":"Andrei","varsta":22,"punctaj":132},{"idParticipant":17,"nume":"Gheorghe","prenume":"Vlad","varsta":28,"punctaj":210},{"idParticipant":23,"nume":"Grigore","prenume":"Stefan","varsta":24,"punctaj":155},{"idParticipant":24,"nume":"Hagi","prenume":"Diana","varsta":32,"punctaj":203},{"idParticipant":25,"nume":"Iacob","prenume":"Radu","varsta":23,"punctaj":195},{"idParticipant":11,"nume":"Iliescu","prenume":"Daniela","varsta":32,"punctaj":320},{"idParticipant":2,"nume":"Ionescu","prenume":"Maria","varsta":30,"punctaj":156},{"idParticipant":26,"nume":"Jianu","prenume":"Oana","varsta":34,"punctaj":142},{"idParticipant":27,"nume":"Kovacs","prenume":"Cristina","varsta":21,"punctaj":199},{"idParticipant":16,"nume":"Lazar","prenume":"Roxana","varsta":25,"punctaj":185},{"idParticipant":28,"nume":"Lupu","prenume":"George","varsta":33,"punctaj":199},{"idParticipant":29,"nume":"Manole","prenume":"Simona","varsta":25,"punctaj":117},{"idParticipant":8,"nume":"Marin","prenume":"Ana","varsta":29,"punctaj":134},{"idParticipant":14,"nume":"Munteanu","prenume":"Sorin","varsta":21,"punctaj":301},{"idParticipant":30,"nume":"Nedelcu","prenume":"Alexandra","varsta":28,"punctaj":169},{"idParticipant":15,"nume":"Nistor","prenume":"Carmen","varsta":33,"punctaj":189},{"idParticipant":40,"nume":"nume","prenume":"prenume","varsta":20,"punctaj":300},{"idParticipant":31,"nume":"Oprea","prenume":"Bogdan","varsta":27,"punctaj":282},{"idParticipant":32,"nume":"Pavel","prenume":"Monica","varsta":30,"punctaj":111},{"idParticipant":10,"nume":"Petrescu","prenume":"Gabriel","varsta":26,"punctaj":188},{"idParticipant":5,"nume":"Popa","prenume":"Mihai","varsta":35,"punctaj":282},{"idParticipant":1,"nume":"Popescu","prenume":"Ion","varsta":25,"punctaj":158},{"idParticipant":7,"nume":"Radu","prenume":"Cristian","varsta":24,"punctaj":256},{"idParticipant":33,"nume":"Rusu","prenume":"Andreea","varsta":29,"punctaj":313},{"idParticipant":34,"nume":"Sandu","prenume":"Victor","varsta":26,"punctaj":115},{"idParticipant":6,"nume":"Stan","prenume":"Ioana","varsta":27,"punctaj":289},{"idParticipant":35,"nume":"Toma","prenume":"Gabriela","varsta":31,"punctaj":132},{"idParticipant":9,"nume":"Tudor","prenume":"Alexandru","varsta":31,"punctaj":288},{"idParticipant":36,"nume":"Ursu","prenume":"Mihail","varsta":24,"punctaj":155},{"idParticipant":12,"nume":"Vasilescu","prenume":"Florin","varsta":23,"punctaj":472},{"idParticipant":37,"nume":"Vlad","prenume":"Anca","varsta":32,"punctaj":138},{"idParticipant":39,"nume":"Voicu","prenume":"Raluca","varsta":34,"punctaj":190},{"idParticipant":38,"nume":"Zamfir","prenume":"Lucian","varsta":23,"punctaj":177}]}
06 Apr 2025 16:05:47,690 DEBUG ro.mpp2024.protocol.ClientWorkerJson 103 handleRequest - Get rezultate request forUserDTO{nume='', username='', password='', probaId='c1'}
06 Apr 2025 16:05:47,690 TRACE ro.mpp2024.repository.RezultatRepository 168 listaParticiapntPuncteProbaDescrescator - Enter listaParticiapntPuncteProbaDescrescator
06 Apr 2025 16:05:47,691 TRACE ro.mpp2024.utils.JdbcUtils 48 getConnection - Enter
06 Apr 2025 16:05:47,691 TRACE ro.mpp2024.utils.JdbcUtils 57 getConnection - Exit with(org.sqlite.jdbc4.JDBC4Connection@73cfe8e1)
06 Apr 2025 16:05:47,691 TRACE ro.mpp2024.repository.RezultatRepository 186 listaParticiapntPuncteProbaDescrescator - Enter Terminat dictionar
06 Apr 2025 16:05:47,692 DEBUG ro.mpp2024.protocol.ClientWorkerJson 79 sendResponse - sending response {"type":"REZULTATE","punctaje":[{"idParticipant":38,"nume":"Zamfir","prenume":"Lucian","varsta":23,"punctaj":177},{"idParticipant":6,"nume":"Stan","prenume":"Ioana","varsta":27,"punctaj":152},{"idParticipant":9,"nume":"Tudor","prenume":"Alexandru","varsta":31,"punctaj":150},{"idParticipant":12,"nume":"Vasilescu","prenume":"Florin","varsta":23,"punctaj":100},{"idParticipant":18,"nume":"Barbu","prenume":"Irina","varsta":27,"punctaj":30},{"idParticipant":37,"nume":"Vlad","prenume":"Anca","varsta":32,"punctaj":10},{"idParticipant":24,"nume":"Hagi","prenume":"Diana","varsta":32,"punctaj":10},{"idParticipant":23,"nume":"Grigore","prenume":"Stefan","varsta":24,"punctaj":10},{"idParticipant":22,"nume":"Filip","prenume":"Bianca","varsta":31,"punctaj":10},{"idParticipant":21,"nume":"Dragomir","prenume":"Adrian","varsta":26,"punctaj":10},{"idParticipant":20,"nume":"Enache","prenume":"Laura","varsta":29,"punctaj":10},{"idParticipant":19,"nume":"Constantin","prenume":"Marius","varsta":30,"punctaj":10},{"idParticipant":17,"nume":"Gheorghe","prenume":"Vlad","varsta":28,"punctaj":10},{"idParticipant":13,"nume":"Dobre","prenume":"Adriana","varsta":34,"punctaj":10},{"idParticipant":11,"nume":"Iliescu","prenume":"Daniela","varsta":32,"punctaj":10},{"idParticipant":4,"nume":"Dumitrescu","prenume":"Elena","varsta":28,"punctaj":10},{"idParticipant":3,"nume":"Georgescu","prenume":"Andrei","varsta":22,"punctaj":10},{"idParticipant":1,"nume":"Popescu","prenume":"Ion","varsta":25,"punctaj":10}]}
06 Apr 2025 16:05:48,696 DEBUG ro.mpp2024.protocol.ClientWorkerJson 141 handleRequest - Get participanti request fornull
06 Apr 2025 16:05:48,696 TRACE ro.mpp2024.repository.ParticipantRepository 42 findAll - Enter
06 Apr 2025 16:05:48,696 TRACE ro.mpp2024.utils.JdbcUtils 48 getConnection - Enter
06 Apr 2025 16:05:48,697 TRACE ro.mpp2024.utils.JdbcUtils 57 getConnection - Exit with(org.sqlite.jdbc4.JDBC4Connection@73cfe8e1)
06 Apr 2025 16:05:48,697 TRACE ro.mpp2024.repository.ParticipantRepository 30 createEntityFromResultSet - Enter createEntityFromResultSet
06 Apr 2025 16:05:48,698 TRACE ro.mpp2024.repository.ParticipantRepository 36 createEntityFromResultSet - Exit with(Popescu Ion)
06 Apr 2025 16:05:48,698 TRACE ro.mpp2024.repository.ParticipantRepository 30 createEntityFromResultSet - Enter createEntityFromResultSet
06 Apr 2025 16:05:48,698 TRACE ro.mpp2024.repository.ParticipantRepository 36 createEntityFromResultSet - Exit with(Ionescu Maria)
06 Apr 2025 16:05:48,698 TRACE ro.mpp2024.repository.ParticipantRepository 30 createEntityFromResultSet - Enter createEntityFromResultSet
06 Apr 2025 16:05:48,698 TRACE ro.mpp2024.repository.ParticipantRepository 36 createEntityFromResultSet - Exit with(Georgescu Andrei)
06 Apr 2025 16:05:48,698 TRACE ro.mpp2024.repository.ParticipantRepository 30 createEntityFromResultSet - Enter createEntityFromResultSet
06 Apr 2025 16:05:48,699 TRACE ro.mpp2024.repository.ParticipantRepository 36 createEntityFromResultSet - Exit with(Dumitrescu Elena)
06 Apr 2025 16:05:48,699 TRACE ro.mpp2024.repository.ParticipantRepository 30 createEntityFromResultSet - Enter createEntityFromResultSet
06 Apr 2025 16:05:48,699 TRACE ro.mpp2024.repository.ParticipantRepository 36 createEntityFromResultSet - Exit with(Popa Mihai)
06 Apr 2025 16:05:48,699 TRACE ro.mpp2024.repository.ParticipantRepository 30 createEntityFromResultSet - Enter createEntityFromResultSet
06 Apr 2025 16:05:48,699 TRACE ro.mpp2024.repository.ParticipantRepository 36 createEntityFromResultSet - Exit with(Stan Ioana)
06 Apr 2025 16:05:48,699 TRACE ro.mpp2024.repository.ParticipantRepository 30 createEntityFromResultSet - Enter createEntityFromResultSet
06 Apr 2025 16:05:48,699 TRACE ro.mpp2024.repository.ParticipantRepository 36 createEntityFromResultSet - Exit with(Radu Cristian)
06 Apr 2025 16:05:48,699 TRACE ro.mpp2024.repository.ParticipantRepository 30 createEntityFromResultSet - Enter createEntityFromResultSet
06 Apr 2025 16:05:48,700 TRACE ro.mpp2024.repository.ParticipantRepository 36 createEntityFromResultSet - Exit with(Marin Ana)
06 Apr 2025 16:05:48,700 TRACE ro.mpp2024.repository.ParticipantRepository 30 createEntityFromResultSet - Enter createEntityFromResultSet
06 Apr 2025 16:05:48,700 TRACE ro.mpp2024.repository.ParticipantRepository 36 createEntityFromResultSet - Exit with(Tudor Alexandru)
06 Apr 2025 16:05:48,700 TRACE ro.mpp2024.repository.ParticipantRepository 30 createEntityFromResultSet - Enter createEntityFromResultSet
06 Apr 2025 16:05:48,700 TRACE ro.mpp2024.repository.ParticipantRepository 36 createEntityFromResultSet - Exit with(Petrescu Gabriel)
06 Apr 2025 16:05:48,700 TRACE ro.mpp2024.repository.ParticipantRepository 30 createEntityFromResultSet - Enter createEntityFromResultSet
06 Apr 2025 16:05:48,700 TRACE ro.mpp2024.repository.ParticipantRepository 36 createEntityFromResultSet - Exit with(Iliescu Daniela)
06 Apr 2025 16:05:48,700 TRACE ro.mpp2024.repository.ParticipantRepository 30 createEntityFromResultSet - Enter createEntityFromResultSet
06 Apr 2025 16:05:48,701 TRACE ro.mpp2024.repository.ParticipantRepository 36 createEntityFromResultSet - Exit with(Vasilescu Florin)
06 Apr 2025 16:05:48,701 TRACE ro.mpp2024.repository.ParticipantRepository 30 createEntityFromResultSet - Enter createEntityFromResultSet
06 Apr 2025 16:05:48,701 TRACE ro.mpp2024.repository.ParticipantRepository 36 createEntityFromResultSet - Exit with(Dobre Adriana)
06 Apr 2025 16:05:48,701 TRACE ro.mpp2024.repository.ParticipantRepository 30 createEntityFromResultSet - Enter createEntityFromResultSet
06 Apr 2025 16:05:48,701 TRACE ro.mpp2024.repository.ParticipantRepository 36 createEntityFromResultSet - Exit with(Munteanu Sorin)
06 Apr 2025 16:05:48,701 TRACE ro.mpp2024.repository.ParticipantRepository 30 createEntityFromResultSet - Enter createEntityFromResultSet
06 Apr 2025 16:05:48,701 TRACE ro.mpp2024.repository.ParticipantRepository 36 createEntityFromResultSet - Exit with(Nistor Carmen)
06 Apr 2025 16:05:48,701 TRACE ro.mpp2024.repository.ParticipantRepository 30 createEntityFromResultSet - Enter createEntityFromResultSet
06 Apr 2025 16:05:48,702 TRACE ro.mpp2024.repository.ParticipantRepository 36 createEntityFromResultSet - Exit with(Lazar Roxana)
06 Apr 2025 16:05:48,702 TRACE ro.mpp2024.repository.ParticipantRepository 30 createEntityFromResultSet - Enter createEntityFromResultSet
06 Apr 2025 16:05:48,702 TRACE ro.mpp2024.repository.ParticipantRepository 36 createEntityFromResultSet - Exit with(Gheorghe Vlad)
06 Apr 2025 16:05:48,702 TRACE ro.mpp2024.repository.ParticipantRepository 30 createEntityFromResultSet - Enter createEntityFromResultSet
06 Apr 2025 16:05:48,702 TRACE ro.mpp2024.repository.ParticipantRepository 36 createEntityFromResultSet - Exit with(Barbu Irina)
06 Apr 2025 16:05:48,702 TRACE ro.mpp2024.repository.ParticipantRepository 30 createEntityFromResultSet - Enter createEntityFromResultSet
06 Apr 2025 16:05:48,702 TRACE ro.mpp2024.repository.ParticipantRepository 36 createEntityFromResultSet - Exit with(Constantin Marius)
06 Apr 2025 16:05:48,702 TRACE ro.mpp2024.repository.ParticipantRepository 30 createEntityFromResultSet - Enter createEntityFromResultSet
06 Apr 2025 16:05:48,703 TRACE ro.mpp2024.repository.ParticipantRepository 36 createEntityFromResultSet - Exit with(Enache Laura)
06 Apr 2025 16:05:48,703 TRACE ro.mpp2024.repository.ParticipantRepository 30 createEntityFromResultSet - Enter createEntityFromResultSet
06 Apr 2025 16:05:48,703 TRACE ro.mpp2024.repository.ParticipantRepository 36 createEntityFromResultSet - Exit with(Dragomir Adrian)
06 Apr 2025 16:05:48,703 TRACE ro.mpp2024.repository.ParticipantRepository 30 createEntityFromResultSet - Enter createEntityFromResultSet
06 Apr 2025 16:05:48,703 TRACE ro.mpp2024.repository.ParticipantRepository 36 createEntityFromResultSet - Exit with(Filip Bianca)
06 Apr 2025 16:05:48,703 TRACE ro.mpp2024.repository.ParticipantRepository 30 createEntityFromResultSet - Enter createEntityFromResultSet
06 Apr 2025 16:05:48,703 TRACE ro.mpp2024.repository.ParticipantRepository 36 createEntityFromResultSet - Exit with(Grigore Stefan)
06 Apr 2025 16:05:48,703 TRACE ro.mpp2024.repository.ParticipantRepository 30 createEntityFromResultSet - Enter createEntityFromResultSet
06 Apr 2025 16:05:48,704 TRACE ro.mpp2024.repository.ParticipantRepository 36 createEntityFromResultSet - Exit with(Hagi Diana)
06 Apr 2025 16:05:48,704 TRACE ro.mpp2024.repository.ParticipantRepository 30 createEntityFromResultSet - Enter createEntityFromResultSet
06 Apr 2025 16:05:48,704 TRACE ro.mpp2024.repository.ParticipantRepository 36 createEntityFromResultSet - Exit with(Iacob Radu)
06 Apr 2025 16:05:48,704 TRACE ro.mpp2024.repository.ParticipantRepository 30 createEntityFromResultSet - Enter createEntityFromResultSet
06 Apr 2025 16:05:48,704 TRACE ro.mpp2024.repository.ParticipantRepository 36 createEntityFromResultSet - Exit with(Jianu Oana)
06 Apr 2025 16:05:48,704 TRACE ro.mpp2024.repository.ParticipantRepository 30 createEntityFromResultSet - Enter createEntityFromResultSet
06 Apr 2025 16:05:48,704 TRACE ro.mpp2024.repository.ParticipantRepository 36 createEntityFromResultSet - Exit with(Kovacs Cristina)
06 Apr 2025 16:05:48,704 TRACE ro.mpp2024.repository.ParticipantRepository 30 createEntityFromResultSet - Enter createEntityFromResultSet
06 Apr 2025 16:05:48,704 TRACE ro.mpp2024.repository.ParticipantRepository 36 createEntityFromResultSet - Exit with(Lupu George)
06 Apr 2025 16:05:48,705 TRACE ro.mpp2024.repository.ParticipantRepository 30 createEntityFromResultSet - Enter createEntityFromResultSet
06 Apr 2025 16:05:48,705 TRACE ro.mpp2024.repository.ParticipantRepository 36 createEntityFromResultSet - Exit with(Manole Simona)
06 Apr 2025 16:05:48,705 TRACE ro.mpp2024.repository.ParticipantRepository 30 createEntityFromResultSet - Enter createEntityFromResultSet
06 Apr 2025 16:05:48,705 TRACE ro.mpp2024.repository.ParticipantRepository 36 createEntityFromResultSet - Exit with(Nedelcu Alexandra)
06 Apr 2025 16:05:48,705 TRACE ro.mpp2024.repository.ParticipantRepository 30 createEntityFromResultSet - Enter createEntityFromResultSet
06 Apr 2025 16:05:48,705 TRACE ro.mpp2024.repository.ParticipantRepository 36 createEntityFromResultSet - Exit with(Oprea Bogdan)
06 Apr 2025 16:05:48,705 TRACE ro.mpp2024.repository.ParticipantRepository 30 createEntityFromResultSet - Enter createEntityFromResultSet
06 Apr 2025 16:05:48,706 TRACE ro.mpp2024.repository.ParticipantRepository 36 createEntityFromResultSet - Exit with(Pavel Monica)
06 Apr 2025 16:05:48,706 TRACE ro.mpp2024.repository.ParticipantRepository 30 createEntityFromResultSet - Enter createEntityFromResultSet
06 Apr 2025 16:05:48,706 TRACE ro.mpp2024.repository.ParticipantRepository 36 createEntityFromResultSet - Exit with(Rusu Andreea)
06 Apr 2025 16:05:48,706 TRACE ro.mpp2024.repository.ParticipantRepository 30 createEntityFromResultSet - Enter createEntityFromResultSet
06 Apr 2025 16:05:48,706 TRACE ro.mpp2024.repository.ParticipantRepository 36 createEntityFromResultSet - Exit with(Sandu Victor)
06 Apr 2025 16:05:48,706 TRACE ro.mpp2024.repository.ParticipantRepository 30 createEntityFromResultSet - Enter createEntityFromResultSet
06 Apr 2025 16:05:48,706 TRACE ro.mpp2024.repository.ParticipantRepository 36 createEntityFromResultSet - Exit with(Toma Gabriela)
06 Apr 2025 16:05:48,706 TRACE ro.mpp2024.repository.ParticipantRepository 30 createEntityFromResultSet - Enter createEntityFromResultSet
06 Apr 2025 16:05:48,706 TRACE ro.mpp2024.repository.ParticipantRepository 36 createEntityFromResultSet - Exit with(Ursu Mihail)
06 Apr 2025 16:05:48,707 TRACE ro.mpp2024.repository.ParticipantRepository 30 createEntityFromResultSet - Enter createEntityFromResultSet
06 Apr 2025 16:05:48,707 TRACE ro.mpp2024.repository.ParticipantRepository 36 createEntityFromResultSet - Exit with(Vlad Anca)
06 Apr 2025 16:05:48,707 TRACE ro.mpp2024.repository.ParticipantRepository 30 createEntityFromResultSet - Enter createEntityFromResultSet
06 Apr 2025 16:05:48,707 TRACE ro.mpp2024.repository.ParticipantRepository 36 createEntityFromResultSet - Exit with(Zamfir Lucian)
06 Apr 2025 16:05:48,707 TRACE ro.mpp2024.repository.ParticipantRepository 30 createEntityFromResultSet - Enter createEntityFromResultSet
06 Apr 2025 16:05:48,707 TRACE ro.mpp2024.repository.ParticipantRepository 36 createEntityFromResultSet - Exit with(Voicu Raluca)
06 Apr 2025 16:05:48,707 TRACE ro.mpp2024.repository.ParticipantRepository 30 createEntityFromResultSet - Enter createEntityFromResultSet
06 Apr 2025 16:05:48,707 TRACE ro.mpp2024.repository.ParticipantRepository 36 createEntityFromResultSet - Exit with(nume prenume)
06 Apr 2025 16:05:48,708 TRACE ro.mpp2024.repository.ParticipantRepository 56 findAll - Exit with([Popescu Ion, Ionescu Maria, Georgescu Andrei, Dumitrescu Elena, Popa Mihai, Stan Ioana, Radu Cristian, Marin Ana, Tudor Alexandru, Petrescu Gabriel, Iliescu Daniela, Vasilescu Florin, Dobre Adriana, Munteanu Sorin, Nistor Carmen, Lazar Roxana, Gheorghe Vlad, Barbu Irina, Constantin Marius, Enache Laura, Dragomir Adrian, Filip Bianca, Grigore Stefan, Hagi Diana, Iacob Radu, Jianu Oana, Kovacs Cristina, Lupu George, Manole Simona, Nedelcu Alexandra, Oprea Bogdan, Pavel Monica, Rusu Andreea, Sandu Victor, Toma Gabriela, Ursu Mihail, Vlad Anca, Zamfir Lucian, Voicu Raluca, nume prenume])
06 Apr 2025 16:05:48,709 DEBUG ro.mpp2024.protocol.ClientWorkerJson 79 sendResponse - sending response {"type":"PARTICIPANTI","participanti":[{"idParticipant":1,"nume":"Popescu","prenume":"Ion","varsta":25,"punctaj":0},{"idParticipant":2,"nume":"Ionescu","prenume":"Maria","varsta":30,"punctaj":0},{"idParticipant":3,"nume":"Georgescu","prenume":"Andrei","varsta":22,"punctaj":0},{"idParticipant":4,"nume":"Dumitrescu","prenume":"Elena","varsta":28,"punctaj":0},{"idParticipant":5,"nume":"Popa","prenume":"Mihai","varsta":35,"punctaj":0},{"idParticipant":6,"nume":"Stan","prenume":"Ioana","varsta":27,"punctaj":0},{"idParticipant":7,"nume":"Radu","prenume":"Cristian","varsta":24,"punctaj":0},{"idParticipant":8,"nume":"Marin","prenume":"Ana","varsta":29,"punctaj":0},{"idParticipant":9,"nume":"Tudor","prenume":"Alexandru","varsta":31,"punctaj":0},{"idParticipant":10,"nume":"Petrescu","prenume":"Gabriel","varsta":26,"punctaj":0},{"idParticipant":11,"nume":"Iliescu","prenume":"Daniela","varsta":32,"punctaj":0},{"idParticipant":12,"nume":"Vasilescu","prenume":"Florin","varsta":23,"punctaj":0},{"idParticipant":13,"nume":"Dobre","prenume":"Adriana","varsta":34,"punctaj":0},{"idParticipant":14,"nume":"Munteanu","prenume":"Sorin","varsta":21,"punctaj":0},{"idParticipant":15,"nume":"Nistor","prenume":"Carmen","varsta":33,"punctaj":0},{"idParticipant":16,"nume":"Lazar","prenume":"Roxana","varsta":25,"punctaj":0},{"idParticipant":17,"nume":"Gheorghe","prenume":"Vlad","varsta":28,"punctaj":0},{"idParticipant":18,"nume":"Barbu","prenume":"Irina","varsta":27,"punctaj":0},{"idParticipant":19,"nume":"Constantin","prenume":"Marius","varsta":30,"punctaj":0},{"idParticipant":20,"nume":"Enache","prenume":"Laura","varsta":29,"punctaj":0},{"idParticipant":21,"nume":"Dragomir","prenume":"Adrian","varsta":26,"punctaj":0},{"idParticipant":22,"nume":"Filip","prenume":"Bianca","varsta":31,"punctaj":0},{"idParticipant":23,"nume":"Grigore","prenume":"Stefan","varsta":24,"punctaj":0},{"idParticipant":24,"nume":"Hagi","prenume":"Diana","varsta":32,"punctaj":0},{"idParticipant":25,"nume":"Iacob","prenume":"Radu","varsta":23,"punctaj":0},{"idParticipant":26,"nume":"Jianu","prenume":"Oana","varsta":34,"punctaj":0},{"idParticipant":27,"nume":"Kovacs","prenume":"Cristina","varsta":21,"punctaj":0},{"idParticipant":28,"nume":"Lupu","prenume":"George","varsta":33,"punctaj":0},{"idParticipant":29,"nume":"Manole","prenume":"Simona","varsta":25,"punctaj":0},{"idParticipant":30,"nume":"Nedelcu","prenume":"Alexandra","varsta":28,"punctaj":0},{"idParticipant":31,"nume":"Oprea","prenume":"Bogdan","varsta":27,"punctaj":0},{"idParticipant":32,"nume":"Pavel","prenume":"Monica","varsta":30,"punctaj":0},{"idParticipant":33,"nume":"Rusu","prenume":"Andreea","varsta":29,"punctaj":0},{"idParticipant":34,"nume":"Sandu","prenume":"Victor","varsta":26,"punctaj":0},{"idParticipant":35,"nume":"Toma","prenume":"Gabriela","varsta":31,"punctaj":0},{"idParticipant":36,"nume":"Ursu","prenume":"Mihail","varsta":24,"punctaj":0},{"idParticipant":37,"nume":"Vlad","prenume":"Anca","varsta":32,"punctaj":0},{"idParticipant":38,"nume":"Zamfir","prenume":"Lucian","varsta":23,"punctaj":0},{"idParticipant":39,"nume":"Voicu","prenume":"Raluca","varsta":34,"punctaj":0},{"idParticipant":40,"nume":"nume","prenume":"prenume","varsta":20,"punctaj":0}]}
06 Apr 2025 16:05:52,814 DEBUG ro.mpp2024.protocol.ClientWorkerJson 126 handleRequest - Add rezultat request RezultatDTO{idProba='c1', idParticipant=2, puncte=10}
06 Apr 2025 16:05:52,814 TRACE ro.mpp2024.services.ServerService 40 addRezultat - Enter
06 Apr 2025 16:05:52,814 TRACE ro.mpp2024.repository.ParticipantRepository 62 findOne - Enter
06 Apr 2025 16:05:52,814 TRACE ro.mpp2024.utils.JdbcUtils 48 getConnection - Enter
06 Apr 2025 16:05:52,815 TRACE ro.mpp2024.utils.JdbcUtils 57 getConnection - Exit with(org.sqlite.jdbc4.JDBC4Connection@73cfe8e1)
06 Apr 2025 16:05:52,815 TRACE ro.mpp2024.repository.ParticipantRepository 30 createEntityFromResultSet - Enter createEntityFromResultSet
06 Apr 2025 16:05:52,815 TRACE ro.mpp2024.repository.ParticipantRepository 36 createEntityFromResultSet - Exit with(Ionescu Maria)
06 Apr 2025 16:05:52,815 TRACE ro.mpp2024.repository.ParticipantRepository 76 findOne - Exit with(Ionescu Maria)
06 Apr 2025 16:05:52,816 TRACE ro.mpp2024.repository.ProbaRepository 63 findOne - Enter findOne
06 Apr 2025 16:05:52,816 TRACE ro.mpp2024.utils.JdbcUtils 48 getConnection - Enter
06 Apr 2025 16:05:52,816 TRACE ro.mpp2024.utils.JdbcUtils 57 getConnection - Exit with(org.sqlite.jdbc4.JDBC4Connection@73cfe8e1)
06 Apr 2025 16:05:52,816 TRACE ro.mpp2024.repository.ProbaRepository 31 createEntityFromResultSet - Enter createEntityFromResultSet
06 Apr 2025 16:05:52,819 TRACE ro.mpp2024.repository.ProbaRepository 37 createEntityFromResultSet - Exit with(Proba{nume='Pedalat 200 de m', arbitru=1, categorie=ciclism})
06 Apr 2025 16:05:52,819 TRACE ro.mpp2024.repository.ProbaRepository 77 findOne - Exit with(Proba{nume='Pedalat 200 de m', arbitru=1, categorie=ciclism})
06 Apr 2025 16:05:52,820 TRACE ro.mpp2024.repository.RezultatRepository 116 save - Enter save
06 Apr 2025 16:05:52,820 TRACE ro.mpp2024.utils.JdbcUtils 48 getConnection - Enter
06 Apr 2025 16:05:52,820 TRACE ro.mpp2024.utils.JdbcUtils 57 getConnection - Exit with(org.sqlite.jdbc4.JDBC4Connection@73cfe8e1)
06 Apr 2025 16:05:52,824 TRACE ro.mpp2024.repository.RezultatRepository 127 save - Exit
06 Apr 2025 16:05:52,824 TRACE ro.mpp2024.services.ServerService 44 addRezultat - Exit
06 Apr 2025 16:05:52,824 DEBUG ro.mpp2024.protocol.ClientWorkerJson 79 sendResponse - sending response {"type":"REZULTAT_ADDED","rezultat":{"idProba":"c1","idParticipant":2,"numeParticipant":"Ionescu","prenumeParticipant":"Maria","puncte":10}}
06 Apr 2025 16:05:57,738 DEBUG ro.mpp2024.protocol.ClientWorkerJson 151 handleRequest - Logout request fornull
06 Apr 2025 16:05:57,738 DEBUG ro.mpp2024.protocol.ClientWorkerJson 79 sendResponse - sending response {"type":"OK"}
06 Apr 2025 16:05:59,790 INFO  chat.network.utils.AbstractServer 27 start - Client connected ...
06 Apr 2025 16:05:59,790 INFO  chat.network.utils.AbstractServer 25 start - Waiting for clients ...
06 Apr 2025 16:05:59,791 DEBUG ro.mpp2024.protocol.ClientWorkerJson 90 handleRequest - Login request UserDTO{nume='', username='bob.smith', password='U2VjdXJlUEBzczI=', probaId=''}
06 Apr 2025 16:05:59,791 TRACE ro.mpp2024.utils.JdbcUtils 48 getConnection - Enter
06 Apr 2025 16:05:59,792 TRACE ro.mpp2024.utils.JdbcUtils 57 getConnection - Exit with(org.sqlite.jdbc4.JDBC4Connection@73cfe8e1)
06 Apr 2025 16:05:59,792 TRACE ro.mpp2024.repository.ArbitruRepository 29 createEntityFromResultSet - Enter createEntityFromResultSet
06 Apr 2025 16:05:59,792 TRACE ro.mpp2024.repository.ArbitruRepository 36 createEntityFromResultSet - Exit with(Arbitru{nume='Bob Smith', username='bob.smith', password='U2VjdXJlUEBzczI=', id_proba=c1})
06 Apr 2025 16:05:59,793 DEBUG ro.mpp2024.protocol.ClientWorkerJson 79 sendResponse - sending response {"type":"LOGGED_ACC","user":{"id":21,"nume":"Bob Smith","username":"bob.smith","password":"U2VjdXJlUEBzczI\u003d","id_proba":"c1"}}
06 Apr 2025 16:06:00,807 DEBUG ro.mpp2024.protocol.ClientWorkerJson 115 handleRequest - Get all rezultate request fornull
06 Apr 2025 16:06:00,808 TRACE ro.mpp2024.repository.RezultatRepository 144 listaParticipantiPuncteAlfabetic - Enter listaParticipantiPuncteAlfabetic
06 Apr 2025 16:06:00,808 TRACE ro.mpp2024.utils.JdbcUtils 48 getConnection - Enter
06 Apr 2025 16:06:00,808 TRACE ro.mpp2024.utils.JdbcUtils 57 getConnection - Exit with(org.sqlite.jdbc4.JDBC4Connection@73cfe8e1)
06 Apr 2025 16:06:00,809 TRACE ro.mpp2024.repository.RezultatRepository 162 listaParticipantiPuncteAlfabetic - Enter Terminat dictionar
06 Apr 2025 16:06:00,810 DEBUG ro.mpp2024.protocol.ClientWorkerJson 79 sendResponse - sending response {"type":"ALL_REZULTATE","punctaje":[{"idParticipant":18,"nume":"Barbu","prenume":"Irina","varsta":27,"punctaj":230},{"idParticipant":19,"nume":"Constantin","prenume":"Marius","varsta":30,"punctaj":288},{"idParticipant":13,"nume":"Dobre","prenume":"Adriana","varsta":34,"punctaj":175},{"idParticipant":21,"nume":"Dragomir","prenume":"Adrian","varsta":26,"punctaj":140},{"idParticipant":4,"nume":"Dumitrescu","prenume":"Elena","varsta":28,"punctaj":153},{"idParticipant":20,"nume":"Enache","prenume":"Laura","varsta":29,"punctaj":325},{"idParticipant":22,"nume":"Filip","prenume":"Bianca","varsta":31,"punctaj":317},{"idParticipant":3,"nume":"Georgescu","prenume":"Andrei","varsta":22,"punctaj":132},{"idParticipant":17,"nume":"Gheorghe","prenume":"Vlad","varsta":28,"punctaj":210},{"idParticipant":23,"nume":"Grigore","prenume":"Stefan","varsta":24,"punctaj":155},{"idParticipant":24,"nume":"Hagi","prenume":"Diana","varsta":32,"punctaj":203},{"idParticipant":25,"nume":"Iacob","prenume":"Radu","varsta":23,"punctaj":195},{"idParticipant":11,"nume":"Iliescu","prenume":"Daniela","varsta":32,"punctaj":320},{"idParticipant":2,"nume":"Ionescu","prenume":"Maria","varsta":30,"punctaj":166},{"idParticipant":26,"nume":"Jianu","prenume":"Oana","varsta":34,"punctaj":142},{"idParticipant":27,"nume":"Kovacs","prenume":"Cristina","varsta":21,"punctaj":199},{"idParticipant":16,"nume":"Lazar","prenume":"Roxana","varsta":25,"punctaj":185},{"idParticipant":28,"nume":"Lupu","prenume":"George","varsta":33,"punctaj":199},{"idParticipant":29,"nume":"Manole","prenume":"Simona","varsta":25,"punctaj":117},{"idParticipant":8,"nume":"Marin","prenume":"Ana","varsta":29,"punctaj":134},{"idParticipant":14,"nume":"Munteanu","prenume":"Sorin","varsta":21,"punctaj":301},{"idParticipant":30,"nume":"Nedelcu","prenume":"Alexandra","varsta":28,"punctaj":169},{"idParticipant":15,"nume":"Nistor","prenume":"Carmen","varsta":33,"punctaj":189},{"idParticipant":40,"nume":"nume","prenume":"prenume","varsta":20,"punctaj":300},{"idParticipant":31,"nume":"Oprea","prenume":"Bogdan","varsta":27,"punctaj":282},{"idParticipant":32,"nume":"Pavel","prenume":"Monica","varsta":30,"punctaj":111},{"idParticipant":10,"nume":"Petrescu","prenume":"Gabriel","varsta":26,"punctaj":188},{"idParticipant":5,"nume":"Popa","prenume":"Mihai","varsta":35,"punctaj":282},{"idParticipant":1,"nume":"Popescu","prenume":"Ion","varsta":25,"punctaj":158},{"idParticipant":7,"nume":"Radu","prenume":"Cristian","varsta":24,"punctaj":256},{"idParticipant":33,"nume":"Rusu","prenume":"Andreea","varsta":29,"punctaj":313},{"idParticipant":34,"nume":"Sandu","prenume":"Victor","varsta":26,"punctaj":115},{"idParticipant":6,"nume":"Stan","prenume":"Ioana","varsta":27,"punctaj":289},{"idParticipant":35,"nume":"Toma","prenume":"Gabriela","varsta":31,"punctaj":132},{"idParticipant":9,"nume":"Tudor","prenume":"Alexandru","varsta":31,"punctaj":288},{"idParticipant":36,"nume":"Ursu","prenume":"Mihail","varsta":24,"punctaj":155},{"idParticipant":12,"nume":"Vasilescu","prenume":"Florin","varsta":23,"punctaj":472},{"idParticipant":37,"nume":"Vlad","prenume":"Anca","varsta":32,"punctaj":138},{"idParticipant":39,"nume":"Voicu","prenume":"Raluca","varsta":34,"punctaj":190},{"idParticipant":38,"nume":"Zamfir","prenume":"Lucian","varsta":23,"punctaj":177}]}
06 Apr 2025 16:06:01,816 DEBUG ro.mpp2024.protocol.ClientWorkerJson 103 handleRequest - Get rezultate request forUserDTO{nume='', username='', password='', probaId='c1'}
06 Apr 2025 16:06:01,816 TRACE ro.mpp2024.repository.RezultatRepository 168 listaParticiapntPuncteProbaDescrescator - Enter listaParticiapntPuncteProbaDescrescator
06 Apr 2025 16:06:01,817 TRACE ro.mpp2024.utils.JdbcUtils 48 getConnection - Enter
06 Apr 2025 16:06:01,817 TRACE ro.mpp2024.utils.JdbcUtils 57 getConnection - Exit with(org.sqlite.jdbc4.JDBC4Connection@73cfe8e1)
06 Apr 2025 16:06:01,817 TRACE ro.mpp2024.repository.RezultatRepository 186 listaParticiapntPuncteProbaDescrescator - Enter Terminat dictionar
06 Apr 2025 16:06:01,818 DEBUG ro.mpp2024.protocol.ClientWorkerJson 79 sendResponse - sending response {"type":"REZULTATE","punctaje":[{"idParticipant":38,"nume":"Zamfir","prenume":"Lucian","varsta":23,"punctaj":177},{"idParticipant":6,"nume":"Stan","prenume":"Ioana","varsta":27,"punctaj":152},{"idParticipant":9,"nume":"Tudor","prenume":"Alexandru","varsta":31,"punctaj":150},{"idParticipant":12,"nume":"Vasilescu","prenume":"Florin","varsta":23,"punctaj":100},{"idParticipant":18,"nume":"Barbu","prenume":"Irina","varsta":27,"punctaj":30},{"idParticipant":37,"nume":"Vlad","prenume":"Anca","varsta":32,"punctaj":10},{"idParticipant":24,"nume":"Hagi","prenume":"Diana","varsta":32,"punctaj":10},{"idParticipant":23,"nume":"Grigore","prenume":"Stefan","varsta":24,"punctaj":10},{"idParticipant":22,"nume":"Filip","prenume":"Bianca","varsta":31,"punctaj":10},{"idParticipant":21,"nume":"Dragomir","prenume":"Adrian","varsta":26,"punctaj":10},{"idParticipant":20,"nume":"Enache","prenume":"Laura","varsta":29,"punctaj":10},{"idParticipant":19,"nume":"Constantin","prenume":"Marius","varsta":30,"punctaj":10},{"idParticipant":17,"nume":"Gheorghe","prenume":"Vlad","varsta":28,"punctaj":10},{"idParticipant":13,"nume":"Dobre","prenume":"Adriana","varsta":34,"punctaj":10},{"idParticipant":11,"nume":"Iliescu","prenume":"Daniela","varsta":32,"punctaj":10},{"idParticipant":4,"nume":"Dumitrescu","prenume":"Elena","varsta":28,"punctaj":10},{"idParticipant":3,"nume":"Georgescu","prenume":"Andrei","varsta":22,"punctaj":10},{"idParticipant":2,"nume":"Ionescu","prenume":"Maria","varsta":30,"punctaj":10},{"idParticipant":1,"nume":"Popescu","prenume":"Ion","varsta":25,"punctaj":10}]}
06 Apr 2025 16:06:02,824 DEBUG ro.mpp2024.protocol.ClientWorkerJson 141 handleRequest - Get participanti request fornull
06 Apr 2025 16:06:02,824 TRACE ro.mpp2024.repository.ParticipantRepository 42 findAll - Enter
06 Apr 2025 16:06:02,824 TRACE ro.mpp2024.utils.JdbcUtils 48 getConnection - Enter
06 Apr 2025 16:06:02,824 TRACE ro.mpp2024.utils.JdbcUtils 57 getConnection - Exit with(org.sqlite.jdbc4.JDBC4Connection@73cfe8e1)
06 Apr 2025 16:06:02,825 TRACE ro.mpp2024.repository.ParticipantRepository 30 createEntityFromResultSet - Enter createEntityFromResultSet
06 Apr 2025 16:06:02,825 TRACE ro.mpp2024.repository.ParticipantRepository 36 createEntityFromResultSet - Exit with(Popescu Ion)
06 Apr 2025 16:06:02,825 TRACE ro.mpp2024.repository.ParticipantRepository 30 createEntityFromResultSet - Enter createEntityFromResultSet
06 Apr 2025 16:06:02,825 TRACE ro.mpp2024.repository.ParticipantRepository 36 createEntityFromResultSet - Exit with(Ionescu Maria)
06 Apr 2025 16:06:02,825 TRACE ro.mpp2024.repository.ParticipantRepository 30 createEntityFromResultSet - Enter createEntityFromResultSet
06 Apr 2025 16:06:02,826 TRACE ro.mpp2024.repository.ParticipantRepository 36 createEntityFromResultSet - Exit with(Georgescu Andrei)
06 Apr 2025 16:06:02,826 TRACE ro.mpp2024.repository.ParticipantRepository 30 createEntityFromResultSet - Enter createEntityFromResultSet
06 Apr 2025 16:06:02,826 TRACE ro.mpp2024.repository.ParticipantRepository 36 createEntityFromResultSet - Exit with(Dumitrescu Elena)
06 Apr 2025 16:06:02,826 TRACE ro.mpp2024.repository.ParticipantRepository 30 createEntityFromResultSet - Enter createEntityFromResultSet
06 Apr 2025 16:06:02,826 TRACE ro.mpp2024.repository.ParticipantRepository 36 createEntityFromResultSet - Exit with(Popa Mihai)
06 Apr 2025 16:06:02,826 TRACE ro.mpp2024.repository.ParticipantRepository 30 createEntityFromResultSet - Enter createEntityFromResultSet
06 Apr 2025 16:06:02,826 TRACE ro.mpp2024.repository.ParticipantRepository 36 createEntityFromResultSet - Exit with(Stan Ioana)
06 Apr 2025 16:06:02,826 TRACE ro.mpp2024.repository.ParticipantRepository 30 createEntityFromResultSet - Enter createEntityFromResultSet
06 Apr 2025 16:06:02,826 TRACE ro.mpp2024.repository.ParticipantRepository 36 createEntityFromResultSet - Exit with(Radu Cristian)
06 Apr 2025 16:06:02,826 TRACE ro.mpp2024.repository.ParticipantRepository 30 createEntityFromResultSet - Enter createEntityFromResultSet
06 Apr 2025 16:06:02,827 TRACE ro.mpp2024.repository.ParticipantRepository 36 createEntityFromResultSet - Exit with(Marin Ana)
06 Apr 2025 16:06:02,827 TRACE ro.mpp2024.repository.ParticipantRepository 30 createEntityFromResultSet - Enter createEntityFromResultSet
06 Apr 2025 16:06:02,827 TRACE ro.mpp2024.repository.ParticipantRepository 36 createEntityFromResultSet - Exit with(Tudor Alexandru)
06 Apr 2025 16:06:02,827 TRACE ro.mpp2024.repository.ParticipantRepository 30 createEntityFromResultSet - Enter createEntityFromResultSet
06 Apr 2025 16:06:02,827 TRACE ro.mpp2024.repository.ParticipantRepository 36 createEntityFromResultSet - Exit with(Petrescu Gabriel)
06 Apr 2025 16:06:02,827 TRACE ro.mpp2024.repository.ParticipantRepository 30 createEntityFromResultSet - Enter createEntityFromResultSet
06 Apr 2025 16:06:02,827 TRACE ro.mpp2024.repository.ParticipantRepository 36 createEntityFromResultSet - Exit with(Iliescu Daniela)
06 Apr 2025 16:06:02,827 TRACE ro.mpp2024.repository.ParticipantRepository 30 createEntityFromResultSet - Enter createEntityFromResultSet
06 Apr 2025 16:06:02,827 TRACE ro.mpp2024.repository.ParticipantRepository 36 createEntityFromResultSet - Exit with(Vasilescu Florin)
06 Apr 2025 16:06:02,827 TRACE ro.mpp2024.repository.ParticipantRepository 30 createEntityFromResultSet - Enter createEntityFromResultSet
06 Apr 2025 16:06:02,828 TRACE ro.mpp2024.repository.ParticipantRepository 36 createEntityFromResultSet - Exit with(Dobre Adriana)
06 Apr 2025 16:06:02,828 TRACE ro.mpp2024.repository.ParticipantRepository 30 createEntityFromResultSet - Enter createEntityFromResultSet
06 Apr 2025 16:06:02,828 TRACE ro.mpp2024.repository.ParticipantRepository 36 createEntityFromResultSet - Exit with(Munteanu Sorin)
06 Apr 2025 16:06:02,828 TRACE ro.mpp2024.repository.ParticipantRepository 30 createEntityFromResultSet - Enter createEntityFromResultSet
06 Apr 2025 16:06:02,828 TRACE ro.mpp2024.repository.ParticipantRepository 36 createEntityFromResultSet - Exit with(Nistor Carmen)
06 Apr 2025 16:06:02,828 TRACE ro.mpp2024.repository.ParticipantRepository 30 createEntityFromResultSet - Enter createEntityFromResultSet
06 Apr 2025 16:06:02,828 TRACE ro.mpp2024.repository.ParticipantRepository 36 createEntityFromResultSet - Exit with(Lazar Roxana)
06 Apr 2025 16:06:02,828 TRACE ro.mpp2024.repository.ParticipantRepository 30 createEntityFromResultSet - Enter createEntityFromResultSet
06 Apr 2025 16:06:02,828 TRACE ro.mpp2024.repository.ParticipantRepository 36 createEntityFromResultSet - Exit with(Gheorghe Vlad)
06 Apr 2025 16:06:02,829 TRACE ro.mpp2024.repository.ParticipantRepository 30 createEntityFromResultSet - Enter createEntityFromResultSet
06 Apr 2025 16:06:02,829 TRACE ro.mpp2024.repository.ParticipantRepository 36 createEntityFromResultSet - Exit with(Barbu Irina)
06 Apr 2025 16:06:02,829 TRACE ro.mpp2024.repository.ParticipantRepository 30 createEntityFromResultSet - Enter createEntityFromResultSet
06 Apr 2025 16:06:02,829 TRACE ro.mpp2024.repository.ParticipantRepository 36 createEntityFromResultSet - Exit with(Constantin Marius)
06 Apr 2025 16:06:02,829 TRACE ro.mpp2024.repository.ParticipantRepository 30 createEntityFromResultSet - Enter createEntityFromResultSet
06 Apr 2025 16:06:02,829 TRACE ro.mpp2024.repository.ParticipantRepository 36 createEntityFromResultSet - Exit with(Enache Laura)
06 Apr 2025 16:06:02,829 TRACE ro.mpp2024.repository.ParticipantRepository 30 createEntityFromResultSet - Enter createEntityFromResultSet
06 Apr 2025 16:06:02,829 TRACE ro.mpp2024.repository.ParticipantRepository 36 createEntityFromResultSet - Exit with(Dragomir Adrian)
06 Apr 2025 16:06:02,829 TRACE ro.mpp2024.repository.ParticipantRepository 30 createEntityFromResultSet - Enter createEntityFromResultSet
06 Apr 2025 16:06:02,829 TRACE ro.mpp2024.repository.ParticipantRepository 36 createEntityFromResultSet - Exit with(Filip Bianca)
06 Apr 2025 16:06:02,829 TRACE ro.mpp2024.repository.ParticipantRepository 30 createEntityFromResultSet - Enter createEntityFromResultSet
06 Apr 2025 16:06:02,830 TRACE ro.mpp2024.repository.ParticipantRepository 36 createEntityFromResultSet - Exit with(Grigore Stefan)
06 Apr 2025 16:06:02,830 TRACE ro.mpp2024.repository.ParticipantRepository 30 createEntityFromResultSet - Enter createEntityFromResultSet
06 Apr 2025 16:06:02,830 TRACE ro.mpp2024.repository.ParticipantRepository 36 createEntityFromResultSet - Exit with(Hagi Diana)
06 Apr 2025 16:06:02,830 TRACE ro.mpp2024.repository.ParticipantRepository 30 createEntityFromResultSet - Enter createEntityFromResultSet
06 Apr 2025 16:06:02,830 TRACE ro.mpp2024.repository.ParticipantRepository 36 createEntityFromResultSet - Exit with(Iacob Radu)
06 Apr 2025 16:06:02,830 TRACE ro.mpp2024.repository.ParticipantRepository 30 createEntityFromResultSet - Enter createEntityFromResultSet
06 Apr 2025 16:06:02,830 TRACE ro.mpp2024.repository.ParticipantRepository 36 createEntityFromResultSet - Exit with(Jianu Oana)
06 Apr 2025 16:06:02,830 TRACE ro.mpp2024.repository.ParticipantRepository 30 createEntityFromResultSet - Enter createEntityFromResultSet
06 Apr 2025 16:06:02,830 TRACE ro.mpp2024.repository.ParticipantRepository 36 createEntityFromResultSet - Exit with(Kovacs Cristina)
06 Apr 2025 16:06:02,830 TRACE ro.mpp2024.repository.ParticipantRepository 30 createEntityFromResultSet - Enter createEntityFromResultSet
06 Apr 2025 16:06:02,830 TRACE ro.mpp2024.repository.ParticipantRepository 36 createEntityFromResultSet - Exit with(Lupu George)
06 Apr 2025 16:06:02,831 TRACE ro.mpp2024.repository.ParticipantRepository 30 createEntityFromResultSet - Enter createEntityFromResultSet
06 Apr 2025 16:06:02,831 TRACE ro.mpp2024.repository.ParticipantRepository 36 createEntityFromResultSet - Exit with(Manole Simona)
06 Apr 2025 16:06:02,831 TRACE ro.mpp2024.repository.ParticipantRepository 30 createEntityFromResultSet - Enter createEntityFromResultSet
06 Apr 2025 16:06:02,831 TRACE ro.mpp2024.repository.ParticipantRepository 36 createEntityFromResultSet - Exit with(Nedelcu Alexandra)
06 Apr 2025 16:06:02,831 TRACE ro.mpp2024.repository.ParticipantRepository 30 createEntityFromResultSet - Enter createEntityFromResultSet
06 Apr 2025 16:06:02,831 TRACE ro.mpp2024.repository.ParticipantRepository 36 createEntityFromResultSet - Exit with(Oprea Bogdan)
06 Apr 2025 16:06:02,831 TRACE ro.mpp2024.repository.ParticipantRepository 30 createEntityFromResultSet - Enter createEntityFromResultSet
06 Apr 2025 16:06:02,831 TRACE ro.mpp2024.repository.ParticipantRepository 36 createEntityFromResultSet - Exit with(Pavel Monica)
06 Apr 2025 16:06:02,831 TRACE ro.mpp2024.repository.ParticipantRepository 30 createEntityFromResultSet - Enter createEntityFromResultSet
06 Apr 2025 16:06:02,831 TRACE ro.mpp2024.repository.ParticipantRepository 36 createEntityFromResultSet - Exit with(Rusu Andreea)
06 Apr 2025 16:06:02,832 TRACE ro.mpp2024.repository.ParticipantRepository 30 createEntityFromResultSet - Enter createEntityFromResultSet
06 Apr 2025 16:06:02,832 TRACE ro.mpp2024.repository.ParticipantRepository 36 createEntityFromResultSet - Exit with(Sandu Victor)
06 Apr 2025 16:06:02,832 TRACE ro.mpp2024.repository.ParticipantRepository 30 createEntityFromResultSet - Enter createEntityFromResultSet
06 Apr 2025 16:06:02,832 TRACE ro.mpp2024.repository.ParticipantRepository 36 createEntityFromResultSet - Exit with(Toma Gabriela)
06 Apr 2025 16:06:02,832 TRACE ro.mpp2024.repository.ParticipantRepository 30 createEntityFromResultSet - Enter createEntityFromResultSet
06 Apr 2025 16:06:02,832 TRACE ro.mpp2024.repository.ParticipantRepository 36 createEntityFromResultSet - Exit with(Ursu Mihail)
06 Apr 2025 16:06:02,832 TRACE ro.mpp2024.repository.ParticipantRepository 30 createEntityFromResultSet - Enter createEntityFromResultSet
06 Apr 2025 16:06:02,832 TRACE ro.mpp2024.repository.ParticipantRepository 36 createEntityFromResultSet - Exit with(Vlad Anca)
06 Apr 2025 16:06:02,832 TRACE ro.mpp2024.repository.ParticipantRepository 30 createEntityFromResultSet - Enter createEntityFromResultSet
06 Apr 2025 16:06:02,832 TRACE ro.mpp2024.repository.ParticipantRepository 36 createEntityFromResultSet - Exit with(Zamfir Lucian)
06 Apr 2025 16:06:02,832 TRACE ro.mpp2024.repository.ParticipantRepository 30 createEntityFromResultSet - Enter createEntityFromResultSet
06 Apr 2025 16:06:02,833 TRACE ro.mpp2024.repository.ParticipantRepository 36 createEntityFromResultSet - Exit with(Voicu Raluca)
06 Apr 2025 16:06:02,833 TRACE ro.mpp2024.repository.ParticipantRepository 30 createEntityFromResultSet - Enter createEntityFromResultSet
06 Apr 2025 16:06:02,833 TRACE ro.mpp2024.repository.ParticipantRepository 36 createEntityFromResultSet - Exit with(nume prenume)
06 Apr 2025 16:06:02,833 TRACE ro.mpp2024.repository.ParticipantRepository 56 findAll - Exit with([Popescu Ion, Ionescu Maria, Georgescu Andrei, Dumitrescu Elena, Popa Mihai, Stan Ioana, Radu Cristian, Marin Ana, Tudor Alexandru, Petrescu Gabriel, Iliescu Daniela, Vasilescu Florin, Dobre Adriana, Munteanu Sorin, Nistor Carmen, Lazar Roxana, Gheorghe Vlad, Barbu Irina, Constantin Marius, Enache Laura, Dragomir Adrian, Filip Bianca, Grigore Stefan, Hagi Diana, Iacob Radu, Jianu Oana, Kovacs Cristina, Lupu George, Manole Simona, Nedelcu Alexandra, Oprea Bogdan, Pavel Monica, Rusu Andreea, Sandu Victor, Toma Gabriela, Ursu Mihail, Vlad Anca, Zamfir Lucian, Voicu Raluca, nume prenume])
06 Apr 2025 16:06:02,834 DEBUG ro.mpp2024.protocol.ClientWorkerJson 79 sendResponse - sending response {"type":"PARTICIPANTI","participanti":[{"idParticipant":1,"nume":"Popescu","prenume":"Ion","varsta":25,"punctaj":0},{"idParticipant":2,"nume":"Ionescu","prenume":"Maria","varsta":30,"punctaj":0},{"idParticipant":3,"nume":"Georgescu","prenume":"Andrei","varsta":22,"punctaj":0},{"idParticipant":4,"nume":"Dumitrescu","prenume":"Elena","varsta":28,"punctaj":0},{"idParticipant":5,"nume":"Popa","prenume":"Mihai","varsta":35,"punctaj":0},{"idParticipant":6,"nume":"Stan","prenume":"Ioana","varsta":27,"punctaj":0},{"idParticipant":7,"nume":"Radu","prenume":"Cristian","varsta":24,"punctaj":0},{"idParticipant":8,"nume":"Marin","prenume":"Ana","varsta":29,"punctaj":0},{"idParticipant":9,"nume":"Tudor","prenume":"Alexandru","varsta":31,"punctaj":0},{"idParticipant":10,"nume":"Petrescu","prenume":"Gabriel","varsta":26,"punctaj":0},{"idParticipant":11,"nume":"Iliescu","prenume":"Daniela","varsta":32,"punctaj":0},{"idParticipant":12,"nume":"Vasilescu","prenume":"Florin","varsta":23,"punctaj":0},{"idParticipant":13,"nume":"Dobre","prenume":"Adriana","varsta":34,"punctaj":0},{"idParticipant":14,"nume":"Munteanu","prenume":"Sorin","varsta":21,"punctaj":0},{"idParticipant":15,"nume":"Nistor","prenume":"Carmen","varsta":33,"punctaj":0},{"idParticipant":16,"nume":"Lazar","prenume":"Roxana","varsta":25,"punctaj":0},{"idParticipant":17,"nume":"Gheorghe","prenume":"Vlad","varsta":28,"punctaj":0},{"idParticipant":18,"nume":"Barbu","prenume":"Irina","varsta":27,"punctaj":0},{"idParticipant":19,"nume":"Constantin","prenume":"Marius","varsta":30,"punctaj":0},{"idParticipant":20,"nume":"Enache","prenume":"Laura","varsta":29,"punctaj":0},{"idParticipant":21,"nume":"Dragomir","prenume":"Adrian","varsta":26,"punctaj":0},{"idParticipant":22,"nume":"Filip","prenume":"Bianca","varsta":31,"punctaj":0},{"idParticipant":23,"nume":"Grigore","prenume":"Stefan","varsta":24,"punctaj":0},{"idParticipant":24,"nume":"Hagi","prenume":"Diana","varsta":32,"punctaj":0},{"idParticipant":25,"nume":"Iacob","prenume":"Radu","varsta":23,"punctaj":0},{"idParticipant":26,"nume":"Jianu","prenume":"Oana","varsta":34,"punctaj":0},{"idParticipant":27,"nume":"Kovacs","prenume":"Cristina","varsta":21,"punctaj":0},{"idParticipant":28,"nume":"Lupu","prenume":"George","varsta":33,"punctaj":0},{"idParticipant":29,"nume":"Manole","prenume":"Simona","varsta":25,"punctaj":0},{"idParticipant":30,"nume":"Nedelcu","prenume":"Alexandra","varsta":28,"punctaj":0},{"idParticipant":31,"nume":"Oprea","prenume":"Bogdan","varsta":27,"punctaj":0},{"idParticipant":32,"nume":"Pavel","prenume":"Monica","varsta":30,"punctaj":0},{"idParticipant":33,"nume":"Rusu","prenume":"Andreea","varsta":29,"punctaj":0},{"idParticipant":34,"nume":"Sandu","prenume":"Victor","varsta":26,"punctaj":0},{"idParticipant":35,"nume":"Toma","prenume":"Gabriela","varsta":31,"punctaj":0},{"idParticipant":36,"nume":"Ursu","prenume":"Mihail","varsta":24,"punctaj":0},{"idParticipant":37,"nume":"Vlad","prenume":"Anca","varsta":32,"punctaj":0},{"idParticipant":38,"nume":"Zamfir","prenume":"Lucian","varsta":23,"punctaj":0},{"idParticipant":39,"nume":"Voicu","prenume":"Raluca","varsta":34,"punctaj":0},{"idParticipant":40,"nume":"nume","prenume":"prenume","varsta":20,"punctaj":0}]}
06 Apr 2025 16:34:13,579 INFO  ro.mpp2024.StartJsonServer 24 main - Server properties: {server.port=55556, jdbc.url=jdbc:sqlite:src/main/resources/triatlon.db}
06 Apr 2025 16:34:13,590 INFO  ro.mpp2024.repository.ArbitruRepository 23 <init> - Initializing IArbitruRepository with properties: {} 
06 Apr 2025 16:34:13,591 INFO  ro.mpp2024.repository.ProbaRepository 25 <init> - Initializing ProbaRepository with properties: {} 
06 Apr 2025 16:34:13,592 INFO  ro.mpp2024.repository.ParticipantRepository 24 <init> - Initializing ParticipantRepository with properties: {} 
06 Apr 2025 16:34:13,593 INFO  ro.mpp2024.repository.RezultatRepository 25 <init> - Initializing RezultatRepository with properties: {} 
06 Apr 2025 16:34:13,594 INFO  ro.mpp2024.services.ServerService 36 <init> - Service Rezultat made
06 Apr 2025 16:34:13,595 DEBUG ro.mpp2024.StartJsonServer 50 main - Starting server on port: 55556
06 Apr 2025 16:34:13,595 DEBUG ro.mpp2024.networkUtils.AbsConcurrentServer 13 <init> - Concurrent AbstractServer
06 Apr 2025 16:34:13,595 INFO  ro.mpp2024.networkUtils.JsonConcurrentServer 17 <init> - JsonConcurrentServer
06 Apr 2025 16:34:13,600 INFO  chat.network.utils.AbstractServer 25 start - Waiting for clients ...
06 Apr 2025 16:34:38,538 INFO  chat.network.utils.AbstractServer 27 start - Client connected ...
06 Apr 2025 16:34:38,564 INFO  chat.network.utils.AbstractServer 25 start - Waiting for clients ...
06 Apr 2025 16:34:38,572 DEBUG ro.mpp2024.protocol.ClientWorkerJson 91 handleRequest - Login request UserDTO{nume='', username='bob.smith', password='U2VjdXJlUEBzczI=', probaId=''}
06 Apr 2025 16:34:38,574 TRACE ro.mpp2024.utils.JdbcUtils 48 getConnection - Enter
06 Apr 2025 16:34:38,574 TRACE ro.mpp2024.utils.JdbcUtils 25 getNewConnection - Enter
06 Apr 2025 16:34:38,575 INFO  ro.mpp2024.utils.JdbcUtils 30 getNewConnection - trying to connect to database ... jdbc:sqlite:src/main/resources/triatlon.db
06 Apr 2025 16:34:38,575 INFO  ro.mpp2024.utils.JdbcUtils 31 getNewConnection - user: null
06 Apr 2025 16:34:38,575 INFO  ro.mpp2024.utils.JdbcUtils 32 getNewConnection - pass: null
06 Apr 2025 16:34:38,679 TRACE ro.mpp2024.utils.JdbcUtils 57 getConnection - Exit with(org.sqlite.jdbc4.JDBC4Connection@2bc2f684)
06 Apr 2025 16:34:38,682 TRACE ro.mpp2024.repository.ArbitruRepository 29 createEntityFromResultSet - Enter createEntityFromResultSet
06 Apr 2025 16:34:38,683 TRACE ro.mpp2024.repository.ArbitruRepository 36 createEntityFromResultSet - Exit with(Arbitru{nume='Bob Smith', username='bob.smith', password='U2VjdXJlUEBzczI=', id_proba=c1})
06 Apr 2025 16:38:03,512 INFO  ro.mpp2024.StartJsonServer 24 main - Server properties: {server.port=55556, jdbc.url=jdbc:sqlite:src/main/resources/triatlon.db}
06 Apr 2025 16:38:03,516 INFO  ro.mpp2024.repository.ArbitruRepository 23 <init> - Initializing IArbitruRepository with properties: {} 
06 Apr 2025 16:38:03,517 INFO  ro.mpp2024.repository.ProbaRepository 25 <init> - Initializing ProbaRepository with properties: {} 
06 Apr 2025 16:38:03,518 INFO  ro.mpp2024.repository.ParticipantRepository 24 <init> - Initializing ParticipantRepository with properties: {} 
06 Apr 2025 16:38:03,519 INFO  ro.mpp2024.repository.RezultatRepository 25 <init> - Initializing RezultatRepository with properties: {} 
06 Apr 2025 16:38:03,520 INFO  ro.mpp2024.services.ServerService 36 <init> - Service Rezultat made
06 Apr 2025 16:38:03,521 DEBUG ro.mpp2024.StartJsonServer 50 main - Starting server on port: 55556
06 Apr 2025 16:38:03,522 DEBUG ro.mpp2024.networkUtils.AbsConcurrentServer 13 <init> - Concurrent AbstractServer
06 Apr 2025 16:38:03,522 INFO  ro.mpp2024.networkUtils.JsonConcurrentServer 17 <init> - JsonConcurrentServer
06 Apr 2025 16:38:03,526 INFO  chat.network.utils.AbstractServer 25 start - Waiting for clients ...
06 Apr 2025 16:38:27,052 INFO  chat.network.utils.AbstractServer 27 start - Client connected ...
06 Apr 2025 16:38:27,079 INFO  chat.network.utils.AbstractServer 25 start - Waiting for clients ...
06 Apr 2025 16:38:27,087 DEBUG ro.mpp2024.protocol.ClientWorkerJson 91 handleRequest - Login request UserDTO{nume='', username='bob.smith', password='U2VjdXJlUEBzczI=', probaId=''}
06 Apr 2025 16:38:27,089 TRACE ro.mpp2024.utils.JdbcUtils 48 getConnection - Enter
06 Apr 2025 16:38:27,089 TRACE ro.mpp2024.utils.JdbcUtils 25 getNewConnection - Enter
06 Apr 2025 16:38:27,089 INFO  ro.mpp2024.utils.JdbcUtils 30 getNewConnection - trying to connect to database ... jdbc:sqlite:src/main/resources/triatlon.db
06 Apr 2025 16:38:27,089 INFO  ro.mpp2024.utils.JdbcUtils 31 getNewConnection - user: null
06 Apr 2025 16:38:27,089 INFO  ro.mpp2024.utils.JdbcUtils 32 getNewConnection - pass: null
06 Apr 2025 16:38:27,192 TRACE ro.mpp2024.utils.JdbcUtils 57 getConnection - Exit with(org.sqlite.jdbc4.JDBC4Connection@782aa1be)
06 Apr 2025 16:38:27,195 TRACE ro.mpp2024.repository.ArbitruRepository 29 createEntityFromResultSet - Enter createEntityFromResultSet
06 Apr 2025 16:38:27,196 TRACE ro.mpp2024.repository.ArbitruRepository 36 createEntityFromResultSet - Exit with(Arbitru{nume='Bob Smith', username='bob.smith', password='U2VjdXJlUEBzczI=', id_proba=c1})
06 Apr 2025 16:42:44,587 INFO  ro.mpp2024.StartJsonServer 24 main - Server properties: {server.port=55556, jdbc.url=jdbc:sqlite:src/main/resources/triatlon.db}
06 Apr 2025 16:42:44,591 INFO  ro.mpp2024.repository.ArbitruRepository 23 <init> - Initializing IArbitruRepository with properties: {} 
06 Apr 2025 16:42:44,592 INFO  ro.mpp2024.repository.ProbaRepository 25 <init> - Initializing ProbaRepository with properties: {} 
06 Apr 2025 16:42:44,593 INFO  ro.mpp2024.repository.ParticipantRepository 24 <init> - Initializing ParticipantRepository with properties: {} 
06 Apr 2025 16:42:44,594 INFO  ro.mpp2024.repository.RezultatRepository 25 <init> - Initializing RezultatRepository with properties: {} 
06 Apr 2025 16:42:44,595 INFO  ro.mpp2024.services.ServerService 36 <init> - Service Rezultat made
06 Apr 2025 16:42:44,596 DEBUG ro.mpp2024.StartJsonServer 50 main - Starting server on port: 55556
06 Apr 2025 16:42:44,596 DEBUG ro.mpp2024.networkUtils.AbsConcurrentServer 13 <init> - Concurrent AbstractServer
06 Apr 2025 16:42:44,596 INFO  ro.mpp2024.networkUtils.JsonConcurrentServer 17 <init> - JsonConcurrentServer
06 Apr 2025 16:42:44,601 INFO  chat.network.utils.AbstractServer 25 start - Waiting for clients ...
06 Apr 2025 16:43:00,944 INFO  chat.network.utils.AbstractServer 27 start - Client connected ...
06 Apr 2025 16:43:00,973 INFO  chat.network.utils.AbstractServer 25 start - Waiting for clients ...
06 Apr 2025 16:43:21,143 DEBUG ro.mpp2024.protocol.ClientWorkerJson 91 handleRequest - Login request UserDTO{nume='', username='bob.smith', password='U2VjdXJlUEBzczI=', probaId=''}
06 Apr 2025 16:43:21,145 TRACE ro.mpp2024.utils.JdbcUtils 48 getConnection - Enter
06 Apr 2025 16:43:21,145 TRACE ro.mpp2024.utils.JdbcUtils 25 getNewConnection - Enter
06 Apr 2025 16:43:21,145 INFO  ro.mpp2024.utils.JdbcUtils 30 getNewConnection - trying to connect to database ... jdbc:sqlite:src/main/resources/triatlon.db
06 Apr 2025 16:43:21,145 INFO  ro.mpp2024.utils.JdbcUtils 31 getNewConnection - user: null
06 Apr 2025 16:43:21,145 INFO  ro.mpp2024.utils.JdbcUtils 32 getNewConnection - pass: null
06 Apr 2025 16:43:21,285 TRACE ro.mpp2024.utils.JdbcUtils 57 getConnection - Exit with(org.sqlite.jdbc4.JDBC4Connection@782aa1be)
06 Apr 2025 16:43:21,288 TRACE ro.mpp2024.repository.ArbitruRepository 29 createEntityFromResultSet - Enter createEntityFromResultSet
06 Apr 2025 16:43:21,288 TRACE ro.mpp2024.repository.ArbitruRepository 36 createEntityFromResultSet - Exit with(Arbitru{nume='Bob Smith', username='bob.smith', password='U2VjdXJlUEBzczI=', id_proba=c1})
06 Apr 2025 16:45:32,775 INFO  ro.mpp2024.StartJsonServer 24 main - Server properties: {server.port=55556, jdbc.url=jdbc:sqlite:src/main/resources/triatlon.db}
06 Apr 2025 16:45:32,779 INFO  ro.mpp2024.repository.ArbitruRepository 23 <init> - Initializing IArbitruRepository with properties: {} 
06 Apr 2025 16:45:32,780 INFO  ro.mpp2024.repository.ProbaRepository 25 <init> - Initializing ProbaRepository with properties: {} 
06 Apr 2025 16:45:32,781 INFO  ro.mpp2024.repository.ParticipantRepository 24 <init> - Initializing ParticipantRepository with properties: {} 
06 Apr 2025 16:45:32,781 INFO  ro.mpp2024.repository.RezultatRepository 25 <init> - Initializing RezultatRepository with properties: {} 
06 Apr 2025 16:45:32,783 INFO  ro.mpp2024.services.ServerService 36 <init> - Service Rezultat made
06 Apr 2025 16:45:32,783 DEBUG ro.mpp2024.StartJsonServer 50 main - Starting server on port: 55556
06 Apr 2025 16:45:32,784 DEBUG ro.mpp2024.networkUtils.AbsConcurrentServer 13 <init> - Concurrent AbstractServer
06 Apr 2025 16:45:32,784 INFO  ro.mpp2024.networkUtils.JsonConcurrentServer 17 <init> - JsonConcurrentServer
06 Apr 2025 16:45:32,788 INFO  chat.network.utils.AbstractServer 25 start - Waiting for clients ...
06 Apr 2025 16:45:59,152 INFO  chat.network.utils.AbstractServer 27 start - Client connected ...
06 Apr 2025 16:45:59,179 INFO  chat.network.utils.AbstractServer 25 start - Waiting for clients ...
06 Apr 2025 16:45:59,186 DEBUG ro.mpp2024.protocol.ClientWorkerJson 91 handleRequest - Login request UserDTO{nume='', username='bob.smith', password='U2VjdXJlUEBzczI=', probaId=''}
06 Apr 2025 16:45:59,188 TRACE ro.mpp2024.utils.JdbcUtils 48 getConnection - Enter
06 Apr 2025 16:45:59,188 TRACE ro.mpp2024.utils.JdbcUtils 25 getNewConnection - Enter
06 Apr 2025 16:45:59,189 INFO  ro.mpp2024.utils.JdbcUtils 30 getNewConnection - trying to connect to database ... jdbc:sqlite:src/main/resources/triatlon.db
06 Apr 2025 16:45:59,189 INFO  ro.mpp2024.utils.JdbcUtils 31 getNewConnection - user: null
06 Apr 2025 16:45:59,189 INFO  ro.mpp2024.utils.JdbcUtils 32 getNewConnection - pass: null
06 Apr 2025 16:45:59,285 TRACE ro.mpp2024.utils.JdbcUtils 57 getConnection - Exit with(org.sqlite.jdbc4.JDBC4Connection@782aa1be)
06 Apr 2025 16:45:59,288 TRACE ro.mpp2024.repository.ArbitruRepository 29 createEntityFromResultSet - Enter createEntityFromResultSet
06 Apr 2025 16:45:59,289 TRACE ro.mpp2024.repository.ArbitruRepository 36 createEntityFromResultSet - Exit with(Arbitru{nume='Bob Smith', username='bob.smith', password='U2VjdXJlUEBzczI=', id_proba=c1})
06 Apr 2025 16:47:41,737 INFO  ro.mpp2024.StartJsonServer 24 main - Server properties: {server.port=55556, jdbc.url=jdbc:sqlite:src/main/resources/triatlon.db}
06 Apr 2025 16:47:41,741 INFO  ro.mpp2024.repository.ArbitruRepository 23 <init> - Initializing IArbitruRepository with properties: {} 
06 Apr 2025 16:47:41,741 INFO  ro.mpp2024.repository.ProbaRepository 25 <init> - Initializing ProbaRepository with properties: {} 
06 Apr 2025 16:47:41,742 INFO  ro.mpp2024.repository.ParticipantRepository 24 <init> - Initializing ParticipantRepository with properties: {} 
06 Apr 2025 16:47:41,743 INFO  ro.mpp2024.repository.RezultatRepository 25 <init> - Initializing RezultatRepository with properties: {} 
06 Apr 2025 16:47:41,744 INFO  ro.mpp2024.services.ServerService 37 <init> - Service Rezultat made
06 Apr 2025 16:47:41,745 DEBUG ro.mpp2024.StartJsonServer 50 main - Starting server on port: 55556
06 Apr 2025 16:47:41,745 DEBUG ro.mpp2024.networkUtils.AbsConcurrentServer 13 <init> - Concurrent AbstractServer
06 Apr 2025 16:47:41,745 INFO  ro.mpp2024.networkUtils.JsonConcurrentServer 17 <init> - JsonConcurrentServer
06 Apr 2025 16:47:41,749 INFO  chat.network.utils.AbstractServer 25 start - Waiting for clients ...
06 Apr 2025 16:48:01,210 INFO  chat.network.utils.AbstractServer 27 start - Client connected ...
06 Apr 2025 16:48:01,238 INFO  chat.network.utils.AbstractServer 25 start - Waiting for clients ...
06 Apr 2025 16:48:01,246 DEBUG ro.mpp2024.protocol.ClientWorkerJson 91 handleRequest - Login request UserDTO{nume='', username='charlie.b', password='TXlQQHNzdzNyZA==', probaId=''}
06 Apr 2025 16:48:01,248 TRACE ro.mpp2024.utils.JdbcUtils 48 getConnection - Enter
06 Apr 2025 16:48:01,248 TRACE ro.mpp2024.utils.JdbcUtils 25 getNewConnection - Enter
06 Apr 2025 16:48:01,249 INFO  ro.mpp2024.utils.JdbcUtils 30 getNewConnection - trying to connect to database ... jdbc:sqlite:src/main/resources/triatlon.db
06 Apr 2025 16:48:01,249 INFO  ro.mpp2024.utils.JdbcUtils 31 getNewConnection - user: null
06 Apr 2025 16:48:01,249 INFO  ro.mpp2024.utils.JdbcUtils 32 getNewConnection - pass: null
06 Apr 2025 16:48:01,348 TRACE ro.mpp2024.utils.JdbcUtils 57 getConnection - Exit with(org.sqlite.jdbc4.JDBC4Connection@782aa1be)
06 Apr 2025 16:48:01,351 TRACE ro.mpp2024.repository.ArbitruRepository 29 createEntityFromResultSet - Enter createEntityFromResultSet
06 Apr 2025 16:48:01,352 TRACE ro.mpp2024.repository.ArbitruRepository 36 createEntityFromResultSet - Exit with(Arbitru{nume='Charlie Brown', username='charlie.b', password='TXlQQHNzdzNyZA==', id_proba=i1})
06 Apr 2025 16:48:01,354 DEBUG ro.mpp2024.protocol.ClientWorkerJson 80 sendResponse - sending response {"type":"LOGGED_ACC","user":{"id":22,"nume":"Charlie Brown","username":"charlie.b","password":"TXlQQHNzdzNyZA\u003d\u003d","id_proba":"i1"}}
06 Apr 2025 16:48:02,356 DEBUG ro.mpp2024.protocol.ClientWorkerJson 116 handleRequest - Get all rezultate request fornull
06 Apr 2025 16:48:02,356 TRACE ro.mpp2024.repository.RezultatRepository 144 listaParticipantiPuncteAlfabetic - Enter listaParticipantiPuncteAlfabetic
06 Apr 2025 16:48:02,357 TRACE ro.mpp2024.utils.JdbcUtils 48 getConnection - Enter
06 Apr 2025 16:48:02,357 TRACE ro.mpp2024.utils.JdbcUtils 57 getConnection - Exit with(org.sqlite.jdbc4.JDBC4Connection@782aa1be)
06 Apr 2025 16:48:02,358 TRACE ro.mpp2024.repository.RezultatRepository 162 listaParticipantiPuncteAlfabetic - Enter Terminat dictionar
06 Apr 2025 16:48:02,360 DEBUG ro.mpp2024.protocol.ClientWorkerJson 80 sendResponse - sending response {"type":"ALL_REZULTATE","punctaje":[{"idParticipant":18,"nume":"Barbu","prenume":"Irina","varsta":27,"punctaj":230},{"idParticipant":19,"nume":"Constantin","prenume":"Marius","varsta":30,"punctaj":288},{"idParticipant":13,"nume":"Dobre","prenume":"Adriana","varsta":34,"punctaj":175},{"idParticipant":21,"nume":"Dragomir","prenume":"Adrian","varsta":26,"punctaj":140},{"idParticipant":4,"nume":"Dumitrescu","prenume":"Elena","varsta":28,"punctaj":153},{"idParticipant":20,"nume":"Enache","prenume":"Laura","varsta":29,"punctaj":325},{"idParticipant":22,"nume":"Filip","prenume":"Bianca","varsta":31,"punctaj":317},{"idParticipant":3,"nume":"Georgescu","prenume":"Andrei","varsta":22,"punctaj":132},{"idParticipant":17,"nume":"Gheorghe","prenume":"Vlad","varsta":28,"punctaj":210},{"idParticipant":23,"nume":"Grigore","prenume":"Stefan","varsta":24,"punctaj":155},{"idParticipant":24,"nume":"Hagi","prenume":"Diana","varsta":32,"punctaj":203},{"idParticipant":25,"nume":"Iacob","prenume":"Radu","varsta":23,"punctaj":195},{"idParticipant":11,"nume":"Iliescu","prenume":"Daniela","varsta":32,"punctaj":320},{"idParticipant":2,"nume":"Ionescu","prenume":"Maria","varsta":30,"punctaj":166},{"idParticipant":26,"nume":"Jianu","prenume":"Oana","varsta":34,"punctaj":142},{"idParticipant":27,"nume":"Kovacs","prenume":"Cristina","varsta":21,"punctaj":199},{"idParticipant":16,"nume":"Lazar","prenume":"Roxana","varsta":25,"punctaj":185},{"idParticipant":28,"nume":"Lupu","prenume":"George","varsta":33,"punctaj":199},{"idParticipant":29,"nume":"Manole","prenume":"Simona","varsta":25,"punctaj":117},{"idParticipant":8,"nume":"Marin","prenume":"Ana","varsta":29,"punctaj":134},{"idParticipant":14,"nume":"Munteanu","prenume":"Sorin","varsta":21,"punctaj":301},{"idParticipant":30,"nume":"Nedelcu","prenume":"Alexandra","varsta":28,"punctaj":169},{"idParticipant":15,"nume":"Nistor","prenume":"Carmen","varsta":33,"punctaj":189},{"idParticipant":40,"nume":"nume","prenume":"prenume","varsta":20,"punctaj":300},{"idParticipant":31,"nume":"Oprea","prenume":"Bogdan","varsta":27,"punctaj":282},{"idParticipant":32,"nume":"Pavel","prenume":"Monica","varsta":30,"punctaj":111},{"idParticipant":10,"nume":"Petrescu","prenume":"Gabriel","varsta":26,"punctaj":188},{"idParticipant":5,"nume":"Popa","prenume":"Mihai","varsta":35,"punctaj":282},{"idParticipant":1,"nume":"Popescu","prenume":"Ion","varsta":25,"punctaj":158},{"idParticipant":7,"nume":"Radu","prenume":"Cristian","varsta":24,"punctaj":256},{"idParticipant":33,"nume":"Rusu","prenume":"Andreea","varsta":29,"punctaj":313},{"idParticipant":34,"nume":"Sandu","prenume":"Victor","varsta":26,"punctaj":115},{"idParticipant":6,"nume":"Stan","prenume":"Ioana","varsta":27,"punctaj":289},{"idParticipant":35,"nume":"Toma","prenume":"Gabriela","varsta":31,"punctaj":132},{"idParticipant":9,"nume":"Tudor","prenume":"Alexandru","varsta":31,"punctaj":288},{"idParticipant":36,"nume":"Ursu","prenume":"Mihail","varsta":24,"punctaj":155},{"idParticipant":12,"nume":"Vasilescu","prenume":"Florin","varsta":23,"punctaj":472},{"idParticipant":37,"nume":"Vlad","prenume":"Anca","varsta":32,"punctaj":138},{"idParticipant":39,"nume":"Voicu","prenume":"Raluca","varsta":34,"punctaj":190},{"idParticipant":38,"nume":"Zamfir","prenume":"Lucian","varsta":23,"punctaj":177}]}
06 Apr 2025 16:48:03,367 DEBUG ro.mpp2024.protocol.ClientWorkerJson 104 handleRequest - Get rezultate request forUserDTO{nume='', username='', password='', probaId='i1'}
06 Apr 2025 16:48:03,368 TRACE ro.mpp2024.repository.RezultatRepository 168 listaParticiapntPuncteProbaDescrescator - Enter listaParticiapntPuncteProbaDescrescator
06 Apr 2025 16:48:03,368 TRACE ro.mpp2024.utils.JdbcUtils 48 getConnection - Enter
06 Apr 2025 16:48:03,368 TRACE ro.mpp2024.utils.JdbcUtils 57 getConnection - Exit with(org.sqlite.jdbc4.JDBC4Connection@782aa1be)
06 Apr 2025 16:48:03,369 TRACE ro.mpp2024.repository.RezultatRepository 186 listaParticiapntPuncteProbaDescrescator - Enter Terminat dictionar
06 Apr 2025 16:48:03,369 DEBUG ro.mpp2024.protocol.ClientWorkerJson 80 sendResponse - sending response {"type":"REZULTATE","punctaje":[{"idParticipant":13,"nume":"Dobre","prenume":"Adriana","varsta":34,"punctaj":165},{"idParticipant":1,"nume":"Popescu","prenume":"Ion","varsta":25,"punctaj":148},{"idParticipant":8,"nume":"Marin","prenume":"Ana","varsta":29,"punctaj":134}]}
06 Apr 2025 16:48:04,373 DEBUG ro.mpp2024.protocol.ClientWorkerJson 142 handleRequest - Get participanti request fornull
06 Apr 2025 16:48:04,373 TRACE ro.mpp2024.repository.ParticipantRepository 42 findAll - Enter
06 Apr 2025 16:48:04,374 TRACE ro.mpp2024.utils.JdbcUtils 48 getConnection - Enter
06 Apr 2025 16:48:04,374 TRACE ro.mpp2024.utils.JdbcUtils 57 getConnection - Exit with(org.sqlite.jdbc4.JDBC4Connection@782aa1be)
06 Apr 2025 16:48:04,374 TRACE ro.mpp2024.repository.ParticipantRepository 30 createEntityFromResultSet - Enter createEntityFromResultSet
06 Apr 2025 16:48:04,375 TRACE ro.mpp2024.repository.ParticipantRepository 36 createEntityFromResultSet - Exit with(Popescu Ion)
06 Apr 2025 16:48:04,375 TRACE ro.mpp2024.repository.ParticipantRepository 30 createEntityFromResultSet - Enter createEntityFromResultSet
06 Apr 2025 16:48:04,375 TRACE ro.mpp2024.repository.ParticipantRepository 36 createEntityFromResultSet - Exit with(Ionescu Maria)
06 Apr 2025 16:48:04,375 TRACE ro.mpp2024.repository.ParticipantRepository 30 createEntityFromResultSet - Enter createEntityFromResultSet
06 Apr 2025 16:48:04,375 TRACE ro.mpp2024.repository.ParticipantRepository 36 createEntityFromResultSet - Exit with(Georgescu Andrei)
06 Apr 2025 16:48:04,375 TRACE ro.mpp2024.repository.ParticipantRepository 30 createEntityFromResultSet - Enter createEntityFromResultSet
06 Apr 2025 16:48:04,376 TRACE ro.mpp2024.repository.ParticipantRepository 36 createEntityFromResultSet - Exit with(Dumitrescu Elena)
06 Apr 2025 16:48:04,376 TRACE ro.mpp2024.repository.ParticipantRepository 30 createEntityFromResultSet - Enter createEntityFromResultSet
06 Apr 2025 16:48:04,376 TRACE ro.mpp2024.repository.ParticipantRepository 36 createEntityFromResultSet - Exit with(Popa Mihai)
06 Apr 2025 16:48:04,376 TRACE ro.mpp2024.repository.ParticipantRepository 30 createEntityFromResultSet - Enter createEntityFromResultSet
06 Apr 2025 16:48:04,376 TRACE ro.mpp2024.repository.ParticipantRepository 36 createEntityFromResultSet - Exit with(Stan Ioana)
06 Apr 2025 16:48:04,376 TRACE ro.mpp2024.repository.ParticipantRepository 30 createEntityFromResultSet - Enter createEntityFromResultSet
06 Apr 2025 16:48:04,376 TRACE ro.mpp2024.repository.ParticipantRepository 36 createEntityFromResultSet - Exit with(Radu Cristian)
06 Apr 2025 16:48:04,376 TRACE ro.mpp2024.repository.ParticipantRepository 30 createEntityFromResultSet - Enter createEntityFromResultSet
06 Apr 2025 16:48:04,377 TRACE ro.mpp2024.repository.ParticipantRepository 36 createEntityFromResultSet - Exit with(Marin Ana)
06 Apr 2025 16:48:04,377 TRACE ro.mpp2024.repository.ParticipantRepository 30 createEntityFromResultSet - Enter createEntityFromResultSet
06 Apr 2025 16:48:04,377 TRACE ro.mpp2024.repository.ParticipantRepository 36 createEntityFromResultSet - Exit with(Tudor Alexandru)
06 Apr 2025 16:48:04,377 TRACE ro.mpp2024.repository.ParticipantRepository 30 createEntityFromResultSet - Enter createEntityFromResultSet
06 Apr 2025 16:48:04,377 TRACE ro.mpp2024.repository.ParticipantRepository 36 createEntityFromResultSet - Exit with(Petrescu Gabriel)
06 Apr 2025 16:48:04,377 TRACE ro.mpp2024.repository.ParticipantRepository 30 createEntityFromResultSet - Enter createEntityFromResultSet
06 Apr 2025 16:48:04,377 TRACE ro.mpp2024.repository.ParticipantRepository 36 createEntityFromResultSet - Exit with(Iliescu Daniela)
06 Apr 2025 16:48:04,378 TRACE ro.mpp2024.repository.ParticipantRepository 30 createEntityFromResultSet - Enter createEntityFromResultSet
06 Apr 2025 16:48:04,378 TRACE ro.mpp2024.repository.ParticipantRepository 36 createEntityFromResultSet - Exit with(Vasilescu Florin)
06 Apr 2025 16:48:04,378 TRACE ro.mpp2024.repository.ParticipantRepository 30 createEntityFromResultSet - Enter createEntityFromResultSet
06 Apr 2025 16:48:04,378 TRACE ro.mpp2024.repository.ParticipantRepository 36 createEntityFromResultSet - Exit with(Dobre Adriana)
06 Apr 2025 16:48:04,378 TRACE ro.mpp2024.repository.ParticipantRepository 30 createEntityFromResultSet - Enter createEntityFromResultSet
06 Apr 2025 16:48:04,378 TRACE ro.mpp2024.repository.ParticipantRepository 36 createEntityFromResultSet - Exit with(Munteanu Sorin)
06 Apr 2025 16:48:04,378 TRACE ro.mpp2024.repository.ParticipantRepository 30 createEntityFromResultSet - Enter createEntityFromResultSet
06 Apr 2025 16:48:04,378 TRACE ro.mpp2024.repository.ParticipantRepository 36 createEntityFromResultSet - Exit with(Nistor Carmen)
06 Apr 2025 16:48:04,378 TRACE ro.mpp2024.repository.ParticipantRepository 30 createEntityFromResultSet - Enter createEntityFromResultSet
06 Apr 2025 16:48:04,379 TRACE ro.mpp2024.repository.ParticipantRepository 36 createEntityFromResultSet - Exit with(Lazar Roxana)
06 Apr 2025 16:48:04,379 TRACE ro.mpp2024.repository.ParticipantRepository 30 createEntityFromResultSet - Enter createEntityFromResultSet
06 Apr 2025 16:48:04,379 TRACE ro.mpp2024.repository.ParticipantRepository 36 createEntityFromResultSet - Exit with(Gheorghe Vlad)
06 Apr 2025 16:48:04,379 TRACE ro.mpp2024.repository.ParticipantRepository 30 createEntityFromResultSet - Enter createEntityFromResultSet
06 Apr 2025 16:48:04,379 TRACE ro.mpp2024.repository.ParticipantRepository 36 createEntityFromResultSet - Exit with(Barbu Irina)
06 Apr 2025 16:48:04,379 TRACE ro.mpp2024.repository.ParticipantRepository 30 createEntityFromResultSet - Enter createEntityFromResultSet
06 Apr 2025 16:48:04,379 TRACE ro.mpp2024.repository.ParticipantRepository 36 createEntityFromResultSet - Exit with(Constantin Marius)
06 Apr 2025 16:48:04,379 TRACE ro.mpp2024.repository.ParticipantRepository 30 createEntityFromResultSet - Enter createEntityFromResultSet
06 Apr 2025 16:48:04,379 TRACE ro.mpp2024.repository.ParticipantRepository 36 createEntityFromResultSet - Exit with(Enache Laura)
06 Apr 2025 16:48:04,380 TRACE ro.mpp2024.repository.ParticipantRepository 30 createEntityFromResultSet - Enter createEntityFromResultSet
06 Apr 2025 16:48:04,380 TRACE ro.mpp2024.repository.ParticipantRepository 36 createEntityFromResultSet - Exit with(Dragomir Adrian)
06 Apr 2025 16:48:04,380 TRACE ro.mpp2024.repository.ParticipantRepository 30 createEntityFromResultSet - Enter createEntityFromResultSet
06 Apr 2025 16:48:04,380 TRACE ro.mpp2024.repository.ParticipantRepository 36 createEntityFromResultSet - Exit with(Filip Bianca)
06 Apr 2025 16:48:04,380 TRACE ro.mpp2024.repository.ParticipantRepository 30 createEntityFromResultSet - Enter createEntityFromResultSet
06 Apr 2025 16:48:04,380 TRACE ro.mpp2024.repository.ParticipantRepository 36 createEntityFromResultSet - Exit with(Grigore Stefan)
06 Apr 2025 16:48:04,380 TRACE ro.mpp2024.repository.ParticipantRepository 30 createEntityFromResultSet - Enter createEntityFromResultSet
06 Apr 2025 16:48:04,380 TRACE ro.mpp2024.repository.ParticipantRepository 36 createEntityFromResultSet - Exit with(Hagi Diana)
06 Apr 2025 16:48:04,381 TRACE ro.mpp2024.repository.ParticipantRepository 30 createEntityFromResultSet - Enter createEntityFromResultSet
06 Apr 2025 16:48:04,381 TRACE ro.mpp2024.repository.ParticipantRepository 36 createEntityFromResultSet - Exit with(Iacob Radu)
06 Apr 2025 16:48:04,381 TRACE ro.mpp2024.repository.ParticipantRepository 30 createEntityFromResultSet - Enter createEntityFromResultSet
06 Apr 2025 16:48:04,381 TRACE ro.mpp2024.repository.ParticipantRepository 36 createEntityFromResultSet - Exit with(Jianu Oana)
06 Apr 2025 16:48:04,381 TRACE ro.mpp2024.repository.ParticipantRepository 30 createEntityFromResultSet - Enter createEntityFromResultSet
06 Apr 2025 16:48:04,381 TRACE ro.mpp2024.repository.ParticipantRepository 36 createEntityFromResultSet - Exit with(Kovacs Cristina)
06 Apr 2025 16:48:04,381 TRACE ro.mpp2024.repository.ParticipantRepository 30 createEntityFromResultSet - Enter createEntityFromResultSet
06 Apr 2025 16:48:04,381 TRACE ro.mpp2024.repository.ParticipantRepository 36 createEntityFromResultSet - Exit with(Lupu George)
06 Apr 2025 16:48:04,381 TRACE ro.mpp2024.repository.ParticipantRepository 30 createEntityFromResultSet - Enter createEntityFromResultSet
06 Apr 2025 16:48:04,382 TRACE ro.mpp2024.repository.ParticipantRepository 36 createEntityFromResultSet - Exit with(Manole Simona)
06 Apr 2025 16:48:04,382 TRACE ro.mpp2024.repository.ParticipantRepository 30 createEntityFromResultSet - Enter createEntityFromResultSet
06 Apr 2025 16:48:04,382 TRACE ro.mpp2024.repository.ParticipantRepository 36 createEntityFromResultSet - Exit with(Nedelcu Alexandra)
06 Apr 2025 16:48:04,382 TRACE ro.mpp2024.repository.ParticipantRepository 30 createEntityFromResultSet - Enter createEntityFromResultSet
06 Apr 2025 16:48:04,382 TRACE ro.mpp2024.repository.ParticipantRepository 36 createEntityFromResultSet - Exit with(Oprea Bogdan)
06 Apr 2025 16:48:04,382 TRACE ro.mpp2024.repository.ParticipantRepository 30 createEntityFromResultSet - Enter createEntityFromResultSet
06 Apr 2025 16:48:04,382 TRACE ro.mpp2024.repository.ParticipantRepository 36 createEntityFromResultSet - Exit with(Pavel Monica)
06 Apr 2025 16:48:04,382 TRACE ro.mpp2024.repository.ParticipantRepository 30 createEntityFromResultSet - Enter createEntityFromResultSet
06 Apr 2025 16:48:04,383 TRACE ro.mpp2024.repository.ParticipantRepository 36 createEntityFromResultSet - Exit with(Rusu Andreea)
06 Apr 2025 16:48:04,383 TRACE ro.mpp2024.repository.ParticipantRepository 30 createEntityFromResultSet - Enter createEntityFromResultSet
06 Apr 2025 16:48:04,383 TRACE ro.mpp2024.repository.ParticipantRepository 36 createEntityFromResultSet - Exit with(Sandu Victor)
06 Apr 2025 16:48:04,383 TRACE ro.mpp2024.repository.ParticipantRepository 30 createEntityFromResultSet - Enter createEntityFromResultSet
06 Apr 2025 16:48:04,383 TRACE ro.mpp2024.repository.ParticipantRepository 36 createEntityFromResultSet - Exit with(Toma Gabriela)
06 Apr 2025 16:48:04,383 TRACE ro.mpp2024.repository.ParticipantRepository 30 createEntityFromResultSet - Enter createEntityFromResultSet
06 Apr 2025 16:48:04,383 TRACE ro.mpp2024.repository.ParticipantRepository 36 createEntityFromResultSet - Exit with(Ursu Mihail)
06 Apr 2025 16:48:04,383 TRACE ro.mpp2024.repository.ParticipantRepository 30 createEntityFromResultSet - Enter createEntityFromResultSet
06 Apr 2025 16:48:04,383 TRACE ro.mpp2024.repository.ParticipantRepository 36 createEntityFromResultSet - Exit with(Vlad Anca)
06 Apr 2025 16:48:04,384 TRACE ro.mpp2024.repository.ParticipantRepository 30 createEntityFromResultSet - Enter createEntityFromResultSet
06 Apr 2025 16:48:04,384 TRACE ro.mpp2024.repository.ParticipantRepository 36 createEntityFromResultSet - Exit with(Zamfir Lucian)
06 Apr 2025 16:48:04,384 TRACE ro.mpp2024.repository.ParticipantRepository 30 createEntityFromResultSet - Enter createEntityFromResultSet
06 Apr 2025 16:48:04,384 TRACE ro.mpp2024.repository.ParticipantRepository 36 createEntityFromResultSet - Exit with(Voicu Raluca)
06 Apr 2025 16:48:04,384 TRACE ro.mpp2024.repository.ParticipantRepository 30 createEntityFromResultSet - Enter createEntityFromResultSet
06 Apr 2025 16:48:04,384 TRACE ro.mpp2024.repository.ParticipantRepository 36 createEntityFromResultSet - Exit with(nume prenume)
06 Apr 2025 16:48:04,385 TRACE ro.mpp2024.repository.ParticipantRepository 56 findAll - Exit with([Popescu Ion, Ionescu Maria, Georgescu Andrei, Dumitrescu Elena, Popa Mihai, Stan Ioana, Radu Cristian, Marin Ana, Tudor Alexandru, Petrescu Gabriel, Iliescu Daniela, Vasilescu Florin, Dobre Adriana, Munteanu Sorin, Nistor Carmen, Lazar Roxana, Gheorghe Vlad, Barbu Irina, Constantin Marius, Enache Laura, Dragomir Adrian, Filip Bianca, Grigore Stefan, Hagi Diana, Iacob Radu, Jianu Oana, Kovacs Cristina, Lupu George, Manole Simona, Nedelcu Alexandra, Oprea Bogdan, Pavel Monica, Rusu Andreea, Sandu Victor, Toma Gabriela, Ursu Mihail, Vlad Anca, Zamfir Lucian, Voicu Raluca, nume prenume])
06 Apr 2025 16:48:04,386 DEBUG ro.mpp2024.protocol.ClientWorkerJson 80 sendResponse - sending response {"type":"PARTICIPANTI","participanti":[{"idParticipant":1,"nume":"Popescu","prenume":"Ion","varsta":25,"punctaj":0},{"idParticipant":2,"nume":"Ionescu","prenume":"Maria","varsta":30,"punctaj":0},{"idParticipant":3,"nume":"Georgescu","prenume":"Andrei","varsta":22,"punctaj":0},{"idParticipant":4,"nume":"Dumitrescu","prenume":"Elena","varsta":28,"punctaj":0},{"idParticipant":5,"nume":"Popa","prenume":"Mihai","varsta":35,"punctaj":0},{"idParticipant":6,"nume":"Stan","prenume":"Ioana","varsta":27,"punctaj":0},{"idParticipant":7,"nume":"Radu","prenume":"Cristian","varsta":24,"punctaj":0},{"idParticipant":8,"nume":"Marin","prenume":"Ana","varsta":29,"punctaj":0},{"idParticipant":9,"nume":"Tudor","prenume":"Alexandru","varsta":31,"punctaj":0},{"idParticipant":10,"nume":"Petrescu","prenume":"Gabriel","varsta":26,"punctaj":0},{"idParticipant":11,"nume":"Iliescu","prenume":"Daniela","varsta":32,"punctaj":0},{"idParticipant":12,"nume":"Vasilescu","prenume":"Florin","varsta":23,"punctaj":0},{"idParticipant":13,"nume":"Dobre","prenume":"Adriana","varsta":34,"punctaj":0},{"idParticipant":14,"nume":"Munteanu","prenume":"Sorin","varsta":21,"punctaj":0},{"idParticipant":15,"nume":"Nistor","prenume":"Carmen","varsta":33,"punctaj":0},{"idParticipant":16,"nume":"Lazar","prenume":"Roxana","varsta":25,"punctaj":0},{"idParticipant":17,"nume":"Gheorghe","prenume":"Vlad","varsta":28,"punctaj":0},{"idParticipant":18,"nume":"Barbu","prenume":"Irina","varsta":27,"punctaj":0},{"idParticipant":19,"nume":"Constantin","prenume":"Marius","varsta":30,"punctaj":0},{"idParticipant":20,"nume":"Enache","prenume":"Laura","varsta":29,"punctaj":0},{"idParticipant":21,"nume":"Dragomir","prenume":"Adrian","varsta":26,"punctaj":0},{"idParticipant":22,"nume":"Filip","prenume":"Bianca","varsta":31,"punctaj":0},{"idParticipant":23,"nume":"Grigore","prenume":"Stefan","varsta":24,"punctaj":0},{"idParticipant":24,"nume":"Hagi","prenume":"Diana","varsta":32,"punctaj":0},{"idParticipant":25,"nume":"Iacob","prenume":"Radu","varsta":23,"punctaj":0},{"idParticipant":26,"nume":"Jianu","prenume":"Oana","varsta":34,"punctaj":0},{"idParticipant":27,"nume":"Kovacs","prenume":"Cristina","varsta":21,"punctaj":0},{"idParticipant":28,"nume":"Lupu","prenume":"George","varsta":33,"punctaj":0},{"idParticipant":29,"nume":"Manole","prenume":"Simona","varsta":25,"punctaj":0},{"idParticipant":30,"nume":"Nedelcu","prenume":"Alexandra","varsta":28,"punctaj":0},{"idParticipant":31,"nume":"Oprea","prenume":"Bogdan","varsta":27,"punctaj":0},{"idParticipant":32,"nume":"Pavel","prenume":"Monica","varsta":30,"punctaj":0},{"idParticipant":33,"nume":"Rusu","prenume":"Andreea","varsta":29,"punctaj":0},{"idParticipant":34,"nume":"Sandu","prenume":"Victor","varsta":26,"punctaj":0},{"idParticipant":35,"nume":"Toma","prenume":"Gabriela","varsta":31,"punctaj":0},{"idParticipant":36,"nume":"Ursu","prenume":"Mihail","varsta":24,"punctaj":0},{"idParticipant":37,"nume":"Vlad","prenume":"Anca","varsta":32,"punctaj":0},{"idParticipant":38,"nume":"Zamfir","prenume":"Lucian","varsta":23,"punctaj":0},{"idParticipant":39,"nume":"Voicu","prenume":"Raluca","varsta":34,"punctaj":0},{"idParticipant":40,"nume":"nume","prenume":"prenume","varsta":20,"punctaj":0}]}
06 Apr 2025 16:48:13,670 DEBUG ro.mpp2024.protocol.ClientWorkerJson 127 handleRequest - Add rezultat request RezultatDTO{idProba='i1', idParticipant=18, puncte=10}
06 Apr 2025 16:48:13,671 TRACE ro.mpp2024.services.ServerService 52 addRezultat - Enter
06 Apr 2025 16:48:13,671 TRACE ro.mpp2024.repository.ParticipantRepository 62 findOne - Enter
06 Apr 2025 16:48:13,671 TRACE ro.mpp2024.utils.JdbcUtils 48 getConnection - Enter
06 Apr 2025 16:48:13,671 TRACE ro.mpp2024.utils.JdbcUtils 57 getConnection - Exit with(org.sqlite.jdbc4.JDBC4Connection@782aa1be)
06 Apr 2025 16:48:13,671 TRACE ro.mpp2024.repository.ParticipantRepository 30 createEntityFromResultSet - Enter createEntityFromResultSet
06 Apr 2025 16:48:13,672 TRACE ro.mpp2024.repository.ParticipantRepository 36 createEntityFromResultSet - Exit with(Barbu Irina)
06 Apr 2025 16:48:13,672 TRACE ro.mpp2024.repository.ParticipantRepository 76 findOne - Exit with(Barbu Irina)
06 Apr 2025 16:48:13,672 TRACE ro.mpp2024.repository.ProbaRepository 63 findOne - Enter findOne
06 Apr 2025 16:48:13,672 TRACE ro.mpp2024.utils.JdbcUtils 48 getConnection - Enter
06 Apr 2025 16:48:13,672 TRACE ro.mpp2024.utils.JdbcUtils 57 getConnection - Exit with(org.sqlite.jdbc4.JDBC4Connection@782aa1be)
06 Apr 2025 16:48:13,672 TRACE ro.mpp2024.repository.ProbaRepository 31 createEntityFromResultSet - Enter createEntityFromResultSet
06 Apr 2025 16:48:13,675 TRACE ro.mpp2024.repository.ProbaRepository 37 createEntityFromResultSet - Exit with(Proba{nume='Inot 50 de m', arbitru=1, categorie=inot})
06 Apr 2025 16:48:13,676 TRACE ro.mpp2024.repository.ProbaRepository 77 findOne - Exit with(Proba{nume='Inot 50 de m', arbitru=1, categorie=inot})
06 Apr 2025 16:48:13,676 TRACE ro.mpp2024.repository.RezultatRepository 116 save - Enter save
06 Apr 2025 16:48:13,676 TRACE ro.mpp2024.utils.JdbcUtils 48 getConnection - Enter
06 Apr 2025 16:48:13,676 TRACE ro.mpp2024.utils.JdbcUtils 57 getConnection - Exit with(org.sqlite.jdbc4.JDBC4Connection@782aa1be)
06 Apr 2025 16:48:13,680 TRACE ro.mpp2024.repository.RezultatRepository 127 save - Exit
06 Apr 2025 16:48:13,680 TRACE ro.mpp2024.services.ServerService 56 addRezultat - Exit
06 Apr 2025 16:48:13,681 DEBUG ro.mpp2024.services.ServerService 62 rezultatAdded - rezultat added
06 Apr 2025 16:48:13,684 DEBUG ro.mpp2024.protocol.ClientWorkerJson 80 sendResponse - sending response {"type":"OK"}
06 Apr 2025 16:48:13,687 DEBUG ro.mpp2024.protocol.ClientWorkerJson 180 RezultatAdded - Sending rezultat added response Response{type=REZULTAT_ADDED, errormessage='null', user=null, rezultat=RezultatDTO{idProba='i1', idParticipant=18, puncte=10}, punctaje=null}
06 Apr 2025 16:48:13,688 DEBUG ro.mpp2024.protocol.ClientWorkerJson 80 sendResponse - sending response {"type":"REZULTAT_ADDED","rezultat":{"idProba":"i1","idParticipant":18,"numeParticipant":"Barbu","prenumeParticipant":"Irina","puncte":10}}
06 Apr 2025 16:48:53,787 INFO  chat.network.utils.AbstractServer 27 start - Client connected ...
06 Apr 2025 16:48:53,787 INFO  chat.network.utils.AbstractServer 25 start - Waiting for clients ...
06 Apr 2025 16:48:53,795 DEBUG ro.mpp2024.protocol.ClientWorkerJson 91 handleRequest - Login request UserDTO{nume='', username='alice.j', password='UGFzc3cwcmQxIQ==', probaId=''}
06 Apr 2025 16:48:53,795 TRACE ro.mpp2024.utils.JdbcUtils 48 getConnection - Enter
06 Apr 2025 16:48:53,795 TRACE ro.mpp2024.utils.JdbcUtils 57 getConnection - Exit with(org.sqlite.jdbc4.JDBC4Connection@782aa1be)
06 Apr 2025 16:48:53,796 TRACE ro.mpp2024.repository.ArbitruRepository 29 createEntityFromResultSet - Enter createEntityFromResultSet
06 Apr 2025 16:48:53,796 TRACE ro.mpp2024.repository.ArbitruRepository 36 createEntityFromResultSet - Exit with(Arbitru{nume='Alice Johnson', username='alice.j', password='UGFzc3cwcmQxIQ==', id_proba=s1})
06 Apr 2025 16:48:53,796 DEBUG ro.mpp2024.protocol.ClientWorkerJson 80 sendResponse - sending response {"type":"LOGGED_ACC","user":{"id":20,"nume":"Alice Johnson","username":"alice.j","password":"UGFzc3cwcmQxIQ\u003d\u003d","id_proba":"s1"}}
06 Apr 2025 16:48:54,798 DEBUG ro.mpp2024.protocol.ClientWorkerJson 116 handleRequest - Get all rezultate request fornull
06 Apr 2025 16:48:54,799 TRACE ro.mpp2024.repository.RezultatRepository 144 listaParticipantiPuncteAlfabetic - Enter listaParticipantiPuncteAlfabetic
06 Apr 2025 16:48:54,799 TRACE ro.mpp2024.utils.JdbcUtils 48 getConnection - Enter
06 Apr 2025 16:48:54,799 TRACE ro.mpp2024.utils.JdbcUtils 57 getConnection - Exit with(org.sqlite.jdbc4.JDBC4Connection@782aa1be)
06 Apr 2025 16:48:54,800 TRACE ro.mpp2024.repository.RezultatRepository 162 listaParticipantiPuncteAlfabetic - Enter Terminat dictionar
06 Apr 2025 16:48:54,800 DEBUG ro.mpp2024.protocol.ClientWorkerJson 80 sendResponse - sending response {"type":"ALL_REZULTATE","punctaje":[{"idParticipant":18,"nume":"Barbu","prenume":"Irina","varsta":27,"punctaj":240},{"idParticipant":19,"nume":"Constantin","prenume":"Marius","varsta":30,"punctaj":288},{"idParticipant":13,"nume":"Dobre","prenume":"Adriana","varsta":34,"punctaj":175},{"idParticipant":21,"nume":"Dragomir","prenume":"Adrian","varsta":26,"punctaj":140},{"idParticipant":4,"nume":"Dumitrescu","prenume":"Elena","varsta":28,"punctaj":153},{"idParticipant":20,"nume":"Enache","prenume":"Laura","varsta":29,"punctaj":325},{"idParticipant":22,"nume":"Filip","prenume":"Bianca","varsta":31,"punctaj":317},{"idParticipant":3,"nume":"Georgescu","prenume":"Andrei","varsta":22,"punctaj":132},{"idParticipant":17,"nume":"Gheorghe","prenume":"Vlad","varsta":28,"punctaj":210},{"idParticipant":23,"nume":"Grigore","prenume":"Stefan","varsta":24,"punctaj":155},{"idParticipant":24,"nume":"Hagi","prenume":"Diana","varsta":32,"punctaj":203},{"idParticipant":25,"nume":"Iacob","prenume":"Radu","varsta":23,"punctaj":195},{"idParticipant":11,"nume":"Iliescu","prenume":"Daniela","varsta":32,"punctaj":320},{"idParticipant":2,"nume":"Ionescu","prenume":"Maria","varsta":30,"punctaj":166},{"idParticipant":26,"nume":"Jianu","prenume":"Oana","varsta":34,"punctaj":142},{"idParticipant":27,"nume":"Kovacs","prenume":"Cristina","varsta":21,"punctaj":199},{"idParticipant":16,"nume":"Lazar","prenume":"Roxana","varsta":25,"punctaj":185},{"idParticipant":28,"nume":"Lupu","prenume":"George","varsta":33,"punctaj":199},{"idParticipant":29,"nume":"Manole","prenume":"Simona","varsta":25,"punctaj":117},{"idParticipant":8,"nume":"Marin","prenume":"Ana","varsta":29,"punctaj":134},{"idParticipant":14,"nume":"Munteanu","prenume":"Sorin","varsta":21,"punctaj":301},{"idParticipant":30,"nume":"Nedelcu","prenume":"Alexandra","varsta":28,"punctaj":169},{"idParticipant":15,"nume":"Nistor","prenume":"Carmen","varsta":33,"punctaj":189},{"idParticipant":40,"nume":"nume","prenume":"prenume","varsta":20,"punctaj":300},{"idParticipant":31,"nume":"Oprea","prenume":"Bogdan","varsta":27,"punctaj":282},{"idParticipant":32,"nume":"Pavel","prenume":"Monica","varsta":30,"punctaj":111},{"idParticipant":10,"nume":"Petrescu","prenume":"Gabriel","varsta":26,"punctaj":188},{"idParticipant":5,"nume":"Popa","prenume":"Mihai","varsta":35,"punctaj":282},{"idParticipant":1,"nume":"Popescu","prenume":"Ion","varsta":25,"punctaj":158},{"idParticipant":7,"nume":"Radu","prenume":"Cristian","varsta":24,"punctaj":256},{"idParticipant":33,"nume":"Rusu","prenume":"Andreea","varsta":29,"punctaj":313},{"idParticipant":34,"nume":"Sandu","prenume":"Victor","varsta":26,"punctaj":115},{"idParticipant":6,"nume":"Stan","prenume":"Ioana","varsta":27,"punctaj":289},{"idParticipant":35,"nume":"Toma","prenume":"Gabriela","varsta":31,"punctaj":132},{"idParticipant":9,"nume":"Tudor","prenume":"Alexandru","varsta":31,"punctaj":288},{"idParticipant":36,"nume":"Ursu","prenume":"Mihail","varsta":24,"punctaj":155},{"idParticipant":12,"nume":"Vasilescu","prenume":"Florin","varsta":23,"punctaj":472},{"idParticipant":37,"nume":"Vlad","prenume":"Anca","varsta":32,"punctaj":138},{"idParticipant":39,"nume":"Voicu","prenume":"Raluca","varsta":34,"punctaj":190},{"idParticipant":38,"nume":"Zamfir","prenume":"Lucian","varsta":23,"punctaj":177}]}
06 Apr 2025 16:48:55,810 DEBUG ro.mpp2024.protocol.ClientWorkerJson 104 handleRequest - Get rezultate request forUserDTO{nume='', username='', password='', probaId='s1'}
06 Apr 2025 16:48:55,810 TRACE ro.mpp2024.repository.RezultatRepository 168 listaParticiapntPuncteProbaDescrescator - Enter listaParticiapntPuncteProbaDescrescator
06 Apr 2025 16:48:55,811 TRACE ro.mpp2024.utils.JdbcUtils 48 getConnection - Enter
06 Apr 2025 16:48:55,811 TRACE ro.mpp2024.utils.JdbcUtils 57 getConnection - Exit with(org.sqlite.jdbc4.JDBC4Connection@782aa1be)
06 Apr 2025 16:48:55,811 TRACE ro.mpp2024.repository.RezultatRepository 186 listaParticiapntPuncteProbaDescrescator - Enter Terminat dictionar
06 Apr 2025 16:48:55,812 DEBUG ro.mpp2024.protocol.ClientWorkerJson 80 sendResponse - sending response {"type":"REZULTATE","punctaje":[{"idParticipant":28,"nume":"Lupu","prenume":"George","varsta":33,"punctaj":199},{"idParticipant":12,"nume":"Vasilescu","prenume":"Florin","varsta":23,"punctaj":198},{"idParticipant":11,"nume":"Iliescu","prenume":"Daniela","varsta":32,"punctaj":185},{"idParticipant":20,"nume":"Enache","prenume":"Laura","varsta":29,"punctaj":140},{"idParticipant":19,"nume":"Constantin","prenume":"Marius","varsta":30,"punctaj":100},{"idParticipant":18,"nume":"Barbu","prenume":"Irina","varsta":27,"punctaj":20},{"idParticipant":3,"nume":"Georgescu","prenume":"Andrei","varsta":22,"punctaj":20}]}
06 Apr 2025 16:48:56,818 DEBUG ro.mpp2024.protocol.ClientWorkerJson 142 handleRequest - Get participanti request fornull
06 Apr 2025 16:48:56,818 TRACE ro.mpp2024.repository.ParticipantRepository 42 findAll - Enter
06 Apr 2025 16:48:56,818 TRACE ro.mpp2024.utils.JdbcUtils 48 getConnection - Enter
06 Apr 2025 16:48:56,818 TRACE ro.mpp2024.utils.JdbcUtils 57 getConnection - Exit with(org.sqlite.jdbc4.JDBC4Connection@782aa1be)
06 Apr 2025 16:48:56,819 TRACE ro.mpp2024.repository.ParticipantRepository 30 createEntityFromResultSet - Enter createEntityFromResultSet
06 Apr 2025 16:48:56,819 TRACE ro.mpp2024.repository.ParticipantRepository 36 createEntityFromResultSet - Exit with(Popescu Ion)
06 Apr 2025 16:48:56,819 TRACE ro.mpp2024.repository.ParticipantRepository 30 createEntityFromResultSet - Enter createEntityFromResultSet
06 Apr 2025 16:48:56,819 TRACE ro.mpp2024.repository.ParticipantRepository 36 createEntityFromResultSet - Exit with(Ionescu Maria)
06 Apr 2025 16:48:56,819 TRACE ro.mpp2024.repository.ParticipantRepository 30 createEntityFromResultSet - Enter createEntityFromResultSet
06 Apr 2025 16:48:56,819 TRACE ro.mpp2024.repository.ParticipantRepository 36 createEntityFromResultSet - Exit with(Georgescu Andrei)
06 Apr 2025 16:48:56,819 TRACE ro.mpp2024.repository.ParticipantRepository 30 createEntityFromResultSet - Enter createEntityFromResultSet
06 Apr 2025 16:48:56,820 TRACE ro.mpp2024.repository.ParticipantRepository 36 createEntityFromResultSet - Exit with(Dumitrescu Elena)
06 Apr 2025 16:48:56,820 TRACE ro.mpp2024.repository.ParticipantRepository 30 createEntityFromResultSet - Enter createEntityFromResultSet
06 Apr 2025 16:48:56,820 TRACE ro.mpp2024.repository.ParticipantRepository 36 createEntityFromResultSet - Exit with(Popa Mihai)
06 Apr 2025 16:48:56,820 TRACE ro.mpp2024.repository.ParticipantRepository 30 createEntityFromResultSet - Enter createEntityFromResultSet
06 Apr 2025 16:48:56,820 TRACE ro.mpp2024.repository.ParticipantRepository 36 createEntityFromResultSet - Exit with(Stan Ioana)
06 Apr 2025 16:48:56,820 TRACE ro.mpp2024.repository.ParticipantRepository 30 createEntityFromResultSet - Enter createEntityFromResultSet
06 Apr 2025 16:48:56,820 TRACE ro.mpp2024.repository.ParticipantRepository 36 createEntityFromResultSet - Exit with(Radu Cristian)
06 Apr 2025 16:48:56,820 TRACE ro.mpp2024.repository.ParticipantRepository 30 createEntityFromResultSet - Enter createEntityFromResultSet
06 Apr 2025 16:48:56,820 TRACE ro.mpp2024.repository.ParticipantRepository 36 createEntityFromResultSet - Exit with(Marin Ana)
06 Apr 2025 16:48:56,820 TRACE ro.mpp2024.repository.ParticipantRepository 30 createEntityFromResultSet - Enter createEntityFromResultSet
06 Apr 2025 16:48:56,821 TRACE ro.mpp2024.repository.ParticipantRepository 36 createEntityFromResultSet - Exit with(Tudor Alexandru)
06 Apr 2025 16:48:56,821 TRACE ro.mpp2024.repository.ParticipantRepository 30 createEntityFromResultSet - Enter createEntityFromResultSet
06 Apr 2025 16:48:56,821 TRACE ro.mpp2024.repository.ParticipantRepository 36 createEntityFromResultSet - Exit with(Petrescu Gabriel)
06 Apr 2025 16:48:56,821 TRACE ro.mpp2024.repository.ParticipantRepository 30 createEntityFromResultSet - Enter createEntityFromResultSet
06 Apr 2025 16:48:56,821 TRACE ro.mpp2024.repository.ParticipantRepository 36 createEntityFromResultSet - Exit with(Iliescu Daniela)
06 Apr 2025 16:48:56,821 TRACE ro.mpp2024.repository.ParticipantRepository 30 createEntityFromResultSet - Enter createEntityFromResultSet
06 Apr 2025 16:48:56,821 TRACE ro.mpp2024.repository.ParticipantRepository 36 createEntityFromResultSet - Exit with(Vasilescu Florin)
06 Apr 2025 16:48:56,821 TRACE ro.mpp2024.repository.ParticipantRepository 30 createEntityFromResultSet - Enter createEntityFromResultSet
06 Apr 2025 16:48:56,821 TRACE ro.mpp2024.repository.ParticipantRepository 36 createEntityFromResultSet - Exit with(Dobre Adriana)
06 Apr 2025 16:48:56,821 TRACE ro.mpp2024.repository.ParticipantRepository 30 createEntityFromResultSet - Enter createEntityFromResultSet
06 Apr 2025 16:48:56,821 TRACE ro.mpp2024.repository.ParticipantRepository 36 createEntityFromResultSet - Exit with(Munteanu Sorin)
06 Apr 2025 16:48:56,821 TRACE ro.mpp2024.repository.ParticipantRepository 30 createEntityFromResultSet - Enter createEntityFromResultSet
06 Apr 2025 16:48:56,822 TRACE ro.mpp2024.repository.ParticipantRepository 36 createEntityFromResultSet - Exit with(Nistor Carmen)
06 Apr 2025 16:48:56,822 TRACE ro.mpp2024.repository.ParticipantRepository 30 createEntityFromResultSet - Enter createEntityFromResultSet
06 Apr 2025 16:48:56,822 TRACE ro.mpp2024.repository.ParticipantRepository 36 createEntityFromResultSet - Exit with(Lazar Roxana)
06 Apr 2025 16:48:56,822 TRACE ro.mpp2024.repository.ParticipantRepository 30 createEntityFromResultSet - Enter createEntityFromResultSet
06 Apr 2025 16:48:56,822 TRACE ro.mpp2024.repository.ParticipantRepository 36 createEntityFromResultSet - Exit with(Gheorghe Vlad)
06 Apr 2025 16:48:56,822 TRACE ro.mpp2024.repository.ParticipantRepository 30 createEntityFromResultSet - Enter createEntityFromResultSet
06 Apr 2025 16:48:56,822 TRACE ro.mpp2024.repository.ParticipantRepository 36 createEntityFromResultSet - Exit with(Barbu Irina)
06 Apr 2025 16:48:56,822 TRACE ro.mpp2024.repository.ParticipantRepository 30 createEntityFromResultSet - Enter createEntityFromResultSet
06 Apr 2025 16:48:56,822 TRACE ro.mpp2024.repository.ParticipantRepository 36 createEntityFromResultSet - Exit with(Constantin Marius)
06 Apr 2025 16:48:56,822 TRACE ro.mpp2024.repository.ParticipantRepository 30 createEntityFromResultSet - Enter createEntityFromResultSet
06 Apr 2025 16:48:56,822 TRACE ro.mpp2024.repository.ParticipantRepository 36 createEntityFromResultSet - Exit with(Enache Laura)
06 Apr 2025 16:48:56,822 TRACE ro.mpp2024.repository.ParticipantRepository 30 createEntityFromResultSet - Enter createEntityFromResultSet
06 Apr 2025 16:48:56,823 TRACE ro.mpp2024.repository.ParticipantRepository 36 createEntityFromResultSet - Exit with(Dragomir Adrian)
06 Apr 2025 16:48:56,823 TRACE ro.mpp2024.repository.ParticipantRepository 30 createEntityFromResultSet - Enter createEntityFromResultSet
06 Apr 2025 16:48:56,823 TRACE ro.mpp2024.repository.ParticipantRepository 36 createEntityFromResultSet - Exit with(Filip Bianca)
06 Apr 2025 16:48:56,823 TRACE ro.mpp2024.repository.ParticipantRepository 30 createEntityFromResultSet - Enter createEntityFromResultSet
06 Apr 2025 16:48:56,823 TRACE ro.mpp2024.repository.ParticipantRepository 36 createEntityFromResultSet - Exit with(Grigore Stefan)
06 Apr 2025 16:48:56,823 TRACE ro.mpp2024.repository.ParticipantRepository 30 createEntityFromResultSet - Enter createEntityFromResultSet
06 Apr 2025 16:48:56,823 TRACE ro.mpp2024.repository.ParticipantRepository 36 createEntityFromResultSet - Exit with(Hagi Diana)
06 Apr 2025 16:48:56,823 TRACE ro.mpp2024.repository.ParticipantRepository 30 createEntityFromResultSet - Enter createEntityFromResultSet
06 Apr 2025 16:48:56,823 TRACE ro.mpp2024.repository.ParticipantRepository 36 createEntityFromResultSet - Exit with(Iacob Radu)
06 Apr 2025 16:48:56,823 TRACE ro.mpp2024.repository.ParticipantRepository 30 createEntityFromResultSet - Enter createEntityFromResultSet
06 Apr 2025 16:48:56,823 TRACE ro.mpp2024.repository.ParticipantRepository 36 createEntityFromResultSet - Exit with(Jianu Oana)
06 Apr 2025 16:48:56,823 TRACE ro.mpp2024.repository.ParticipantRepository 30 createEntityFromResultSet - Enter createEntityFromResultSet
06 Apr 2025 16:48:56,824 TRACE ro.mpp2024.repository.ParticipantRepository 36 createEntityFromResultSet - Exit with(Kovacs Cristina)
06 Apr 2025 16:48:56,824 TRACE ro.mpp2024.repository.ParticipantRepository 30 createEntityFromResultSet - Enter createEntityFromResultSet
06 Apr 2025 16:48:56,824 TRACE ro.mpp2024.repository.ParticipantRepository 36 createEntityFromResultSet - Exit with(Lupu George)
06 Apr 2025 16:48:56,824 TRACE ro.mpp2024.repository.ParticipantRepository 30 createEntityFromResultSet - Enter createEntityFromResultSet
06 Apr 2025 16:48:56,824 TRACE ro.mpp2024.repository.ParticipantRepository 36 createEntityFromResultSet - Exit with(Manole Simona)
06 Apr 2025 16:48:56,824 TRACE ro.mpp2024.repository.ParticipantRepository 30 createEntityFromResultSet - Enter createEntityFromResultSet
06 Apr 2025 16:48:56,824 TRACE ro.mpp2024.repository.ParticipantRepository 36 createEntityFromResultSet - Exit with(Nedelcu Alexandra)
06 Apr 2025 16:48:56,824 TRACE ro.mpp2024.repository.ParticipantRepository 30 createEntityFromResultSet - Enter createEntityFromResultSet
06 Apr 2025 16:48:56,824 TRACE ro.mpp2024.repository.ParticipantRepository 36 createEntityFromResultSet - Exit with(Oprea Bogdan)
06 Apr 2025 16:48:56,824 TRACE ro.mpp2024.repository.ParticipantRepository 30 createEntityFromResultSet - Enter createEntityFromResultSet
06 Apr 2025 16:48:56,824 TRACE ro.mpp2024.repository.ParticipantRepository 36 createEntityFromResultSet - Exit with(Pavel Monica)
06 Apr 2025 16:48:56,824 TRACE ro.mpp2024.repository.ParticipantRepository 30 createEntityFromResultSet - Enter createEntityFromResultSet
06 Apr 2025 16:48:56,824 TRACE ro.mpp2024.repository.ParticipantRepository 36 createEntityFromResultSet - Exit with(Rusu Andreea)
06 Apr 2025 16:48:56,825 TRACE ro.mpp2024.repository.ParticipantRepository 30 createEntityFromResultSet - Enter createEntityFromResultSet
06 Apr 2025 16:48:56,825 TRACE ro.mpp2024.repository.ParticipantRepository 36 createEntityFromResultSet - Exit with(Sandu Victor)
06 Apr 2025 16:48:56,825 TRACE ro.mpp2024.repository.ParticipantRepository 30 createEntityFromResultSet - Enter createEntityFromResultSet
06 Apr 2025 16:48:56,825 TRACE ro.mpp2024.repository.ParticipantRepository 36 createEntityFromResultSet - Exit with(Toma Gabriela)
06 Apr 2025 16:48:56,825 TRACE ro.mpp2024.repository.ParticipantRepository 30 createEntityFromResultSet - Enter createEntityFromResultSet
06 Apr 2025 16:48:56,825 TRACE ro.mpp2024.repository.ParticipantRepository 36 createEntityFromResultSet - Exit with(Ursu Mihail)
06 Apr 2025 16:48:56,825 TRACE ro.mpp2024.repository.ParticipantRepository 30 createEntityFromResultSet - Enter createEntityFromResultSet
06 Apr 2025 16:48:56,825 TRACE ro.mpp2024.repository.ParticipantRepository 36 createEntityFromResultSet - Exit with(Vlad Anca)
06 Apr 2025 16:48:56,825 TRACE ro.mpp2024.repository.ParticipantRepository 30 createEntityFromResultSet - Enter createEntityFromResultSet
06 Apr 2025 16:48:56,825 TRACE ro.mpp2024.repository.ParticipantRepository 36 createEntityFromResultSet - Exit with(Zamfir Lucian)
06 Apr 2025 16:48:56,825 TRACE ro.mpp2024.repository.ParticipantRepository 30 createEntityFromResultSet - Enter createEntityFromResultSet
06 Apr 2025 16:48:56,825 TRACE ro.mpp2024.repository.ParticipantRepository 36 createEntityFromResultSet - Exit with(Voicu Raluca)
06 Apr 2025 16:48:56,825 TRACE ro.mpp2024.repository.ParticipantRepository 30 createEntityFromResultSet - Enter createEntityFromResultSet
06 Apr 2025 16:48:56,826 TRACE ro.mpp2024.repository.ParticipantRepository 36 createEntityFromResultSet - Exit with(nume prenume)
06 Apr 2025 16:48:56,826 TRACE ro.mpp2024.repository.ParticipantRepository 56 findAll - Exit with([Popescu Ion, Ionescu Maria, Georgescu Andrei, Dumitrescu Elena, Popa Mihai, Stan Ioana, Radu Cristian, Marin Ana, Tudor Alexandru, Petrescu Gabriel, Iliescu Daniela, Vasilescu Florin, Dobre Adriana, Munteanu Sorin, Nistor Carmen, Lazar Roxana, Gheorghe Vlad, Barbu Irina, Constantin Marius, Enache Laura, Dragomir Adrian, Filip Bianca, Grigore Stefan, Hagi Diana, Iacob Radu, Jianu Oana, Kovacs Cristina, Lupu George, Manole Simona, Nedelcu Alexandra, Oprea Bogdan, Pavel Monica, Rusu Andreea, Sandu Victor, Toma Gabriela, Ursu Mihail, Vlad Anca, Zamfir Lucian, Voicu Raluca, nume prenume])
06 Apr 2025 16:48:56,826 DEBUG ro.mpp2024.protocol.ClientWorkerJson 80 sendResponse - sending response {"type":"PARTICIPANTI","participanti":[{"idParticipant":1,"nume":"Popescu","prenume":"Ion","varsta":25,"punctaj":0},{"idParticipant":2,"nume":"Ionescu","prenume":"Maria","varsta":30,"punctaj":0},{"idParticipant":3,"nume":"Georgescu","prenume":"Andrei","varsta":22,"punctaj":0},{"idParticipant":4,"nume":"Dumitrescu","prenume":"Elena","varsta":28,"punctaj":0},{"idParticipant":5,"nume":"Popa","prenume":"Mihai","varsta":35,"punctaj":0},{"idParticipant":6,"nume":"Stan","prenume":"Ioana","varsta":27,"punctaj":0},{"idParticipant":7,"nume":"Radu","prenume":"Cristian","varsta":24,"punctaj":0},{"idParticipant":8,"nume":"Marin","prenume":"Ana","varsta":29,"punctaj":0},{"idParticipant":9,"nume":"Tudor","prenume":"Alexandru","varsta":31,"punctaj":0},{"idParticipant":10,"nume":"Petrescu","prenume":"Gabriel","varsta":26,"punctaj":0},{"idParticipant":11,"nume":"Iliescu","prenume":"Daniela","varsta":32,"punctaj":0},{"idParticipant":12,"nume":"Vasilescu","prenume":"Florin","varsta":23,"punctaj":0},{"idParticipant":13,"nume":"Dobre","prenume":"Adriana","varsta":34,"punctaj":0},{"idParticipant":14,"nume":"Munteanu","prenume":"Sorin","varsta":21,"punctaj":0},{"idParticipant":15,"nume":"Nistor","prenume":"Carmen","varsta":33,"punctaj":0},{"idParticipant":16,"nume":"Lazar","prenume":"Roxana","varsta":25,"punctaj":0},{"idParticipant":17,"nume":"Gheorghe","prenume":"Vlad","varsta":28,"punctaj":0},{"idParticipant":18,"nume":"Barbu","prenume":"Irina","varsta":27,"punctaj":0},{"idParticipant":19,"nume":"Constantin","prenume":"Marius","varsta":30,"punctaj":0},{"idParticipant":20,"nume":"Enache","prenume":"Laura","varsta":29,"punctaj":0},{"idParticipant":21,"nume":"Dragomir","prenume":"Adrian","varsta":26,"punctaj":0},{"idParticipant":22,"nume":"Filip","prenume":"Bianca","varsta":31,"punctaj":0},{"idParticipant":23,"nume":"Grigore","prenume":"Stefan","varsta":24,"punctaj":0},{"idParticipant":24,"nume":"Hagi","prenume":"Diana","varsta":32,"punctaj":0},{"idParticipant":25,"nume":"Iacob","prenume":"Radu","varsta":23,"punctaj":0},{"idParticipant":26,"nume":"Jianu","prenume":"Oana","varsta":34,"punctaj":0},{"idParticipant":27,"nume":"Kovacs","prenume":"Cristina","varsta":21,"punctaj":0},{"idParticipant":28,"nume":"Lupu","prenume":"George","varsta":33,"punctaj":0},{"idParticipant":29,"nume":"Manole","prenume":"Simona","varsta":25,"punctaj":0},{"idParticipant":30,"nume":"Nedelcu","prenume":"Alexandra","varsta":28,"punctaj":0},{"idParticipant":31,"nume":"Oprea","prenume":"Bogdan","varsta":27,"punctaj":0},{"idParticipant":32,"nume":"Pavel","prenume":"Monica","varsta":30,"punctaj":0},{"idParticipant":33,"nume":"Rusu","prenume":"Andreea","varsta":29,"punctaj":0},{"idParticipant":34,"nume":"Sandu","prenume":"Victor","varsta":26,"punctaj":0},{"idParticipant":35,"nume":"Toma","prenume":"Gabriela","varsta":31,"punctaj":0},{"idParticipant":36,"nume":"Ursu","prenume":"Mihail","varsta":24,"punctaj":0},{"idParticipant":37,"nume":"Vlad","prenume":"Anca","varsta":32,"punctaj":0},{"idParticipant":38,"nume":"Zamfir","prenume":"Lucian","varsta":23,"punctaj":0},{"idParticipant":39,"nume":"Voicu","prenume":"Raluca","varsta":34,"punctaj":0},{"idParticipant":40,"nume":"nume","prenume":"prenume","varsta":20,"punctaj":0}]}
06 Apr 2025 16:49:33,506 DEBUG ro.mpp2024.protocol.ClientWorkerJson 127 handleRequest - Add rezultat request RezultatDTO{idProba='s1', idParticipant=13, puncte=10}
06 Apr 2025 16:49:33,506 TRACE ro.mpp2024.services.ServerService 52 addRezultat - Enter
06 Apr 2025 16:49:33,506 TRACE ro.mpp2024.repository.ParticipantRepository 62 findOne - Enter
06 Apr 2025 16:49:33,506 TRACE ro.mpp2024.utils.JdbcUtils 48 getConnection - Enter
06 Apr 2025 16:49:33,506 TRACE ro.mpp2024.utils.JdbcUtils 57 getConnection - Exit with(org.sqlite.jdbc4.JDBC4Connection@782aa1be)
06 Apr 2025 16:49:33,507 TRACE ro.mpp2024.repository.ParticipantRepository 30 createEntityFromResultSet - Enter createEntityFromResultSet
06 Apr 2025 16:49:33,507 TRACE ro.mpp2024.repository.ParticipantRepository 36 createEntityFromResultSet - Exit with(Dobre Adriana)
06 Apr 2025 16:49:33,507 TRACE ro.mpp2024.repository.ParticipantRepository 76 findOne - Exit with(Dobre Adriana)
06 Apr 2025 16:49:33,507 TRACE ro.mpp2024.repository.ProbaRepository 63 findOne - Enter findOne
06 Apr 2025 16:49:33,507 TRACE ro.mpp2024.utils.JdbcUtils 48 getConnection - Enter
06 Apr 2025 16:49:33,508 TRACE ro.mpp2024.utils.JdbcUtils 57 getConnection - Exit with(org.sqlite.jdbc4.JDBC4Connection@782aa1be)
06 Apr 2025 16:49:33,508 TRACE ro.mpp2024.repository.ProbaRepository 31 createEntityFromResultSet - Enter createEntityFromResultSet
06 Apr 2025 16:49:33,508 TRACE ro.mpp2024.repository.ProbaRepository 37 createEntityFromResultSet - Exit with(Proba{nume='Cursa 100 de m', arbitru=1, categorie=alergat})
06 Apr 2025 16:49:33,508 TRACE ro.mpp2024.repository.ProbaRepository 77 findOne - Exit with(Proba{nume='Cursa 100 de m', arbitru=1, categorie=alergat})
06 Apr 2025 16:49:33,508 TRACE ro.mpp2024.repository.RezultatRepository 116 save - Enter save
06 Apr 2025 16:49:33,508 TRACE ro.mpp2024.utils.JdbcUtils 48 getConnection - Enter
06 Apr 2025 16:49:33,508 TRACE ro.mpp2024.utils.JdbcUtils 57 getConnection - Exit with(org.sqlite.jdbc4.JDBC4Connection@782aa1be)
06 Apr 2025 16:49:33,518 TRACE ro.mpp2024.repository.RezultatRepository 127 save - Exit
06 Apr 2025 16:49:33,518 TRACE ro.mpp2024.services.ServerService 56 addRezultat - Exit
06 Apr 2025 16:49:33,519 DEBUG ro.mpp2024.services.ServerService 62 rezultatAdded - rezultat added
06 Apr 2025 16:49:33,519 DEBUG ro.mpp2024.protocol.ClientWorkerJson 80 sendResponse - sending response {"type":"OK"}
06 Apr 2025 16:49:33,519 DEBUG ro.mpp2024.protocol.ClientWorkerJson 180 RezultatAdded - Sending rezultat added response Response{type=REZULTAT_ADDED, errormessage='null', user=null, rezultat=RezultatDTO{idProba='s1', idParticipant=13, puncte=10}, punctaje=null}
06 Apr 2025 16:49:33,519 DEBUG ro.mpp2024.protocol.ClientWorkerJson 180 RezultatAdded - Sending rezultat added response Response{type=REZULTAT_ADDED, errormessage='null', user=null, rezultat=RezultatDTO{idProba='s1', idParticipant=13, puncte=10}, punctaje=null}
06 Apr 2025 16:49:33,520 DEBUG ro.mpp2024.protocol.ClientWorkerJson 80 sendResponse - sending response {"type":"REZULTAT_ADDED","rezultat":{"idProba":"s1","idParticipant":13,"numeParticipant":"Dobre","prenumeParticipant":"Adriana","puncte":10}}
06 Apr 2025 16:49:33,520 DEBUG ro.mpp2024.protocol.ClientWorkerJson 80 sendResponse - sending response {"type":"REZULTAT_ADDED","rezultat":{"idProba":"s1","idParticipant":13,"numeParticipant":"Dobre","prenumeParticipant":"Adriana","puncte":10}}
06 Apr 2025 16:55:46,710 INFO  ro.mpp2024.StartJsonServer 24 main - Server properties: {server.port=55556, jdbc.url=jdbc:sqlite:src/main/resources/triatlon.db}
06 Apr 2025 16:55:46,714 INFO  ro.mpp2024.repository.ArbitruRepository 23 <init> - Initializing IArbitruRepository with properties: {} 
06 Apr 2025 16:55:46,715 INFO  ro.mpp2024.repository.ProbaRepository 25 <init> - Initializing ProbaRepository with properties: {} 
06 Apr 2025 16:55:46,716 INFO  ro.mpp2024.repository.ParticipantRepository 24 <init> - Initializing ParticipantRepository with properties: {} 
06 Apr 2025 16:55:46,717 INFO  ro.mpp2024.repository.RezultatRepository 25 <init> - Initializing RezultatRepository with properties: {} 
06 Apr 2025 16:55:46,718 INFO  ro.mpp2024.services.ServerService 37 <init> - Service Rezultat made
06 Apr 2025 16:55:46,718 DEBUG ro.mpp2024.StartJsonServer 50 main - Starting server on port: 55556
06 Apr 2025 16:55:46,719 DEBUG ro.mpp2024.networkUtils.AbsConcurrentServer 13 <init> - Concurrent AbstractServer
06 Apr 2025 16:55:46,719 INFO  ro.mpp2024.networkUtils.JsonConcurrentServer 17 <init> - JsonConcurrentServer
06 Apr 2025 16:55:46,723 INFO  chat.network.utils.AbstractServer 25 start - Waiting for clients ...
06 Apr 2025 16:55:55,150 INFO  chat.network.utils.AbstractServer 27 start - Client connected ...
06 Apr 2025 16:55:55,179 INFO  chat.network.utils.AbstractServer 25 start - Waiting for clients ...
06 Apr 2025 16:55:55,187 DEBUG ro.mpp2024.protocol.ClientWorkerJson 91 handleRequest - Login request UserDTO{nume='', username='alice.j', password='UGFzc3cwcmQxIQ==', probaId=''}
06 Apr 2025 16:55:55,189 TRACE ro.mpp2024.utils.JdbcUtils 48 getConnection - Enter
06 Apr 2025 16:55:55,189 TRACE ro.mpp2024.utils.JdbcUtils 25 getNewConnection - Enter
06 Apr 2025 16:55:55,189 INFO  ro.mpp2024.utils.JdbcUtils 30 getNewConnection - trying to connect to database ... jdbc:sqlite:src/main/resources/triatlon.db
06 Apr 2025 16:55:55,189 INFO  ro.mpp2024.utils.JdbcUtils 31 getNewConnection - user: null
06 Apr 2025 16:55:55,190 INFO  ro.mpp2024.utils.JdbcUtils 32 getNewConnection - pass: null
06 Apr 2025 16:55:55,293 TRACE ro.mpp2024.utils.JdbcUtils 57 getConnection - Exit with(org.sqlite.jdbc4.JDBC4Connection@782aa1be)
06 Apr 2025 16:55:55,296 TRACE ro.mpp2024.repository.ArbitruRepository 29 createEntityFromResultSet - Enter createEntityFromResultSet
06 Apr 2025 16:55:55,297 TRACE ro.mpp2024.repository.ArbitruRepository 36 createEntityFromResultSet - Exit with(Arbitru{nume='Alice Johnson', username='alice.j', password='UGFzc3cwcmQxIQ==', id_proba=s1})
06 Apr 2025 16:55:55,300 DEBUG ro.mpp2024.protocol.ClientWorkerJson 80 sendResponse - sending response {"type":"LOGGED_ACC","user":{"id":20,"nume":"Alice Johnson","username":"alice.j","password":"UGFzc3cwcmQxIQ\u003d\u003d","id_proba":"s1"}}
06 Apr 2025 16:55:56,312 DEBUG ro.mpp2024.protocol.ClientWorkerJson 116 handleRequest - Get all rezultate request fornull
06 Apr 2025 16:55:56,313 TRACE ro.mpp2024.repository.RezultatRepository 144 listaParticipantiPuncteAlfabetic - Enter listaParticipantiPuncteAlfabetic
06 Apr 2025 16:55:56,313 TRACE ro.mpp2024.utils.JdbcUtils 48 getConnection - Enter
06 Apr 2025 16:55:56,313 TRACE ro.mpp2024.utils.JdbcUtils 57 getConnection - Exit with(org.sqlite.jdbc4.JDBC4Connection@782aa1be)
06 Apr 2025 16:55:56,315 TRACE ro.mpp2024.repository.RezultatRepository 162 listaParticipantiPuncteAlfabetic - Enter Terminat dictionar
06 Apr 2025 16:55:56,316 DEBUG ro.mpp2024.protocol.ClientWorkerJson 80 sendResponse - sending response {"type":"ALL_REZULTATE","punctaje":[{"idParticipant":18,"nume":"Barbu","prenume":"Irina","varsta":27,"punctaj":240},{"idParticipant":19,"nume":"Constantin","prenume":"Marius","varsta":30,"punctaj":288},{"idParticipant":13,"nume":"Dobre","prenume":"Adriana","varsta":34,"punctaj":185},{"idParticipant":21,"nume":"Dragomir","prenume":"Adrian","varsta":26,"punctaj":140},{"idParticipant":4,"nume":"Dumitrescu","prenume":"Elena","varsta":28,"punctaj":153},{"idParticipant":20,"nume":"Enache","prenume":"Laura","varsta":29,"punctaj":325},{"idParticipant":22,"nume":"Filip","prenume":"Bianca","varsta":31,"punctaj":317},{"idParticipant":3,"nume":"Georgescu","prenume":"Andrei","varsta":22,"punctaj":132},{"idParticipant":17,"nume":"Gheorghe","prenume":"Vlad","varsta":28,"punctaj":210},{"idParticipant":23,"nume":"Grigore","prenume":"Stefan","varsta":24,"punctaj":155},{"idParticipant":24,"nume":"Hagi","prenume":"Diana","varsta":32,"punctaj":203},{"idParticipant":25,"nume":"Iacob","prenume":"Radu","varsta":23,"punctaj":195},{"idParticipant":11,"nume":"Iliescu","prenume":"Daniela","varsta":32,"punctaj":320},{"idParticipant":2,"nume":"Ionescu","prenume":"Maria","varsta":30,"punctaj":166},{"idParticipant":26,"nume":"Jianu","prenume":"Oana","varsta":34,"punctaj":142},{"idParticipant":27,"nume":"Kovacs","prenume":"Cristina","varsta":21,"punctaj":199},{"idParticipant":16,"nume":"Lazar","prenume":"Roxana","varsta":25,"punctaj":185},{"idParticipant":28,"nume":"Lupu","prenume":"George","varsta":33,"punctaj":199},{"idParticipant":29,"nume":"Manole","prenume":"Simona","varsta":25,"punctaj":117},{"idParticipant":8,"nume":"Marin","prenume":"Ana","varsta":29,"punctaj":134},{"idParticipant":14,"nume":"Munteanu","prenume":"Sorin","varsta":21,"punctaj":301},{"idParticipant":30,"nume":"Nedelcu","prenume":"Alexandra","varsta":28,"punctaj":169},{"idParticipant":15,"nume":"Nistor","prenume":"Carmen","varsta":33,"punctaj":189},{"idParticipant":40,"nume":"nume","prenume":"prenume","varsta":20,"punctaj":300},{"idParticipant":31,"nume":"Oprea","prenume":"Bogdan","varsta":27,"punctaj":282},{"idParticipant":32,"nume":"Pavel","prenume":"Monica","varsta":30,"punctaj":111},{"idParticipant":10,"nume":"Petrescu","prenume":"Gabriel","varsta":26,"punctaj":188},{"idParticipant":5,"nume":"Popa","prenume":"Mihai","varsta":35,"punctaj":282},{"idParticipant":1,"nume":"Popescu","prenume":"Ion","varsta":25,"punctaj":158},{"idParticipant":7,"nume":"Radu","prenume":"Cristian","varsta":24,"punctaj":256},{"idParticipant":33,"nume":"Rusu","prenume":"Andreea","varsta":29,"punctaj":313},{"idParticipant":34,"nume":"Sandu","prenume":"Victor","varsta":26,"punctaj":115},{"idParticipant":6,"nume":"Stan","prenume":"Ioana","varsta":27,"punctaj":289},{"idParticipant":35,"nume":"Toma","prenume":"Gabriela","varsta":31,"punctaj":132},{"idParticipant":9,"nume":"Tudor","prenume":"Alexandru","varsta":31,"punctaj":288},{"idParticipant":36,"nume":"Ursu","prenume":"Mihail","varsta":24,"punctaj":155},{"idParticipant":12,"nume":"Vasilescu","prenume":"Florin","varsta":23,"punctaj":472},{"idParticipant":37,"nume":"Vlad","prenume":"Anca","varsta":32,"punctaj":138},{"idParticipant":39,"nume":"Voicu","prenume":"Raluca","varsta":34,"punctaj":190},{"idParticipant":38,"nume":"Zamfir","prenume":"Lucian","varsta":23,"punctaj":177}]}
06 Apr 2025 16:55:57,321 DEBUG ro.mpp2024.protocol.ClientWorkerJson 104 handleRequest - Get rezultate request forUserDTO{nume='', username='', password='', probaId='s1'}
06 Apr 2025 16:55:57,321 TRACE ro.mpp2024.repository.RezultatRepository 168 listaParticiapntPuncteProbaDescrescator - Enter listaParticiapntPuncteProbaDescrescator
06 Apr 2025 16:55:57,321 TRACE ro.mpp2024.utils.JdbcUtils 48 getConnection - Enter
06 Apr 2025 16:55:57,322 TRACE ro.mpp2024.utils.JdbcUtils 57 getConnection - Exit with(org.sqlite.jdbc4.JDBC4Connection@782aa1be)
06 Apr 2025 16:55:57,322 TRACE ro.mpp2024.repository.RezultatRepository 186 listaParticiapntPuncteProbaDescrescator - Enter Terminat dictionar
06 Apr 2025 16:55:57,323 DEBUG ro.mpp2024.protocol.ClientWorkerJson 80 sendResponse - sending response {"type":"REZULTATE","punctaje":[{"idParticipant":28,"nume":"Lupu","prenume":"George","varsta":33,"punctaj":199},{"idParticipant":12,"nume":"Vasilescu","prenume":"Florin","varsta":23,"punctaj":198},{"idParticipant":11,"nume":"Iliescu","prenume":"Daniela","varsta":32,"punctaj":185},{"idParticipant":20,"nume":"Enache","prenume":"Laura","varsta":29,"punctaj":140},{"idParticipant":19,"nume":"Constantin","prenume":"Marius","varsta":30,"punctaj":100},{"idParticipant":18,"nume":"Barbu","prenume":"Irina","varsta":27,"punctaj":20},{"idParticipant":3,"nume":"Georgescu","prenume":"Andrei","varsta":22,"punctaj":20},{"idParticipant":13,"nume":"Dobre","prenume":"Adriana","varsta":34,"punctaj":10}]}
06 Apr 2025 16:55:58,328 DEBUG ro.mpp2024.protocol.ClientWorkerJson 142 handleRequest - Get participanti request fornull
06 Apr 2025 16:55:58,328 TRACE ro.mpp2024.repository.ParticipantRepository 42 findAll - Enter
06 Apr 2025 16:55:58,329 TRACE ro.mpp2024.utils.JdbcUtils 48 getConnection - Enter
06 Apr 2025 16:55:58,329 TRACE ro.mpp2024.utils.JdbcUtils 57 getConnection - Exit with(org.sqlite.jdbc4.JDBC4Connection@782aa1be)
06 Apr 2025 16:55:58,329 TRACE ro.mpp2024.repository.ParticipantRepository 30 createEntityFromResultSet - Enter createEntityFromResultSet
06 Apr 2025 16:55:58,330 TRACE ro.mpp2024.repository.ParticipantRepository 36 createEntityFromResultSet - Exit with(Popescu Ion)
06 Apr 2025 16:55:58,330 TRACE ro.mpp2024.repository.ParticipantRepository 30 createEntityFromResultSet - Enter createEntityFromResultSet
06 Apr 2025 16:55:58,330 TRACE ro.mpp2024.repository.ParticipantRepository 36 createEntityFromResultSet - Exit with(Ionescu Maria)
06 Apr 2025 16:55:58,330 TRACE ro.mpp2024.repository.ParticipantRepository 30 createEntityFromResultSet - Enter createEntityFromResultSet
06 Apr 2025 16:55:58,330 TRACE ro.mpp2024.repository.ParticipantRepository 36 createEntityFromResultSet - Exit with(Georgescu Andrei)
06 Apr 2025 16:55:58,330 TRACE ro.mpp2024.repository.ParticipantRepository 30 createEntityFromResultSet - Enter createEntityFromResultSet
06 Apr 2025 16:55:58,331 TRACE ro.mpp2024.repository.ParticipantRepository 36 createEntityFromResultSet - Exit with(Dumitrescu Elena)
06 Apr 2025 16:55:58,331 TRACE ro.mpp2024.repository.ParticipantRepository 30 createEntityFromResultSet - Enter createEntityFromResultSet
06 Apr 2025 16:55:58,331 TRACE ro.mpp2024.repository.ParticipantRepository 36 createEntityFromResultSet - Exit with(Popa Mihai)
06 Apr 2025 16:55:58,331 TRACE ro.mpp2024.repository.ParticipantRepository 30 createEntityFromResultSet - Enter createEntityFromResultSet
06 Apr 2025 16:55:58,331 TRACE ro.mpp2024.repository.ParticipantRepository 36 createEntityFromResultSet - Exit with(Stan Ioana)
06 Apr 2025 16:55:58,331 TRACE ro.mpp2024.repository.ParticipantRepository 30 createEntityFromResultSet - Enter createEntityFromResultSet
06 Apr 2025 16:55:58,331 TRACE ro.mpp2024.repository.ParticipantRepository 36 createEntityFromResultSet - Exit with(Radu Cristian)
06 Apr 2025 16:55:58,331 TRACE ro.mpp2024.repository.ParticipantRepository 30 createEntityFromResultSet - Enter createEntityFromResultSet
06 Apr 2025 16:55:58,332 TRACE ro.mpp2024.repository.ParticipantRepository 36 createEntityFromResultSet - Exit with(Marin Ana)
06 Apr 2025 16:55:58,332 TRACE ro.mpp2024.repository.ParticipantRepository 30 createEntityFromResultSet - Enter createEntityFromResultSet
06 Apr 2025 16:55:58,332 TRACE ro.mpp2024.repository.ParticipantRepository 36 createEntityFromResultSet - Exit with(Tudor Alexandru)
06 Apr 2025 16:55:58,332 TRACE ro.mpp2024.repository.ParticipantRepository 30 createEntityFromResultSet - Enter createEntityFromResultSet
06 Apr 2025 16:55:58,332 TRACE ro.mpp2024.repository.ParticipantRepository 36 createEntityFromResultSet - Exit with(Petrescu Gabriel)
06 Apr 2025 16:55:58,332 TRACE ro.mpp2024.repository.ParticipantRepository 30 createEntityFromResultSet - Enter createEntityFromResultSet
06 Apr 2025 16:55:58,332 TRACE ro.mpp2024.repository.ParticipantRepository 36 createEntityFromResultSet - Exit with(Iliescu Daniela)
06 Apr 2025 16:55:58,332 TRACE ro.mpp2024.repository.ParticipantRepository 30 createEntityFromResultSet - Enter createEntityFromResultSet
06 Apr 2025 16:55:58,333 TRACE ro.mpp2024.repository.ParticipantRepository 36 createEntityFromResultSet - Exit with(Vasilescu Florin)
06 Apr 2025 16:55:58,333 TRACE ro.mpp2024.repository.ParticipantRepository 30 createEntityFromResultSet - Enter createEntityFromResultSet
06 Apr 2025 16:55:58,333 TRACE ro.mpp2024.repository.ParticipantRepository 36 createEntityFromResultSet - Exit with(Dobre Adriana)
06 Apr 2025 16:55:58,333 TRACE ro.mpp2024.repository.ParticipantRepository 30 createEntityFromResultSet - Enter createEntityFromResultSet
06 Apr 2025 16:55:58,333 TRACE ro.mpp2024.repository.ParticipantRepository 36 createEntityFromResultSet - Exit with(Munteanu Sorin)
06 Apr 2025 16:55:58,333 TRACE ro.mpp2024.repository.ParticipantRepository 30 createEntityFromResultSet - Enter createEntityFromResultSet
06 Apr 2025 16:55:58,333 TRACE ro.mpp2024.repository.ParticipantRepository 36 createEntityFromResultSet - Exit with(Nistor Carmen)
06 Apr 2025 16:55:58,333 TRACE ro.mpp2024.repository.ParticipantRepository 30 createEntityFromResultSet - Enter createEntityFromResultSet
06 Apr 2025 16:55:58,334 TRACE ro.mpp2024.repository.ParticipantRepository 36 createEntityFromResultSet - Exit with(Lazar Roxana)
06 Apr 2025 16:55:58,334 TRACE ro.mpp2024.repository.ParticipantRepository 30 createEntityFromResultSet - Enter createEntityFromResultSet
06 Apr 2025 16:55:58,334 TRACE ro.mpp2024.repository.ParticipantRepository 36 createEntityFromResultSet - Exit with(Gheorghe Vlad)
06 Apr 2025 16:55:58,334 TRACE ro.mpp2024.repository.ParticipantRepository 30 createEntityFromResultSet - Enter createEntityFromResultSet
06 Apr 2025 16:55:58,334 TRACE ro.mpp2024.repository.ParticipantRepository 36 createEntityFromResultSet - Exit with(Barbu Irina)
06 Apr 2025 16:55:58,334 TRACE ro.mpp2024.repository.ParticipantRepository 30 createEntityFromResultSet - Enter createEntityFromResultSet
06 Apr 2025 16:55:58,334 TRACE ro.mpp2024.repository.ParticipantRepository 36 createEntityFromResultSet - Exit with(Constantin Marius)
06 Apr 2025 16:55:58,334 TRACE ro.mpp2024.repository.ParticipantRepository 30 createEntityFromResultSet - Enter createEntityFromResultSet
06 Apr 2025 16:55:58,334 TRACE ro.mpp2024.repository.ParticipantRepository 36 createEntityFromResultSet - Exit with(Enache Laura)
06 Apr 2025 16:55:58,335 TRACE ro.mpp2024.repository.ParticipantRepository 30 createEntityFromResultSet - Enter createEntityFromResultSet
06 Apr 2025 16:55:58,335 TRACE ro.mpp2024.repository.ParticipantRepository 36 createEntityFromResultSet - Exit with(Dragomir Adrian)
06 Apr 2025 16:55:58,335 TRACE ro.mpp2024.repository.ParticipantRepository 30 createEntityFromResultSet - Enter createEntityFromResultSet
06 Apr 2025 16:55:58,335 TRACE ro.mpp2024.repository.ParticipantRepository 36 createEntityFromResultSet - Exit with(Filip Bianca)
06 Apr 2025 16:55:58,335 TRACE ro.mpp2024.repository.ParticipantRepository 30 createEntityFromResultSet - Enter createEntityFromResultSet
06 Apr 2025 16:55:58,335 TRACE ro.mpp2024.repository.ParticipantRepository 36 createEntityFromResultSet - Exit with(Grigore Stefan)
06 Apr 2025 16:55:58,335 TRACE ro.mpp2024.repository.ParticipantRepository 30 createEntityFromResultSet - Enter createEntityFromResultSet
06 Apr 2025 16:55:58,335 TRACE ro.mpp2024.repository.ParticipantRepository 36 createEntityFromResultSet - Exit with(Hagi Diana)
06 Apr 2025 16:55:58,336 TRACE ro.mpp2024.repository.ParticipantRepository 30 createEntityFromResultSet - Enter createEntityFromResultSet
06 Apr 2025 16:55:58,336 TRACE ro.mpp2024.repository.ParticipantRepository 36 createEntityFromResultSet - Exit with(Iacob Radu)
06 Apr 2025 16:55:58,336 TRACE ro.mpp2024.repository.ParticipantRepository 30 createEntityFromResultSet - Enter createEntityFromResultSet
06 Apr 2025 16:55:58,336 TRACE ro.mpp2024.repository.ParticipantRepository 36 createEntityFromResultSet - Exit with(Jianu Oana)
06 Apr 2025 16:55:58,336 TRACE ro.mpp2024.repository.ParticipantRepository 30 createEntityFromResultSet - Enter createEntityFromResultSet
06 Apr 2025 16:55:58,336 TRACE ro.mpp2024.repository.ParticipantRepository 36 createEntityFromResultSet - Exit with(Kovacs Cristina)
06 Apr 2025 16:55:58,336 TRACE ro.mpp2024.repository.ParticipantRepository 30 createEntityFromResultSet - Enter createEntityFromResultSet
06 Apr 2025 16:55:58,336 TRACE ro.mpp2024.repository.ParticipantRepository 36 createEntityFromResultSet - Exit with(Lupu George)
06 Apr 2025 16:55:58,337 TRACE ro.mpp2024.repository.ParticipantRepository 30 createEntityFromResultSet - Enter createEntityFromResultSet
06 Apr 2025 16:55:58,337 TRACE ro.mpp2024.repository.ParticipantRepository 36 createEntityFromResultSet - Exit with(Manole Simona)
06 Apr 2025 16:55:58,337 TRACE ro.mpp2024.repository.ParticipantRepository 30 createEntityFromResultSet - Enter createEntityFromResultSet
06 Apr 2025 16:55:58,337 TRACE ro.mpp2024.repository.ParticipantRepository 36 createEntityFromResultSet - Exit with(Nedelcu Alexandra)
06 Apr 2025 16:55:58,337 TRACE ro.mpp2024.repository.ParticipantRepository 30 createEntityFromResultSet - Enter createEntityFromResultSet
06 Apr 2025 16:55:58,337 TRACE ro.mpp2024.repository.ParticipantRepository 36 createEntityFromResultSet - Exit with(Oprea Bogdan)
06 Apr 2025 16:55:58,337 TRACE ro.mpp2024.repository.ParticipantRepository 30 createEntityFromResultSet - Enter createEntityFromResultSet
06 Apr 2025 16:55:58,337 TRACE ro.mpp2024.repository.ParticipantRepository 36 createEntityFromResultSet - Exit with(Pavel Monica)
06 Apr 2025 16:55:58,337 TRACE ro.mpp2024.repository.ParticipantRepository 30 createEntityFromResultSet - Enter createEntityFromResultSet
06 Apr 2025 16:55:58,338 TRACE ro.mpp2024.repository.ParticipantRepository 36 createEntityFromResultSet - Exit with(Rusu Andreea)
06 Apr 2025 16:55:58,338 TRACE ro.mpp2024.repository.ParticipantRepository 30 createEntityFromResultSet - Enter createEntityFromResultSet
06 Apr 2025 16:55:58,338 TRACE ro.mpp2024.repository.ParticipantRepository 36 createEntityFromResultSet - Exit with(Sandu Victor)
06 Apr 2025 16:55:58,338 TRACE ro.mpp2024.repository.ParticipantRepository 30 createEntityFromResultSet - Enter createEntityFromResultSet
06 Apr 2025 16:55:58,338 TRACE ro.mpp2024.repository.ParticipantRepository 36 createEntityFromResultSet - Exit with(Toma Gabriela)
06 Apr 2025 16:55:58,338 TRACE ro.mpp2024.repository.ParticipantRepository 30 createEntityFromResultSet - Enter createEntityFromResultSet
06 Apr 2025 16:55:58,338 TRACE ro.mpp2024.repository.ParticipantRepository 36 createEntityFromResultSet - Exit with(Ursu Mihail)
06 Apr 2025 16:55:58,338 TRACE ro.mpp2024.repository.ParticipantRepository 30 createEntityFromResultSet - Enter createEntityFromResultSet
06 Apr 2025 16:55:58,338 TRACE ro.mpp2024.repository.ParticipantRepository 36 createEntityFromResultSet - Exit with(Vlad Anca)
06 Apr 2025 16:55:58,339 TRACE ro.mpp2024.repository.ParticipantRepository 30 createEntityFromResultSet - Enter createEntityFromResultSet
06 Apr 2025 16:55:58,339 TRACE ro.mpp2024.repository.ParticipantRepository 36 createEntityFromResultSet - Exit with(Zamfir Lucian)
06 Apr 2025 16:55:58,339 TRACE ro.mpp2024.repository.ParticipantRepository 30 createEntityFromResultSet - Enter createEntityFromResultSet
06 Apr 2025 16:55:58,339 TRACE ro.mpp2024.repository.ParticipantRepository 36 createEntityFromResultSet - Exit with(Voicu Raluca)
06 Apr 2025 16:55:58,339 TRACE ro.mpp2024.repository.ParticipantRepository 30 createEntityFromResultSet - Enter createEntityFromResultSet
06 Apr 2025 16:55:58,339 TRACE ro.mpp2024.repository.ParticipantRepository 36 createEntityFromResultSet - Exit with(nume prenume)
06 Apr 2025 16:55:58,340 TRACE ro.mpp2024.repository.ParticipantRepository 56 findAll - Exit with([Popescu Ion, Ionescu Maria, Georgescu Andrei, Dumitrescu Elena, Popa Mihai, Stan Ioana, Radu Cristian, Marin Ana, Tudor Alexandru, Petrescu Gabriel, Iliescu Daniela, Vasilescu Florin, Dobre Adriana, Munteanu Sorin, Nistor Carmen, Lazar Roxana, Gheorghe Vlad, Barbu Irina, Constantin Marius, Enache Laura, Dragomir Adrian, Filip Bianca, Grigore Stefan, Hagi Diana, Iacob Radu, Jianu Oana, Kovacs Cristina, Lupu George, Manole Simona, Nedelcu Alexandra, Oprea Bogdan, Pavel Monica, Rusu Andreea, Sandu Victor, Toma Gabriela, Ursu Mihail, Vlad Anca, Zamfir Lucian, Voicu Raluca, nume prenume])
06 Apr 2025 16:55:58,341 DEBUG ro.mpp2024.protocol.ClientWorkerJson 80 sendResponse - sending response {"type":"PARTICIPANTI","participanti":[{"idParticipant":1,"nume":"Popescu","prenume":"Ion","varsta":25,"punctaj":0},{"idParticipant":2,"nume":"Ionescu","prenume":"Maria","varsta":30,"punctaj":0},{"idParticipant":3,"nume":"Georgescu","prenume":"Andrei","varsta":22,"punctaj":0},{"idParticipant":4,"nume":"Dumitrescu","prenume":"Elena","varsta":28,"punctaj":0},{"idParticipant":5,"nume":"Popa","prenume":"Mihai","varsta":35,"punctaj":0},{"idParticipant":6,"nume":"Stan","prenume":"Ioana","varsta":27,"punctaj":0},{"idParticipant":7,"nume":"Radu","prenume":"Cristian","varsta":24,"punctaj":0},{"idParticipant":8,"nume":"Marin","prenume":"Ana","varsta":29,"punctaj":0},{"idParticipant":9,"nume":"Tudor","prenume":"Alexandru","varsta":31,"punctaj":0},{"idParticipant":10,"nume":"Petrescu","prenume":"Gabriel","varsta":26,"punctaj":0},{"idParticipant":11,"nume":"Iliescu","prenume":"Daniela","varsta":32,"punctaj":0},{"idParticipant":12,"nume":"Vasilescu","prenume":"Florin","varsta":23,"punctaj":0},{"idParticipant":13,"nume":"Dobre","prenume":"Adriana","varsta":34,"punctaj":0},{"idParticipant":14,"nume":"Munteanu","prenume":"Sorin","varsta":21,"punctaj":0},{"idParticipant":15,"nume":"Nistor","prenume":"Carmen","varsta":33,"punctaj":0},{"idParticipant":16,"nume":"Lazar","prenume":"Roxana","varsta":25,"punctaj":0},{"idParticipant":17,"nume":"Gheorghe","prenume":"Vlad","varsta":28,"punctaj":0},{"idParticipant":18,"nume":"Barbu","prenume":"Irina","varsta":27,"punctaj":0},{"idParticipant":19,"nume":"Constantin","prenume":"Marius","varsta":30,"punctaj":0},{"idParticipant":20,"nume":"Enache","prenume":"Laura","varsta":29,"punctaj":0},{"idParticipant":21,"nume":"Dragomir","prenume":"Adrian","varsta":26,"punctaj":0},{"idParticipant":22,"nume":"Filip","prenume":"Bianca","varsta":31,"punctaj":0},{"idParticipant":23,"nume":"Grigore","prenume":"Stefan","varsta":24,"punctaj":0},{"idParticipant":24,"nume":"Hagi","prenume":"Diana","varsta":32,"punctaj":0},{"idParticipant":25,"nume":"Iacob","prenume":"Radu","varsta":23,"punctaj":0},{"idParticipant":26,"nume":"Jianu","prenume":"Oana","varsta":34,"punctaj":0},{"idParticipant":27,"nume":"Kovacs","prenume":"Cristina","varsta":21,"punctaj":0},{"idParticipant":28,"nume":"Lupu","prenume":"George","varsta":33,"punctaj":0},{"idParticipant":29,"nume":"Manole","prenume":"Simona","varsta":25,"punctaj":0},{"idParticipant":30,"nume":"Nedelcu","prenume":"Alexandra","varsta":28,"punctaj":0},{"idParticipant":31,"nume":"Oprea","prenume":"Bogdan","varsta":27,"punctaj":0},{"idParticipant":32,"nume":"Pavel","prenume":"Monica","varsta":30,"punctaj":0},{"idParticipant":33,"nume":"Rusu","prenume":"Andreea","varsta":29,"punctaj":0},{"idParticipant":34,"nume":"Sandu","prenume":"Victor","varsta":26,"punctaj":0},{"idParticipant":35,"nume":"Toma","prenume":"Gabriela","varsta":31,"punctaj":0},{"idParticipant":36,"nume":"Ursu","prenume":"Mihail","varsta":24,"punctaj":0},{"idParticipant":37,"nume":"Vlad","prenume":"Anca","varsta":32,"punctaj":0},{"idParticipant":38,"nume":"Zamfir","prenume":"Lucian","varsta":23,"punctaj":0},{"idParticipant":39,"nume":"Voicu","prenume":"Raluca","varsta":34,"punctaj":0},{"idParticipant":40,"nume":"nume","prenume":"prenume","varsta":20,"punctaj":0}]}
06 Apr 2025 16:56:18,475 INFO  chat.network.utils.AbstractServer 27 start - Client connected ...
06 Apr 2025 16:56:18,476 INFO  chat.network.utils.AbstractServer 25 start - Waiting for clients ...
06 Apr 2025 16:56:18,486 DEBUG ro.mpp2024.protocol.ClientWorkerJson 91 handleRequest - Login request UserDTO{nume='', username='noah.g', password='TXlQQHNzdzE0cmQ=', probaId=''}
06 Apr 2025 16:56:18,486 TRACE ro.mpp2024.utils.JdbcUtils 48 getConnection - Enter
06 Apr 2025 16:56:18,486 TRACE ro.mpp2024.utils.JdbcUtils 57 getConnection - Exit with(org.sqlite.jdbc4.JDBC4Connection@782aa1be)
06 Apr 2025 16:56:18,487 TRACE ro.mpp2024.repository.ArbitruRepository 29 createEntityFromResultSet - Enter createEntityFromResultSet
06 Apr 2025 16:56:18,487 TRACE ro.mpp2024.repository.ArbitruRepository 36 createEntityFromResultSet - Exit with(Arbitru{nume='Noah Green', username='noah.g', password='TXlQQHNzdzE0cmQ=', id_proba=c5})
06 Apr 2025 16:56:18,487 DEBUG ro.mpp2024.protocol.ClientWorkerJson 80 sendResponse - sending response {"type":"LOGGED_ACC","user":{"id":33,"nume":"Noah Green","username":"noah.g","password":"TXlQQHNzdzE0cmQ\u003d","id_proba":"c5"}}
06 Apr 2025 16:56:19,495 DEBUG ro.mpp2024.protocol.ClientWorkerJson 116 handleRequest - Get all rezultate request fornull
06 Apr 2025 16:56:19,495 TRACE ro.mpp2024.repository.RezultatRepository 144 listaParticipantiPuncteAlfabetic - Enter listaParticipantiPuncteAlfabetic
06 Apr 2025 16:56:19,495 TRACE ro.mpp2024.utils.JdbcUtils 48 getConnection - Enter
06 Apr 2025 16:56:19,495 TRACE ro.mpp2024.utils.JdbcUtils 57 getConnection - Exit with(org.sqlite.jdbc4.JDBC4Connection@782aa1be)
06 Apr 2025 16:56:19,496 TRACE ro.mpp2024.repository.RezultatRepository 162 listaParticipantiPuncteAlfabetic - Enter Terminat dictionar
06 Apr 2025 16:56:19,497 DEBUG ro.mpp2024.protocol.ClientWorkerJson 80 sendResponse - sending response {"type":"ALL_REZULTATE","punctaje":[{"idParticipant":18,"nume":"Barbu","prenume":"Irina","varsta":27,"punctaj":240},{"idParticipant":19,"nume":"Constantin","prenume":"Marius","varsta":30,"punctaj":288},{"idParticipant":13,"nume":"Dobre","prenume":"Adriana","varsta":34,"punctaj":185},{"idParticipant":21,"nume":"Dragomir","prenume":"Adrian","varsta":26,"punctaj":140},{"idParticipant":4,"nume":"Dumitrescu","prenume":"Elena","varsta":28,"punctaj":153},{"idParticipant":20,"nume":"Enache","prenume":"Laura","varsta":29,"punctaj":325},{"idParticipant":22,"nume":"Filip","prenume":"Bianca","varsta":31,"punctaj":317},{"idParticipant":3,"nume":"Georgescu","prenume":"Andrei","varsta":22,"punctaj":132},{"idParticipant":17,"nume":"Gheorghe","prenume":"Vlad","varsta":28,"punctaj":210},{"idParticipant":23,"nume":"Grigore","prenume":"Stefan","varsta":24,"punctaj":155},{"idParticipant":24,"nume":"Hagi","prenume":"Diana","varsta":32,"punctaj":203},{"idParticipant":25,"nume":"Iacob","prenume":"Radu","varsta":23,"punctaj":195},{"idParticipant":11,"nume":"Iliescu","prenume":"Daniela","varsta":32,"punctaj":320},{"idParticipant":2,"nume":"Ionescu","prenume":"Maria","varsta":30,"punctaj":166},{"idParticipant":26,"nume":"Jianu","prenume":"Oana","varsta":34,"punctaj":142},{"idParticipant":27,"nume":"Kovacs","prenume":"Cristina","varsta":21,"punctaj":199},{"idParticipant":16,"nume":"Lazar","prenume":"Roxana","varsta":25,"punctaj":185},{"idParticipant":28,"nume":"Lupu","prenume":"George","varsta":33,"punctaj":199},{"idParticipant":29,"nume":"Manole","prenume":"Simona","varsta":25,"punctaj":117},{"idParticipant":8,"nume":"Marin","prenume":"Ana","varsta":29,"punctaj":134},{"idParticipant":14,"nume":"Munteanu","prenume":"Sorin","varsta":21,"punctaj":301},{"idParticipant":30,"nume":"Nedelcu","prenume":"Alexandra","varsta":28,"punctaj":169},{"idParticipant":15,"nume":"Nistor","prenume":"Carmen","varsta":33,"punctaj":189},{"idParticipant":40,"nume":"nume","prenume":"prenume","varsta":20,"punctaj":300},{"idParticipant":31,"nume":"Oprea","prenume":"Bogdan","varsta":27,"punctaj":282},{"idParticipant":32,"nume":"Pavel","prenume":"Monica","varsta":30,"punctaj":111},{"idParticipant":10,"nume":"Petrescu","prenume":"Gabriel","varsta":26,"punctaj":188},{"idParticipant":5,"nume":"Popa","prenume":"Mihai","varsta":35,"punctaj":282},{"idParticipant":1,"nume":"Popescu","prenume":"Ion","varsta":25,"punctaj":158},{"idParticipant":7,"nume":"Radu","prenume":"Cristian","varsta":24,"punctaj":256},{"idParticipant":33,"nume":"Rusu","prenume":"Andreea","varsta":29,"punctaj":313},{"idParticipant":34,"nume":"Sandu","prenume":"Victor","varsta":26,"punctaj":115},{"idParticipant":6,"nume":"Stan","prenume":"Ioana","varsta":27,"punctaj":289},{"idParticipant":35,"nume":"Toma","prenume":"Gabriela","varsta":31,"punctaj":132},{"idParticipant":9,"nume":"Tudor","prenume":"Alexandru","varsta":31,"punctaj":288},{"idParticipant":36,"nume":"Ursu","prenume":"Mihail","varsta":24,"punctaj":155},{"idParticipant":12,"nume":"Vasilescu","prenume":"Florin","varsta":23,"punctaj":472},{"idParticipant":37,"nume":"Vlad","prenume":"Anca","varsta":32,"punctaj":138},{"idParticipant":39,"nume":"Voicu","prenume":"Raluca","varsta":34,"punctaj":190},{"idParticipant":38,"nume":"Zamfir","prenume":"Lucian","varsta":23,"punctaj":177}]}
06 Apr 2025 16:56:20,504 DEBUG ro.mpp2024.protocol.ClientWorkerJson 104 handleRequest - Get rezultate request forUserDTO{nume='', username='', password='', probaId='c5'}
06 Apr 2025 16:56:20,504 TRACE ro.mpp2024.repository.RezultatRepository 168 listaParticiapntPuncteProbaDescrescator - Enter listaParticiapntPuncteProbaDescrescator
06 Apr 2025 16:56:20,504 TRACE ro.mpp2024.utils.JdbcUtils 48 getConnection - Enter
06 Apr 2025 16:56:20,504 TRACE ro.mpp2024.utils.JdbcUtils 57 getConnection - Exit with(org.sqlite.jdbc4.JDBC4Connection@782aa1be)
06 Apr 2025 16:56:20,505 TRACE ro.mpp2024.repository.RezultatRepository 186 listaParticiapntPuncteProbaDescrescator - Enter Terminat dictionar
06 Apr 2025 16:56:20,505 DEBUG ro.mpp2024.protocol.ClientWorkerJson 80 sendResponse - sending response {"type":"REZULTATE","punctaje":[{"idParticipant":39,"nume":"Voicu","prenume":"Raluca","varsta":34,"punctaj":190},{"idParticipant":23,"nume":"Grigore","prenume":"Stefan","varsta":24,"punctaj":145},{"idParticipant":22,"nume":"Filip","prenume":"Bianca","varsta":31,"punctaj":140}]}
06 Apr 2025 16:56:21,517 DEBUG ro.mpp2024.protocol.ClientWorkerJson 142 handleRequest - Get participanti request fornull
06 Apr 2025 16:56:21,517 TRACE ro.mpp2024.repository.ParticipantRepository 42 findAll - Enter
06 Apr 2025 16:56:21,517 TRACE ro.mpp2024.utils.JdbcUtils 48 getConnection - Enter
06 Apr 2025 16:56:21,518 TRACE ro.mpp2024.utils.JdbcUtils 57 getConnection - Exit with(org.sqlite.jdbc4.JDBC4Connection@782aa1be)
06 Apr 2025 16:56:21,518 TRACE ro.mpp2024.repository.ParticipantRepository 30 createEntityFromResultSet - Enter createEntityFromResultSet
06 Apr 2025 16:56:21,518 TRACE ro.mpp2024.repository.ParticipantRepository 36 createEntityFromResultSet - Exit with(Popescu Ion)
06 Apr 2025 16:56:21,518 TRACE ro.mpp2024.repository.ParticipantRepository 30 createEntityFromResultSet - Enter createEntityFromResultSet
06 Apr 2025 16:56:21,518 TRACE ro.mpp2024.repository.ParticipantRepository 36 createEntityFromResultSet - Exit with(Ionescu Maria)
06 Apr 2025 16:56:21,519 TRACE ro.mpp2024.repository.ParticipantRepository 30 createEntityFromResultSet - Enter createEntityFromResultSet
06 Apr 2025 16:56:21,519 TRACE ro.mpp2024.repository.ParticipantRepository 36 createEntityFromResultSet - Exit with(Georgescu Andrei)
06 Apr 2025 16:56:21,519 TRACE ro.mpp2024.repository.ParticipantRepository 30 createEntityFromResultSet - Enter createEntityFromResultSet
06 Apr 2025 16:56:21,519 TRACE ro.mpp2024.repository.ParticipantRepository 36 createEntityFromResultSet - Exit with(Dumitrescu Elena)
06 Apr 2025 16:56:21,519 TRACE ro.mpp2024.repository.ParticipantRepository 30 createEntityFromResultSet - Enter createEntityFromResultSet
06 Apr 2025 16:56:21,519 TRACE ro.mpp2024.repository.ParticipantRepository 36 createEntityFromResultSet - Exit with(Popa Mihai)
06 Apr 2025 16:56:21,519 TRACE ro.mpp2024.repository.ParticipantRepository 30 createEntityFromResultSet - Enter createEntityFromResultSet
06 Apr 2025 16:56:21,519 TRACE ro.mpp2024.repository.ParticipantRepository 36 createEntityFromResultSet - Exit with(Stan Ioana)
06 Apr 2025 16:56:21,520 TRACE ro.mpp2024.repository.ParticipantRepository 30 createEntityFromResultSet - Enter createEntityFromResultSet
06 Apr 2025 16:56:21,520 TRACE ro.mpp2024.repository.ParticipantRepository 36 createEntityFromResultSet - Exit with(Radu Cristian)
06 Apr 2025 16:56:21,520 TRACE ro.mpp2024.repository.ParticipantRepository 30 createEntityFromResultSet - Enter createEntityFromResultSet
06 Apr 2025 16:56:21,520 TRACE ro.mpp2024.repository.ParticipantRepository 36 createEntityFromResultSet - Exit with(Marin Ana)
06 Apr 2025 16:56:21,520 TRACE ro.mpp2024.repository.ParticipantRepository 30 createEntityFromResultSet - Enter createEntityFromResultSet
06 Apr 2025 16:56:21,520 TRACE ro.mpp2024.repository.ParticipantRepository 36 createEntityFromResultSet - Exit with(Tudor Alexandru)
06 Apr 2025 16:56:21,520 TRACE ro.mpp2024.repository.ParticipantRepository 30 createEntityFromResultSet - Enter createEntityFromResultSet
06 Apr 2025 16:56:21,521 TRACE ro.mpp2024.repository.ParticipantRepository 36 createEntityFromResultSet - Exit with(Petrescu Gabriel)
06 Apr 2025 16:56:21,521 TRACE ro.mpp2024.repository.ParticipantRepository 30 createEntityFromResultSet - Enter createEntityFromResultSet
06 Apr 2025 16:56:21,521 TRACE ro.mpp2024.repository.ParticipantRepository 36 createEntityFromResultSet - Exit with(Iliescu Daniela)
06 Apr 2025 16:56:21,521 TRACE ro.mpp2024.repository.ParticipantRepository 30 createEntityFromResultSet - Enter createEntityFromResultSet
06 Apr 2025 16:56:21,521 TRACE ro.mpp2024.repository.ParticipantRepository 36 createEntityFromResultSet - Exit with(Vasilescu Florin)
06 Apr 2025 16:56:21,521 TRACE ro.mpp2024.repository.ParticipantRepository 30 createEntityFromResultSet - Enter createEntityFromResultSet
06 Apr 2025 16:56:21,521 TRACE ro.mpp2024.repository.ParticipantRepository 36 createEntityFromResultSet - Exit with(Dobre Adriana)
06 Apr 2025 16:56:21,521 TRACE ro.mpp2024.repository.ParticipantRepository 30 createEntityFromResultSet - Enter createEntityFromResultSet
06 Apr 2025 16:56:21,521 TRACE ro.mpp2024.repository.ParticipantRepository 36 createEntityFromResultSet - Exit with(Munteanu Sorin)
06 Apr 2025 16:56:21,521 TRACE ro.mpp2024.repository.ParticipantRepository 30 createEntityFromResultSet - Enter createEntityFromResultSet
06 Apr 2025 16:56:21,521 TRACE ro.mpp2024.repository.ParticipantRepository 36 createEntityFromResultSet - Exit with(Nistor Carmen)
06 Apr 2025 16:56:21,522 TRACE ro.mpp2024.repository.ParticipantRepository 30 createEntityFromResultSet - Enter createEntityFromResultSet
06 Apr 2025 16:56:21,522 TRACE ro.mpp2024.repository.ParticipantRepository 36 createEntityFromResultSet - Exit with(Lazar Roxana)
06 Apr 2025 16:56:21,522 TRACE ro.mpp2024.repository.ParticipantRepository 30 createEntityFromResultSet - Enter createEntityFromResultSet
06 Apr 2025 16:56:21,522 TRACE ro.mpp2024.repository.ParticipantRepository 36 createEntityFromResultSet - Exit with(Gheorghe Vlad)
06 Apr 2025 16:56:21,522 TRACE ro.mpp2024.repository.ParticipantRepository 30 createEntityFromResultSet - Enter createEntityFromResultSet
06 Apr 2025 16:56:21,522 TRACE ro.mpp2024.repository.ParticipantRepository 36 createEntityFromResultSet - Exit with(Barbu Irina)
06 Apr 2025 16:56:21,522 TRACE ro.mpp2024.repository.ParticipantRepository 30 createEntityFromResultSet - Enter createEntityFromResultSet
06 Apr 2025 16:56:21,522 TRACE ro.mpp2024.repository.ParticipantRepository 36 createEntityFromResultSet - Exit with(Constantin Marius)
06 Apr 2025 16:56:21,522 TRACE ro.mpp2024.repository.ParticipantRepository 30 createEntityFromResultSet - Enter createEntityFromResultSet
06 Apr 2025 16:56:21,522 TRACE ro.mpp2024.repository.ParticipantRepository 36 createEntityFromResultSet - Exit with(Enache Laura)
06 Apr 2025 16:56:21,523 TRACE ro.mpp2024.repository.ParticipantRepository 30 createEntityFromResultSet - Enter createEntityFromResultSet
06 Apr 2025 16:56:21,523 TRACE ro.mpp2024.repository.ParticipantRepository 36 createEntityFromResultSet - Exit with(Dragomir Adrian)
06 Apr 2025 16:56:21,523 TRACE ro.mpp2024.repository.ParticipantRepository 30 createEntityFromResultSet - Enter createEntityFromResultSet
06 Apr 2025 16:56:21,523 TRACE ro.mpp2024.repository.ParticipantRepository 36 createEntityFromResultSet - Exit with(Filip Bianca)
06 Apr 2025 16:56:21,523 TRACE ro.mpp2024.repository.ParticipantRepository 30 createEntityFromResultSet - Enter createEntityFromResultSet
06 Apr 2025 16:56:21,523 TRACE ro.mpp2024.repository.ParticipantRepository 36 createEntityFromResultSet - Exit with(Grigore Stefan)
06 Apr 2025 16:56:21,523 TRACE ro.mpp2024.repository.ParticipantRepository 30 createEntityFromResultSet - Enter createEntityFromResultSet
06 Apr 2025 16:56:21,523 TRACE ro.mpp2024.repository.ParticipantRepository 36 createEntityFromResultSet - Exit with(Hagi Diana)
06 Apr 2025 16:56:21,523 TRACE ro.mpp2024.repository.ParticipantRepository 30 createEntityFromResultSet - Enter createEntityFromResultSet
06 Apr 2025 16:56:21,523 TRACE ro.mpp2024.repository.ParticipantRepository 36 createEntityFromResultSet - Exit with(Iacob Radu)
06 Apr 2025 16:56:21,523 TRACE ro.mpp2024.repository.ParticipantRepository 30 createEntityFromResultSet - Enter createEntityFromResultSet
06 Apr 2025 16:56:21,524 TRACE ro.mpp2024.repository.ParticipantRepository 36 createEntityFromResultSet - Exit with(Jianu Oana)
06 Apr 2025 16:56:21,524 TRACE ro.mpp2024.repository.ParticipantRepository 30 createEntityFromResultSet - Enter createEntityFromResultSet
06 Apr 2025 16:56:21,524 TRACE ro.mpp2024.repository.ParticipantRepository 36 createEntityFromResultSet - Exit with(Kovacs Cristina)
06 Apr 2025 16:56:21,524 TRACE ro.mpp2024.repository.ParticipantRepository 30 createEntityFromResultSet - Enter createEntityFromResultSet
06 Apr 2025 16:56:21,524 TRACE ro.mpp2024.repository.ParticipantRepository 36 createEntityFromResultSet - Exit with(Lupu George)
06 Apr 2025 16:56:21,524 TRACE ro.mpp2024.repository.ParticipantRepository 30 createEntityFromResultSet - Enter createEntityFromResultSet
06 Apr 2025 16:56:21,524 TRACE ro.mpp2024.repository.ParticipantRepository 36 createEntityFromResultSet - Exit with(Manole Simona)
06 Apr 2025 16:56:21,524 TRACE ro.mpp2024.repository.ParticipantRepository 30 createEntityFromResultSet - Enter createEntityFromResultSet
06 Apr 2025 16:56:21,524 TRACE ro.mpp2024.repository.ParticipantRepository 36 createEntityFromResultSet - Exit with(Nedelcu Alexandra)
06 Apr 2025 16:56:21,524 TRACE ro.mpp2024.repository.ParticipantRepository 30 createEntityFromResultSet - Enter createEntityFromResultSet
06 Apr 2025 16:56:21,524 TRACE ro.mpp2024.repository.ParticipantRepository 36 createEntityFromResultSet - Exit with(Oprea Bogdan)
06 Apr 2025 16:56:21,524 TRACE ro.mpp2024.repository.ParticipantRepository 30 createEntityFromResultSet - Enter createEntityFromResultSet
06 Apr 2025 16:56:21,525 TRACE ro.mpp2024.repository.ParticipantRepository 36 createEntityFromResultSet - Exit with(Pavel Monica)
06 Apr 2025 16:56:21,525 TRACE ro.mpp2024.repository.ParticipantRepository 30 createEntityFromResultSet - Enter createEntityFromResultSet
06 Apr 2025 16:56:21,525 TRACE ro.mpp2024.repository.ParticipantRepository 36 createEntityFromResultSet - Exit with(Rusu Andreea)
06 Apr 2025 16:56:21,525 TRACE ro.mpp2024.repository.ParticipantRepository 30 createEntityFromResultSet - Enter createEntityFromResultSet
06 Apr 2025 16:56:21,525 TRACE ro.mpp2024.repository.ParticipantRepository 36 createEntityFromResultSet - Exit with(Sandu Victor)
06 Apr 2025 16:56:21,525 TRACE ro.mpp2024.repository.ParticipantRepository 30 createEntityFromResultSet - Enter createEntityFromResultSet
06 Apr 2025 16:56:21,525 TRACE ro.mpp2024.repository.ParticipantRepository 36 createEntityFromResultSet - Exit with(Toma Gabriela)
06 Apr 2025 16:56:21,525 TRACE ro.mpp2024.repository.ParticipantRepository 30 createEntityFromResultSet - Enter createEntityFromResultSet
06 Apr 2025 16:56:21,525 TRACE ro.mpp2024.repository.ParticipantRepository 36 createEntityFromResultSet - Exit with(Ursu Mihail)
06 Apr 2025 16:56:21,525 TRACE ro.mpp2024.repository.ParticipantRepository 30 createEntityFromResultSet - Enter createEntityFromResultSet
06 Apr 2025 16:56:21,525 TRACE ro.mpp2024.repository.ParticipantRepository 36 createEntityFromResultSet - Exit with(Vlad Anca)
06 Apr 2025 16:56:21,526 TRACE ro.mpp2024.repository.ParticipantRepository 30 createEntityFromResultSet - Enter createEntityFromResultSet
06 Apr 2025 16:56:21,526 TRACE ro.mpp2024.repository.ParticipantRepository 36 createEntityFromResultSet - Exit with(Zamfir Lucian)
06 Apr 2025 16:56:21,526 TRACE ro.mpp2024.repository.ParticipantRepository 30 createEntityFromResultSet - Enter createEntityFromResultSet
06 Apr 2025 16:56:21,526 TRACE ro.mpp2024.repository.ParticipantRepository 36 createEntityFromResultSet - Exit with(Voicu Raluca)
06 Apr 2025 16:56:21,526 TRACE ro.mpp2024.repository.ParticipantRepository 30 createEntityFromResultSet - Enter createEntityFromResultSet
06 Apr 2025 16:56:21,526 TRACE ro.mpp2024.repository.ParticipantRepository 36 createEntityFromResultSet - Exit with(nume prenume)
06 Apr 2025 16:56:21,526 TRACE ro.mpp2024.repository.ParticipantRepository 56 findAll - Exit with([Popescu Ion, Ionescu Maria, Georgescu Andrei, Dumitrescu Elena, Popa Mihai, Stan Ioana, Radu Cristian, Marin Ana, Tudor Alexandru, Petrescu Gabriel, Iliescu Daniela, Vasilescu Florin, Dobre Adriana, Munteanu Sorin, Nistor Carmen, Lazar Roxana, Gheorghe Vlad, Barbu Irina, Constantin Marius, Enache Laura, Dragomir Adrian, Filip Bianca, Grigore Stefan, Hagi Diana, Iacob Radu, Jianu Oana, Kovacs Cristina, Lupu George, Manole Simona, Nedelcu Alexandra, Oprea Bogdan, Pavel Monica, Rusu Andreea, Sandu Victor, Toma Gabriela, Ursu Mihail, Vlad Anca, Zamfir Lucian, Voicu Raluca, nume prenume])
06 Apr 2025 16:56:21,527 DEBUG ro.mpp2024.protocol.ClientWorkerJson 80 sendResponse - sending response {"type":"PARTICIPANTI","participanti":[{"idParticipant":1,"nume":"Popescu","prenume":"Ion","varsta":25,"punctaj":0},{"idParticipant":2,"nume":"Ionescu","prenume":"Maria","varsta":30,"punctaj":0},{"idParticipant":3,"nume":"Georgescu","prenume":"Andrei","varsta":22,"punctaj":0},{"idParticipant":4,"nume":"Dumitrescu","prenume":"Elena","varsta":28,"punctaj":0},{"idParticipant":5,"nume":"Popa","prenume":"Mihai","varsta":35,"punctaj":0},{"idParticipant":6,"nume":"Stan","prenume":"Ioana","varsta":27,"punctaj":0},{"idParticipant":7,"nume":"Radu","prenume":"Cristian","varsta":24,"punctaj":0},{"idParticipant":8,"nume":"Marin","prenume":"Ana","varsta":29,"punctaj":0},{"idParticipant":9,"nume":"Tudor","prenume":"Alexandru","varsta":31,"punctaj":0},{"idParticipant":10,"nume":"Petrescu","prenume":"Gabriel","varsta":26,"punctaj":0},{"idParticipant":11,"nume":"Iliescu","prenume":"Daniela","varsta":32,"punctaj":0},{"idParticipant":12,"nume":"Vasilescu","prenume":"Florin","varsta":23,"punctaj":0},{"idParticipant":13,"nume":"Dobre","prenume":"Adriana","varsta":34,"punctaj":0},{"idParticipant":14,"nume":"Munteanu","prenume":"Sorin","varsta":21,"punctaj":0},{"idParticipant":15,"nume":"Nistor","prenume":"Carmen","varsta":33,"punctaj":0},{"idParticipant":16,"nume":"Lazar","prenume":"Roxana","varsta":25,"punctaj":0},{"idParticipant":17,"nume":"Gheorghe","prenume":"Vlad","varsta":28,"punctaj":0},{"idParticipant":18,"nume":"Barbu","prenume":"Irina","varsta":27,"punctaj":0},{"idParticipant":19,"nume":"Constantin","prenume":"Marius","varsta":30,"punctaj":0},{"idParticipant":20,"nume":"Enache","prenume":"Laura","varsta":29,"punctaj":0},{"idParticipant":21,"nume":"Dragomir","prenume":"Adrian","varsta":26,"punctaj":0},{"idParticipant":22,"nume":"Filip","prenume":"Bianca","varsta":31,"punctaj":0},{"idParticipant":23,"nume":"Grigore","prenume":"Stefan","varsta":24,"punctaj":0},{"idParticipant":24,"nume":"Hagi","prenume":"Diana","varsta":32,"punctaj":0},{"idParticipant":25,"nume":"Iacob","prenume":"Radu","varsta":23,"punctaj":0},{"idParticipant":26,"nume":"Jianu","prenume":"Oana","varsta":34,"punctaj":0},{"idParticipant":27,"nume":"Kovacs","prenume":"Cristina","varsta":21,"punctaj":0},{"idParticipant":28,"nume":"Lupu","prenume":"George","varsta":33,"punctaj":0},{"idParticipant":29,"nume":"Manole","prenume":"Simona","varsta":25,"punctaj":0},{"idParticipant":30,"nume":"Nedelcu","prenume":"Alexandra","varsta":28,"punctaj":0},{"idParticipant":31,"nume":"Oprea","prenume":"Bogdan","varsta":27,"punctaj":0},{"idParticipant":32,"nume":"Pavel","prenume":"Monica","varsta":30,"punctaj":0},{"idParticipant":33,"nume":"Rusu","prenume":"Andreea","varsta":29,"punctaj":0},{"idParticipant":34,"nume":"Sandu","prenume":"Victor","varsta":26,"punctaj":0},{"idParticipant":35,"nume":"Toma","prenume":"Gabriela","varsta":31,"punctaj":0},{"idParticipant":36,"nume":"Ursu","prenume":"Mihail","varsta":24,"punctaj":0},{"idParticipant":37,"nume":"Vlad","prenume":"Anca","varsta":32,"punctaj":0},{"idParticipant":38,"nume":"Zamfir","prenume":"Lucian","varsta":23,"punctaj":0},{"idParticipant":39,"nume":"Voicu","prenume":"Raluca","varsta":34,"punctaj":0},{"idParticipant":40,"nume":"nume","prenume":"prenume","varsta":20,"punctaj":0}]}
06 Apr 2025 16:56:44,456 DEBUG ro.mpp2024.protocol.ClientWorkerJson 127 handleRequest - Add rezultat request RezultatDTO{idProba='s1', idParticipant=22, puncte=30}
06 Apr 2025 16:56:44,456 TRACE ro.mpp2024.services.ServerService 52 addRezultat - Enter
06 Apr 2025 16:56:44,456 TRACE ro.mpp2024.repository.ParticipantRepository 62 findOne - Enter
06 Apr 2025 16:56:44,456 TRACE ro.mpp2024.utils.JdbcUtils 48 getConnection - Enter
06 Apr 2025 16:56:44,456 TRACE ro.mpp2024.utils.JdbcUtils 57 getConnection - Exit with(org.sqlite.jdbc4.JDBC4Connection@782aa1be)
06 Apr 2025 16:56:44,457 TRACE ro.mpp2024.repository.ParticipantRepository 30 createEntityFromResultSet - Enter createEntityFromResultSet
06 Apr 2025 16:56:44,457 TRACE ro.mpp2024.repository.ParticipantRepository 36 createEntityFromResultSet - Exit with(Filip Bianca)
06 Apr 2025 16:56:44,457 TRACE ro.mpp2024.repository.ParticipantRepository 76 findOne - Exit with(Filip Bianca)
06 Apr 2025 16:56:44,457 TRACE ro.mpp2024.repository.ProbaRepository 63 findOne - Enter findOne
06 Apr 2025 16:56:44,457 TRACE ro.mpp2024.utils.JdbcUtils 48 getConnection - Enter
06 Apr 2025 16:56:44,457 TRACE ro.mpp2024.utils.JdbcUtils 57 getConnection - Exit with(org.sqlite.jdbc4.JDBC4Connection@782aa1be)
06 Apr 2025 16:56:44,457 TRACE ro.mpp2024.repository.ProbaRepository 31 createEntityFromResultSet - Enter createEntityFromResultSet
06 Apr 2025 16:56:44,460 TRACE ro.mpp2024.repository.ProbaRepository 37 createEntityFromResultSet - Exit with(Proba{nume='Cursa 100 de m', arbitru=1, categorie=alergat})
06 Apr 2025 16:56:44,460 TRACE ro.mpp2024.repository.ProbaRepository 77 findOne - Exit with(Proba{nume='Cursa 100 de m', arbitru=1, categorie=alergat})
06 Apr 2025 16:56:44,460 TRACE ro.mpp2024.repository.RezultatRepository 116 save - Enter save
06 Apr 2025 16:56:44,460 TRACE ro.mpp2024.utils.JdbcUtils 48 getConnection - Enter
06 Apr 2025 16:56:44,461 TRACE ro.mpp2024.utils.JdbcUtils 57 getConnection - Exit with(org.sqlite.jdbc4.JDBC4Connection@782aa1be)
06 Apr 2025 16:56:44,469 TRACE ro.mpp2024.repository.RezultatRepository 127 save - Exit
06 Apr 2025 16:56:44,469 TRACE ro.mpp2024.services.ServerService 56 addRezultat - Exit
06 Apr 2025 16:56:44,469 DEBUG ro.mpp2024.services.ServerService 62 rezultatAdded - rezultat added
06 Apr 2025 16:56:44,472 DEBUG ro.mpp2024.protocol.ClientWorkerJson 80 sendResponse - sending response {"type":"OK"}
06 Apr 2025 16:56:44,475 DEBUG ro.mpp2024.protocol.ClientWorkerJson 180 RezultatAdded - Sending rezultat added response Response{type=REZULTAT_ADDED, errormessage='null', user=null, rezultat=RezultatDTO{idProba='s1', idParticipant=22, puncte=30}, punctaje=null}
06 Apr 2025 16:56:44,475 DEBUG ro.mpp2024.protocol.ClientWorkerJson 180 RezultatAdded - Sending rezultat added response Response{type=REZULTAT_ADDED, errormessage='null', user=null, rezultat=RezultatDTO{idProba='s1', idParticipant=22, puncte=30}, punctaje=null}
06 Apr 2025 16:56:44,476 DEBUG ro.mpp2024.protocol.ClientWorkerJson 80 sendResponse - sending response {"type":"REZULTAT_ADDED","rezultat":{"idProba":"s1","idParticipant":22,"numeParticipant":"Filip","prenumeParticipant":"Bianca","puncte":30}}
06 Apr 2025 16:56:44,476 DEBUG ro.mpp2024.protocol.ClientWorkerJson 80 sendResponse - sending response {"type":"REZULTAT_ADDED","rezultat":{"idProba":"s1","idParticipant":22,"numeParticipant":"Filip","prenumeParticipant":"Bianca","puncte":30}}
06 Apr 2025 16:57:06,051 DEBUG ro.mpp2024.protocol.ClientWorkerJson 127 handleRequest - Add rezultat request RezultatDTO{idProba='c5', idParticipant=28, puncte=120}
06 Apr 2025 16:57:06,052 TRACE ro.mpp2024.services.ServerService 52 addRezultat - Enter
06 Apr 2025 16:57:06,052 TRACE ro.mpp2024.repository.ParticipantRepository 62 findOne - Enter
06 Apr 2025 16:57:06,052 TRACE ro.mpp2024.utils.JdbcUtils 48 getConnection - Enter
06 Apr 2025 16:57:06,052 TRACE ro.mpp2024.utils.JdbcUtils 57 getConnection - Exit with(org.sqlite.jdbc4.JDBC4Connection@782aa1be)
06 Apr 2025 16:57:06,053 TRACE ro.mpp2024.repository.ParticipantRepository 30 createEntityFromResultSet - Enter createEntityFromResultSet
06 Apr 2025 16:57:06,053 TRACE ro.mpp2024.repository.ParticipantRepository 36 createEntityFromResultSet - Exit with(Lupu George)
06 Apr 2025 16:57:06,053 TRACE ro.mpp2024.repository.ParticipantRepository 76 findOne - Exit with(Lupu George)
06 Apr 2025 16:57:06,053 TRACE ro.mpp2024.repository.ProbaRepository 63 findOne - Enter findOne
06 Apr 2025 16:57:06,053 TRACE ro.mpp2024.utils.JdbcUtils 48 getConnection - Enter
06 Apr 2025 16:57:06,053 TRACE ro.mpp2024.utils.JdbcUtils 57 getConnection - Exit with(org.sqlite.jdbc4.JDBC4Connection@782aa1be)
06 Apr 2025 16:57:06,054 TRACE ro.mpp2024.repository.ProbaRepository 31 createEntityFromResultSet - Enter createEntityFromResultSet
06 Apr 2025 16:57:06,054 TRACE ro.mpp2024.repository.ProbaRepository 37 createEntityFromResultSet - Exit with(Proba{nume='Pedalat 1000 de m', arbitru=5, categorie=ciclism})
06 Apr 2025 16:57:06,054 TRACE ro.mpp2024.repository.ProbaRepository 77 findOne - Exit with(Proba{nume='Pedalat 1000 de m', arbitru=5, categorie=ciclism})
06 Apr 2025 16:57:06,054 TRACE ro.mpp2024.repository.RezultatRepository 116 save - Enter save
06 Apr 2025 16:57:06,054 TRACE ro.mpp2024.utils.JdbcUtils 48 getConnection - Enter
06 Apr 2025 16:57:06,054 TRACE ro.mpp2024.utils.JdbcUtils 57 getConnection - Exit with(org.sqlite.jdbc4.JDBC4Connection@782aa1be)
06 Apr 2025 16:57:06,064 TRACE ro.mpp2024.repository.RezultatRepository 127 save - Exit
06 Apr 2025 16:57:06,064 TRACE ro.mpp2024.services.ServerService 56 addRezultat - Exit
06 Apr 2025 16:57:06,064 DEBUG ro.mpp2024.services.ServerService 62 rezultatAdded - rezultat added
06 Apr 2025 16:57:06,064 DEBUG ro.mpp2024.protocol.ClientWorkerJson 80 sendResponse - sending response {"type":"OK"}
06 Apr 2025 16:57:06,064 DEBUG ro.mpp2024.protocol.ClientWorkerJson 180 RezultatAdded - Sending rezultat added response Response{type=REZULTAT_ADDED, errormessage='null', user=null, rezultat=RezultatDTO{idProba='c5', idParticipant=28, puncte=120}, punctaje=null}
06 Apr 2025 16:57:06,064 DEBUG ro.mpp2024.protocol.ClientWorkerJson 180 RezultatAdded - Sending rezultat added response Response{type=REZULTAT_ADDED, errormessage='null', user=null, rezultat=RezultatDTO{idProba='c5', idParticipant=28, puncte=120}, punctaje=null}
06 Apr 2025 16:57:06,065 DEBUG ro.mpp2024.protocol.ClientWorkerJson 80 sendResponse - sending response {"type":"REZULTAT_ADDED","rezultat":{"idProba":"c5","idParticipant":28,"numeParticipant":"Lupu","prenumeParticipant":"George","puncte":120}}
06 Apr 2025 16:57:06,065 DEBUG ro.mpp2024.protocol.ClientWorkerJson 80 sendResponse - sending response {"type":"REZULTAT_ADDED","rezultat":{"idProba":"c5","idParticipant":28,"numeParticipant":"Lupu","prenumeParticipant":"George","puncte":120}}
06 Apr 2025 16:57:30,551 ERROR ro.mpp2024.protocol.ClientWorkerJson 57 run - java.net.SocketException: Connection reset
06 Apr 2025 16:57:30,552 ERROR ro.mpp2024.protocol.ClientWorkerJson 58 run - [Ljava.lang.StackTraceElement;@2f408208
06 Apr 2025 16:58:44,855 INFO  ro.mpp2024.StartJsonServer 24 main - Server properties: {server.port=55556, jdbc.url=jdbc:sqlite:src/main/resources/triatlon.db}
06 Apr 2025 16:58:44,860 INFO  ro.mpp2024.repository.ArbitruRepository 23 <init> - Initializing IArbitruRepository with properties: {} 
06 Apr 2025 16:58:44,860 INFO  ro.mpp2024.repository.ProbaRepository 25 <init> - Initializing ProbaRepository with properties: {} 
06 Apr 2025 16:58:44,861 INFO  ro.mpp2024.repository.ParticipantRepository 24 <init> - Initializing ParticipantRepository with properties: {} 
06 Apr 2025 16:58:44,862 INFO  ro.mpp2024.repository.RezultatRepository 25 <init> - Initializing RezultatRepository with properties: {} 
06 Apr 2025 16:58:44,864 INFO  ro.mpp2024.services.ServerService 37 <init> - Service Rezultat made
06 Apr 2025 16:58:44,864 DEBUG ro.mpp2024.StartJsonServer 50 main - Starting server on port: 55556
06 Apr 2025 16:58:44,865 DEBUG ro.mpp2024.networkUtils.AbsConcurrentServer 13 <init> - Concurrent AbstractServer
06 Apr 2025 16:58:44,865 INFO  ro.mpp2024.networkUtils.JsonConcurrentServer 17 <init> - JsonConcurrentServer
06 Apr 2025 16:58:44,870 INFO  chat.network.utils.AbstractServer 25 start - Waiting for clients ...
06 Apr 2025 16:59:10,047 INFO  chat.network.utils.AbstractServer 27 start - Client connected ...
06 Apr 2025 16:59:10,075 INFO  chat.network.utils.AbstractServer 25 start - Waiting for clients ...
06 Apr 2025 16:59:10,083 DEBUG ro.mpp2024.protocol.ClientWorkerJson 91 handleRequest - Login request UserDTO{nume='', username='noah.g', password='TXlQQHNzdzE0cmQ=', probaId=''}
06 Apr 2025 16:59:10,085 TRACE ro.mpp2024.utils.JdbcUtils 48 getConnection - Enter
06 Apr 2025 16:59:10,085 TRACE ro.mpp2024.utils.JdbcUtils 25 getNewConnection - Enter
06 Apr 2025 16:59:10,085 INFO  ro.mpp2024.utils.JdbcUtils 30 getNewConnection - trying to connect to database ... jdbc:sqlite:src/main/resources/triatlon.db
06 Apr 2025 16:59:10,086 INFO  ro.mpp2024.utils.JdbcUtils 31 getNewConnection - user: null
06 Apr 2025 16:59:10,086 INFO  ro.mpp2024.utils.JdbcUtils 32 getNewConnection - pass: null
06 Apr 2025 16:59:10,190 TRACE ro.mpp2024.utils.JdbcUtils 57 getConnection - Exit with(org.sqlite.jdbc4.JDBC4Connection@2bc2f684)
06 Apr 2025 16:59:10,193 TRACE ro.mpp2024.repository.ArbitruRepository 29 createEntityFromResultSet - Enter createEntityFromResultSet
06 Apr 2025 16:59:10,193 TRACE ro.mpp2024.repository.ArbitruRepository 36 createEntityFromResultSet - Exit with(Arbitru{nume='Noah Green', username='noah.g', password='TXlQQHNzdzE0cmQ=', id_proba=c5})
06 Apr 2025 16:59:10,196 DEBUG ro.mpp2024.protocol.ClientWorkerJson 80 sendResponse - sending response {"type":"LOGGED_ACC","user":{"id":33,"nume":"Noah Green","username":"noah.g","password":"TXlQQHNzdzE0cmQ\u003d","id_proba":"c5"}}
06 Apr 2025 16:59:11,199 DEBUG ro.mpp2024.protocol.ClientWorkerJson 116 handleRequest - Get all rezultate request fornull
06 Apr 2025 16:59:11,199 TRACE ro.mpp2024.repository.RezultatRepository 144 listaParticipantiPuncteAlfabetic - Enter listaParticipantiPuncteAlfabetic
06 Apr 2025 16:59:11,199 TRACE ro.mpp2024.utils.JdbcUtils 48 getConnection - Enter
06 Apr 2025 16:59:11,200 TRACE ro.mpp2024.utils.JdbcUtils 57 getConnection - Exit with(org.sqlite.jdbc4.JDBC4Connection@2bc2f684)
06 Apr 2025 16:59:11,201 TRACE ro.mpp2024.repository.RezultatRepository 162 listaParticipantiPuncteAlfabetic - Enter Terminat dictionar
06 Apr 2025 16:59:11,202 DEBUG ro.mpp2024.protocol.ClientWorkerJson 80 sendResponse - sending response {"type":"ALL_REZULTATE","punctaje":[{"idParticipant":18,"nume":"Barbu","prenume":"Irina","varsta":27,"punctaj":240},{"idParticipant":19,"nume":"Constantin","prenume":"Marius","varsta":30,"punctaj":288},{"idParticipant":13,"nume":"Dobre","prenume":"Adriana","varsta":34,"punctaj":185},{"idParticipant":21,"nume":"Dragomir","prenume":"Adrian","varsta":26,"punctaj":140},{"idParticipant":4,"nume":"Dumitrescu","prenume":"Elena","varsta":28,"punctaj":153},{"idParticipant":20,"nume":"Enache","prenume":"Laura","varsta":29,"punctaj":325},{"idParticipant":22,"nume":"Filip","prenume":"Bianca","varsta":31,"punctaj":347},{"idParticipant":3,"nume":"Georgescu","prenume":"Andrei","varsta":22,"punctaj":132},{"idParticipant":17,"nume":"Gheorghe","prenume":"Vlad","varsta":28,"punctaj":210},{"idParticipant":23,"nume":"Grigore","prenume":"Stefan","varsta":24,"punctaj":155},{"idParticipant":24,"nume":"Hagi","prenume":"Diana","varsta":32,"punctaj":203},{"idParticipant":25,"nume":"Iacob","prenume":"Radu","varsta":23,"punctaj":195},{"idParticipant":11,"nume":"Iliescu","prenume":"Daniela","varsta":32,"punctaj":320},{"idParticipant":2,"nume":"Ionescu","prenume":"Maria","varsta":30,"punctaj":166},{"idParticipant":26,"nume":"Jianu","prenume":"Oana","varsta":34,"punctaj":142},{"idParticipant":27,"nume":"Kovacs","prenume":"Cristina","varsta":21,"punctaj":199},{"idParticipant":16,"nume":"Lazar","prenume":"Roxana","varsta":25,"punctaj":185},{"idParticipant":28,"nume":"Lupu","prenume":"George","varsta":33,"punctaj":319},{"idParticipant":29,"nume":"Manole","prenume":"Simona","varsta":25,"punctaj":117},{"idParticipant":8,"nume":"Marin","prenume":"Ana","varsta":29,"punctaj":134},{"idParticipant":14,"nume":"Munteanu","prenume":"Sorin","varsta":21,"punctaj":301},{"idParticipant":30,"nume":"Nedelcu","prenume":"Alexandra","varsta":28,"punctaj":169},{"idParticipant":15,"nume":"Nistor","prenume":"Carmen","varsta":33,"punctaj":189},{"idParticipant":40,"nume":"nume","prenume":"prenume","varsta":20,"punctaj":300},{"idParticipant":31,"nume":"Oprea","prenume":"Bogdan","varsta":27,"punctaj":282},{"idParticipant":32,"nume":"Pavel","prenume":"Monica","varsta":30,"punctaj":111},{"idParticipant":10,"nume":"Petrescu","prenume":"Gabriel","varsta":26,"punctaj":188},{"idParticipant":5,"nume":"Popa","prenume":"Mihai","varsta":35,"punctaj":282},{"idParticipant":1,"nume":"Popescu","prenume":"Ion","varsta":25,"punctaj":158},{"idParticipant":7,"nume":"Radu","prenume":"Cristian","varsta":24,"punctaj":256},{"idParticipant":33,"nume":"Rusu","prenume":"Andreea","varsta":29,"punctaj":313},{"idParticipant":34,"nume":"Sandu","prenume":"Victor","varsta":26,"punctaj":115},{"idParticipant":6,"nume":"Stan","prenume":"Ioana","varsta":27,"punctaj":289},{"idParticipant":35,"nume":"Toma","prenume":"Gabriela","varsta":31,"punctaj":132},{"idParticipant":9,"nume":"Tudor","prenume":"Alexandru","varsta":31,"punctaj":288},{"idParticipant":36,"nume":"Ursu","prenume":"Mihail","varsta":24,"punctaj":155},{"idParticipant":12,"nume":"Vasilescu","prenume":"Florin","varsta":23,"punctaj":472},{"idParticipant":37,"nume":"Vlad","prenume":"Anca","varsta":32,"punctaj":138},{"idParticipant":39,"nume":"Voicu","prenume":"Raluca","varsta":34,"punctaj":190},{"idParticipant":38,"nume":"Zamfir","prenume":"Lucian","varsta":23,"punctaj":177}]}
06 Apr 2025 16:59:12,205 DEBUG ro.mpp2024.protocol.ClientWorkerJson 104 handleRequest - Get rezultate request forUserDTO{nume='', username='', password='', probaId='c5'}
06 Apr 2025 16:59:12,206 TRACE ro.mpp2024.repository.RezultatRepository 168 listaParticiapntPuncteProbaDescrescator - Enter listaParticiapntPuncteProbaDescrescator
06 Apr 2025 16:59:12,206 TRACE ro.mpp2024.utils.JdbcUtils 48 getConnection - Enter
06 Apr 2025 16:59:12,206 TRACE ro.mpp2024.utils.JdbcUtils 57 getConnection - Exit with(org.sqlite.jdbc4.JDBC4Connection@2bc2f684)
06 Apr 2025 16:59:12,207 TRACE ro.mpp2024.repository.RezultatRepository 186 listaParticiapntPuncteProbaDescrescator - Enter Terminat dictionar
06 Apr 2025 16:59:12,207 DEBUG ro.mpp2024.protocol.ClientWorkerJson 80 sendResponse - sending response {"type":"REZULTATE","punctaje":[{"idParticipant":39,"nume":"Voicu","prenume":"Raluca","varsta":34,"punctaj":190},{"idParticipant":23,"nume":"Grigore","prenume":"Stefan","varsta":24,"punctaj":145},{"idParticipant":22,"nume":"Filip","prenume":"Bianca","varsta":31,"punctaj":140},{"idParticipant":28,"nume":"Lupu","prenume":"George","varsta":33,"punctaj":120}]}
06 Apr 2025 16:59:13,215 DEBUG ro.mpp2024.protocol.ClientWorkerJson 142 handleRequest - Get participanti request fornull
06 Apr 2025 16:59:13,215 TRACE ro.mpp2024.repository.ParticipantRepository 42 findAll - Enter
06 Apr 2025 16:59:13,216 TRACE ro.mpp2024.utils.JdbcUtils 48 getConnection - Enter
06 Apr 2025 16:59:13,216 TRACE ro.mpp2024.utils.JdbcUtils 57 getConnection - Exit with(org.sqlite.jdbc4.JDBC4Connection@2bc2f684)
06 Apr 2025 16:59:13,216 TRACE ro.mpp2024.repository.ParticipantRepository 30 createEntityFromResultSet - Enter createEntityFromResultSet
06 Apr 2025 16:59:13,217 TRACE ro.mpp2024.repository.ParticipantRepository 36 createEntityFromResultSet - Exit with(Popescu Ion)
06 Apr 2025 16:59:13,217 TRACE ro.mpp2024.repository.ParticipantRepository 30 createEntityFromResultSet - Enter createEntityFromResultSet
06 Apr 2025 16:59:13,217 TRACE ro.mpp2024.repository.ParticipantRepository 36 createEntityFromResultSet - Exit with(Ionescu Maria)
06 Apr 2025 16:59:13,217 TRACE ro.mpp2024.repository.ParticipantRepository 30 createEntityFromResultSet - Enter createEntityFromResultSet
06 Apr 2025 16:59:13,217 TRACE ro.mpp2024.repository.ParticipantRepository 36 createEntityFromResultSet - Exit with(Georgescu Andrei)
06 Apr 2025 16:59:13,217 TRACE ro.mpp2024.repository.ParticipantRepository 30 createEntityFromResultSet - Enter createEntityFromResultSet
06 Apr 2025 16:59:13,217 TRACE ro.mpp2024.repository.ParticipantRepository 36 createEntityFromResultSet - Exit with(Dumitrescu Elena)
06 Apr 2025 16:59:13,218 TRACE ro.mpp2024.repository.ParticipantRepository 30 createEntityFromResultSet - Enter createEntityFromResultSet
06 Apr 2025 16:59:13,218 TRACE ro.mpp2024.repository.ParticipantRepository 36 createEntityFromResultSet - Exit with(Popa Mihai)
06 Apr 2025 16:59:13,218 TRACE ro.mpp2024.repository.ParticipantRepository 30 createEntityFromResultSet - Enter createEntityFromResultSet
06 Apr 2025 16:59:13,218 TRACE ro.mpp2024.repository.ParticipantRepository 36 createEntityFromResultSet - Exit with(Stan Ioana)
06 Apr 2025 16:59:13,218 TRACE ro.mpp2024.repository.ParticipantRepository 30 createEntityFromResultSet - Enter createEntityFromResultSet
06 Apr 2025 16:59:13,218 TRACE ro.mpp2024.repository.ParticipantRepository 36 createEntityFromResultSet - Exit with(Radu Cristian)
06 Apr 2025 16:59:13,218 TRACE ro.mpp2024.repository.ParticipantRepository 30 createEntityFromResultSet - Enter createEntityFromResultSet
06 Apr 2025 16:59:13,219 TRACE ro.mpp2024.repository.ParticipantRepository 36 createEntityFromResultSet - Exit with(Marin Ana)
06 Apr 2025 16:59:13,219 TRACE ro.mpp2024.repository.ParticipantRepository 30 createEntityFromResultSet - Enter createEntityFromResultSet
06 Apr 2025 16:59:13,219 TRACE ro.mpp2024.repository.ParticipantRepository 36 createEntityFromResultSet - Exit with(Tudor Alexandru)
06 Apr 2025 16:59:13,219 TRACE ro.mpp2024.repository.ParticipantRepository 30 createEntityFromResultSet - Enter createEntityFromResultSet
06 Apr 2025 16:59:13,219 TRACE ro.mpp2024.repository.ParticipantRepository 36 createEntityFromResultSet - Exit with(Petrescu Gabriel)
06 Apr 2025 16:59:13,219 TRACE ro.mpp2024.repository.ParticipantRepository 30 createEntityFromResultSet - Enter createEntityFromResultSet
06 Apr 2025 16:59:13,219 TRACE ro.mpp2024.repository.ParticipantRepository 36 createEntityFromResultSet - Exit with(Iliescu Daniela)
06 Apr 2025 16:59:13,219 TRACE ro.mpp2024.repository.ParticipantRepository 30 createEntityFromResultSet - Enter createEntityFromResultSet
06 Apr 2025 16:59:13,219 TRACE ro.mpp2024.repository.ParticipantRepository 36 createEntityFromResultSet - Exit with(Vasilescu Florin)
06 Apr 2025 16:59:13,220 TRACE ro.mpp2024.repository.ParticipantRepository 30 createEntityFromResultSet - Enter createEntityFromResultSet
06 Apr 2025 16:59:13,220 TRACE ro.mpp2024.repository.ParticipantRepository 36 createEntityFromResultSet - Exit with(Dobre Adriana)
06 Apr 2025 16:59:13,220 TRACE ro.mpp2024.repository.ParticipantRepository 30 createEntityFromResultSet - Enter createEntityFromResultSet
06 Apr 2025 16:59:13,220 TRACE ro.mpp2024.repository.ParticipantRepository 36 createEntityFromResultSet - Exit with(Munteanu Sorin)
06 Apr 2025 16:59:13,220 TRACE ro.mpp2024.repository.ParticipantRepository 30 createEntityFromResultSet - Enter createEntityFromResultSet
06 Apr 2025 16:59:13,220 TRACE ro.mpp2024.repository.ParticipantRepository 36 createEntityFromResultSet - Exit with(Nistor Carmen)
06 Apr 2025 16:59:13,220 TRACE ro.mpp2024.repository.ParticipantRepository 30 createEntityFromResultSet - Enter createEntityFromResultSet
06 Apr 2025 16:59:13,220 TRACE ro.mpp2024.repository.ParticipantRepository 36 createEntityFromResultSet - Exit with(Lazar Roxana)
06 Apr 2025 16:59:13,221 TRACE ro.mpp2024.repository.ParticipantRepository 30 createEntityFromResultSet - Enter createEntityFromResultSet
06 Apr 2025 16:59:13,221 TRACE ro.mpp2024.repository.ParticipantRepository 36 createEntityFromResultSet - Exit with(Gheorghe Vlad)
06 Apr 2025 16:59:13,221 TRACE ro.mpp2024.repository.ParticipantRepository 30 createEntityFromResultSet - Enter createEntityFromResultSet
06 Apr 2025 16:59:13,221 TRACE ro.mpp2024.repository.ParticipantRepository 36 createEntityFromResultSet - Exit with(Barbu Irina)
06 Apr 2025 16:59:13,221 TRACE ro.mpp2024.repository.ParticipantRepository 30 createEntityFromResultSet - Enter createEntityFromResultSet
06 Apr 2025 16:59:13,221 TRACE ro.mpp2024.repository.ParticipantRepository 36 createEntityFromResultSet - Exit with(Constantin Marius)
06 Apr 2025 16:59:13,221 TRACE ro.mpp2024.repository.ParticipantRepository 30 createEntityFromResultSet - Enter createEntityFromResultSet
06 Apr 2025 16:59:13,222 TRACE ro.mpp2024.repository.ParticipantRepository 36 createEntityFromResultSet - Exit with(Enache Laura)
06 Apr 2025 16:59:13,222 TRACE ro.mpp2024.repository.ParticipantRepository 30 createEntityFromResultSet - Enter createEntityFromResultSet
06 Apr 2025 16:59:13,222 TRACE ro.mpp2024.repository.ParticipantRepository 36 createEntityFromResultSet - Exit with(Dragomir Adrian)
06 Apr 2025 16:59:13,222 TRACE ro.mpp2024.repository.ParticipantRepository 30 createEntityFromResultSet - Enter createEntityFromResultSet
06 Apr 2025 16:59:13,222 TRACE ro.mpp2024.repository.ParticipantRepository 36 createEntityFromResultSet - Exit with(Filip Bianca)
06 Apr 2025 16:59:13,222 TRACE ro.mpp2024.repository.ParticipantRepository 30 createEntityFromResultSet - Enter createEntityFromResultSet
06 Apr 2025 16:59:13,222 TRACE ro.mpp2024.repository.ParticipantRepository 36 createEntityFromResultSet - Exit with(Grigore Stefan)
06 Apr 2025 16:59:13,222 TRACE ro.mpp2024.repository.ParticipantRepository 30 createEntityFromResultSet - Enter createEntityFromResultSet
06 Apr 2025 16:59:13,222 TRACE ro.mpp2024.repository.ParticipantRepository 36 createEntityFromResultSet - Exit with(Hagi Diana)
06 Apr 2025 16:59:13,223 TRACE ro.mpp2024.repository.ParticipantRepository 30 createEntityFromResultSet - Enter createEntityFromResultSet
06 Apr 2025 16:59:13,223 TRACE ro.mpp2024.repository.ParticipantRepository 36 createEntityFromResultSet - Exit with(Iacob Radu)
06 Apr 2025 16:59:13,223 TRACE ro.mpp2024.repository.ParticipantRepository 30 createEntityFromResultSet - Enter createEntityFromResultSet
06 Apr 2025 16:59:13,223 TRACE ro.mpp2024.repository.ParticipantRepository 36 createEntityFromResultSet - Exit with(Jianu Oana)
06 Apr 2025 16:59:13,223 TRACE ro.mpp2024.repository.ParticipantRepository 30 createEntityFromResultSet - Enter createEntityFromResultSet
06 Apr 2025 16:59:13,223 TRACE ro.mpp2024.repository.ParticipantRepository 36 createEntityFromResultSet - Exit with(Kovacs Cristina)
06 Apr 2025 16:59:13,223 TRACE ro.mpp2024.repository.ParticipantRepository 30 createEntityFromResultSet - Enter createEntityFromResultSet
06 Apr 2025 16:59:13,224 TRACE ro.mpp2024.repository.ParticipantRepository 36 createEntityFromResultSet - Exit with(Lupu George)
06 Apr 2025 16:59:13,224 TRACE ro.mpp2024.repository.ParticipantRepository 30 createEntityFromResultSet - Enter createEntityFromResultSet
06 Apr 2025 16:59:13,224 TRACE ro.mpp2024.repository.ParticipantRepository 36 createEntityFromResultSet - Exit with(Manole Simona)
06 Apr 2025 16:59:13,224 TRACE ro.mpp2024.repository.ParticipantRepository 30 createEntityFromResultSet - Enter createEntityFromResultSet
06 Apr 2025 16:59:13,224 TRACE ro.mpp2024.repository.ParticipantRepository 36 createEntityFromResultSet - Exit with(Nedelcu Alexandra)
06 Apr 2025 16:59:13,224 TRACE ro.mpp2024.repository.ParticipantRepository 30 createEntityFromResultSet - Enter createEntityFromResultSet
06 Apr 2025 16:59:13,224 TRACE ro.mpp2024.repository.ParticipantRepository 36 createEntityFromResultSet - Exit with(Oprea Bogdan)
06 Apr 2025 16:59:13,224 TRACE ro.mpp2024.repository.ParticipantRepository 30 createEntityFromResultSet - Enter createEntityFromResultSet
06 Apr 2025 16:59:13,224 TRACE ro.mpp2024.repository.ParticipantRepository 36 createEntityFromResultSet - Exit with(Pavel Monica)
06 Apr 2025 16:59:13,225 TRACE ro.mpp2024.repository.ParticipantRepository 30 createEntityFromResultSet - Enter createEntityFromResultSet
06 Apr 2025 16:59:13,225 TRACE ro.mpp2024.repository.ParticipantRepository 36 createEntityFromResultSet - Exit with(Rusu Andreea)
06 Apr 2025 16:59:13,225 TRACE ro.mpp2024.repository.ParticipantRepository 30 createEntityFromResultSet - Enter createEntityFromResultSet
06 Apr 2025 16:59:13,225 TRACE ro.mpp2024.repository.ParticipantRepository 36 createEntityFromResultSet - Exit with(Sandu Victor)
06 Apr 2025 16:59:13,225 TRACE ro.mpp2024.repository.ParticipantRepository 30 createEntityFromResultSet - Enter createEntityFromResultSet
06 Apr 2025 16:59:13,225 TRACE ro.mpp2024.repository.ParticipantRepository 36 createEntityFromResultSet - Exit with(Toma Gabriela)
06 Apr 2025 16:59:13,225 TRACE ro.mpp2024.repository.ParticipantRepository 30 createEntityFromResultSet - Enter createEntityFromResultSet
06 Apr 2025 16:59:13,225 TRACE ro.mpp2024.repository.ParticipantRepository 36 createEntityFromResultSet - Exit with(Ursu Mihail)
06 Apr 2025 16:59:13,226 TRACE ro.mpp2024.repository.ParticipantRepository 30 createEntityFromResultSet - Enter createEntityFromResultSet
06 Apr 2025 16:59:13,226 TRACE ro.mpp2024.repository.ParticipantRepository 36 createEntityFromResultSet - Exit with(Vlad Anca)
06 Apr 2025 16:59:13,226 TRACE ro.mpp2024.repository.ParticipantRepository 30 createEntityFromResultSet - Enter createEntityFromResultSet
06 Apr 2025 16:59:13,226 TRACE ro.mpp2024.repository.ParticipantRepository 36 createEntityFromResultSet - Exit with(Zamfir Lucian)
06 Apr 2025 16:59:13,226 TRACE ro.mpp2024.repository.ParticipantRepository 30 createEntityFromResultSet - Enter createEntityFromResultSet
06 Apr 2025 16:59:13,226 TRACE ro.mpp2024.repository.ParticipantRepository 36 createEntityFromResultSet - Exit with(Voicu Raluca)
06 Apr 2025 16:59:13,226 TRACE ro.mpp2024.repository.ParticipantRepository 30 createEntityFromResultSet - Enter createEntityFromResultSet
06 Apr 2025 16:59:13,226 TRACE ro.mpp2024.repository.ParticipantRepository 36 createEntityFromResultSet - Exit with(nume prenume)
06 Apr 2025 16:59:13,227 TRACE ro.mpp2024.repository.ParticipantRepository 56 findAll - Exit with([Popescu Ion, Ionescu Maria, Georgescu Andrei, Dumitrescu Elena, Popa Mihai, Stan Ioana, Radu Cristian, Marin Ana, Tudor Alexandru, Petrescu Gabriel, Iliescu Daniela, Vasilescu Florin, Dobre Adriana, Munteanu Sorin, Nistor Carmen, Lazar Roxana, Gheorghe Vlad, Barbu Irina, Constantin Marius, Enache Laura, Dragomir Adrian, Filip Bianca, Grigore Stefan, Hagi Diana, Iacob Radu, Jianu Oana, Kovacs Cristina, Lupu George, Manole Simona, Nedelcu Alexandra, Oprea Bogdan, Pavel Monica, Rusu Andreea, Sandu Victor, Toma Gabriela, Ursu Mihail, Vlad Anca, Zamfir Lucian, Voicu Raluca, nume prenume])
06 Apr 2025 16:59:13,228 DEBUG ro.mpp2024.protocol.ClientWorkerJson 80 sendResponse - sending response {"type":"PARTICIPANTI","participanti":[{"idParticipant":1,"nume":"Popescu","prenume":"Ion","varsta":25,"punctaj":0},{"idParticipant":2,"nume":"Ionescu","prenume":"Maria","varsta":30,"punctaj":0},{"idParticipant":3,"nume":"Georgescu","prenume":"Andrei","varsta":22,"punctaj":0},{"idParticipant":4,"nume":"Dumitrescu","prenume":"Elena","varsta":28,"punctaj":0},{"idParticipant":5,"nume":"Popa","prenume":"Mihai","varsta":35,"punctaj":0},{"idParticipant":6,"nume":"Stan","prenume":"Ioana","varsta":27,"punctaj":0},{"idParticipant":7,"nume":"Radu","prenume":"Cristian","varsta":24,"punctaj":0},{"idParticipant":8,"nume":"Marin","prenume":"Ana","varsta":29,"punctaj":0},{"idParticipant":9,"nume":"Tudor","prenume":"Alexandru","varsta":31,"punctaj":0},{"idParticipant":10,"nume":"Petrescu","prenume":"Gabriel","varsta":26,"punctaj":0},{"idParticipant":11,"nume":"Iliescu","prenume":"Daniela","varsta":32,"punctaj":0},{"idParticipant":12,"nume":"Vasilescu","prenume":"Florin","varsta":23,"punctaj":0},{"idParticipant":13,"nume":"Dobre","prenume":"Adriana","varsta":34,"punctaj":0},{"idParticipant":14,"nume":"Munteanu","prenume":"Sorin","varsta":21,"punctaj":0},{"idParticipant":15,"nume":"Nistor","prenume":"Carmen","varsta":33,"punctaj":0},{"idParticipant":16,"nume":"Lazar","prenume":"Roxana","varsta":25,"punctaj":0},{"idParticipant":17,"nume":"Gheorghe","prenume":"Vlad","varsta":28,"punctaj":0},{"idParticipant":18,"nume":"Barbu","prenume":"Irina","varsta":27,"punctaj":0},{"idParticipant":19,"nume":"Constantin","prenume":"Marius","varsta":30,"punctaj":0},{"idParticipant":20,"nume":"Enache","prenume":"Laura","varsta":29,"punctaj":0},{"idParticipant":21,"nume":"Dragomir","prenume":"Adrian","varsta":26,"punctaj":0},{"idParticipant":22,"nume":"Filip","prenume":"Bianca","varsta":31,"punctaj":0},{"idParticipant":23,"nume":"Grigore","prenume":"Stefan","varsta":24,"punctaj":0},{"idParticipant":24,"nume":"Hagi","prenume":"Diana","varsta":32,"punctaj":0},{"idParticipant":25,"nume":"Iacob","prenume":"Radu","varsta":23,"punctaj":0},{"idParticipant":26,"nume":"Jianu","prenume":"Oana","varsta":34,"punctaj":0},{"idParticipant":27,"nume":"Kovacs","prenume":"Cristina","varsta":21,"punctaj":0},{"idParticipant":28,"nume":"Lupu","prenume":"George","varsta":33,"punctaj":0},{"idParticipant":29,"nume":"Manole","prenume":"Simona","varsta":25,"punctaj":0},{"idParticipant":30,"nume":"Nedelcu","prenume":"Alexandra","varsta":28,"punctaj":0},{"idParticipant":31,"nume":"Oprea","prenume":"Bogdan","varsta":27,"punctaj":0},{"idParticipant":32,"nume":"Pavel","prenume":"Monica","varsta":30,"punctaj":0},{"idParticipant":33,"nume":"Rusu","prenume":"Andreea","varsta":29,"punctaj":0},{"idParticipant":34,"nume":"Sandu","prenume":"Victor","varsta":26,"punctaj":0},{"idParticipant":35,"nume":"Toma","prenume":"Gabriela","varsta":31,"punctaj":0},{"idParticipant":36,"nume":"Ursu","prenume":"Mihail","varsta":24,"punctaj":0},{"idParticipant":37,"nume":"Vlad","prenume":"Anca","varsta":32,"punctaj":0},{"idParticipant":38,"nume":"Zamfir","prenume":"Lucian","varsta":23,"punctaj":0},{"idParticipant":39,"nume":"Voicu","prenume":"Raluca","varsta":34,"punctaj":0},{"idParticipant":40,"nume":"nume","prenume":"prenume","varsta":20,"punctaj":0}]}
06 Apr 2025 16:59:32,249 DEBUG ro.mpp2024.protocol.ClientWorkerJson 152 handleRequest - Logout request forUserDTO{nume='Noah Green', username='noah.g', password='TXlQQHNzdzE0cmQ=', probaId='c5'}
06 Apr 2025 16:59:32,250 INFO  ro.mpp2024.services.ServerService 90 logout - Logout user noah.g
06 Apr 2025 16:59:32,250 DEBUG ro.mpp2024.protocol.ClientWorkerJson 80 sendResponse - sending response {"type":"OK"}
06 Apr 2025 17:02:11,233 INFO  ro.mpp2024.StartJsonServer 24 main - Server properties: {server.port=55556, jdbc.url=jdbc:sqlite:src/main/resources/triatlon.db}
06 Apr 2025 17:02:11,237 INFO  ro.mpp2024.repository.ArbitruRepository 23 <init> - Initializing IArbitruRepository with properties: {} 
06 Apr 2025 17:02:11,238 INFO  ro.mpp2024.repository.ProbaRepository 25 <init> - Initializing ProbaRepository with properties: {} 
06 Apr 2025 17:02:11,239 INFO  ro.mpp2024.repository.ParticipantRepository 24 <init> - Initializing ParticipantRepository with properties: {} 
06 Apr 2025 17:02:11,239 INFO  ro.mpp2024.repository.RezultatRepository 25 <init> - Initializing RezultatRepository with properties: {} 
06 Apr 2025 17:02:11,241 INFO  ro.mpp2024.services.ServerService 37 <init> - Service Rezultat made
06 Apr 2025 17:02:11,241 DEBUG ro.mpp2024.StartJsonServer 50 main - Starting server on port: 55556
06 Apr 2025 17:02:11,242 DEBUG ro.mpp2024.networkUtils.AbsConcurrentServer 13 <init> - Concurrent AbstractServer
06 Apr 2025 17:02:11,242 INFO  ro.mpp2024.networkUtils.JsonConcurrentServer 17 <init> - JsonConcurrentServer
06 Apr 2025 17:02:11,247 INFO  chat.network.utils.AbstractServer 25 start - Waiting for clients ...
06 Apr 2025 17:02:45,428 INFO  chat.network.utils.AbstractServer 27 start - Client connected ...
06 Apr 2025 17:02:45,455 INFO  chat.network.utils.AbstractServer 25 start - Waiting for clients ...
06 Apr 2025 17:02:45,463 DEBUG ro.mpp2024.protocol.ClientWorkerJson 91 handleRequest - Login request UserDTO{nume='', username='alice.j', password='UGFzc3cwcmQxIQ==', probaId=''}
06 Apr 2025 17:02:45,465 TRACE ro.mpp2024.utils.JdbcUtils 48 getConnection - Enter
06 Apr 2025 17:02:45,465 TRACE ro.mpp2024.utils.JdbcUtils 25 getNewConnection - Enter
06 Apr 2025 17:02:45,465 INFO  ro.mpp2024.utils.JdbcUtils 30 getNewConnection - trying to connect to database ... jdbc:sqlite:src/main/resources/triatlon.db
06 Apr 2025 17:02:45,466 INFO  ro.mpp2024.utils.JdbcUtils 31 getNewConnection - user: null
06 Apr 2025 17:02:45,466 INFO  ro.mpp2024.utils.JdbcUtils 32 getNewConnection - pass: null
06 Apr 2025 17:02:45,565 TRACE ro.mpp2024.utils.JdbcUtils 57 getConnection - Exit with(org.sqlite.jdbc4.JDBC4Connection@782aa1be)
06 Apr 2025 17:02:45,568 TRACE ro.mpp2024.repository.ArbitruRepository 29 createEntityFromResultSet - Enter createEntityFromResultSet
06 Apr 2025 17:02:45,568 TRACE ro.mpp2024.repository.ArbitruRepository 36 createEntityFromResultSet - Exit with(Arbitru{nume='Alice Johnson', username='alice.j', password='UGFzc3cwcmQxIQ==', id_proba=s1})
06 Apr 2025 17:02:45,571 DEBUG ro.mpp2024.protocol.ClientWorkerJson 80 sendResponse - sending response {"type":"LOGGED_ACC","user":{"id":20,"nume":"Alice Johnson","username":"alice.j","password":"UGFzc3cwcmQxIQ\u003d\u003d","id_proba":"s1"}}
06 Apr 2025 17:02:46,587 DEBUG ro.mpp2024.protocol.ClientWorkerJson 116 handleRequest - Get all rezultate request fornull
06 Apr 2025 17:02:46,588 TRACE ro.mpp2024.repository.RezultatRepository 144 listaParticipantiPuncteAlfabetic - Enter listaParticipantiPuncteAlfabetic
06 Apr 2025 17:02:46,588 TRACE ro.mpp2024.utils.JdbcUtils 48 getConnection - Enter
06 Apr 2025 17:02:46,588 TRACE ro.mpp2024.utils.JdbcUtils 57 getConnection - Exit with(org.sqlite.jdbc4.JDBC4Connection@782aa1be)
06 Apr 2025 17:02:46,589 TRACE ro.mpp2024.repository.RezultatRepository 162 listaParticipantiPuncteAlfabetic - Enter Terminat dictionar
06 Apr 2025 17:02:46,591 DEBUG ro.mpp2024.protocol.ClientWorkerJson 80 sendResponse - sending response {"type":"ALL_REZULTATE","punctaje":[{"idParticipant":18,"nume":"Barbu","prenume":"Irina","varsta":27,"punctaj":240},{"idParticipant":19,"nume":"Constantin","prenume":"Marius","varsta":30,"punctaj":288},{"idParticipant":13,"nume":"Dobre","prenume":"Adriana","varsta":34,"punctaj":185},{"idParticipant":21,"nume":"Dragomir","prenume":"Adrian","varsta":26,"punctaj":140},{"idParticipant":4,"nume":"Dumitrescu","prenume":"Elena","varsta":28,"punctaj":153},{"idParticipant":20,"nume":"Enache","prenume":"Laura","varsta":29,"punctaj":325},{"idParticipant":22,"nume":"Filip","prenume":"Bianca","varsta":31,"punctaj":347},{"idParticipant":3,"nume":"Georgescu","prenume":"Andrei","varsta":22,"punctaj":132},{"idParticipant":17,"nume":"Gheorghe","prenume":"Vlad","varsta":28,"punctaj":210},{"idParticipant":23,"nume":"Grigore","prenume":"Stefan","varsta":24,"punctaj":155},{"idParticipant":24,"nume":"Hagi","prenume":"Diana","varsta":32,"punctaj":203},{"idParticipant":25,"nume":"Iacob","prenume":"Radu","varsta":23,"punctaj":195},{"idParticipant":11,"nume":"Iliescu","prenume":"Daniela","varsta":32,"punctaj":320},{"idParticipant":2,"nume":"Ionescu","prenume":"Maria","varsta":30,"punctaj":166},{"idParticipant":26,"nume":"Jianu","prenume":"Oana","varsta":34,"punctaj":142},{"idParticipant":27,"nume":"Kovacs","prenume":"Cristina","varsta":21,"punctaj":199},{"idParticipant":16,"nume":"Lazar","prenume":"Roxana","varsta":25,"punctaj":185},{"idParticipant":28,"nume":"Lupu","prenume":"George","varsta":33,"punctaj":319},{"idParticipant":29,"nume":"Manole","prenume":"Simona","varsta":25,"punctaj":117},{"idParticipant":8,"nume":"Marin","prenume":"Ana","varsta":29,"punctaj":134},{"idParticipant":14,"nume":"Munteanu","prenume":"Sorin","varsta":21,"punctaj":301},{"idParticipant":30,"nume":"Nedelcu","prenume":"Alexandra","varsta":28,"punctaj":169},{"idParticipant":15,"nume":"Nistor","prenume":"Carmen","varsta":33,"punctaj":189},{"idParticipant":40,"nume":"nume","prenume":"prenume","varsta":20,"punctaj":300},{"idParticipant":31,"nume":"Oprea","prenume":"Bogdan","varsta":27,"punctaj":282},{"idParticipant":32,"nume":"Pavel","prenume":"Monica","varsta":30,"punctaj":111},{"idParticipant":10,"nume":"Petrescu","prenume":"Gabriel","varsta":26,"punctaj":188},{"idParticipant":5,"nume":"Popa","prenume":"Mihai","varsta":35,"punctaj":282},{"idParticipant":1,"nume":"Popescu","prenume":"Ion","varsta":25,"punctaj":158},{"idParticipant":7,"nume":"Radu","prenume":"Cristian","varsta":24,"punctaj":256},{"idParticipant":33,"nume":"Rusu","prenume":"Andreea","varsta":29,"punctaj":313},{"idParticipant":34,"nume":"Sandu","prenume":"Victor","varsta":26,"punctaj":115},{"idParticipant":6,"nume":"Stan","prenume":"Ioana","varsta":27,"punctaj":289},{"idParticipant":35,"nume":"Toma","prenume":"Gabriela","varsta":31,"punctaj":132},{"idParticipant":9,"nume":"Tudor","prenume":"Alexandru","varsta":31,"punctaj":288},{"idParticipant":36,"nume":"Ursu","prenume":"Mihail","varsta":24,"punctaj":155},{"idParticipant":12,"nume":"Vasilescu","prenume":"Florin","varsta":23,"punctaj":472},{"idParticipant":37,"nume":"Vlad","prenume":"Anca","varsta":32,"punctaj":138},{"idParticipant":39,"nume":"Voicu","prenume":"Raluca","varsta":34,"punctaj":190},{"idParticipant":38,"nume":"Zamfir","prenume":"Lucian","varsta":23,"punctaj":177}]}
06 Apr 2025 17:02:47,593 DEBUG ro.mpp2024.protocol.ClientWorkerJson 104 handleRequest - Get rezultate request forUserDTO{nume='', username='', password='', probaId='s1'}
06 Apr 2025 17:02:47,594 TRACE ro.mpp2024.repository.RezultatRepository 168 listaParticiapntPuncteProbaDescrescator - Enter listaParticiapntPuncteProbaDescrescator
06 Apr 2025 17:02:47,594 TRACE ro.mpp2024.utils.JdbcUtils 48 getConnection - Enter
06 Apr 2025 17:02:47,594 TRACE ro.mpp2024.utils.JdbcUtils 57 getConnection - Exit with(org.sqlite.jdbc4.JDBC4Connection@782aa1be)
06 Apr 2025 17:02:47,595 TRACE ro.mpp2024.repository.RezultatRepository 186 listaParticiapntPuncteProbaDescrescator - Enter Terminat dictionar
06 Apr 2025 17:02:47,595 DEBUG ro.mpp2024.protocol.ClientWorkerJson 80 sendResponse - sending response {"type":"REZULTATE","punctaje":[{"idParticipant":28,"nume":"Lupu","prenume":"George","varsta":33,"punctaj":199},{"idParticipant":12,"nume":"Vasilescu","prenume":"Florin","varsta":23,"punctaj":198},{"idParticipant":11,"nume":"Iliescu","prenume":"Daniela","varsta":32,"punctaj":185},{"idParticipant":20,"nume":"Enache","prenume":"Laura","varsta":29,"punctaj":140},{"idParticipant":19,"nume":"Constantin","prenume":"Marius","varsta":30,"punctaj":100},{"idParticipant":22,"nume":"Filip","prenume":"Bianca","varsta":31,"punctaj":30},{"idParticipant":18,"nume":"Barbu","prenume":"Irina","varsta":27,"punctaj":20},{"idParticipant":3,"nume":"Georgescu","prenume":"Andrei","varsta":22,"punctaj":20},{"idParticipant":13,"nume":"Dobre","prenume":"Adriana","varsta":34,"punctaj":10}]}
06 Apr 2025 17:02:48,606 DEBUG ro.mpp2024.protocol.ClientWorkerJson 142 handleRequest - Get participanti request fornull
06 Apr 2025 17:02:48,607 TRACE ro.mpp2024.repository.ParticipantRepository 42 findAll - Enter
06 Apr 2025 17:02:48,607 TRACE ro.mpp2024.utils.JdbcUtils 48 getConnection - Enter
06 Apr 2025 17:02:48,607 TRACE ro.mpp2024.utils.JdbcUtils 57 getConnection - Exit with(org.sqlite.jdbc4.JDBC4Connection@782aa1be)
06 Apr 2025 17:02:48,607 TRACE ro.mpp2024.repository.ParticipantRepository 30 createEntityFromResultSet - Enter createEntityFromResultSet
06 Apr 2025 17:02:48,608 TRACE ro.mpp2024.repository.ParticipantRepository 36 createEntityFromResultSet - Exit with(Popescu Ion)
06 Apr 2025 17:02:48,608 TRACE ro.mpp2024.repository.ParticipantRepository 30 createEntityFromResultSet - Enter createEntityFromResultSet
06 Apr 2025 17:02:48,608 TRACE ro.mpp2024.repository.ParticipantRepository 36 createEntityFromResultSet - Exit with(Ionescu Maria)
06 Apr 2025 17:02:48,608 TRACE ro.mpp2024.repository.ParticipantRepository 30 createEntityFromResultSet - Enter createEntityFromResultSet
06 Apr 2025 17:02:48,608 TRACE ro.mpp2024.repository.ParticipantRepository 36 createEntityFromResultSet - Exit with(Georgescu Andrei)
06 Apr 2025 17:02:48,609 TRACE ro.mpp2024.repository.ParticipantRepository 30 createEntityFromResultSet - Enter createEntityFromResultSet
06 Apr 2025 17:02:48,609 TRACE ro.mpp2024.repository.ParticipantRepository 36 createEntityFromResultSet - Exit with(Dumitrescu Elena)
06 Apr 2025 17:02:48,609 TRACE ro.mpp2024.repository.ParticipantRepository 30 createEntityFromResultSet - Enter createEntityFromResultSet
06 Apr 2025 17:02:48,609 TRACE ro.mpp2024.repository.ParticipantRepository 36 createEntityFromResultSet - Exit with(Popa Mihai)
06 Apr 2025 17:02:48,609 TRACE ro.mpp2024.repository.ParticipantRepository 30 createEntityFromResultSet - Enter createEntityFromResultSet
06 Apr 2025 17:02:48,609 TRACE ro.mpp2024.repository.ParticipantRepository 36 createEntityFromResultSet - Exit with(Stan Ioana)
06 Apr 2025 17:02:48,609 TRACE ro.mpp2024.repository.ParticipantRepository 30 createEntityFromResultSet - Enter createEntityFromResultSet
06 Apr 2025 17:02:48,609 TRACE ro.mpp2024.repository.ParticipantRepository 36 createEntityFromResultSet - Exit with(Radu Cristian)
06 Apr 2025 17:02:48,610 TRACE ro.mpp2024.repository.ParticipantRepository 30 createEntityFromResultSet - Enter createEntityFromResultSet
06 Apr 2025 17:02:48,610 TRACE ro.mpp2024.repository.ParticipantRepository 36 createEntityFromResultSet - Exit with(Marin Ana)
06 Apr 2025 17:02:48,610 TRACE ro.mpp2024.repository.ParticipantRepository 30 createEntityFromResultSet - Enter createEntityFromResultSet
06 Apr 2025 17:02:48,610 TRACE ro.mpp2024.repository.ParticipantRepository 36 createEntityFromResultSet - Exit with(Tudor Alexandru)
06 Apr 2025 17:02:48,610 TRACE ro.mpp2024.repository.ParticipantRepository 30 createEntityFromResultSet - Enter createEntityFromResultSet
06 Apr 2025 17:02:48,610 TRACE ro.mpp2024.repository.ParticipantRepository 36 createEntityFromResultSet - Exit with(Petrescu Gabriel)
06 Apr 2025 17:02:48,610 TRACE ro.mpp2024.repository.ParticipantRepository 30 createEntityFromResultSet - Enter createEntityFromResultSet
06 Apr 2025 17:02:48,611 TRACE ro.mpp2024.repository.ParticipantRepository 36 createEntityFromResultSet - Exit with(Iliescu Daniela)
06 Apr 2025 17:02:48,611 TRACE ro.mpp2024.repository.ParticipantRepository 30 createEntityFromResultSet - Enter createEntityFromResultSet
06 Apr 2025 17:02:48,611 TRACE ro.mpp2024.repository.ParticipantRepository 36 createEntityFromResultSet - Exit with(Vasilescu Florin)
06 Apr 2025 17:02:48,611 TRACE ro.mpp2024.repository.ParticipantRepository 30 createEntityFromResultSet - Enter createEntityFromResultSet
06 Apr 2025 17:02:48,611 TRACE ro.mpp2024.repository.ParticipantRepository 36 createEntityFromResultSet - Exit with(Dobre Adriana)
06 Apr 2025 17:02:48,611 TRACE ro.mpp2024.repository.ParticipantRepository 30 createEntityFromResultSet - Enter createEntityFromResultSet
06 Apr 2025 17:02:48,611 TRACE ro.mpp2024.repository.ParticipantRepository 36 createEntityFromResultSet - Exit with(Munteanu Sorin)
06 Apr 2025 17:02:48,611 TRACE ro.mpp2024.repository.ParticipantRepository 30 createEntityFromResultSet - Enter createEntityFromResultSet
06 Apr 2025 17:02:48,612 TRACE ro.mpp2024.repository.ParticipantRepository 36 createEntityFromResultSet - Exit with(Nistor Carmen)
06 Apr 2025 17:02:48,612 TRACE ro.mpp2024.repository.ParticipantRepository 30 createEntityFromResultSet - Enter createEntityFromResultSet
06 Apr 2025 17:02:48,612 TRACE ro.mpp2024.repository.ParticipantRepository 36 createEntityFromResultSet - Exit with(Lazar Roxana)
06 Apr 2025 17:02:48,612 TRACE ro.mpp2024.repository.ParticipantRepository 30 createEntityFromResultSet - Enter createEntityFromResultSet
06 Apr 2025 17:02:48,612 TRACE ro.mpp2024.repository.ParticipantRepository 36 createEntityFromResultSet - Exit with(Gheorghe Vlad)
06 Apr 2025 17:02:48,612 TRACE ro.mpp2024.repository.ParticipantRepository 30 createEntityFromResultSet - Enter createEntityFromResultSet
06 Apr 2025 17:02:48,612 TRACE ro.mpp2024.repository.ParticipantRepository 36 createEntityFromResultSet - Exit with(Barbu Irina)
06 Apr 2025 17:02:48,612 TRACE ro.mpp2024.repository.ParticipantRepository 30 createEntityFromResultSet - Enter createEntityFromResultSet
06 Apr 2025 17:02:48,613 TRACE ro.mpp2024.repository.ParticipantRepository 36 createEntityFromResultSet - Exit with(Constantin Marius)
06 Apr 2025 17:02:48,613 TRACE ro.mpp2024.repository.ParticipantRepository 30 createEntityFromResultSet - Enter createEntityFromResultSet
06 Apr 2025 17:02:48,613 TRACE ro.mpp2024.repository.ParticipantRepository 36 createEntityFromResultSet - Exit with(Enache Laura)
06 Apr 2025 17:02:48,613 TRACE ro.mpp2024.repository.ParticipantRepository 30 createEntityFromResultSet - Enter createEntityFromResultSet
06 Apr 2025 17:02:48,613 TRACE ro.mpp2024.repository.ParticipantRepository 36 createEntityFromResultSet - Exit with(Dragomir Adrian)
06 Apr 2025 17:02:48,613 TRACE ro.mpp2024.repository.ParticipantRepository 30 createEntityFromResultSet - Enter createEntityFromResultSet
06 Apr 2025 17:02:48,613 TRACE ro.mpp2024.repository.ParticipantRepository 36 createEntityFromResultSet - Exit with(Filip Bianca)
06 Apr 2025 17:02:48,613 TRACE ro.mpp2024.repository.ParticipantRepository 30 createEntityFromResultSet - Enter createEntityFromResultSet
06 Apr 2025 17:02:48,614 TRACE ro.mpp2024.repository.ParticipantRepository 36 createEntityFromResultSet - Exit with(Grigore Stefan)
06 Apr 2025 17:02:48,614 TRACE ro.mpp2024.repository.ParticipantRepository 30 createEntityFromResultSet - Enter createEntityFromResultSet
06 Apr 2025 17:02:48,614 TRACE ro.mpp2024.repository.ParticipantRepository 36 createEntityFromResultSet - Exit with(Hagi Diana)
06 Apr 2025 17:02:48,614 TRACE ro.mpp2024.repository.ParticipantRepository 30 createEntityFromResultSet - Enter createEntityFromResultSet
06 Apr 2025 17:02:48,614 TRACE ro.mpp2024.repository.ParticipantRepository 36 createEntityFromResultSet - Exit with(Iacob Radu)
06 Apr 2025 17:02:48,614 TRACE ro.mpp2024.repository.ParticipantRepository 30 createEntityFromResultSet - Enter createEntityFromResultSet
06 Apr 2025 17:02:48,614 TRACE ro.mpp2024.repository.ParticipantRepository 36 createEntityFromResultSet - Exit with(Jianu Oana)
06 Apr 2025 17:02:48,614 TRACE ro.mpp2024.repository.ParticipantRepository 30 createEntityFromResultSet - Enter createEntityFromResultSet
06 Apr 2025 17:02:48,614 TRACE ro.mpp2024.repository.ParticipantRepository 36 createEntityFromResultSet - Exit with(Kovacs Cristina)
06 Apr 2025 17:02:48,615 TRACE ro.mpp2024.repository.ParticipantRepository 30 createEntityFromResultSet - Enter createEntityFromResultSet
06 Apr 2025 17:02:48,615 TRACE ro.mpp2024.repository.ParticipantRepository 36 createEntityFromResultSet - Exit with(Lupu George)
06 Apr 2025 17:02:48,615 TRACE ro.mpp2024.repository.ParticipantRepository 30 createEntityFromResultSet - Enter createEntityFromResultSet
06 Apr 2025 17:02:48,615 TRACE ro.mpp2024.repository.ParticipantRepository 36 createEntityFromResultSet - Exit with(Manole Simona)
06 Apr 2025 17:02:48,615 TRACE ro.mpp2024.repository.ParticipantRepository 30 createEntityFromResultSet - Enter createEntityFromResultSet
06 Apr 2025 17:02:48,615 TRACE ro.mpp2024.repository.ParticipantRepository 36 createEntityFromResultSet - Exit with(Nedelcu Alexandra)
06 Apr 2025 17:02:48,615 TRACE ro.mpp2024.repository.ParticipantRepository 30 createEntityFromResultSet - Enter createEntityFromResultSet
06 Apr 2025 17:02:48,615 TRACE ro.mpp2024.repository.ParticipantRepository 36 createEntityFromResultSet - Exit with(Oprea Bogdan)
06 Apr 2025 17:02:48,616 TRACE ro.mpp2024.repository.ParticipantRepository 30 createEntityFromResultSet - Enter createEntityFromResultSet
06 Apr 2025 17:02:48,616 TRACE ro.mpp2024.repository.ParticipantRepository 36 createEntityFromResultSet - Exit with(Pavel Monica)
06 Apr 2025 17:02:48,616 TRACE ro.mpp2024.repository.ParticipantRepository 30 createEntityFromResultSet - Enter createEntityFromResultSet
06 Apr 2025 17:02:48,616 TRACE ro.mpp2024.repository.ParticipantRepository 36 createEntityFromResultSet - Exit with(Rusu Andreea)
06 Apr 2025 17:02:48,616 TRACE ro.mpp2024.repository.ParticipantRepository 30 createEntityFromResultSet - Enter createEntityFromResultSet
06 Apr 2025 17:02:48,616 TRACE ro.mpp2024.repository.ParticipantRepository 36 createEntityFromResultSet - Exit with(Sandu Victor)
06 Apr 2025 17:02:48,616 TRACE ro.mpp2024.repository.ParticipantRepository 30 createEntityFromResultSet - Enter createEntityFromResultSet
06 Apr 2025 17:02:48,616 TRACE ro.mpp2024.repository.ParticipantRepository 36 createEntityFromResultSet - Exit with(Toma Gabriela)
06 Apr 2025 17:02:48,616 TRACE ro.mpp2024.repository.ParticipantRepository 30 createEntityFromResultSet - Enter createEntityFromResultSet
06 Apr 2025 17:02:48,617 TRACE ro.mpp2024.repository.ParticipantRepository 36 createEntityFromResultSet - Exit with(Ursu Mihail)
06 Apr 2025 17:02:48,617 TRACE ro.mpp2024.repository.ParticipantRepository 30 createEntityFromResultSet - Enter createEntityFromResultSet
06 Apr 2025 17:02:48,617 TRACE ro.mpp2024.repository.ParticipantRepository 36 createEntityFromResultSet - Exit with(Vlad Anca)
06 Apr 2025 17:02:48,617 TRACE ro.mpp2024.repository.ParticipantRepository 30 createEntityFromResultSet - Enter createEntityFromResultSet
06 Apr 2025 17:02:48,617 TRACE ro.mpp2024.repository.ParticipantRepository 36 createEntityFromResultSet - Exit with(Zamfir Lucian)
06 Apr 2025 17:02:48,617 TRACE ro.mpp2024.repository.ParticipantRepository 30 createEntityFromResultSet - Enter createEntityFromResultSet
06 Apr 2025 17:02:48,617 TRACE ro.mpp2024.repository.ParticipantRepository 36 createEntityFromResultSet - Exit with(Voicu Raluca)
06 Apr 2025 17:02:48,617 TRACE ro.mpp2024.repository.ParticipantRepository 30 createEntityFromResultSet - Enter createEntityFromResultSet
06 Apr 2025 17:02:48,617 TRACE ro.mpp2024.repository.ParticipantRepository 36 createEntityFromResultSet - Exit with(nume prenume)
06 Apr 2025 17:02:48,618 TRACE ro.mpp2024.repository.ParticipantRepository 56 findAll - Exit with([Popescu Ion, Ionescu Maria, Georgescu Andrei, Dumitrescu Elena, Popa Mihai, Stan Ioana, Radu Cristian, Marin Ana, Tudor Alexandru, Petrescu Gabriel, Iliescu Daniela, Vasilescu Florin, Dobre Adriana, Munteanu Sorin, Nistor Carmen, Lazar Roxana, Gheorghe Vlad, Barbu Irina, Constantin Marius, Enache Laura, Dragomir Adrian, Filip Bianca, Grigore Stefan, Hagi Diana, Iacob Radu, Jianu Oana, Kovacs Cristina, Lupu George, Manole Simona, Nedelcu Alexandra, Oprea Bogdan, Pavel Monica, Rusu Andreea, Sandu Victor, Toma Gabriela, Ursu Mihail, Vlad Anca, Zamfir Lucian, Voicu Raluca, nume prenume])
06 Apr 2025 17:02:48,619 DEBUG ro.mpp2024.protocol.ClientWorkerJson 80 sendResponse - sending response {"type":"PARTICIPANTI","participanti":[{"idParticipant":1,"nume":"Popescu","prenume":"Ion","varsta":25,"punctaj":0},{"idParticipant":2,"nume":"Ionescu","prenume":"Maria","varsta":30,"punctaj":0},{"idParticipant":3,"nume":"Georgescu","prenume":"Andrei","varsta":22,"punctaj":0},{"idParticipant":4,"nume":"Dumitrescu","prenume":"Elena","varsta":28,"punctaj":0},{"idParticipant":5,"nume":"Popa","prenume":"Mihai","varsta":35,"punctaj":0},{"idParticipant":6,"nume":"Stan","prenume":"Ioana","varsta":27,"punctaj":0},{"idParticipant":7,"nume":"Radu","prenume":"Cristian","varsta":24,"punctaj":0},{"idParticipant":8,"nume":"Marin","prenume":"Ana","varsta":29,"punctaj":0},{"idParticipant":9,"nume":"Tudor","prenume":"Alexandru","varsta":31,"punctaj":0},{"idParticipant":10,"nume":"Petrescu","prenume":"Gabriel","varsta":26,"punctaj":0},{"idParticipant":11,"nume":"Iliescu","prenume":"Daniela","varsta":32,"punctaj":0},{"idParticipant":12,"nume":"Vasilescu","prenume":"Florin","varsta":23,"punctaj":0},{"idParticipant":13,"nume":"Dobre","prenume":"Adriana","varsta":34,"punctaj":0},{"idParticipant":14,"nume":"Munteanu","prenume":"Sorin","varsta":21,"punctaj":0},{"idParticipant":15,"nume":"Nistor","prenume":"Carmen","varsta":33,"punctaj":0},{"idParticipant":16,"nume":"Lazar","prenume":"Roxana","varsta":25,"punctaj":0},{"idParticipant":17,"nume":"Gheorghe","prenume":"Vlad","varsta":28,"punctaj":0},{"idParticipant":18,"nume":"Barbu","prenume":"Irina","varsta":27,"punctaj":0},{"idParticipant":19,"nume":"Constantin","prenume":"Marius","varsta":30,"punctaj":0},{"idParticipant":20,"nume":"Enache","prenume":"Laura","varsta":29,"punctaj":0},{"idParticipant":21,"nume":"Dragomir","prenume":"Adrian","varsta":26,"punctaj":0},{"idParticipant":22,"nume":"Filip","prenume":"Bianca","varsta":31,"punctaj":0},{"idParticipant":23,"nume":"Grigore","prenume":"Stefan","varsta":24,"punctaj":0},{"idParticipant":24,"nume":"Hagi","prenume":"Diana","varsta":32,"punctaj":0},{"idParticipant":25,"nume":"Iacob","prenume":"Radu","varsta":23,"punctaj":0},{"idParticipant":26,"nume":"Jianu","prenume":"Oana","varsta":34,"punctaj":0},{"idParticipant":27,"nume":"Kovacs","prenume":"Cristina","varsta":21,"punctaj":0},{"idParticipant":28,"nume":"Lupu","prenume":"George","varsta":33,"punctaj":0},{"idParticipant":29,"nume":"Manole","prenume":"Simona","varsta":25,"punctaj":0},{"idParticipant":30,"nume":"Nedelcu","prenume":"Alexandra","varsta":28,"punctaj":0},{"idParticipant":31,"nume":"Oprea","prenume":"Bogdan","varsta":27,"punctaj":0},{"idParticipant":32,"nume":"Pavel","prenume":"Monica","varsta":30,"punctaj":0},{"idParticipant":33,"nume":"Rusu","prenume":"Andreea","varsta":29,"punctaj":0},{"idParticipant":34,"nume":"Sandu","prenume":"Victor","varsta":26,"punctaj":0},{"idParticipant":35,"nume":"Toma","prenume":"Gabriela","varsta":31,"punctaj":0},{"idParticipant":36,"nume":"Ursu","prenume":"Mihail","varsta":24,"punctaj":0},{"idParticipant":37,"nume":"Vlad","prenume":"Anca","varsta":32,"punctaj":0},{"idParticipant":38,"nume":"Zamfir","prenume":"Lucian","varsta":23,"punctaj":0},{"idParticipant":39,"nume":"Voicu","prenume":"Raluca","varsta":34,"punctaj":0},{"idParticipant":40,"nume":"nume","prenume":"prenume","varsta":20,"punctaj":0}]}
06 Apr 2025 17:02:51,790 DEBUG ro.mpp2024.protocol.ClientWorkerJson 152 handleRequest - Logout request forUserDTO{nume='Alice Johnson', username='alice.j', password='UGFzc3cwcmQxIQ==', probaId='s1'}
06 Apr 2025 17:02:51,790 INFO  ro.mpp2024.services.ServerService 90 logout - Logout user alice.j
06 Apr 2025 17:02:51,791 DEBUG ro.mpp2024.protocol.ClientWorkerJson 80 sendResponse - sending response {"type":"OK"}
06 Apr 2025 17:03:18,538 INFO  chat.network.utils.AbstractServer 27 start - Client connected ...
06 Apr 2025 17:03:18,539 INFO  chat.network.utils.AbstractServer 25 start - Waiting for clients ...
06 Apr 2025 17:03:18,539 DEBUG ro.mpp2024.protocol.ClientWorkerJson 91 handleRequest - Login request UserDTO{nume='', username='alice.j', password='UGFzc3cwcmQxIQ==', probaId=''}
06 Apr 2025 17:03:18,540 TRACE ro.mpp2024.utils.JdbcUtils 48 getConnection - Enter
06 Apr 2025 17:03:18,540 TRACE ro.mpp2024.utils.JdbcUtils 57 getConnection - Exit with(org.sqlite.jdbc4.JDBC4Connection@782aa1be)
06 Apr 2025 17:03:18,541 TRACE ro.mpp2024.repository.ArbitruRepository 29 createEntityFromResultSet - Enter createEntityFromResultSet
06 Apr 2025 17:03:18,541 TRACE ro.mpp2024.repository.ArbitruRepository 36 createEntityFromResultSet - Exit with(Arbitru{nume='Alice Johnson', username='alice.j', password='UGFzc3cwcmQxIQ==', id_proba=s1})
06 Apr 2025 17:03:18,542 DEBUG ro.mpp2024.protocol.ClientWorkerJson 80 sendResponse - sending response {"type":"LOGGED_ACC","user":{"id":20,"nume":"Alice Johnson","username":"alice.j","password":"UGFzc3cwcmQxIQ\u003d\u003d","id_proba":"s1"}}
06 Apr 2025 17:03:19,549 DEBUG ro.mpp2024.protocol.ClientWorkerJson 116 handleRequest - Get all rezultate request fornull
06 Apr 2025 17:03:19,549 TRACE ro.mpp2024.repository.RezultatRepository 144 listaParticipantiPuncteAlfabetic - Enter listaParticipantiPuncteAlfabetic
06 Apr 2025 17:03:19,549 TRACE ro.mpp2024.utils.JdbcUtils 48 getConnection - Enter
06 Apr 2025 17:03:19,550 TRACE ro.mpp2024.utils.JdbcUtils 57 getConnection - Exit with(org.sqlite.jdbc4.JDBC4Connection@782aa1be)
06 Apr 2025 17:03:19,550 TRACE ro.mpp2024.repository.RezultatRepository 162 listaParticipantiPuncteAlfabetic - Enter Terminat dictionar
06 Apr 2025 17:03:19,551 DEBUG ro.mpp2024.protocol.ClientWorkerJson 80 sendResponse - sending response {"type":"ALL_REZULTATE","punctaje":[{"idParticipant":18,"nume":"Barbu","prenume":"Irina","varsta":27,"punctaj":240},{"idParticipant":19,"nume":"Constantin","prenume":"Marius","varsta":30,"punctaj":288},{"idParticipant":13,"nume":"Dobre","prenume":"Adriana","varsta":34,"punctaj":185},{"idParticipant":21,"nume":"Dragomir","prenume":"Adrian","varsta":26,"punctaj":140},{"idParticipant":4,"nume":"Dumitrescu","prenume":"Elena","varsta":28,"punctaj":153},{"idParticipant":20,"nume":"Enache","prenume":"Laura","varsta":29,"punctaj":325},{"idParticipant":22,"nume":"Filip","prenume":"Bianca","varsta":31,"punctaj":347},{"idParticipant":3,"nume":"Georgescu","prenume":"Andrei","varsta":22,"punctaj":132},{"idParticipant":17,"nume":"Gheorghe","prenume":"Vlad","varsta":28,"punctaj":210},{"idParticipant":23,"nume":"Grigore","prenume":"Stefan","varsta":24,"punctaj":155},{"idParticipant":24,"nume":"Hagi","prenume":"Diana","varsta":32,"punctaj":203},{"idParticipant":25,"nume":"Iacob","prenume":"Radu","varsta":23,"punctaj":195},{"idParticipant":11,"nume":"Iliescu","prenume":"Daniela","varsta":32,"punctaj":320},{"idParticipant":2,"nume":"Ionescu","prenume":"Maria","varsta":30,"punctaj":166},{"idParticipant":26,"nume":"Jianu","prenume":"Oana","varsta":34,"punctaj":142},{"idParticipant":27,"nume":"Kovacs","prenume":"Cristina","varsta":21,"punctaj":199},{"idParticipant":16,"nume":"Lazar","prenume":"Roxana","varsta":25,"punctaj":185},{"idParticipant":28,"nume":"Lupu","prenume":"George","varsta":33,"punctaj":319},{"idParticipant":29,"nume":"Manole","prenume":"Simona","varsta":25,"punctaj":117},{"idParticipant":8,"nume":"Marin","prenume":"Ana","varsta":29,"punctaj":134},{"idParticipant":14,"nume":"Munteanu","prenume":"Sorin","varsta":21,"punctaj":301},{"idParticipant":30,"nume":"Nedelcu","prenume":"Alexandra","varsta":28,"punctaj":169},{"idParticipant":15,"nume":"Nistor","prenume":"Carmen","varsta":33,"punctaj":189},{"idParticipant":40,"nume":"nume","prenume":"prenume","varsta":20,"punctaj":300},{"idParticipant":31,"nume":"Oprea","prenume":"Bogdan","varsta":27,"punctaj":282},{"idParticipant":32,"nume":"Pavel","prenume":"Monica","varsta":30,"punctaj":111},{"idParticipant":10,"nume":"Petrescu","prenume":"Gabriel","varsta":26,"punctaj":188},{"idParticipant":5,"nume":"Popa","prenume":"Mihai","varsta":35,"punctaj":282},{"idParticipant":1,"nume":"Popescu","prenume":"Ion","varsta":25,"punctaj":158},{"idParticipant":7,"nume":"Radu","prenume":"Cristian","varsta":24,"punctaj":256},{"idParticipant":33,"nume":"Rusu","prenume":"Andreea","varsta":29,"punctaj":313},{"idParticipant":34,"nume":"Sandu","prenume":"Victor","varsta":26,"punctaj":115},{"idParticipant":6,"nume":"Stan","prenume":"Ioana","varsta":27,"punctaj":289},{"idParticipant":35,"nume":"Toma","prenume":"Gabriela","varsta":31,"punctaj":132},{"idParticipant":9,"nume":"Tudor","prenume":"Alexandru","varsta":31,"punctaj":288},{"idParticipant":36,"nume":"Ursu","prenume":"Mihail","varsta":24,"punctaj":155},{"idParticipant":12,"nume":"Vasilescu","prenume":"Florin","varsta":23,"punctaj":472},{"idParticipant":37,"nume":"Vlad","prenume":"Anca","varsta":32,"punctaj":138},{"idParticipant":39,"nume":"Voicu","prenume":"Raluca","varsta":34,"punctaj":190},{"idParticipant":38,"nume":"Zamfir","prenume":"Lucian","varsta":23,"punctaj":177}]}
06 Apr 2025 17:03:20,555 DEBUG ro.mpp2024.protocol.ClientWorkerJson 104 handleRequest - Get rezultate request forUserDTO{nume='', username='', password='', probaId='s1'}
06 Apr 2025 17:03:20,555 TRACE ro.mpp2024.repository.RezultatRepository 168 listaParticiapntPuncteProbaDescrescator - Enter listaParticiapntPuncteProbaDescrescator
06 Apr 2025 17:03:20,556 TRACE ro.mpp2024.utils.JdbcUtils 48 getConnection - Enter
06 Apr 2025 17:03:20,556 TRACE ro.mpp2024.utils.JdbcUtils 57 getConnection - Exit with(org.sqlite.jdbc4.JDBC4Connection@782aa1be)
06 Apr 2025 17:03:20,556 TRACE ro.mpp2024.repository.RezultatRepository 186 listaParticiapntPuncteProbaDescrescator - Enter Terminat dictionar
06 Apr 2025 17:03:20,557 DEBUG ro.mpp2024.protocol.ClientWorkerJson 80 sendResponse - sending response {"type":"REZULTATE","punctaje":[{"idParticipant":28,"nume":"Lupu","prenume":"George","varsta":33,"punctaj":199},{"idParticipant":12,"nume":"Vasilescu","prenume":"Florin","varsta":23,"punctaj":198},{"idParticipant":11,"nume":"Iliescu","prenume":"Daniela","varsta":32,"punctaj":185},{"idParticipant":20,"nume":"Enache","prenume":"Laura","varsta":29,"punctaj":140},{"idParticipant":19,"nume":"Constantin","prenume":"Marius","varsta":30,"punctaj":100},{"idParticipant":22,"nume":"Filip","prenume":"Bianca","varsta":31,"punctaj":30},{"idParticipant":18,"nume":"Barbu","prenume":"Irina","varsta":27,"punctaj":20},{"idParticipant":3,"nume":"Georgescu","prenume":"Andrei","varsta":22,"punctaj":20},{"idParticipant":13,"nume":"Dobre","prenume":"Adriana","varsta":34,"punctaj":10}]}
06 Apr 2025 17:03:21,566 DEBUG ro.mpp2024.protocol.ClientWorkerJson 142 handleRequest - Get participanti request fornull
06 Apr 2025 17:03:21,566 TRACE ro.mpp2024.repository.ParticipantRepository 42 findAll - Enter
06 Apr 2025 17:03:21,566 TRACE ro.mpp2024.utils.JdbcUtils 48 getConnection - Enter
06 Apr 2025 17:03:21,566 TRACE ro.mpp2024.utils.JdbcUtils 57 getConnection - Exit with(org.sqlite.jdbc4.JDBC4Connection@782aa1be)
06 Apr 2025 17:03:21,567 TRACE ro.mpp2024.repository.ParticipantRepository 30 createEntityFromResultSet - Enter createEntityFromResultSet
06 Apr 2025 17:03:21,567 TRACE ro.mpp2024.repository.ParticipantRepository 36 createEntityFromResultSet - Exit with(Popescu Ion)
06 Apr 2025 17:03:21,567 TRACE ro.mpp2024.repository.ParticipantRepository 30 createEntityFromResultSet - Enter createEntityFromResultSet
06 Apr 2025 17:03:21,567 TRACE ro.mpp2024.repository.ParticipantRepository 36 createEntityFromResultSet - Exit with(Ionescu Maria)
06 Apr 2025 17:03:21,567 TRACE ro.mpp2024.repository.ParticipantRepository 30 createEntityFromResultSet - Enter createEntityFromResultSet
06 Apr 2025 17:03:21,567 TRACE ro.mpp2024.repository.ParticipantRepository 36 createEntityFromResultSet - Exit with(Georgescu Andrei)
06 Apr 2025 17:03:21,568 TRACE ro.mpp2024.repository.ParticipantRepository 30 createEntityFromResultSet - Enter createEntityFromResultSet
06 Apr 2025 17:03:21,568 TRACE ro.mpp2024.repository.ParticipantRepository 36 createEntityFromResultSet - Exit with(Dumitrescu Elena)
06 Apr 2025 17:03:21,568 TRACE ro.mpp2024.repository.ParticipantRepository 30 createEntityFromResultSet - Enter createEntityFromResultSet
06 Apr 2025 17:03:21,568 TRACE ro.mpp2024.repository.ParticipantRepository 36 createEntityFromResultSet - Exit with(Popa Mihai)
06 Apr 2025 17:03:21,568 TRACE ro.mpp2024.repository.ParticipantRepository 30 createEntityFromResultSet - Enter createEntityFromResultSet
06 Apr 2025 17:03:21,568 TRACE ro.mpp2024.repository.ParticipantRepository 36 createEntityFromResultSet - Exit with(Stan Ioana)
06 Apr 2025 17:03:21,568 TRACE ro.mpp2024.repository.ParticipantRepository 30 createEntityFromResultSet - Enter createEntityFromResultSet
06 Apr 2025 17:03:21,568 TRACE ro.mpp2024.repository.ParticipantRepository 36 createEntityFromResultSet - Exit with(Radu Cristian)
06 Apr 2025 17:03:21,568 TRACE ro.mpp2024.repository.ParticipantRepository 30 createEntityFromResultSet - Enter createEntityFromResultSet
06 Apr 2025 17:03:21,568 TRACE ro.mpp2024.repository.ParticipantRepository 36 createEntityFromResultSet - Exit with(Marin Ana)
06 Apr 2025 17:03:21,569 TRACE ro.mpp2024.repository.ParticipantRepository 30 createEntityFromResultSet - Enter createEntityFromResultSet
06 Apr 2025 17:03:21,569 TRACE ro.mpp2024.repository.ParticipantRepository 36 createEntityFromResultSet - Exit with(Tudor Alexandru)
06 Apr 2025 17:03:21,569 TRACE ro.mpp2024.repository.ParticipantRepository 30 createEntityFromResultSet - Enter createEntityFromResultSet
06 Apr 2025 17:03:21,569 TRACE ro.mpp2024.repository.ParticipantRepository 36 createEntityFromResultSet - Exit with(Petrescu Gabriel)
06 Apr 2025 17:03:21,569 TRACE ro.mpp2024.repository.ParticipantRepository 30 createEntityFromResultSet - Enter createEntityFromResultSet
06 Apr 2025 17:03:21,569 TRACE ro.mpp2024.repository.ParticipantRepository 36 createEntityFromResultSet - Exit with(Iliescu Daniela)
06 Apr 2025 17:03:21,569 TRACE ro.mpp2024.repository.ParticipantRepository 30 createEntityFromResultSet - Enter createEntityFromResultSet
06 Apr 2025 17:03:21,569 TRACE ro.mpp2024.repository.ParticipantRepository 36 createEntityFromResultSet - Exit with(Vasilescu Florin)
06 Apr 2025 17:03:21,570 TRACE ro.mpp2024.repository.ParticipantRepository 30 createEntityFromResultSet - Enter createEntityFromResultSet
06 Apr 2025 17:03:21,570 TRACE ro.mpp2024.repository.ParticipantRepository 36 createEntityFromResultSet - Exit with(Dobre Adriana)
06 Apr 2025 17:03:21,570 TRACE ro.mpp2024.repository.ParticipantRepository 30 createEntityFromResultSet - Enter createEntityFromResultSet
06 Apr 2025 17:03:21,570 TRACE ro.mpp2024.repository.ParticipantRepository 36 createEntityFromResultSet - Exit with(Munteanu Sorin)
06 Apr 2025 17:03:21,570 TRACE ro.mpp2024.repository.ParticipantRepository 30 createEntityFromResultSet - Enter createEntityFromResultSet
06 Apr 2025 17:03:21,570 TRACE ro.mpp2024.repository.ParticipantRepository 36 createEntityFromResultSet - Exit with(Nistor Carmen)
06 Apr 2025 17:03:21,570 TRACE ro.mpp2024.repository.ParticipantRepository 30 createEntityFromResultSet - Enter createEntityFromResultSet
06 Apr 2025 17:03:21,570 TRACE ro.mpp2024.repository.ParticipantRepository 36 createEntityFromResultSet - Exit with(Lazar Roxana)
06 Apr 2025 17:03:21,570 TRACE ro.mpp2024.repository.ParticipantRepository 30 createEntityFromResultSet - Enter createEntityFromResultSet
06 Apr 2025 17:03:21,570 TRACE ro.mpp2024.repository.ParticipantRepository 36 createEntityFromResultSet - Exit with(Gheorghe Vlad)
06 Apr 2025 17:03:21,571 TRACE ro.mpp2024.repository.ParticipantRepository 30 createEntityFromResultSet - Enter createEntityFromResultSet
06 Apr 2025 17:03:21,571 TRACE ro.mpp2024.repository.ParticipantRepository 36 createEntityFromResultSet - Exit with(Barbu Irina)
06 Apr 2025 17:03:21,571 TRACE ro.mpp2024.repository.ParticipantRepository 30 createEntityFromResultSet - Enter createEntityFromResultSet
06 Apr 2025 17:03:21,571 TRACE ro.mpp2024.repository.ParticipantRepository 36 createEntityFromResultSet - Exit with(Constantin Marius)
06 Apr 2025 17:03:21,571 TRACE ro.mpp2024.repository.ParticipantRepository 30 createEntityFromResultSet - Enter createEntityFromResultSet
06 Apr 2025 17:03:21,571 TRACE ro.mpp2024.repository.ParticipantRepository 36 createEntityFromResultSet - Exit with(Enache Laura)
06 Apr 2025 17:03:21,571 TRACE ro.mpp2024.repository.ParticipantRepository 30 createEntityFromResultSet - Enter createEntityFromResultSet
06 Apr 2025 17:03:21,571 TRACE ro.mpp2024.repository.ParticipantRepository 36 createEntityFromResultSet - Exit with(Dragomir Adrian)
06 Apr 2025 17:03:21,571 TRACE ro.mpp2024.repository.ParticipantRepository 30 createEntityFromResultSet - Enter createEntityFromResultSet
06 Apr 2025 17:03:21,571 TRACE ro.mpp2024.repository.ParticipantRepository 36 createEntityFromResultSet - Exit with(Filip Bianca)
06 Apr 2025 17:03:21,571 TRACE ro.mpp2024.repository.ParticipantRepository 30 createEntityFromResultSet - Enter createEntityFromResultSet
06 Apr 2025 17:03:21,572 TRACE ro.mpp2024.repository.ParticipantRepository 36 createEntityFromResultSet - Exit with(Grigore Stefan)
06 Apr 2025 17:03:21,572 TRACE ro.mpp2024.repository.ParticipantRepository 30 createEntityFromResultSet - Enter createEntityFromResultSet
06 Apr 2025 17:03:21,572 TRACE ro.mpp2024.repository.ParticipantRepository 36 createEntityFromResultSet - Exit with(Hagi Diana)
06 Apr 2025 17:03:21,572 TRACE ro.mpp2024.repository.ParticipantRepository 30 createEntityFromResultSet - Enter createEntityFromResultSet
06 Apr 2025 17:03:21,572 TRACE ro.mpp2024.repository.ParticipantRepository 36 createEntityFromResultSet - Exit with(Iacob Radu)
06 Apr 2025 17:03:21,572 TRACE ro.mpp2024.repository.ParticipantRepository 30 createEntityFromResultSet - Enter createEntityFromResultSet
06 Apr 2025 17:03:21,572 TRACE ro.mpp2024.repository.ParticipantRepository 36 createEntityFromResultSet - Exit with(Jianu Oana)
06 Apr 2025 17:03:21,572 TRACE ro.mpp2024.repository.ParticipantRepository 30 createEntityFromResultSet - Enter createEntityFromResultSet
06 Apr 2025 17:03:21,572 TRACE ro.mpp2024.repository.ParticipantRepository 36 createEntityFromResultSet - Exit with(Kovacs Cristina)
06 Apr 2025 17:03:21,573 TRACE ro.mpp2024.repository.ParticipantRepository 30 createEntityFromResultSet - Enter createEntityFromResultSet
06 Apr 2025 17:03:21,573 TRACE ro.mpp2024.repository.ParticipantRepository 36 createEntityFromResultSet - Exit with(Lupu George)
06 Apr 2025 17:03:21,573 TRACE ro.mpp2024.repository.ParticipantRepository 30 createEntityFromResultSet - Enter createEntityFromResultSet
06 Apr 2025 17:03:21,573 TRACE ro.mpp2024.repository.ParticipantRepository 36 createEntityFromResultSet - Exit with(Manole Simona)
06 Apr 2025 17:03:21,573 TRACE ro.mpp2024.repository.ParticipantRepository 30 createEntityFromResultSet - Enter createEntityFromResultSet
06 Apr 2025 17:03:21,573 TRACE ro.mpp2024.repository.ParticipantRepository 36 createEntityFromResultSet - Exit with(Nedelcu Alexandra)
06 Apr 2025 17:03:21,573 TRACE ro.mpp2024.repository.ParticipantRepository 30 createEntityFromResultSet - Enter createEntityFromResultSet
06 Apr 2025 17:03:21,573 TRACE ro.mpp2024.repository.ParticipantRepository 36 createEntityFromResultSet - Exit with(Oprea Bogdan)
06 Apr 2025 17:03:21,574 TRACE ro.mpp2024.repository.ParticipantRepository 30 createEntityFromResultSet - Enter createEntityFromResultSet
06 Apr 2025 17:03:21,574 TRACE ro.mpp2024.repository.ParticipantRepository 36 createEntityFromResultSet - Exit with(Pavel Monica)
06 Apr 2025 17:03:21,574 TRACE ro.mpp2024.repository.ParticipantRepository 30 createEntityFromResultSet - Enter createEntityFromResultSet
06 Apr 2025 17:03:21,574 TRACE ro.mpp2024.repository.ParticipantRepository 36 createEntityFromResultSet - Exit with(Rusu Andreea)
06 Apr 2025 17:03:21,574 TRACE ro.mpp2024.repository.ParticipantRepository 30 createEntityFromResultSet - Enter createEntityFromResultSet
06 Apr 2025 17:03:21,574 TRACE ro.mpp2024.repository.ParticipantRepository 36 createEntityFromResultSet - Exit with(Sandu Victor)
06 Apr 2025 17:03:21,574 TRACE ro.mpp2024.repository.ParticipantRepository 30 createEntityFromResultSet - Enter createEntityFromResultSet
06 Apr 2025 17:03:21,574 TRACE ro.mpp2024.repository.ParticipantRepository 36 createEntityFromResultSet - Exit with(Toma Gabriela)
06 Apr 2025 17:03:21,574 TRACE ro.mpp2024.repository.ParticipantRepository 30 createEntityFromResultSet - Enter createEntityFromResultSet
06 Apr 2025 17:03:21,574 TRACE ro.mpp2024.repository.ParticipantRepository 36 createEntityFromResultSet - Exit with(Ursu Mihail)
06 Apr 2025 17:03:21,575 TRACE ro.mpp2024.repository.ParticipantRepository 30 createEntityFromResultSet - Enter createEntityFromResultSet
06 Apr 2025 17:03:21,575 TRACE ro.mpp2024.repository.ParticipantRepository 36 createEntityFromResultSet - Exit with(Vlad Anca)
06 Apr 2025 17:03:21,575 TRACE ro.mpp2024.repository.ParticipantRepository 30 createEntityFromResultSet - Enter createEntityFromResultSet
06 Apr 2025 17:03:21,575 TRACE ro.mpp2024.repository.ParticipantRepository 36 createEntityFromResultSet - Exit with(Zamfir Lucian)
06 Apr 2025 17:03:21,575 TRACE ro.mpp2024.repository.ParticipantRepository 30 createEntityFromResultSet - Enter createEntityFromResultSet
06 Apr 2025 17:03:21,575 TRACE ro.mpp2024.repository.ParticipantRepository 36 createEntityFromResultSet - Exit with(Voicu Raluca)
06 Apr 2025 17:03:21,575 TRACE ro.mpp2024.repository.ParticipantRepository 30 createEntityFromResultSet - Enter createEntityFromResultSet
06 Apr 2025 17:03:21,575 TRACE ro.mpp2024.repository.ParticipantRepository 36 createEntityFromResultSet - Exit with(nume prenume)
06 Apr 2025 17:03:21,576 TRACE ro.mpp2024.repository.ParticipantRepository 56 findAll - Exit with([Popescu Ion, Ionescu Maria, Georgescu Andrei, Dumitrescu Elena, Popa Mihai, Stan Ioana, Radu Cristian, Marin Ana, Tudor Alexandru, Petrescu Gabriel, Iliescu Daniela, Vasilescu Florin, Dobre Adriana, Munteanu Sorin, Nistor Carmen, Lazar Roxana, Gheorghe Vlad, Barbu Irina, Constantin Marius, Enache Laura, Dragomir Adrian, Filip Bianca, Grigore Stefan, Hagi Diana, Iacob Radu, Jianu Oana, Kovacs Cristina, Lupu George, Manole Simona, Nedelcu Alexandra, Oprea Bogdan, Pavel Monica, Rusu Andreea, Sandu Victor, Toma Gabriela, Ursu Mihail, Vlad Anca, Zamfir Lucian, Voicu Raluca, nume prenume])
06 Apr 2025 17:03:21,576 DEBUG ro.mpp2024.protocol.ClientWorkerJson 80 sendResponse - sending response {"type":"PARTICIPANTI","participanti":[{"idParticipant":1,"nume":"Popescu","prenume":"Ion","varsta":25,"punctaj":0},{"idParticipant":2,"nume":"Ionescu","prenume":"Maria","varsta":30,"punctaj":0},{"idParticipant":3,"nume":"Georgescu","prenume":"Andrei","varsta":22,"punctaj":0},{"idParticipant":4,"nume":"Dumitrescu","prenume":"Elena","varsta":28,"punctaj":0},{"idParticipant":5,"nume":"Popa","prenume":"Mihai","varsta":35,"punctaj":0},{"idParticipant":6,"nume":"Stan","prenume":"Ioana","varsta":27,"punctaj":0},{"idParticipant":7,"nume":"Radu","prenume":"Cristian","varsta":24,"punctaj":0},{"idParticipant":8,"nume":"Marin","prenume":"Ana","varsta":29,"punctaj":0},{"idParticipant":9,"nume":"Tudor","prenume":"Alexandru","varsta":31,"punctaj":0},{"idParticipant":10,"nume":"Petrescu","prenume":"Gabriel","varsta":26,"punctaj":0},{"idParticipant":11,"nume":"Iliescu","prenume":"Daniela","varsta":32,"punctaj":0},{"idParticipant":12,"nume":"Vasilescu","prenume":"Florin","varsta":23,"punctaj":0},{"idParticipant":13,"nume":"Dobre","prenume":"Adriana","varsta":34,"punctaj":0},{"idParticipant":14,"nume":"Munteanu","prenume":"Sorin","varsta":21,"punctaj":0},{"idParticipant":15,"nume":"Nistor","prenume":"Carmen","varsta":33,"punctaj":0},{"idParticipant":16,"nume":"Lazar","prenume":"Roxana","varsta":25,"punctaj":0},{"idParticipant":17,"nume":"Gheorghe","prenume":"Vlad","varsta":28,"punctaj":0},{"idParticipant":18,"nume":"Barbu","prenume":"Irina","varsta":27,"punctaj":0},{"idParticipant":19,"nume":"Constantin","prenume":"Marius","varsta":30,"punctaj":0},{"idParticipant":20,"nume":"Enache","prenume":"Laura","varsta":29,"punctaj":0},{"idParticipant":21,"nume":"Dragomir","prenume":"Adrian","varsta":26,"punctaj":0},{"idParticipant":22,"nume":"Filip","prenume":"Bianca","varsta":31,"punctaj":0},{"idParticipant":23,"nume":"Grigore","prenume":"Stefan","varsta":24,"punctaj":0},{"idParticipant":24,"nume":"Hagi","prenume":"Diana","varsta":32,"punctaj":0},{"idParticipant":25,"nume":"Iacob","prenume":"Radu","varsta":23,"punctaj":0},{"idParticipant":26,"nume":"Jianu","prenume":"Oana","varsta":34,"punctaj":0},{"idParticipant":27,"nume":"Kovacs","prenume":"Cristina","varsta":21,"punctaj":0},{"idParticipant":28,"nume":"Lupu","prenume":"George","varsta":33,"punctaj":0},{"idParticipant":29,"nume":"Manole","prenume":"Simona","varsta":25,"punctaj":0},{"idParticipant":30,"nume":"Nedelcu","prenume":"Alexandra","varsta":28,"punctaj":0},{"idParticipant":31,"nume":"Oprea","prenume":"Bogdan","varsta":27,"punctaj":0},{"idParticipant":32,"nume":"Pavel","prenume":"Monica","varsta":30,"punctaj":0},{"idParticipant":33,"nume":"Rusu","prenume":"Andreea","varsta":29,"punctaj":0},{"idParticipant":34,"nume":"Sandu","prenume":"Victor","varsta":26,"punctaj":0},{"idParticipant":35,"nume":"Toma","prenume":"Gabriela","varsta":31,"punctaj":0},{"idParticipant":36,"nume":"Ursu","prenume":"Mihail","varsta":24,"punctaj":0},{"idParticipant":37,"nume":"Vlad","prenume":"Anca","varsta":32,"punctaj":0},{"idParticipant":38,"nume":"Zamfir","prenume":"Lucian","varsta":23,"punctaj":0},{"idParticipant":39,"nume":"Voicu","prenume":"Raluca","varsta":34,"punctaj":0},{"idParticipant":40,"nume":"nume","prenume":"prenume","varsta":20,"punctaj":0}]}
06 Apr 2025 17:03:31,812 DEBUG ro.mpp2024.protocol.ClientWorkerJson 152 handleRequest - Logout request forUserDTO{nume='Alice Johnson', username='alice.j', password='UGFzc3cwcmQxIQ==', probaId='s1'}
06 Apr 2025 17:03:31,813 INFO  ro.mpp2024.services.ServerService 90 logout - Logout user alice.j
06 Apr 2025 17:03:31,813 DEBUG ro.mpp2024.protocol.ClientWorkerJson 80 sendResponse - sending response {"type":"OK"}
07 Apr 2025 16:51:58,938 INFO  ro.mpp2024.StartJsonServer 24 main - Server properties: {server.port=55556, jdbc.url=jdbc:sqlite:src/main/resources/triatlon.db}
07 Apr 2025 16:51:58,948 INFO  ro.mpp2024.repository.ArbitruRepository 23 <init> - Initializing IArbitruRepository with properties: {} 
07 Apr 2025 16:51:58,954 INFO  ro.mpp2024.repository.ProbaRepository 25 <init> - Initializing ProbaRepository with properties: {} 
07 Apr 2025 16:51:58,954 INFO  ro.mpp2024.repository.ParticipantRepository 24 <init> - Initializing ParticipantRepository with properties: {} 
07 Apr 2025 16:51:58,954 INFO  ro.mpp2024.repository.RezultatRepository 25 <init> - Initializing RezultatRepository with properties: {} 
07 Apr 2025 16:51:58,954 INFO  ro.mpp2024.services.ServerService 37 <init> - Service Rezultat made
07 Apr 2025 16:51:58,962 DEBUG ro.mpp2024.StartJsonServer 50 main - Starting server on port: 55556
07 Apr 2025 16:51:58,962 DEBUG ro.mpp2024.networkUtils.AbsConcurrentServer 13 <init> - Concurrent AbstractServer
07 Apr 2025 16:51:58,962 INFO  ro.mpp2024.networkUtils.JsonConcurrentServer 17 <init> - JsonConcurrentServer
07 Apr 2025 16:51:58,970 INFO  chat.network.utils.AbstractServer 25 start - Waiting for clients ...
07 Apr 2025 16:53:21,155 INFO  ro.mpp2024.StartJsonServer 24 main - Server properties: {server.port=55556, jdbc.url=jdbc:sqlite:src/main/resources/triatlon.db}
07 Apr 2025 16:53:21,171 INFO  ro.mpp2024.repository.ArbitruRepository 23 <init> - Initializing IArbitruRepository with properties: {} 
07 Apr 2025 16:53:21,171 INFO  ro.mpp2024.repository.ProbaRepository 25 <init> - Initializing ProbaRepository with properties: {} 
07 Apr 2025 16:53:21,171 INFO  ro.mpp2024.repository.ParticipantRepository 24 <init> - Initializing ParticipantRepository with properties: {} 
07 Apr 2025 16:53:21,171 INFO  ro.mpp2024.repository.RezultatRepository 25 <init> - Initializing RezultatRepository with properties: {} 
07 Apr 2025 16:53:21,179 INFO  ro.mpp2024.services.ServerService 37 <init> - Service Rezultat made
07 Apr 2025 16:53:21,179 DEBUG ro.mpp2024.StartJsonServer 50 main - Starting server on port: 55556
07 Apr 2025 16:53:21,179 DEBUG ro.mpp2024.networkUtils.AbsConcurrentServer 13 <init> - Concurrent AbstractServer
07 Apr 2025 16:53:21,179 INFO  ro.mpp2024.networkUtils.JsonConcurrentServer 17 <init> - JsonConcurrentServer
07 Apr 2025 16:53:21,187 INFO  chat.network.utils.AbstractServer 25 start - Waiting for clients ...
07 Apr 2025 16:54:31,521 INFO  chat.network.utils.AbstractServer 27 start - Client connected ...
07 Apr 2025 16:54:31,587 INFO  chat.network.utils.AbstractServer 25 start - Waiting for clients ...
07 Apr 2025 16:54:31,606 DEBUG ro.mpp2024.protocol.ClientWorkerJson 91 handleRequest - Login request UserDTO{nume='', username='alice.j', password='UGFzc3cwcmQxIQ==', probaId=''}
07 Apr 2025 16:54:31,612 TRACE ro.mpp2024.utils.JdbcUtils 48 getConnection - Enter
07 Apr 2025 16:54:31,612 TRACE ro.mpp2024.utils.JdbcUtils 25 getNewConnection - Enter
07 Apr 2025 16:54:31,613 INFO  ro.mpp2024.utils.JdbcUtils 30 getNewConnection - trying to connect to database ... jdbc:sqlite:src/main/resources/triatlon.db
07 Apr 2025 16:54:31,613 INFO  ro.mpp2024.utils.JdbcUtils 31 getNewConnection - user: null
07 Apr 2025 16:54:31,614 INFO  ro.mpp2024.utils.JdbcUtils 32 getNewConnection - pass: null
07 Apr 2025 16:54:31,833 TRACE ro.mpp2024.utils.JdbcUtils 57 getConnection - Exit with(org.sqlite.jdbc4.JDBC4Connection@7c666a7b)
07 Apr 2025 16:54:31,838 TRACE ro.mpp2024.repository.ArbitruRepository 29 createEntityFromResultSet - Enter createEntityFromResultSet
07 Apr 2025 16:54:31,840 TRACE ro.mpp2024.repository.ArbitruRepository 36 createEntityFromResultSet - Exit with(Arbitru{nume='Alice Johnson', username='alice.j', password='UGFzc3cwcmQxIQ==', id_proba=s1})
07 Apr 2025 16:54:31,847 DEBUG ro.mpp2024.protocol.ClientWorkerJson 80 sendResponse - sending response {"type":"LOGGED_ACC","user":{"id":20,"nume":"Alice Johnson","username":"alice.j","password":"UGFzc3cwcmQxIQ\u003d\u003d","id_proba":"s1"}}
07 Apr 2025 16:54:32,864 DEBUG ro.mpp2024.protocol.ClientWorkerJson 116 handleRequest - Get all rezultate request fornull
07 Apr 2025 16:54:32,864 TRACE ro.mpp2024.repository.RezultatRepository 144 listaParticipantiPuncteAlfabetic - Enter listaParticipantiPuncteAlfabetic
07 Apr 2025 16:54:32,864 TRACE ro.mpp2024.utils.JdbcUtils 48 getConnection - Enter
07 Apr 2025 16:54:32,865 TRACE ro.mpp2024.utils.JdbcUtils 57 getConnection - Exit with(org.sqlite.jdbc4.JDBC4Connection@7c666a7b)
07 Apr 2025 16:54:32,868 TRACE ro.mpp2024.repository.RezultatRepository 162 listaParticipantiPuncteAlfabetic - Enter Terminat dictionar
07 Apr 2025 16:54:32,871 DEBUG ro.mpp2024.protocol.ClientWorkerJson 80 sendResponse - sending response {"type":"ALL_REZULTATE","punctaje":[{"idParticipant":18,"nume":"Barbu","prenume":"Irina","varsta":27,"punctaj":240},{"idParticipant":19,"nume":"Constantin","prenume":"Marius","varsta":30,"punctaj":288},{"idParticipant":13,"nume":"Dobre","prenume":"Adriana","varsta":34,"punctaj":185},{"idParticipant":21,"nume":"Dragomir","prenume":"Adrian","varsta":26,"punctaj":140},{"idParticipant":4,"nume":"Dumitrescu","prenume":"Elena","varsta":28,"punctaj":153},{"idParticipant":20,"nume":"Enache","prenume":"Laura","varsta":29,"punctaj":325},{"idParticipant":22,"nume":"Filip","prenume":"Bianca","varsta":31,"punctaj":347},{"idParticipant":3,"nume":"Georgescu","prenume":"Andrei","varsta":22,"punctaj":132},{"idParticipant":17,"nume":"Gheorghe","prenume":"Vlad","varsta":28,"punctaj":210},{"idParticipant":23,"nume":"Grigore","prenume":"Stefan","varsta":24,"punctaj":155},{"idParticipant":24,"nume":"Hagi","prenume":"Diana","varsta":32,"punctaj":203},{"idParticipant":25,"nume":"Iacob","prenume":"Radu","varsta":23,"punctaj":195},{"idParticipant":11,"nume":"Iliescu","prenume":"Daniela","varsta":32,"punctaj":320},{"idParticipant":2,"nume":"Ionescu","prenume":"Maria","varsta":30,"punctaj":166},{"idParticipant":26,"nume":"Jianu","prenume":"Oana","varsta":34,"punctaj":142},{"idParticipant":27,"nume":"Kovacs","prenume":"Cristina","varsta":21,"punctaj":199},{"idParticipant":16,"nume":"Lazar","prenume":"Roxana","varsta":25,"punctaj":185},{"idParticipant":28,"nume":"Lupu","prenume":"George","varsta":33,"punctaj":319},{"idParticipant":29,"nume":"Manole","prenume":"Simona","varsta":25,"punctaj":117},{"idParticipant":8,"nume":"Marin","prenume":"Ana","varsta":29,"punctaj":134},{"idParticipant":14,"nume":"Munteanu","prenume":"Sorin","varsta":21,"punctaj":301},{"idParticipant":30,"nume":"Nedelcu","prenume":"Alexandra","varsta":28,"punctaj":169},{"idParticipant":15,"nume":"Nistor","prenume":"Carmen","varsta":33,"punctaj":189},{"idParticipant":40,"nume":"nume","prenume":"prenume","varsta":20,"punctaj":300},{"idParticipant":31,"nume":"Oprea","prenume":"Bogdan","varsta":27,"punctaj":282},{"idParticipant":32,"nume":"Pavel","prenume":"Monica","varsta":30,"punctaj":111},{"idParticipant":10,"nume":"Petrescu","prenume":"Gabriel","varsta":26,"punctaj":188},{"idParticipant":5,"nume":"Popa","prenume":"Mihai","varsta":35,"punctaj":282},{"idParticipant":1,"nume":"Popescu","prenume":"Ion","varsta":25,"punctaj":158},{"idParticipant":7,"nume":"Radu","prenume":"Cristian","varsta":24,"punctaj":256},{"idParticipant":33,"nume":"Rusu","prenume":"Andreea","varsta":29,"punctaj":313},{"idParticipant":34,"nume":"Sandu","prenume":"Victor","varsta":26,"punctaj":115},{"idParticipant":6,"nume":"Stan","prenume":"Ioana","varsta":27,"punctaj":289},{"idParticipant":35,"nume":"Toma","prenume":"Gabriela","varsta":31,"punctaj":132},{"idParticipant":9,"nume":"Tudor","prenume":"Alexandru","varsta":31,"punctaj":288},{"idParticipant":36,"nume":"Ursu","prenume":"Mihail","varsta":24,"punctaj":155},{"idParticipant":12,"nume":"Vasilescu","prenume":"Florin","varsta":23,"punctaj":472},{"idParticipant":37,"nume":"Vlad","prenume":"Anca","varsta":32,"punctaj":138},{"idParticipant":39,"nume":"Voicu","prenume":"Raluca","varsta":34,"punctaj":190},{"idParticipant":38,"nume":"Zamfir","prenume":"Lucian","varsta":23,"punctaj":177}]}
07 Apr 2025 16:54:33,874 DEBUG ro.mpp2024.protocol.ClientWorkerJson 104 handleRequest - Get rezultate request forUserDTO{nume='', username='', password='', probaId='s1'}
07 Apr 2025 16:54:33,874 TRACE ro.mpp2024.repository.RezultatRepository 168 listaParticiapntPuncteProbaDescrescator - Enter listaParticiapntPuncteProbaDescrescator
07 Apr 2025 16:54:33,875 TRACE ro.mpp2024.utils.JdbcUtils 48 getConnection - Enter
07 Apr 2025 16:54:33,875 TRACE ro.mpp2024.utils.JdbcUtils 57 getConnection - Exit with(org.sqlite.jdbc4.JDBC4Connection@7c666a7b)
07 Apr 2025 16:54:33,877 TRACE ro.mpp2024.repository.RezultatRepository 186 listaParticiapntPuncteProbaDescrescator - Enter Terminat dictionar
07 Apr 2025 16:54:33,878 DEBUG ro.mpp2024.protocol.ClientWorkerJson 80 sendResponse - sending response {"type":"REZULTATE","punctaje":[{"idParticipant":28,"nume":"Lupu","prenume":"George","varsta":33,"punctaj":199},{"idParticipant":12,"nume":"Vasilescu","prenume":"Florin","varsta":23,"punctaj":198},{"idParticipant":11,"nume":"Iliescu","prenume":"Daniela","varsta":32,"punctaj":185},{"idParticipant":20,"nume":"Enache","prenume":"Laura","varsta":29,"punctaj":140},{"idParticipant":19,"nume":"Constantin","prenume":"Marius","varsta":30,"punctaj":100},{"idParticipant":22,"nume":"Filip","prenume":"Bianca","varsta":31,"punctaj":30},{"idParticipant":18,"nume":"Barbu","prenume":"Irina","varsta":27,"punctaj":20},{"idParticipant":3,"nume":"Georgescu","prenume":"Andrei","varsta":22,"punctaj":20},{"idParticipant":13,"nume":"Dobre","prenume":"Adriana","varsta":34,"punctaj":10}]}
07 Apr 2025 16:54:34,882 DEBUG ro.mpp2024.protocol.ClientWorkerJson 142 handleRequest - Get participanti request fornull
07 Apr 2025 16:54:34,883 TRACE ro.mpp2024.repository.ParticipantRepository 42 findAll - Enter
07 Apr 2025 16:54:34,883 TRACE ro.mpp2024.utils.JdbcUtils 48 getConnection - Enter
07 Apr 2025 16:54:34,884 TRACE ro.mpp2024.utils.JdbcUtils 57 getConnection - Exit with(org.sqlite.jdbc4.JDBC4Connection@7c666a7b)
07 Apr 2025 16:54:34,885 TRACE ro.mpp2024.repository.ParticipantRepository 30 createEntityFromResultSet - Enter createEntityFromResultSet
07 Apr 2025 16:54:34,886 TRACE ro.mpp2024.repository.ParticipantRepository 36 createEntityFromResultSet - Exit with(Popescu Ion)
07 Apr 2025 16:54:34,886 TRACE ro.mpp2024.repository.ParticipantRepository 30 createEntityFromResultSet - Enter createEntityFromResultSet
07 Apr 2025 16:54:34,887 TRACE ro.mpp2024.repository.ParticipantRepository 36 createEntityFromResultSet - Exit with(Ionescu Maria)
07 Apr 2025 16:54:34,887 TRACE ro.mpp2024.repository.ParticipantRepository 30 createEntityFromResultSet - Enter createEntityFromResultSet
07 Apr 2025 16:54:34,888 TRACE ro.mpp2024.repository.ParticipantRepository 36 createEntityFromResultSet - Exit with(Georgescu Andrei)
07 Apr 2025 16:54:34,888 TRACE ro.mpp2024.repository.ParticipantRepository 30 createEntityFromResultSet - Enter createEntityFromResultSet
07 Apr 2025 16:54:34,889 TRACE ro.mpp2024.repository.ParticipantRepository 36 createEntityFromResultSet - Exit with(Dumitrescu Elena)
07 Apr 2025 16:54:34,889 TRACE ro.mpp2024.repository.ParticipantRepository 30 createEntityFromResultSet - Enter createEntityFromResultSet
07 Apr 2025 16:54:34,889 TRACE ro.mpp2024.repository.ParticipantRepository 36 createEntityFromResultSet - Exit with(Popa Mihai)
07 Apr 2025 16:54:34,890 TRACE ro.mpp2024.repository.ParticipantRepository 30 createEntityFromResultSet - Enter createEntityFromResultSet
07 Apr 2025 16:54:34,890 TRACE ro.mpp2024.repository.ParticipantRepository 36 createEntityFromResultSet - Exit with(Stan Ioana)
07 Apr 2025 16:54:34,891 TRACE ro.mpp2024.repository.ParticipantRepository 30 createEntityFromResultSet - Enter createEntityFromResultSet
07 Apr 2025 16:54:34,891 TRACE ro.mpp2024.repository.ParticipantRepository 36 createEntityFromResultSet - Exit with(Radu Cristian)
07 Apr 2025 16:54:34,892 TRACE ro.mpp2024.repository.ParticipantRepository 30 createEntityFromResultSet - Enter createEntityFromResultSet
07 Apr 2025 16:54:34,892 TRACE ro.mpp2024.repository.ParticipantRepository 36 createEntityFromResultSet - Exit with(Marin Ana)
07 Apr 2025 16:54:34,893 TRACE ro.mpp2024.repository.ParticipantRepository 30 createEntityFromResultSet - Enter createEntityFromResultSet
07 Apr 2025 16:54:34,894 TRACE ro.mpp2024.repository.ParticipantRepository 36 createEntityFromResultSet - Exit with(Tudor Alexandru)
07 Apr 2025 16:54:34,894 TRACE ro.mpp2024.repository.ParticipantRepository 30 createEntityFromResultSet - Enter createEntityFromResultSet
07 Apr 2025 16:54:34,894 TRACE ro.mpp2024.repository.ParticipantRepository 36 createEntityFromResultSet - Exit with(Petrescu Gabriel)
07 Apr 2025 16:54:34,895 TRACE ro.mpp2024.repository.ParticipantRepository 30 createEntityFromResultSet - Enter createEntityFromResultSet
07 Apr 2025 16:54:34,895 TRACE ro.mpp2024.repository.ParticipantRepository 36 createEntityFromResultSet - Exit with(Iliescu Daniela)
07 Apr 2025 16:54:34,895 TRACE ro.mpp2024.repository.ParticipantRepository 30 createEntityFromResultSet - Enter createEntityFromResultSet
07 Apr 2025 16:54:34,896 TRACE ro.mpp2024.repository.ParticipantRepository 36 createEntityFromResultSet - Exit with(Vasilescu Florin)
07 Apr 2025 16:54:34,896 TRACE ro.mpp2024.repository.ParticipantRepository 30 createEntityFromResultSet - Enter createEntityFromResultSet
07 Apr 2025 16:54:34,896 TRACE ro.mpp2024.repository.ParticipantRepository 36 createEntityFromResultSet - Exit with(Dobre Adriana)
07 Apr 2025 16:54:34,897 TRACE ro.mpp2024.repository.ParticipantRepository 30 createEntityFromResultSet - Enter createEntityFromResultSet
07 Apr 2025 16:54:34,897 TRACE ro.mpp2024.repository.ParticipantRepository 36 createEntityFromResultSet - Exit with(Munteanu Sorin)
07 Apr 2025 16:54:34,898 TRACE ro.mpp2024.repository.ParticipantRepository 30 createEntityFromResultSet - Enter createEntityFromResultSet
07 Apr 2025 16:54:34,898 TRACE ro.mpp2024.repository.ParticipantRepository 36 createEntityFromResultSet - Exit with(Nistor Carmen)
07 Apr 2025 16:54:34,898 TRACE ro.mpp2024.repository.ParticipantRepository 30 createEntityFromResultSet - Enter createEntityFromResultSet
07 Apr 2025 16:54:34,899 TRACE ro.mpp2024.repository.ParticipantRepository 36 createEntityFromResultSet - Exit with(Lazar Roxana)
07 Apr 2025 16:54:34,899 TRACE ro.mpp2024.repository.ParticipantRepository 30 createEntityFromResultSet - Enter createEntityFromResultSet
07 Apr 2025 16:54:34,899 TRACE ro.mpp2024.repository.ParticipantRepository 36 createEntityFromResultSet - Exit with(Gheorghe Vlad)
07 Apr 2025 16:54:34,900 TRACE ro.mpp2024.repository.ParticipantRepository 30 createEntityFromResultSet - Enter createEntityFromResultSet
07 Apr 2025 16:54:34,900 TRACE ro.mpp2024.repository.ParticipantRepository 36 createEntityFromResultSet - Exit with(Barbu Irina)
07 Apr 2025 16:54:34,900 TRACE ro.mpp2024.repository.ParticipantRepository 30 createEntityFromResultSet - Enter createEntityFromResultSet
07 Apr 2025 16:54:34,901 TRACE ro.mpp2024.repository.ParticipantRepository 36 createEntityFromResultSet - Exit with(Constantin Marius)
07 Apr 2025 16:54:34,901 TRACE ro.mpp2024.repository.ParticipantRepository 30 createEntityFromResultSet - Enter createEntityFromResultSet
07 Apr 2025 16:54:34,901 TRACE ro.mpp2024.repository.ParticipantRepository 36 createEntityFromResultSet - Exit with(Enache Laura)
07 Apr 2025 16:54:34,902 TRACE ro.mpp2024.repository.ParticipantRepository 30 createEntityFromResultSet - Enter createEntityFromResultSet
07 Apr 2025 16:54:34,902 TRACE ro.mpp2024.repository.ParticipantRepository 36 createEntityFromResultSet - Exit with(Dragomir Adrian)
07 Apr 2025 16:54:34,903 TRACE ro.mpp2024.repository.ParticipantRepository 30 createEntityFromResultSet - Enter createEntityFromResultSet
07 Apr 2025 16:54:34,903 TRACE ro.mpp2024.repository.ParticipantRepository 36 createEntityFromResultSet - Exit with(Filip Bianca)
07 Apr 2025 16:54:34,903 TRACE ro.mpp2024.repository.ParticipantRepository 30 createEntityFromResultSet - Enter createEntityFromResultSet
07 Apr 2025 16:54:34,904 TRACE ro.mpp2024.repository.ParticipantRepository 36 createEntityFromResultSet - Exit with(Grigore Stefan)
07 Apr 2025 16:54:34,904 TRACE ro.mpp2024.repository.ParticipantRepository 30 createEntityFromResultSet - Enter createEntityFromResultSet
07 Apr 2025 16:54:34,904 TRACE ro.mpp2024.repository.ParticipantRepository 36 createEntityFromResultSet - Exit with(Hagi Diana)
07 Apr 2025 16:54:34,905 TRACE ro.mpp2024.repository.ParticipantRepository 30 createEntityFromResultSet - Enter createEntityFromResultSet
07 Apr 2025 16:54:34,905 TRACE ro.mpp2024.repository.ParticipantRepository 36 createEntityFromResultSet - Exit with(Iacob Radu)
07 Apr 2025 16:54:34,905 TRACE ro.mpp2024.repository.ParticipantRepository 30 createEntityFromResultSet - Enter createEntityFromResultSet
07 Apr 2025 16:54:34,906 TRACE ro.mpp2024.repository.ParticipantRepository 36 createEntityFromResultSet - Exit with(Jianu Oana)
07 Apr 2025 16:54:34,906 TRACE ro.mpp2024.repository.ParticipantRepository 30 createEntityFromResultSet - Enter createEntityFromResultSet
07 Apr 2025 16:54:34,906 TRACE ro.mpp2024.repository.ParticipantRepository 36 createEntityFromResultSet - Exit with(Kovacs Cristina)
07 Apr 2025 16:54:34,907 TRACE ro.mpp2024.repository.ParticipantRepository 30 createEntityFromResultSet - Enter createEntityFromResultSet
07 Apr 2025 16:54:34,908 TRACE ro.mpp2024.repository.ParticipantRepository 36 createEntityFromResultSet - Exit with(Lupu George)
07 Apr 2025 16:54:34,908 TRACE ro.mpp2024.repository.ParticipantRepository 30 createEntityFromResultSet - Enter createEntityFromResultSet
07 Apr 2025 16:54:34,908 TRACE ro.mpp2024.repository.ParticipantRepository 36 createEntityFromResultSet - Exit with(Manole Simona)
07 Apr 2025 16:54:34,909 TRACE ro.mpp2024.repository.ParticipantRepository 30 createEntityFromResultSet - Enter createEntityFromResultSet
07 Apr 2025 16:54:34,909 TRACE ro.mpp2024.repository.ParticipantRepository 36 createEntityFromResultSet - Exit with(Nedelcu Alexandra)
07 Apr 2025 16:54:34,909 TRACE ro.mpp2024.repository.ParticipantRepository 30 createEntityFromResultSet - Enter createEntityFromResultSet
07 Apr 2025 16:54:34,910 TRACE ro.mpp2024.repository.ParticipantRepository 36 createEntityFromResultSet - Exit with(Oprea Bogdan)
07 Apr 2025 16:54:34,910 TRACE ro.mpp2024.repository.ParticipantRepository 30 createEntityFromResultSet - Enter createEntityFromResultSet
07 Apr 2025 16:54:34,910 TRACE ro.mpp2024.repository.ParticipantRepository 36 createEntityFromResultSet - Exit with(Pavel Monica)
07 Apr 2025 16:54:34,911 TRACE ro.mpp2024.repository.ParticipantRepository 30 createEntityFromResultSet - Enter createEntityFromResultSet
07 Apr 2025 16:54:34,911 TRACE ro.mpp2024.repository.ParticipantRepository 36 createEntityFromResultSet - Exit with(Rusu Andreea)
07 Apr 2025 16:54:34,911 TRACE ro.mpp2024.repository.ParticipantRepository 30 createEntityFromResultSet - Enter createEntityFromResultSet
07 Apr 2025 16:54:34,911 TRACE ro.mpp2024.repository.ParticipantRepository 36 createEntityFromResultSet - Exit with(Sandu Victor)
07 Apr 2025 16:54:34,912 TRACE ro.mpp2024.repository.ParticipantRepository 30 createEntityFromResultSet - Enter createEntityFromResultSet
07 Apr 2025 16:54:34,912 TRACE ro.mpp2024.repository.ParticipantRepository 36 createEntityFromResultSet - Exit with(Toma Gabriela)
07 Apr 2025 16:54:34,912 TRACE ro.mpp2024.repository.ParticipantRepository 30 createEntityFromResultSet - Enter createEntityFromResultSet
07 Apr 2025 16:54:34,912 TRACE ro.mpp2024.repository.ParticipantRepository 36 createEntityFromResultSet - Exit with(Ursu Mihail)
07 Apr 2025 16:54:34,912 TRACE ro.mpp2024.repository.ParticipantRepository 30 createEntityFromResultSet - Enter createEntityFromResultSet
07 Apr 2025 16:54:34,913 TRACE ro.mpp2024.repository.ParticipantRepository 36 createEntityFromResultSet - Exit with(Vlad Anca)
07 Apr 2025 16:54:34,913 TRACE ro.mpp2024.repository.ParticipantRepository 30 createEntityFromResultSet - Enter createEntityFromResultSet
07 Apr 2025 16:54:34,913 TRACE ro.mpp2024.repository.ParticipantRepository 36 createEntityFromResultSet - Exit with(Zamfir Lucian)
07 Apr 2025 16:54:34,914 TRACE ro.mpp2024.repository.ParticipantRepository 30 createEntityFromResultSet - Enter createEntityFromResultSet
07 Apr 2025 16:54:34,914 TRACE ro.mpp2024.repository.ParticipantRepository 36 createEntityFromResultSet - Exit with(Voicu Raluca)
07 Apr 2025 16:54:34,914 TRACE ro.mpp2024.repository.ParticipantRepository 30 createEntityFromResultSet - Enter createEntityFromResultSet
07 Apr 2025 16:54:34,915 TRACE ro.mpp2024.repository.ParticipantRepository 36 createEntityFromResultSet - Exit with(nume prenume)
07 Apr 2025 16:54:34,916 TRACE ro.mpp2024.repository.ParticipantRepository 56 findAll - Exit with([Popescu Ion, Ionescu Maria, Georgescu Andrei, Dumitrescu Elena, Popa Mihai, Stan Ioana, Radu Cristian, Marin Ana, Tudor Alexandru, Petrescu Gabriel, Iliescu Daniela, Vasilescu Florin, Dobre Adriana, Munteanu Sorin, Nistor Carmen, Lazar Roxana, Gheorghe Vlad, Barbu Irina, Constantin Marius, Enache Laura, Dragomir Adrian, Filip Bianca, Grigore Stefan, Hagi Diana, Iacob Radu, Jianu Oana, Kovacs Cristina, Lupu George, Manole Simona, Nedelcu Alexandra, Oprea Bogdan, Pavel Monica, Rusu Andreea, Sandu Victor, Toma Gabriela, Ursu Mihail, Vlad Anca, Zamfir Lucian, Voicu Raluca, nume prenume])
07 Apr 2025 16:54:34,920 DEBUG ro.mpp2024.protocol.ClientWorkerJson 80 sendResponse - sending response {"type":"PARTICIPANTI","participanti":[{"idParticipant":1,"nume":"Popescu","prenume":"Ion","varsta":25,"punctaj":0},{"idParticipant":2,"nume":"Ionescu","prenume":"Maria","varsta":30,"punctaj":0},{"idParticipant":3,"nume":"Georgescu","prenume":"Andrei","varsta":22,"punctaj":0},{"idParticipant":4,"nume":"Dumitrescu","prenume":"Elena","varsta":28,"punctaj":0},{"idParticipant":5,"nume":"Popa","prenume":"Mihai","varsta":35,"punctaj":0},{"idParticipant":6,"nume":"Stan","prenume":"Ioana","varsta":27,"punctaj":0},{"idParticipant":7,"nume":"Radu","prenume":"Cristian","varsta":24,"punctaj":0},{"idParticipant":8,"nume":"Marin","prenume":"Ana","varsta":29,"punctaj":0},{"idParticipant":9,"nume":"Tudor","prenume":"Alexandru","varsta":31,"punctaj":0},{"idParticipant":10,"nume":"Petrescu","prenume":"Gabriel","varsta":26,"punctaj":0},{"idParticipant":11,"nume":"Iliescu","prenume":"Daniela","varsta":32,"punctaj":0},{"idParticipant":12,"nume":"Vasilescu","prenume":"Florin","varsta":23,"punctaj":0},{"idParticipant":13,"nume":"Dobre","prenume":"Adriana","varsta":34,"punctaj":0},{"idParticipant":14,"nume":"Munteanu","prenume":"Sorin","varsta":21,"punctaj":0},{"idParticipant":15,"nume":"Nistor","prenume":"Carmen","varsta":33,"punctaj":0},{"idParticipant":16,"nume":"Lazar","prenume":"Roxana","varsta":25,"punctaj":0},{"idParticipant":17,"nume":"Gheorghe","prenume":"Vlad","varsta":28,"punctaj":0},{"idParticipant":18,"nume":"Barbu","prenume":"Irina","varsta":27,"punctaj":0},{"idParticipant":19,"nume":"Constantin","prenume":"Marius","varsta":30,"punctaj":0},{"idParticipant":20,"nume":"Enache","prenume":"Laura","varsta":29,"punctaj":0},{"idParticipant":21,"nume":"Dragomir","prenume":"Adrian","varsta":26,"punctaj":0},{"idParticipant":22,"nume":"Filip","prenume":"Bianca","varsta":31,"punctaj":0},{"idParticipant":23,"nume":"Grigore","prenume":"Stefan","varsta":24,"punctaj":0},{"idParticipant":24,"nume":"Hagi","prenume":"Diana","varsta":32,"punctaj":0},{"idParticipant":25,"nume":"Iacob","prenume":"Radu","varsta":23,"punctaj":0},{"idParticipant":26,"nume":"Jianu","prenume":"Oana","varsta":34,"punctaj":0},{"idParticipant":27,"nume":"Kovacs","prenume":"Cristina","varsta":21,"punctaj":0},{"idParticipant":28,"nume":"Lupu","prenume":"George","varsta":33,"punctaj":0},{"idParticipant":29,"nume":"Manole","prenume":"Simona","varsta":25,"punctaj":0},{"idParticipant":30,"nume":"Nedelcu","prenume":"Alexandra","varsta":28,"punctaj":0},{"idParticipant":31,"nume":"Oprea","prenume":"Bogdan","varsta":27,"punctaj":0},{"idParticipant":32,"nume":"Pavel","prenume":"Monica","varsta":30,"punctaj":0},{"idParticipant":33,"nume":"Rusu","prenume":"Andreea","varsta":29,"punctaj":0},{"idParticipant":34,"nume":"Sandu","prenume":"Victor","varsta":26,"punctaj":0},{"idParticipant":35,"nume":"Toma","prenume":"Gabriela","varsta":31,"punctaj":0},{"idParticipant":36,"nume":"Ursu","prenume":"Mihail","varsta":24,"punctaj":0},{"idParticipant":37,"nume":"Vlad","prenume":"Anca","varsta":32,"punctaj":0},{"idParticipant":38,"nume":"Zamfir","prenume":"Lucian","varsta":23,"punctaj":0},{"idParticipant":39,"nume":"Voicu","prenume":"Raluca","varsta":34,"punctaj":0},{"idParticipant":40,"nume":"nume","prenume":"prenume","varsta":20,"punctaj":0}]}
07 Apr 2025 16:54:38,101 INFO  chat.network.utils.AbstractServer 27 start - Client connected ...
07 Apr 2025 16:54:38,101 INFO  chat.network.utils.AbstractServer 25 start - Waiting for clients ...
07 Apr 2025 16:54:38,114 DEBUG ro.mpp2024.protocol.ClientWorkerJson 91 handleRequest - Login request UserDTO{nume='', username='alice.j', password='UGFzc3cwcmQxIQ==', probaId=''}
07 Apr 2025 16:54:38,115 TRACE ro.mpp2024.utils.JdbcUtils 48 getConnection - Enter
07 Apr 2025 16:54:38,115 TRACE ro.mpp2024.utils.JdbcUtils 57 getConnection - Exit with(org.sqlite.jdbc4.JDBC4Connection@7c666a7b)
07 Apr 2025 16:54:38,116 TRACE ro.mpp2024.repository.ArbitruRepository 29 createEntityFromResultSet - Enter createEntityFromResultSet
07 Apr 2025 16:54:38,116 TRACE ro.mpp2024.repository.ArbitruRepository 36 createEntityFromResultSet - Exit with(Arbitru{nume='Alice Johnson', username='alice.j', password='UGFzc3cwcmQxIQ==', id_proba=s1})
07 Apr 2025 16:54:38,117 DEBUG ro.mpp2024.protocol.ClientWorkerJson 80 sendResponse - sending response {"type":"LOGGED_ACC","user":{"id":-2,"nume":"","username":"","password":"","id_proba":""}}
07 Apr 2025 16:54:53,888 INFO  chat.network.utils.AbstractServer 27 start - Client connected ...
07 Apr 2025 16:54:53,889 INFO  chat.network.utils.AbstractServer 25 start - Waiting for clients ...
07 Apr 2025 16:54:53,891 DEBUG ro.mpp2024.protocol.ClientWorkerJson 91 handleRequest - Login request UserDTO{nume='', username='bob.smith', password='U2VjdXJlUEBzczI=', probaId=''}
07 Apr 2025 16:54:53,892 TRACE ro.mpp2024.utils.JdbcUtils 48 getConnection - Enter
07 Apr 2025 16:54:53,892 TRACE ro.mpp2024.utils.JdbcUtils 57 getConnection - Exit with(org.sqlite.jdbc4.JDBC4Connection@7c666a7b)
07 Apr 2025 16:54:53,893 TRACE ro.mpp2024.repository.ArbitruRepository 29 createEntityFromResultSet - Enter createEntityFromResultSet
07 Apr 2025 16:54:53,893 TRACE ro.mpp2024.repository.ArbitruRepository 36 createEntityFromResultSet - Exit with(Arbitru{nume='Bob Smith', username='bob.smith', password='U2VjdXJlUEBzczI=', id_proba=c1})
07 Apr 2025 16:54:53,894 DEBUG ro.mpp2024.protocol.ClientWorkerJson 80 sendResponse - sending response {"type":"LOGGED_ACC","user":{"id":21,"nume":"Bob Smith","username":"bob.smith","password":"U2VjdXJlUEBzczI\u003d","id_proba":"c1"}}
07 Apr 2025 16:54:54,903 DEBUG ro.mpp2024.protocol.ClientWorkerJson 116 handleRequest - Get all rezultate request fornull
07 Apr 2025 16:54:54,903 TRACE ro.mpp2024.repository.RezultatRepository 144 listaParticipantiPuncteAlfabetic - Enter listaParticipantiPuncteAlfabetic
07 Apr 2025 16:54:54,904 TRACE ro.mpp2024.utils.JdbcUtils 48 getConnection - Enter
07 Apr 2025 16:54:54,904 TRACE ro.mpp2024.utils.JdbcUtils 57 getConnection - Exit with(org.sqlite.jdbc4.JDBC4Connection@7c666a7b)
07 Apr 2025 16:54:54,906 TRACE ro.mpp2024.repository.RezultatRepository 162 listaParticipantiPuncteAlfabetic - Enter Terminat dictionar
07 Apr 2025 16:54:54,908 DEBUG ro.mpp2024.protocol.ClientWorkerJson 80 sendResponse - sending response {"type":"ALL_REZULTATE","punctaje":[{"idParticipant":18,"nume":"Barbu","prenume":"Irina","varsta":27,"punctaj":240},{"idParticipant":19,"nume":"Constantin","prenume":"Marius","varsta":30,"punctaj":288},{"idParticipant":13,"nume":"Dobre","prenume":"Adriana","varsta":34,"punctaj":185},{"idParticipant":21,"nume":"Dragomir","prenume":"Adrian","varsta":26,"punctaj":140},{"idParticipant":4,"nume":"Dumitrescu","prenume":"Elena","varsta":28,"punctaj":153},{"idParticipant":20,"nume":"Enache","prenume":"Laura","varsta":29,"punctaj":325},{"idParticipant":22,"nume":"Filip","prenume":"Bianca","varsta":31,"punctaj":347},{"idParticipant":3,"nume":"Georgescu","prenume":"Andrei","varsta":22,"punctaj":132},{"idParticipant":17,"nume":"Gheorghe","prenume":"Vlad","varsta":28,"punctaj":210},{"idParticipant":23,"nume":"Grigore","prenume":"Stefan","varsta":24,"punctaj":155},{"idParticipant":24,"nume":"Hagi","prenume":"Diana","varsta":32,"punctaj":203},{"idParticipant":25,"nume":"Iacob","prenume":"Radu","varsta":23,"punctaj":195},{"idParticipant":11,"nume":"Iliescu","prenume":"Daniela","varsta":32,"punctaj":320},{"idParticipant":2,"nume":"Ionescu","prenume":"Maria","varsta":30,"punctaj":166},{"idParticipant":26,"nume":"Jianu","prenume":"Oana","varsta":34,"punctaj":142},{"idParticipant":27,"nume":"Kovacs","prenume":"Cristina","varsta":21,"punctaj":199},{"idParticipant":16,"nume":"Lazar","prenume":"Roxana","varsta":25,"punctaj":185},{"idParticipant":28,"nume":"Lupu","prenume":"George","varsta":33,"punctaj":319},{"idParticipant":29,"nume":"Manole","prenume":"Simona","varsta":25,"punctaj":117},{"idParticipant":8,"nume":"Marin","prenume":"Ana","varsta":29,"punctaj":134},{"idParticipant":14,"nume":"Munteanu","prenume":"Sorin","varsta":21,"punctaj":301},{"idParticipant":30,"nume":"Nedelcu","prenume":"Alexandra","varsta":28,"punctaj":169},{"idParticipant":15,"nume":"Nistor","prenume":"Carmen","varsta":33,"punctaj":189},{"idParticipant":40,"nume":"nume","prenume":"prenume","varsta":20,"punctaj":300},{"idParticipant":31,"nume":"Oprea","prenume":"Bogdan","varsta":27,"punctaj":282},{"idParticipant":32,"nume":"Pavel","prenume":"Monica","varsta":30,"punctaj":111},{"idParticipant":10,"nume":"Petrescu","prenume":"Gabriel","varsta":26,"punctaj":188},{"idParticipant":5,"nume":"Popa","prenume":"Mihai","varsta":35,"punctaj":282},{"idParticipant":1,"nume":"Popescu","prenume":"Ion","varsta":25,"punctaj":158},{"idParticipant":7,"nume":"Radu","prenume":"Cristian","varsta":24,"punctaj":256},{"idParticipant":33,"nume":"Rusu","prenume":"Andreea","varsta":29,"punctaj":313},{"idParticipant":34,"nume":"Sandu","prenume":"Victor","varsta":26,"punctaj":115},{"idParticipant":6,"nume":"Stan","prenume":"Ioana","varsta":27,"punctaj":289},{"idParticipant":35,"nume":"Toma","prenume":"Gabriela","varsta":31,"punctaj":132},{"idParticipant":9,"nume":"Tudor","prenume":"Alexandru","varsta":31,"punctaj":288},{"idParticipant":36,"nume":"Ursu","prenume":"Mihail","varsta":24,"punctaj":155},{"idParticipant":12,"nume":"Vasilescu","prenume":"Florin","varsta":23,"punctaj":472},{"idParticipant":37,"nume":"Vlad","prenume":"Anca","varsta":32,"punctaj":138},{"idParticipant":39,"nume":"Voicu","prenume":"Raluca","varsta":34,"punctaj":190},{"idParticipant":38,"nume":"Zamfir","prenume":"Lucian","varsta":23,"punctaj":177}]}
07 Apr 2025 16:54:55,911 DEBUG ro.mpp2024.protocol.ClientWorkerJson 104 handleRequest - Get rezultate request forUserDTO{nume='', username='', password='', probaId='c1'}
07 Apr 2025 16:54:55,911 TRACE ro.mpp2024.repository.RezultatRepository 168 listaParticiapntPuncteProbaDescrescator - Enter listaParticiapntPuncteProbaDescrescator
07 Apr 2025 16:54:55,912 TRACE ro.mpp2024.utils.JdbcUtils 48 getConnection - Enter
07 Apr 2025 16:54:55,912 TRACE ro.mpp2024.utils.JdbcUtils 57 getConnection - Exit with(org.sqlite.jdbc4.JDBC4Connection@7c666a7b)
07 Apr 2025 16:54:55,913 TRACE ro.mpp2024.repository.RezultatRepository 186 listaParticiapntPuncteProbaDescrescator - Enter Terminat dictionar
07 Apr 2025 16:54:55,914 DEBUG ro.mpp2024.protocol.ClientWorkerJson 80 sendResponse - sending response {"type":"REZULTATE","punctaje":[{"idParticipant":38,"nume":"Zamfir","prenume":"Lucian","varsta":23,"punctaj":177},{"idParticipant":6,"nume":"Stan","prenume":"Ioana","varsta":27,"punctaj":152},{"idParticipant":9,"nume":"Tudor","prenume":"Alexandru","varsta":31,"punctaj":150},{"idParticipant":12,"nume":"Vasilescu","prenume":"Florin","varsta":23,"punctaj":100},{"idParticipant":18,"nume":"Barbu","prenume":"Irina","varsta":27,"punctaj":30},{"idParticipant":37,"nume":"Vlad","prenume":"Anca","varsta":32,"punctaj":10},{"idParticipant":24,"nume":"Hagi","prenume":"Diana","varsta":32,"punctaj":10},{"idParticipant":23,"nume":"Grigore","prenume":"Stefan","varsta":24,"punctaj":10},{"idParticipant":22,"nume":"Filip","prenume":"Bianca","varsta":31,"punctaj":10},{"idParticipant":21,"nume":"Dragomir","prenume":"Adrian","varsta":26,"punctaj":10},{"idParticipant":20,"nume":"Enache","prenume":"Laura","varsta":29,"punctaj":10},{"idParticipant":19,"nume":"Constantin","prenume":"Marius","varsta":30,"punctaj":10},{"idParticipant":17,"nume":"Gheorghe","prenume":"Vlad","varsta":28,"punctaj":10},{"idParticipant":13,"nume":"Dobre","prenume":"Adriana","varsta":34,"punctaj":10},{"idParticipant":11,"nume":"Iliescu","prenume":"Daniela","varsta":32,"punctaj":10},{"idParticipant":4,"nume":"Dumitrescu","prenume":"Elena","varsta":28,"punctaj":10},{"idParticipant":3,"nume":"Georgescu","prenume":"Andrei","varsta":22,"punctaj":10},{"idParticipant":2,"nume":"Ionescu","prenume":"Maria","varsta":30,"punctaj":10},{"idParticipant":1,"nume":"Popescu","prenume":"Ion","varsta":25,"punctaj":10}]}
07 Apr 2025 16:54:56,923 DEBUG ro.mpp2024.protocol.ClientWorkerJson 142 handleRequest - Get participanti request fornull
07 Apr 2025 16:54:56,925 TRACE ro.mpp2024.repository.ParticipantRepository 42 findAll - Enter
07 Apr 2025 16:54:56,926 TRACE ro.mpp2024.utils.JdbcUtils 48 getConnection - Enter
07 Apr 2025 16:54:56,927 TRACE ro.mpp2024.utils.JdbcUtils 57 getConnection - Exit with(org.sqlite.jdbc4.JDBC4Connection@7c666a7b)
07 Apr 2025 16:54:56,928 TRACE ro.mpp2024.repository.ParticipantRepository 30 createEntityFromResultSet - Enter createEntityFromResultSet
07 Apr 2025 16:54:56,929 TRACE ro.mpp2024.repository.ParticipantRepository 36 createEntityFromResultSet - Exit with(Popescu Ion)
07 Apr 2025 16:54:56,930 TRACE ro.mpp2024.repository.ParticipantRepository 30 createEntityFromResultSet - Enter createEntityFromResultSet
07 Apr 2025 16:54:56,930 TRACE ro.mpp2024.repository.ParticipantRepository 36 createEntityFromResultSet - Exit with(Ionescu Maria)
07 Apr 2025 16:54:56,930 TRACE ro.mpp2024.repository.ParticipantRepository 30 createEntityFromResultSet - Enter createEntityFromResultSet
07 Apr 2025 16:54:56,931 TRACE ro.mpp2024.repository.ParticipantRepository 36 createEntityFromResultSet - Exit with(Georgescu Andrei)
07 Apr 2025 16:54:56,931 TRACE ro.mpp2024.repository.ParticipantRepository 30 createEntityFromResultSet - Enter createEntityFromResultSet
07 Apr 2025 16:54:56,931 TRACE ro.mpp2024.repository.ParticipantRepository 36 createEntityFromResultSet - Exit with(Dumitrescu Elena)
07 Apr 2025 16:54:56,932 TRACE ro.mpp2024.repository.ParticipantRepository 30 createEntityFromResultSet - Enter createEntityFromResultSet
07 Apr 2025 16:54:56,932 TRACE ro.mpp2024.repository.ParticipantRepository 36 createEntityFromResultSet - Exit with(Popa Mihai)
07 Apr 2025 16:54:56,932 TRACE ro.mpp2024.repository.ParticipantRepository 30 createEntityFromResultSet - Enter createEntityFromResultSet
07 Apr 2025 16:54:56,934 TRACE ro.mpp2024.repository.ParticipantRepository 36 createEntityFromResultSet - Exit with(Stan Ioana)
07 Apr 2025 16:54:56,934 TRACE ro.mpp2024.repository.ParticipantRepository 30 createEntityFromResultSet - Enter createEntityFromResultSet
07 Apr 2025 16:54:56,935 TRACE ro.mpp2024.repository.ParticipantRepository 36 createEntityFromResultSet - Exit with(Radu Cristian)
07 Apr 2025 16:54:56,935 TRACE ro.mpp2024.repository.ParticipantRepository 30 createEntityFromResultSet - Enter createEntityFromResultSet
07 Apr 2025 16:54:56,936 TRACE ro.mpp2024.repository.ParticipantRepository 36 createEntityFromResultSet - Exit with(Marin Ana)
07 Apr 2025 16:54:56,936 TRACE ro.mpp2024.repository.ParticipantRepository 30 createEntityFromResultSet - Enter createEntityFromResultSet
07 Apr 2025 16:54:56,937 TRACE ro.mpp2024.repository.ParticipantRepository 36 createEntityFromResultSet - Exit with(Tudor Alexandru)
07 Apr 2025 16:54:56,937 TRACE ro.mpp2024.repository.ParticipantRepository 30 createEntityFromResultSet - Enter createEntityFromResultSet
07 Apr 2025 16:54:56,938 TRACE ro.mpp2024.repository.ParticipantRepository 36 createEntityFromResultSet - Exit with(Petrescu Gabriel)
07 Apr 2025 16:54:56,938 TRACE ro.mpp2024.repository.ParticipantRepository 30 createEntityFromResultSet - Enter createEntityFromResultSet
07 Apr 2025 16:54:56,939 TRACE ro.mpp2024.repository.ParticipantRepository 36 createEntityFromResultSet - Exit with(Iliescu Daniela)
07 Apr 2025 16:54:56,940 TRACE ro.mpp2024.repository.ParticipantRepository 30 createEntityFromResultSet - Enter createEntityFromResultSet
07 Apr 2025 16:54:56,940 TRACE ro.mpp2024.repository.ParticipantRepository 36 createEntityFromResultSet - Exit with(Vasilescu Florin)
07 Apr 2025 16:54:56,941 TRACE ro.mpp2024.repository.ParticipantRepository 30 createEntityFromResultSet - Enter createEntityFromResultSet
07 Apr 2025 16:54:56,941 TRACE ro.mpp2024.repository.ParticipantRepository 36 createEntityFromResultSet - Exit with(Dobre Adriana)
07 Apr 2025 16:54:56,942 TRACE ro.mpp2024.repository.ParticipantRepository 30 createEntityFromResultSet - Enter createEntityFromResultSet
07 Apr 2025 16:54:56,942 TRACE ro.mpp2024.repository.ParticipantRepository 36 createEntityFromResultSet - Exit with(Munteanu Sorin)
07 Apr 2025 16:54:56,943 TRACE ro.mpp2024.repository.ParticipantRepository 30 createEntityFromResultSet - Enter createEntityFromResultSet
07 Apr 2025 16:54:56,944 TRACE ro.mpp2024.repository.ParticipantRepository 36 createEntityFromResultSet - Exit with(Nistor Carmen)
07 Apr 2025 16:54:56,944 TRACE ro.mpp2024.repository.ParticipantRepository 30 createEntityFromResultSet - Enter createEntityFromResultSet
07 Apr 2025 16:54:56,945 TRACE ro.mpp2024.repository.ParticipantRepository 36 createEntityFromResultSet - Exit with(Lazar Roxana)
07 Apr 2025 16:54:56,946 TRACE ro.mpp2024.repository.ParticipantRepository 30 createEntityFromResultSet - Enter createEntityFromResultSet
07 Apr 2025 16:54:56,946 TRACE ro.mpp2024.repository.ParticipantRepository 36 createEntityFromResultSet - Exit with(Gheorghe Vlad)
07 Apr 2025 16:54:56,946 TRACE ro.mpp2024.repository.ParticipantRepository 30 createEntityFromResultSet - Enter createEntityFromResultSet
07 Apr 2025 16:54:56,947 TRACE ro.mpp2024.repository.ParticipantRepository 36 createEntityFromResultSet - Exit with(Barbu Irina)
07 Apr 2025 16:54:56,948 TRACE ro.mpp2024.repository.ParticipantRepository 30 createEntityFromResultSet - Enter createEntityFromResultSet
07 Apr 2025 16:54:56,948 TRACE ro.mpp2024.repository.ParticipantRepository 36 createEntityFromResultSet - Exit with(Constantin Marius)
07 Apr 2025 16:54:56,948 TRACE ro.mpp2024.repository.ParticipantRepository 30 createEntityFromResultSet - Enter createEntityFromResultSet
07 Apr 2025 16:54:56,949 TRACE ro.mpp2024.repository.ParticipantRepository 36 createEntityFromResultSet - Exit with(Enache Laura)
07 Apr 2025 16:54:56,950 TRACE ro.mpp2024.repository.ParticipantRepository 30 createEntityFromResultSet - Enter createEntityFromResultSet
07 Apr 2025 16:54:56,950 TRACE ro.mpp2024.repository.ParticipantRepository 36 createEntityFromResultSet - Exit with(Dragomir Adrian)
07 Apr 2025 16:54:56,950 TRACE ro.mpp2024.repository.ParticipantRepository 30 createEntityFromResultSet - Enter createEntityFromResultSet
07 Apr 2025 16:54:56,951 TRACE ro.mpp2024.repository.ParticipantRepository 36 createEntityFromResultSet - Exit with(Filip Bianca)
07 Apr 2025 16:54:56,951 TRACE ro.mpp2024.repository.ParticipantRepository 30 createEntityFromResultSet - Enter createEntityFromResultSet
07 Apr 2025 16:54:56,952 TRACE ro.mpp2024.repository.ParticipantRepository 36 createEntityFromResultSet - Exit with(Grigore Stefan)
07 Apr 2025 16:54:56,952 TRACE ro.mpp2024.repository.ParticipantRepository 30 createEntityFromResultSet - Enter createEntityFromResultSet
07 Apr 2025 16:54:56,953 TRACE ro.mpp2024.repository.ParticipantRepository 36 createEntityFromResultSet - Exit with(Hagi Diana)
07 Apr 2025 16:54:56,953 TRACE ro.mpp2024.repository.ParticipantRepository 30 createEntityFromResultSet - Enter createEntityFromResultSet
07 Apr 2025 16:54:56,954 TRACE ro.mpp2024.repository.ParticipantRepository 36 createEntityFromResultSet - Exit with(Iacob Radu)
07 Apr 2025 16:54:56,954 TRACE ro.mpp2024.repository.ParticipantRepository 30 createEntityFromResultSet - Enter createEntityFromResultSet
07 Apr 2025 16:54:56,955 TRACE ro.mpp2024.repository.ParticipantRepository 36 createEntityFromResultSet - Exit with(Jianu Oana)
07 Apr 2025 16:54:56,955 TRACE ro.mpp2024.repository.ParticipantRepository 30 createEntityFromResultSet - Enter createEntityFromResultSet
07 Apr 2025 16:54:56,956 TRACE ro.mpp2024.repository.ParticipantRepository 36 createEntityFromResultSet - Exit with(Kovacs Cristina)
07 Apr 2025 16:54:56,957 TRACE ro.mpp2024.repository.ParticipantRepository 30 createEntityFromResultSet - Enter createEntityFromResultSet
07 Apr 2025 16:54:56,957 TRACE ro.mpp2024.repository.ParticipantRepository 36 createEntityFromResultSet - Exit with(Lupu George)
07 Apr 2025 16:54:56,958 TRACE ro.mpp2024.repository.ParticipantRepository 30 createEntityFromResultSet - Enter createEntityFromResultSet
07 Apr 2025 16:54:56,958 TRACE ro.mpp2024.repository.ParticipantRepository 36 createEntityFromResultSet - Exit with(Manole Simona)
07 Apr 2025 16:54:56,958 TRACE ro.mpp2024.repository.ParticipantRepository 30 createEntityFromResultSet - Enter createEntityFromResultSet
07 Apr 2025 16:54:56,959 TRACE ro.mpp2024.repository.ParticipantRepository 36 createEntityFromResultSet - Exit with(Nedelcu Alexandra)
07 Apr 2025 16:54:56,959 TRACE ro.mpp2024.repository.ParticipantRepository 30 createEntityFromResultSet - Enter createEntityFromResultSet
07 Apr 2025 16:54:56,959 TRACE ro.mpp2024.repository.ParticipantRepository 36 createEntityFromResultSet - Exit with(Oprea Bogdan)
07 Apr 2025 16:54:56,960 TRACE ro.mpp2024.repository.ParticipantRepository 30 createEntityFromResultSet - Enter createEntityFromResultSet
07 Apr 2025 16:54:56,960 TRACE ro.mpp2024.repository.ParticipantRepository 36 createEntityFromResultSet - Exit with(Pavel Monica)
07 Apr 2025 16:54:56,960 TRACE ro.mpp2024.repository.ParticipantRepository 30 createEntityFromResultSet - Enter createEntityFromResultSet
07 Apr 2025 16:54:56,961 TRACE ro.mpp2024.repository.ParticipantRepository 36 createEntityFromResultSet - Exit with(Rusu Andreea)
07 Apr 2025 16:54:56,961 TRACE ro.mpp2024.repository.ParticipantRepository 30 createEntityFromResultSet - Enter createEntityFromResultSet
07 Apr 2025 16:54:56,961 TRACE ro.mpp2024.repository.ParticipantRepository 36 createEntityFromResultSet - Exit with(Sandu Victor)
07 Apr 2025 16:54:56,962 TRACE ro.mpp2024.repository.ParticipantRepository 30 createEntityFromResultSet - Enter createEntityFromResultSet
07 Apr 2025 16:54:56,962 TRACE ro.mpp2024.repository.ParticipantRepository 36 createEntityFromResultSet - Exit with(Toma Gabriela)
07 Apr 2025 16:54:56,962 TRACE ro.mpp2024.repository.ParticipantRepository 30 createEntityFromResultSet - Enter createEntityFromResultSet
07 Apr 2025 16:54:56,963 TRACE ro.mpp2024.repository.ParticipantRepository 36 createEntityFromResultSet - Exit with(Ursu Mihail)
07 Apr 2025 16:54:56,963 TRACE ro.mpp2024.repository.ParticipantRepository 30 createEntityFromResultSet - Enter createEntityFromResultSet
07 Apr 2025 16:54:56,963 TRACE ro.mpp2024.repository.ParticipantRepository 36 createEntityFromResultSet - Exit with(Vlad Anca)
07 Apr 2025 16:54:56,964 TRACE ro.mpp2024.repository.ParticipantRepository 30 createEntityFromResultSet - Enter createEntityFromResultSet
07 Apr 2025 16:54:56,964 TRACE ro.mpp2024.repository.ParticipantRepository 36 createEntityFromResultSet - Exit with(Zamfir Lucian)
07 Apr 2025 16:54:56,965 TRACE ro.mpp2024.repository.ParticipantRepository 30 createEntityFromResultSet - Enter createEntityFromResultSet
07 Apr 2025 16:54:56,965 TRACE ro.mpp2024.repository.ParticipantRepository 36 createEntityFromResultSet - Exit with(Voicu Raluca)
07 Apr 2025 16:54:56,965 TRACE ro.mpp2024.repository.ParticipantRepository 30 createEntityFromResultSet - Enter createEntityFromResultSet
07 Apr 2025 16:54:56,966 TRACE ro.mpp2024.repository.ParticipantRepository 36 createEntityFromResultSet - Exit with(nume prenume)
07 Apr 2025 16:54:56,967 TRACE ro.mpp2024.repository.ParticipantRepository 56 findAll - Exit with([Popescu Ion, Ionescu Maria, Georgescu Andrei, Dumitrescu Elena, Popa Mihai, Stan Ioana, Radu Cristian, Marin Ana, Tudor Alexandru, Petrescu Gabriel, Iliescu Daniela, Vasilescu Florin, Dobre Adriana, Munteanu Sorin, Nistor Carmen, Lazar Roxana, Gheorghe Vlad, Barbu Irina, Constantin Marius, Enache Laura, Dragomir Adrian, Filip Bianca, Grigore Stefan, Hagi Diana, Iacob Radu, Jianu Oana, Kovacs Cristina, Lupu George, Manole Simona, Nedelcu Alexandra, Oprea Bogdan, Pavel Monica, Rusu Andreea, Sandu Victor, Toma Gabriela, Ursu Mihail, Vlad Anca, Zamfir Lucian, Voicu Raluca, nume prenume])
07 Apr 2025 16:54:56,969 DEBUG ro.mpp2024.protocol.ClientWorkerJson 80 sendResponse - sending response {"type":"PARTICIPANTI","participanti":[{"idParticipant":1,"nume":"Popescu","prenume":"Ion","varsta":25,"punctaj":0},{"idParticipant":2,"nume":"Ionescu","prenume":"Maria","varsta":30,"punctaj":0},{"idParticipant":3,"nume":"Georgescu","prenume":"Andrei","varsta":22,"punctaj":0},{"idParticipant":4,"nume":"Dumitrescu","prenume":"Elena","varsta":28,"punctaj":0},{"idParticipant":5,"nume":"Popa","prenume":"Mihai","varsta":35,"punctaj":0},{"idParticipant":6,"nume":"Stan","prenume":"Ioana","varsta":27,"punctaj":0},{"idParticipant":7,"nume":"Radu","prenume":"Cristian","varsta":24,"punctaj":0},{"idParticipant":8,"nume":"Marin","prenume":"Ana","varsta":29,"punctaj":0},{"idParticipant":9,"nume":"Tudor","prenume":"Alexandru","varsta":31,"punctaj":0},{"idParticipant":10,"nume":"Petrescu","prenume":"Gabriel","varsta":26,"punctaj":0},{"idParticipant":11,"nume":"Iliescu","prenume":"Daniela","varsta":32,"punctaj":0},{"idParticipant":12,"nume":"Vasilescu","prenume":"Florin","varsta":23,"punctaj":0},{"idParticipant":13,"nume":"Dobre","prenume":"Adriana","varsta":34,"punctaj":0},{"idParticipant":14,"nume":"Munteanu","prenume":"Sorin","varsta":21,"punctaj":0},{"idParticipant":15,"nume":"Nistor","prenume":"Carmen","varsta":33,"punctaj":0},{"idParticipant":16,"nume":"Lazar","prenume":"Roxana","varsta":25,"punctaj":0},{"idParticipant":17,"nume":"Gheorghe","prenume":"Vlad","varsta":28,"punctaj":0},{"idParticipant":18,"nume":"Barbu","prenume":"Irina","varsta":27,"punctaj":0},{"idParticipant":19,"nume":"Constantin","prenume":"Marius","varsta":30,"punctaj":0},{"idParticipant":20,"nume":"Enache","prenume":"Laura","varsta":29,"punctaj":0},{"idParticipant":21,"nume":"Dragomir","prenume":"Adrian","varsta":26,"punctaj":0},{"idParticipant":22,"nume":"Filip","prenume":"Bianca","varsta":31,"punctaj":0},{"idParticipant":23,"nume":"Grigore","prenume":"Stefan","varsta":24,"punctaj":0},{"idParticipant":24,"nume":"Hagi","prenume":"Diana","varsta":32,"punctaj":0},{"idParticipant":25,"nume":"Iacob","prenume":"Radu","varsta":23,"punctaj":0},{"idParticipant":26,"nume":"Jianu","prenume":"Oana","varsta":34,"punctaj":0},{"idParticipant":27,"nume":"Kovacs","prenume":"Cristina","varsta":21,"punctaj":0},{"idParticipant":28,"nume":"Lupu","prenume":"George","varsta":33,"punctaj":0},{"idParticipant":29,"nume":"Manole","prenume":"Simona","varsta":25,"punctaj":0},{"idParticipant":30,"nume":"Nedelcu","prenume":"Alexandra","varsta":28,"punctaj":0},{"idParticipant":31,"nume":"Oprea","prenume":"Bogdan","varsta":27,"punctaj":0},{"idParticipant":32,"nume":"Pavel","prenume":"Monica","varsta":30,"punctaj":0},{"idParticipant":33,"nume":"Rusu","prenume":"Andreea","varsta":29,"punctaj":0},{"idParticipant":34,"nume":"Sandu","prenume":"Victor","varsta":26,"punctaj":0},{"idParticipant":35,"nume":"Toma","prenume":"Gabriela","varsta":31,"punctaj":0},{"idParticipant":36,"nume":"Ursu","prenume":"Mihail","varsta":24,"punctaj":0},{"idParticipant":37,"nume":"Vlad","prenume":"Anca","varsta":32,"punctaj":0},{"idParticipant":38,"nume":"Zamfir","prenume":"Lucian","varsta":23,"punctaj":0},{"idParticipant":39,"nume":"Voicu","prenume":"Raluca","varsta":34,"punctaj":0},{"idParticipant":40,"nume":"nume","prenume":"prenume","varsta":20,"punctaj":0}]}
07 Apr 2025 16:56:01,397 DEBUG ro.mpp2024.protocol.ClientWorkerJson 127 handleRequest - Add rezultat request RezultatDTO{idProba='c1', idParticipant=28, puncte=30}
07 Apr 2025 16:56:01,398 TRACE ro.mpp2024.services.ServerService 52 addRezultat - Enter
07 Apr 2025 16:56:01,398 TRACE ro.mpp2024.repository.ParticipantRepository 62 findOne - Enter
07 Apr 2025 16:56:01,398 TRACE ro.mpp2024.utils.JdbcUtils 48 getConnection - Enter
07 Apr 2025 16:56:01,398 TRACE ro.mpp2024.utils.JdbcUtils 57 getConnection - Exit with(org.sqlite.jdbc4.JDBC4Connection@7c666a7b)
07 Apr 2025 16:56:01,399 TRACE ro.mpp2024.repository.ParticipantRepository 30 createEntityFromResultSet - Enter createEntityFromResultSet
07 Apr 2025 16:56:01,399 TRACE ro.mpp2024.repository.ParticipantRepository 36 createEntityFromResultSet - Exit with(Lupu George)
07 Apr 2025 16:56:01,399 TRACE ro.mpp2024.repository.ParticipantRepository 76 findOne - Exit with(Lupu George)
07 Apr 2025 16:56:01,400 TRACE ro.mpp2024.repository.ProbaRepository 63 findOne - Enter findOne
07 Apr 2025 16:56:01,400 TRACE ro.mpp2024.utils.JdbcUtils 48 getConnection - Enter
07 Apr 2025 16:56:01,400 TRACE ro.mpp2024.utils.JdbcUtils 57 getConnection - Exit with(org.sqlite.jdbc4.JDBC4Connection@7c666a7b)
07 Apr 2025 16:56:01,401 TRACE ro.mpp2024.repository.ProbaRepository 31 createEntityFromResultSet - Enter createEntityFromResultSet
07 Apr 2025 16:56:01,406 TRACE ro.mpp2024.repository.ProbaRepository 37 createEntityFromResultSet - Exit with(Proba{nume='Pedalat 200 de m', arbitru=1, categorie=ciclism})
07 Apr 2025 16:56:01,407 TRACE ro.mpp2024.repository.ProbaRepository 77 findOne - Exit with(Proba{nume='Pedalat 200 de m', arbitru=1, categorie=ciclism})
07 Apr 2025 16:56:01,407 TRACE ro.mpp2024.repository.RezultatRepository 116 save - Enter save
07 Apr 2025 16:56:01,407 TRACE ro.mpp2024.utils.JdbcUtils 48 getConnection - Enter
07 Apr 2025 16:56:01,408 TRACE ro.mpp2024.utils.JdbcUtils 57 getConnection - Exit with(org.sqlite.jdbc4.JDBC4Connection@7c666a7b)
07 Apr 2025 16:56:01,421 TRACE ro.mpp2024.repository.RezultatRepository 127 save - Exit
07 Apr 2025 16:56:01,421 TRACE ro.mpp2024.services.ServerService 56 addRezultat - Exit
07 Apr 2025 16:56:01,421 DEBUG ro.mpp2024.services.ServerService 62 rezultatAdded - rezultat added
07 Apr 2025 16:56:01,428 DEBUG ro.mpp2024.protocol.ClientWorkerJson 80 sendResponse - sending response {"type":"OK"}
07 Apr 2025 16:56:01,437 DEBUG ro.mpp2024.protocol.ClientWorkerJson 180 RezultatAdded - Sending rezultat added response Response{type=REZULTAT_ADDED, errormessage='null', user=null, rezultat=RezultatDTO{idProba='c1', idParticipant=28, puncte=30}, punctaje=null}
07 Apr 2025 16:56:01,438 DEBUG ro.mpp2024.protocol.ClientWorkerJson 180 RezultatAdded - Sending rezultat added response Response{type=REZULTAT_ADDED, errormessage='null', user=null, rezultat=RezultatDTO{idProba='c1', idParticipant=28, puncte=30}, punctaje=null}
07 Apr 2025 16:56:01,439 DEBUG ro.mpp2024.protocol.ClientWorkerJson 80 sendResponse - sending response {"type":"REZULTAT_ADDED","rezultat":{"idProba":"c1","idParticipant":28,"numeParticipant":"Lupu","prenumeParticipant":"George","puncte":30}}
07 Apr 2025 16:56:01,439 DEBUG ro.mpp2024.protocol.ClientWorkerJson 80 sendResponse - sending response {"type":"REZULTAT_ADDED","rezultat":{"idProba":"c1","idParticipant":28,"numeParticipant":"Lupu","prenumeParticipant":"George","puncte":30}}
07 Apr 2025 16:56:17,787 DEBUG ro.mpp2024.protocol.ClientWorkerJson 152 handleRequest - Logout request forUserDTO{nume='Alice Johnson', username='alice.j', password='UGFzc3cwcmQxIQ==', probaId='s1'}
07 Apr 2025 16:56:17,788 INFO  ro.mpp2024.services.ServerService 90 logout - Logout user alice.j
07 Apr 2025 16:56:17,788 DEBUG ro.mpp2024.protocol.ClientWorkerJson 80 sendResponse - sending response {"type":"OK"}
07 Apr 2025 16:56:40,023 DEBUG ro.mpp2024.protocol.ClientWorkerJson 152 handleRequest - Logout request forUserDTO{nume='Bob Smith', username='bob.smith', password='U2VjdXJlUEBzczI=', probaId='c1'}
07 Apr 2025 16:56:40,023 INFO  ro.mpp2024.services.ServerService 90 logout - Logout user bob.smith
07 Apr 2025 16:56:40,024 DEBUG ro.mpp2024.protocol.ClientWorkerJson 80 sendResponse - sending response {"type":"OK"}
07 Apr 2025 16:56:50,915 ERROR ro.mpp2024.protocol.ClientWorkerJson 57 run - java.net.SocketException: Connection reset
07 Apr 2025 16:56:50,915 ERROR ro.mpp2024.protocol.ClientWorkerJson 58 run - [Ljava.lang.StackTraceElement;@40c6da10
13 Apr 2025 15:05:12,331 INFO  ro.mpp2024.StartJsonServer 24 main - Server properties: {server.port=55556, jdbc.url=jdbc:sqlite:src/main/resources/triatlon.db}
13 Apr 2025 15:05:12,335 INFO  ro.mpp2024.repository.ArbitruRepository 23 <init> - Initializing IArbitruRepository with properties: {} 
13 Apr 2025 15:05:12,336 INFO  ro.mpp2024.repository.ProbaRepository 25 <init> - Initializing ProbaRepository with properties: {} 
13 Apr 2025 15:05:12,337 INFO  ro.mpp2024.repository.ParticipantRepository 24 <init> - Initializing ParticipantRepository with properties: {} 
13 Apr 2025 15:05:12,338 INFO  ro.mpp2024.repository.RezultatRepository 25 <init> - Initializing RezultatRepository with properties: {} 
13 Apr 2025 15:05:12,340 INFO  ro.mpp2024.services.ServerService 37 <init> - Service Rezultat made
13 Apr 2025 15:05:12,340 DEBUG ro.mpp2024.StartJsonServer 50 main - Starting server on port: 55556
13 Apr 2025 15:05:12,341 DEBUG ro.mpp2024.networkUtils.AbsConcurrentServer 13 <init> - Concurrent AbstractServer
13 Apr 2025 15:05:12,341 INFO  ro.mpp2024.networkUtils.JsonConcurrentServer 17 <init> - JsonConcurrentServer
13 Apr 2025 15:05:12,346 INFO  chat.network.utils.AbstractServer 25 start - Waiting for clients ...
13 Apr 2025 15:06:04,938 INFO  chat.network.utils.AbstractServer 27 start - Client connected ...
13 Apr 2025 15:06:04,966 INFO  chat.network.utils.AbstractServer 25 start - Waiting for clients ...
13 Apr 2025 15:06:04,974 DEBUG ro.mpp2024.protocol.ClientWorkerJson 90 handleRequest - Login request UserDTO{nume='', username='alice.j', password='UGFzc3cwcmQxIQ==', probaId=''}
13 Apr 2025 15:06:04,976 TRACE ro.mpp2024.utils.JdbcUtils 48 getConnection - Enter
13 Apr 2025 15:06:04,976 TRACE ro.mpp2024.utils.JdbcUtils 25 getNewConnection - Enter
13 Apr 2025 15:06:04,977 INFO  ro.mpp2024.utils.JdbcUtils 30 getNewConnection - trying to connect to database ... jdbc:sqlite:src/main/resources/triatlon.db
13 Apr 2025 15:06:04,977 INFO  ro.mpp2024.utils.JdbcUtils 31 getNewConnection - user: null
13 Apr 2025 15:06:04,977 INFO  ro.mpp2024.utils.JdbcUtils 32 getNewConnection - pass: null
13 Apr 2025 15:06:05,080 TRACE ro.mpp2024.utils.JdbcUtils 57 getConnection - Exit with(org.sqlite.jdbc4.JDBC4Connection@77cb4cc5)
13 Apr 2025 15:06:05,082 TRACE ro.mpp2024.repository.ArbitruRepository 29 createEntityFromResultSet - Enter createEntityFromResultSet
13 Apr 2025 15:06:05,083 TRACE ro.mpp2024.repository.ArbitruRepository 36 createEntityFromResultSet - Exit with(Arbitru{nume='Alice Johnson', username='alice.j', password='UGFzc3cwcmQxIQ==', id_proba=s1})
13 Apr 2025 15:06:05,086 DEBUG ro.mpp2024.protocol.ClientWorkerJson 79 sendResponse - sending response {"typeJava":"LOGGED_ACC","typeCsharp":0,"user":{"id":20,"nume":"Alice Johnson","username":"alice.j","password":"UGFzc3cwcmQxIQ\u003d\u003d","id_proba":"s1"}}
13 Apr 2025 15:06:06,095 DEBUG ro.mpp2024.protocol.ClientWorkerJson 115 handleRequest - Get all rezultate request fornull
13 Apr 2025 15:06:06,095 TRACE ro.mpp2024.repository.RezultatRepository 144 listaParticipantiPuncteAlfabetic - Enter listaParticipantiPuncteAlfabetic
13 Apr 2025 15:06:06,095 TRACE ro.mpp2024.utils.JdbcUtils 48 getConnection - Enter
13 Apr 2025 15:06:06,096 TRACE ro.mpp2024.utils.JdbcUtils 57 getConnection - Exit with(org.sqlite.jdbc4.JDBC4Connection@77cb4cc5)
13 Apr 2025 15:06:06,097 TRACE ro.mpp2024.repository.RezultatRepository 162 listaParticipantiPuncteAlfabetic - Enter Terminat dictionar
13 Apr 2025 15:06:06,098 DEBUG ro.mpp2024.protocol.ClientWorkerJson 79 sendResponse - sending response {"typeJava":"ALL_REZULTATE","typeCsharp":0,"punctaje":[{"idParticipant":18,"nume":"Barbu","prenume":"Irina","varsta":27,"punctaj":240},{"idParticipant":19,"nume":"Constantin","prenume":"Marius","varsta":30,"punctaj":288},{"idParticipant":13,"nume":"Dobre","prenume":"Adriana","varsta":34,"punctaj":185},{"idParticipant":21,"nume":"Dragomir","prenume":"Adrian","varsta":26,"punctaj":140},{"idParticipant":4,"nume":"Dumitrescu","prenume":"Elena","varsta":28,"punctaj":153},{"idParticipant":20,"nume":"Enache","prenume":"Laura","varsta":29,"punctaj":325},{"idParticipant":22,"nume":"Filip","prenume":"Bianca","varsta":31,"punctaj":347},{"idParticipant":3,"nume":"Georgescu","prenume":"Andrei","varsta":22,"punctaj":132},{"idParticipant":17,"nume":"Gheorghe","prenume":"Vlad","varsta":28,"punctaj":210},{"idParticipant":23,"nume":"Grigore","prenume":"Stefan","varsta":24,"punctaj":155},{"idParticipant":24,"nume":"Hagi","prenume":"Diana","varsta":32,"punctaj":203},{"idParticipant":25,"nume":"Iacob","prenume":"Radu","varsta":23,"punctaj":195},{"idParticipant":11,"nume":"Iliescu","prenume":"Daniela","varsta":32,"punctaj":320},{"idParticipant":2,"nume":"Ionescu","prenume":"Maria","varsta":30,"punctaj":166},{"idParticipant":26,"nume":"Jianu","prenume":"Oana","varsta":34,"punctaj":142},{"idParticipant":27,"nume":"Kovacs","prenume":"Cristina","varsta":21,"punctaj":199},{"idParticipant":16,"nume":"Lazar","prenume":"Roxana","varsta":25,"punctaj":185},{"idParticipant":28,"nume":"Lupu","prenume":"George","varsta":33,"punctaj":349},{"idParticipant":29,"nume":"Manole","prenume":"Simona","varsta":25,"punctaj":117},{"idParticipant":8,"nume":"Marin","prenume":"Ana","varsta":29,"punctaj":134},{"idParticipant":14,"nume":"Munteanu","prenume":"Sorin","varsta":21,"punctaj":301},{"idParticipant":30,"nume":"Nedelcu","prenume":"Alexandra","varsta":28,"punctaj":169},{"idParticipant":15,"nume":"Nistor","prenume":"Carmen","varsta":33,"punctaj":189},{"idParticipant":40,"nume":"nume","prenume":"prenume","varsta":20,"punctaj":300},{"idParticipant":31,"nume":"Oprea","prenume":"Bogdan","varsta":27,"punctaj":282},{"idParticipant":32,"nume":"Pavel","prenume":"Monica","varsta":30,"punctaj":111},{"idParticipant":10,"nume":"Petrescu","prenume":"Gabriel","varsta":26,"punctaj":188},{"idParticipant":5,"nume":"Popa","prenume":"Mihai","varsta":35,"punctaj":282},{"idParticipant":1,"nume":"Popescu","prenume":"Ion","varsta":25,"punctaj":158},{"idParticipant":7,"nume":"Radu","prenume":"Cristian","varsta":24,"punctaj":256},{"idParticipant":33,"nume":"Rusu","prenume":"Andreea","varsta":29,"punctaj":313},{"idParticipant":34,"nume":"Sandu","prenume":"Victor","varsta":26,"punctaj":115},{"idParticipant":6,"nume":"Stan","prenume":"Ioana","varsta":27,"punctaj":289},{"idParticipant":35,"nume":"Toma","prenume":"Gabriela","varsta":31,"punctaj":132},{"idParticipant":9,"nume":"Tudor","prenume":"Alexandru","varsta":31,"punctaj":288},{"idParticipant":36,"nume":"Ursu","prenume":"Mihail","varsta":24,"punctaj":155},{"idParticipant":12,"nume":"Vasilescu","prenume":"Florin","varsta":23,"punctaj":472},{"idParticipant":37,"nume":"Vlad","prenume":"Anca","varsta":32,"punctaj":138},{"idParticipant":39,"nume":"Voicu","prenume":"Raluca","varsta":34,"punctaj":190},{"idParticipant":38,"nume":"Zamfir","prenume":"Lucian","varsta":23,"punctaj":177}]}
13 Apr 2025 15:06:07,112 DEBUG ro.mpp2024.protocol.ClientWorkerJson 103 handleRequest - Get rezultate request forUserDTO{nume='', username='', password='', probaId='s1'}
13 Apr 2025 15:06:07,112 TRACE ro.mpp2024.repository.RezultatRepository 168 listaParticiapntPuncteProbaDescrescator - Enter listaParticiapntPuncteProbaDescrescator
13 Apr 2025 15:06:07,112 TRACE ro.mpp2024.utils.JdbcUtils 48 getConnection - Enter
13 Apr 2025 15:06:07,113 TRACE ro.mpp2024.utils.JdbcUtils 57 getConnection - Exit with(org.sqlite.jdbc4.JDBC4Connection@77cb4cc5)
13 Apr 2025 15:06:07,113 TRACE ro.mpp2024.repository.RezultatRepository 186 listaParticiapntPuncteProbaDescrescator - Enter Terminat dictionar
13 Apr 2025 15:06:07,114 DEBUG ro.mpp2024.protocol.ClientWorkerJson 79 sendResponse - sending response {"typeJava":"REZULTATE","typeCsharp":0,"punctaje":[{"idParticipant":28,"nume":"Lupu","prenume":"George","varsta":33,"punctaj":199},{"idParticipant":12,"nume":"Vasilescu","prenume":"Florin","varsta":23,"punctaj":198},{"idParticipant":11,"nume":"Iliescu","prenume":"Daniela","varsta":32,"punctaj":185},{"idParticipant":20,"nume":"Enache","prenume":"Laura","varsta":29,"punctaj":140},{"idParticipant":19,"nume":"Constantin","prenume":"Marius","varsta":30,"punctaj":100},{"idParticipant":22,"nume":"Filip","prenume":"Bianca","varsta":31,"punctaj":30},{"idParticipant":18,"nume":"Barbu","prenume":"Irina","varsta":27,"punctaj":20},{"idParticipant":3,"nume":"Georgescu","prenume":"Andrei","varsta":22,"punctaj":20},{"idParticipant":13,"nume":"Dobre","prenume":"Adriana","varsta":34,"punctaj":10}]}
13 Apr 2025 15:06:08,123 DEBUG ro.mpp2024.protocol.ClientWorkerJson 141 handleRequest - Get participanti request fornull
13 Apr 2025 15:06:08,123 TRACE ro.mpp2024.repository.ParticipantRepository 42 findAll - Enter
13 Apr 2025 15:06:08,123 TRACE ro.mpp2024.utils.JdbcUtils 48 getConnection - Enter
13 Apr 2025 15:06:08,124 TRACE ro.mpp2024.utils.JdbcUtils 57 getConnection - Exit with(org.sqlite.jdbc4.JDBC4Connection@77cb4cc5)
13 Apr 2025 15:06:08,124 TRACE ro.mpp2024.repository.ParticipantRepository 30 createEntityFromResultSet - Enter createEntityFromResultSet
13 Apr 2025 15:06:08,125 TRACE ro.mpp2024.repository.ParticipantRepository 36 createEntityFromResultSet - Exit with(Popescu Ion)
13 Apr 2025 15:06:08,125 TRACE ro.mpp2024.repository.ParticipantRepository 30 createEntityFromResultSet - Enter createEntityFromResultSet
13 Apr 2025 15:06:08,125 TRACE ro.mpp2024.repository.ParticipantRepository 36 createEntityFromResultSet - Exit with(Ionescu Maria)
13 Apr 2025 15:06:08,125 TRACE ro.mpp2024.repository.ParticipantRepository 30 createEntityFromResultSet - Enter createEntityFromResultSet
13 Apr 2025 15:06:08,125 TRACE ro.mpp2024.repository.ParticipantRepository 36 createEntityFromResultSet - Exit with(Georgescu Andrei)
13 Apr 2025 15:06:08,125 TRACE ro.mpp2024.repository.ParticipantRepository 30 createEntityFromResultSet - Enter createEntityFromResultSet
13 Apr 2025 15:06:08,125 TRACE ro.mpp2024.repository.ParticipantRepository 36 createEntityFromResultSet - Exit with(Dumitrescu Elena)
13 Apr 2025 15:06:08,126 TRACE ro.mpp2024.repository.ParticipantRepository 30 createEntityFromResultSet - Enter createEntityFromResultSet
13 Apr 2025 15:06:08,126 TRACE ro.mpp2024.repository.ParticipantRepository 36 createEntityFromResultSet - Exit with(Popa Mihai)
13 Apr 2025 15:06:08,126 TRACE ro.mpp2024.repository.ParticipantRepository 30 createEntityFromResultSet - Enter createEntityFromResultSet
13 Apr 2025 15:06:08,126 TRACE ro.mpp2024.repository.ParticipantRepository 36 createEntityFromResultSet - Exit with(Stan Ioana)
13 Apr 2025 15:06:08,126 TRACE ro.mpp2024.repository.ParticipantRepository 30 createEntityFromResultSet - Enter createEntityFromResultSet
13 Apr 2025 15:06:08,126 TRACE ro.mpp2024.repository.ParticipantRepository 36 createEntityFromResultSet - Exit with(Radu Cristian)
13 Apr 2025 15:06:08,126 TRACE ro.mpp2024.repository.ParticipantRepository 30 createEntityFromResultSet - Enter createEntityFromResultSet
13 Apr 2025 15:06:08,126 TRACE ro.mpp2024.repository.ParticipantRepository 36 createEntityFromResultSet - Exit with(Marin Ana)
13 Apr 2025 15:06:08,127 TRACE ro.mpp2024.repository.ParticipantRepository 30 createEntityFromResultSet - Enter createEntityFromResultSet
13 Apr 2025 15:06:08,127 TRACE ro.mpp2024.repository.ParticipantRepository 36 createEntityFromResultSet - Exit with(Tudor Alexandru)
13 Apr 2025 15:06:08,127 TRACE ro.mpp2024.repository.ParticipantRepository 30 createEntityFromResultSet - Enter createEntityFromResultSet
13 Apr 2025 15:06:08,127 TRACE ro.mpp2024.repository.ParticipantRepository 36 createEntityFromResultSet - Exit with(Petrescu Gabriel)
13 Apr 2025 15:06:08,127 TRACE ro.mpp2024.repository.ParticipantRepository 30 createEntityFromResultSet - Enter createEntityFromResultSet
13 Apr 2025 15:06:08,127 TRACE ro.mpp2024.repository.ParticipantRepository 36 createEntityFromResultSet - Exit with(Iliescu Daniela)
13 Apr 2025 15:06:08,127 TRACE ro.mpp2024.repository.ParticipantRepository 30 createEntityFromResultSet - Enter createEntityFromResultSet
13 Apr 2025 15:06:08,127 TRACE ro.mpp2024.repository.ParticipantRepository 36 createEntityFromResultSet - Exit with(Vasilescu Florin)
13 Apr 2025 15:06:08,128 TRACE ro.mpp2024.repository.ParticipantRepository 30 createEntityFromResultSet - Enter createEntityFromResultSet
13 Apr 2025 15:06:08,128 TRACE ro.mpp2024.repository.ParticipantRepository 36 createEntityFromResultSet - Exit with(Dobre Adriana)
13 Apr 2025 15:06:08,128 TRACE ro.mpp2024.repository.ParticipantRepository 30 createEntityFromResultSet - Enter createEntityFromResultSet
13 Apr 2025 15:06:08,128 TRACE ro.mpp2024.repository.ParticipantRepository 36 createEntityFromResultSet - Exit with(Munteanu Sorin)
13 Apr 2025 15:06:08,128 TRACE ro.mpp2024.repository.ParticipantRepository 30 createEntityFromResultSet - Enter createEntityFromResultSet
13 Apr 2025 15:06:08,128 TRACE ro.mpp2024.repository.ParticipantRepository 36 createEntityFromResultSet - Exit with(Nistor Carmen)
13 Apr 2025 15:06:08,128 TRACE ro.mpp2024.repository.ParticipantRepository 30 createEntityFromResultSet - Enter createEntityFromResultSet
13 Apr 2025 15:06:08,129 TRACE ro.mpp2024.repository.ParticipantRepository 36 createEntityFromResultSet - Exit with(Lazar Roxana)
13 Apr 2025 15:06:08,129 TRACE ro.mpp2024.repository.ParticipantRepository 30 createEntityFromResultSet - Enter createEntityFromResultSet
13 Apr 2025 15:06:08,129 TRACE ro.mpp2024.repository.ParticipantRepository 36 createEntityFromResultSet - Exit with(Gheorghe Vlad)
13 Apr 2025 15:06:08,129 TRACE ro.mpp2024.repository.ParticipantRepository 30 createEntityFromResultSet - Enter createEntityFromResultSet
13 Apr 2025 15:06:08,129 TRACE ro.mpp2024.repository.ParticipantRepository 36 createEntityFromResultSet - Exit with(Barbu Irina)
13 Apr 2025 15:06:08,129 TRACE ro.mpp2024.repository.ParticipantRepository 30 createEntityFromResultSet - Enter createEntityFromResultSet
13 Apr 2025 15:06:08,129 TRACE ro.mpp2024.repository.ParticipantRepository 36 createEntityFromResultSet - Exit with(Constantin Marius)
13 Apr 2025 15:06:08,129 TRACE ro.mpp2024.repository.ParticipantRepository 30 createEntityFromResultSet - Enter createEntityFromResultSet
13 Apr 2025 15:06:08,129 TRACE ro.mpp2024.repository.ParticipantRepository 36 createEntityFromResultSet - Exit with(Enache Laura)
13 Apr 2025 15:06:08,130 TRACE ro.mpp2024.repository.ParticipantRepository 30 createEntityFromResultSet - Enter createEntityFromResultSet
13 Apr 2025 15:06:08,130 TRACE ro.mpp2024.repository.ParticipantRepository 36 createEntityFromResultSet - Exit with(Dragomir Adrian)
13 Apr 2025 15:06:08,130 TRACE ro.mpp2024.repository.ParticipantRepository 30 createEntityFromResultSet - Enter createEntityFromResultSet
13 Apr 2025 15:06:08,130 TRACE ro.mpp2024.repository.ParticipantRepository 36 createEntityFromResultSet - Exit with(Filip Bianca)
13 Apr 2025 15:06:08,130 TRACE ro.mpp2024.repository.ParticipantRepository 30 createEntityFromResultSet - Enter createEntityFromResultSet
13 Apr 2025 15:06:08,130 TRACE ro.mpp2024.repository.ParticipantRepository 36 createEntityFromResultSet - Exit with(Grigore Stefan)
13 Apr 2025 15:06:08,130 TRACE ro.mpp2024.repository.ParticipantRepository 30 createEntityFromResultSet - Enter createEntityFromResultSet
13 Apr 2025 15:06:08,130 TRACE ro.mpp2024.repository.ParticipantRepository 36 createEntityFromResultSet - Exit with(Hagi Diana)
13 Apr 2025 15:06:08,130 TRACE ro.mpp2024.repository.ParticipantRepository 30 createEntityFromResultSet - Enter createEntityFromResultSet
13 Apr 2025 15:06:08,131 TRACE ro.mpp2024.repository.ParticipantRepository 36 createEntityFromResultSet - Exit with(Iacob Radu)
13 Apr 2025 15:06:08,131 TRACE ro.mpp2024.repository.ParticipantRepository 30 createEntityFromResultSet - Enter createEntityFromResultSet
13 Apr 2025 15:06:08,131 TRACE ro.mpp2024.repository.ParticipantRepository 36 createEntityFromResultSet - Exit with(Jianu Oana)
13 Apr 2025 15:06:08,131 TRACE ro.mpp2024.repository.ParticipantRepository 30 createEntityFromResultSet - Enter createEntityFromResultSet
13 Apr 2025 15:06:08,131 TRACE ro.mpp2024.repository.ParticipantRepository 36 createEntityFromResultSet - Exit with(Kovacs Cristina)
13 Apr 2025 15:06:08,131 TRACE ro.mpp2024.repository.ParticipantRepository 30 createEntityFromResultSet - Enter createEntityFromResultSet
13 Apr 2025 15:06:08,131 TRACE ro.mpp2024.repository.ParticipantRepository 36 createEntityFromResultSet - Exit with(Lupu George)
13 Apr 2025 15:06:08,131 TRACE ro.mpp2024.repository.ParticipantRepository 30 createEntityFromResultSet - Enter createEntityFromResultSet
13 Apr 2025 15:06:08,131 TRACE ro.mpp2024.repository.ParticipantRepository 36 createEntityFromResultSet - Exit with(Manole Simona)
13 Apr 2025 15:06:08,132 TRACE ro.mpp2024.repository.ParticipantRepository 30 createEntityFromResultSet - Enter createEntityFromResultSet
13 Apr 2025 15:06:08,132 TRACE ro.mpp2024.repository.ParticipantRepository 36 createEntityFromResultSet - Exit with(Nedelcu Alexandra)
13 Apr 2025 15:06:08,132 TRACE ro.mpp2024.repository.ParticipantRepository 30 createEntityFromResultSet - Enter createEntityFromResultSet
13 Apr 2025 15:06:08,132 TRACE ro.mpp2024.repository.ParticipantRepository 36 createEntityFromResultSet - Exit with(Oprea Bogdan)
13 Apr 2025 15:06:08,132 TRACE ro.mpp2024.repository.ParticipantRepository 30 createEntityFromResultSet - Enter createEntityFromResultSet
13 Apr 2025 15:06:08,132 TRACE ro.mpp2024.repository.ParticipantRepository 36 createEntityFromResultSet - Exit with(Pavel Monica)
13 Apr 2025 15:06:08,132 TRACE ro.mpp2024.repository.ParticipantRepository 30 createEntityFromResultSet - Enter createEntityFromResultSet
13 Apr 2025 15:06:08,132 TRACE ro.mpp2024.repository.ParticipantRepository 36 createEntityFromResultSet - Exit with(Rusu Andreea)
13 Apr 2025 15:06:08,132 TRACE ro.mpp2024.repository.ParticipantRepository 30 createEntityFromResultSet - Enter createEntityFromResultSet
13 Apr 2025 15:06:08,133 TRACE ro.mpp2024.repository.ParticipantRepository 36 createEntityFromResultSet - Exit with(Sandu Victor)
13 Apr 2025 15:06:08,133 TRACE ro.mpp2024.repository.ParticipantRepository 30 createEntityFromResultSet - Enter createEntityFromResultSet
13 Apr 2025 15:06:08,133 TRACE ro.mpp2024.repository.ParticipantRepository 36 createEntityFromResultSet - Exit with(Toma Gabriela)
13 Apr 2025 15:06:08,133 TRACE ro.mpp2024.repository.ParticipantRepository 30 createEntityFromResultSet - Enter createEntityFromResultSet
13 Apr 2025 15:06:08,133 TRACE ro.mpp2024.repository.ParticipantRepository 36 createEntityFromResultSet - Exit with(Ursu Mihail)
13 Apr 2025 15:06:08,133 TRACE ro.mpp2024.repository.ParticipantRepository 30 createEntityFromResultSet - Enter createEntityFromResultSet
13 Apr 2025 15:06:08,133 TRACE ro.mpp2024.repository.ParticipantRepository 36 createEntityFromResultSet - Exit with(Vlad Anca)
13 Apr 2025 15:06:08,133 TRACE ro.mpp2024.repository.ParticipantRepository 30 createEntityFromResultSet - Enter createEntityFromResultSet
13 Apr 2025 15:06:08,134 TRACE ro.mpp2024.repository.ParticipantRepository 36 createEntityFromResultSet - Exit with(Zamfir Lucian)
13 Apr 2025 15:06:08,134 TRACE ro.mpp2024.repository.ParticipantRepository 30 createEntityFromResultSet - Enter createEntityFromResultSet
13 Apr 2025 15:06:08,134 TRACE ro.mpp2024.repository.ParticipantRepository 36 createEntityFromResultSet - Exit with(Voicu Raluca)
13 Apr 2025 15:06:08,134 TRACE ro.mpp2024.repository.ParticipantRepository 30 createEntityFromResultSet - Enter createEntityFromResultSet
13 Apr 2025 15:06:08,134 TRACE ro.mpp2024.repository.ParticipantRepository 36 createEntityFromResultSet - Exit with(nume prenume)
13 Apr 2025 15:06:08,134 TRACE ro.mpp2024.repository.ParticipantRepository 56 findAll - Exit with([Popescu Ion, Ionescu Maria, Georgescu Andrei, Dumitrescu Elena, Popa Mihai, Stan Ioana, Radu Cristian, Marin Ana, Tudor Alexandru, Petrescu Gabriel, Iliescu Daniela, Vasilescu Florin, Dobre Adriana, Munteanu Sorin, Nistor Carmen, Lazar Roxana, Gheorghe Vlad, Barbu Irina, Constantin Marius, Enache Laura, Dragomir Adrian, Filip Bianca, Grigore Stefan, Hagi Diana, Iacob Radu, Jianu Oana, Kovacs Cristina, Lupu George, Manole Simona, Nedelcu Alexandra, Oprea Bogdan, Pavel Monica, Rusu Andreea, Sandu Victor, Toma Gabriela, Ursu Mihail, Vlad Anca, Zamfir Lucian, Voicu Raluca, nume prenume])
13 Apr 2025 15:06:08,135 DEBUG ro.mpp2024.protocol.ClientWorkerJson 79 sendResponse - sending response {"typeJava":"PARTICIPANTI","typeCsharp":0,"participanti":[{"idParticipant":1,"nume":"Popescu","prenume":"Ion","varsta":25,"punctaj":0},{"idParticipant":2,"nume":"Ionescu","prenume":"Maria","varsta":30,"punctaj":0},{"idParticipant":3,"nume":"Georgescu","prenume":"Andrei","varsta":22,"punctaj":0},{"idParticipant":4,"nume":"Dumitrescu","prenume":"Elena","varsta":28,"punctaj":0},{"idParticipant":5,"nume":"Popa","prenume":"Mihai","varsta":35,"punctaj":0},{"idParticipant":6,"nume":"Stan","prenume":"Ioana","varsta":27,"punctaj":0},{"idParticipant":7,"nume":"Radu","prenume":"Cristian","varsta":24,"punctaj":0},{"idParticipant":8,"nume":"Marin","prenume":"Ana","varsta":29,"punctaj":0},{"idParticipant":9,"nume":"Tudor","prenume":"Alexandru","varsta":31,"punctaj":0},{"idParticipant":10,"nume":"Petrescu","prenume":"Gabriel","varsta":26,"punctaj":0},{"idParticipant":11,"nume":"Iliescu","prenume":"Daniela","varsta":32,"punctaj":0},{"idParticipant":12,"nume":"Vasilescu","prenume":"Florin","varsta":23,"punctaj":0},{"idParticipant":13,"nume":"Dobre","prenume":"Adriana","varsta":34,"punctaj":0},{"idParticipant":14,"nume":"Munteanu","prenume":"Sorin","varsta":21,"punctaj":0},{"idParticipant":15,"nume":"Nistor","prenume":"Carmen","varsta":33,"punctaj":0},{"idParticipant":16,"nume":"Lazar","prenume":"Roxana","varsta":25,"punctaj":0},{"idParticipant":17,"nume":"Gheorghe","prenume":"Vlad","varsta":28,"punctaj":0},{"idParticipant":18,"nume":"Barbu","prenume":"Irina","varsta":27,"punctaj":0},{"idParticipant":19,"nume":"Constantin","prenume":"Marius","varsta":30,"punctaj":0},{"idParticipant":20,"nume":"Enache","prenume":"Laura","varsta":29,"punctaj":0},{"idParticipant":21,"nume":"Dragomir","prenume":"Adrian","varsta":26,"punctaj":0},{"idParticipant":22,"nume":"Filip","prenume":"Bianca","varsta":31,"punctaj":0},{"idParticipant":23,"nume":"Grigore","prenume":"Stefan","varsta":24,"punctaj":0},{"idParticipant":24,"nume":"Hagi","prenume":"Diana","varsta":32,"punctaj":0},{"idParticipant":25,"nume":"Iacob","prenume":"Radu","varsta":23,"punctaj":0},{"idParticipant":26,"nume":"Jianu","prenume":"Oana","varsta":34,"punctaj":0},{"idParticipant":27,"nume":"Kovacs","prenume":"Cristina","varsta":21,"punctaj":0},{"idParticipant":28,"nume":"Lupu","prenume":"George","varsta":33,"punctaj":0},{"idParticipant":29,"nume":"Manole","prenume":"Simona","varsta":25,"punctaj":0},{"idParticipant":30,"nume":"Nedelcu","prenume":"Alexandra","varsta":28,"punctaj":0},{"idParticipant":31,"nume":"Oprea","prenume":"Bogdan","varsta":27,"punctaj":0},{"idParticipant":32,"nume":"Pavel","prenume":"Monica","varsta":30,"punctaj":0},{"idParticipant":33,"nume":"Rusu","prenume":"Andreea","varsta":29,"punctaj":0},{"idParticipant":34,"nume":"Sandu","prenume":"Victor","varsta":26,"punctaj":0},{"idParticipant":35,"nume":"Toma","prenume":"Gabriela","varsta":31,"punctaj":0},{"idParticipant":36,"nume":"Ursu","prenume":"Mihail","varsta":24,"punctaj":0},{"idParticipant":37,"nume":"Vlad","prenume":"Anca","varsta":32,"punctaj":0},{"idParticipant":38,"nume":"Zamfir","prenume":"Lucian","varsta":23,"punctaj":0},{"idParticipant":39,"nume":"Voicu","prenume":"Raluca","varsta":34,"punctaj":0},{"idParticipant":40,"nume":"nume","prenume":"prenume","varsta":20,"punctaj":0}]}
13 Apr 2025 15:06:22,348 ERROR ro.mpp2024.protocol.ClientWorkerJson 56 run - java.net.SocketException: Connection reset
13 Apr 2025 15:06:22,348 ERROR ro.mpp2024.protocol.ClientWorkerJson 57 run - [Ljava.lang.StackTraceElement;@6e79177a
13 Apr 2025 15:16:58,038 INFO  ro.mpp2024.StartJsonServer 24 main - Server properties: {server.port=55556, jdbc.url=jdbc:sqlite:src/main/resources/triatlon.db}
13 Apr 2025 15:16:58,042 INFO  ro.mpp2024.repository.ArbitruRepository 23 <init> - Initializing IArbitruRepository with properties: {} 
13 Apr 2025 15:16:58,044 INFO  ro.mpp2024.repository.ProbaRepository 25 <init> - Initializing ProbaRepository with properties: {} 
13 Apr 2025 15:16:58,044 INFO  ro.mpp2024.repository.ParticipantRepository 24 <init> - Initializing ParticipantRepository with properties: {} 
13 Apr 2025 15:16:58,045 INFO  ro.mpp2024.repository.RezultatRepository 25 <init> - Initializing RezultatRepository with properties: {} 
13 Apr 2025 15:16:58,047 INFO  ro.mpp2024.services.ServerService 37 <init> - Service Rezultat made
13 Apr 2025 15:16:58,047 DEBUG ro.mpp2024.StartJsonServer 50 main - Starting server on port: 55556
13 Apr 2025 15:16:58,048 DEBUG ro.mpp2024.networkUtils.AbsConcurrentServer 13 <init> - Concurrent AbstractServer
13 Apr 2025 15:16:58,048 INFO  ro.mpp2024.networkUtils.JsonConcurrentServer 17 <init> - JsonConcurrentServer
13 Apr 2025 15:16:58,053 INFO  chat.network.utils.AbstractServer 25 start - Waiting for clients ...
13 Apr 2025 15:17:01,819 INFO  chat.network.utils.AbstractServer 27 start - Client connected ...
13 Apr 2025 15:17:01,847 INFO  chat.network.utils.AbstractServer 25 start - Waiting for clients ...
13 Apr 2025 15:17:01,855 DEBUG ro.mpp2024.protocol.ClientWorkerJson 90 handleRequest - Login request UserDTO{nume='', username='a', password='YQ==', probaId=''}
13 Apr 2025 15:17:01,857 TRACE ro.mpp2024.utils.JdbcUtils 48 getConnection - Enter
13 Apr 2025 15:17:01,857 TRACE ro.mpp2024.utils.JdbcUtils 25 getNewConnection - Enter
13 Apr 2025 15:17:01,857 INFO  ro.mpp2024.utils.JdbcUtils 30 getNewConnection - trying to connect to database ... jdbc:sqlite:src/main/resources/triatlon.db
13 Apr 2025 15:17:01,857 INFO  ro.mpp2024.utils.JdbcUtils 31 getNewConnection - user: null
13 Apr 2025 15:17:01,857 INFO  ro.mpp2024.utils.JdbcUtils 32 getNewConnection - pass: null
13 Apr 2025 15:17:01,951 TRACE ro.mpp2024.utils.JdbcUtils 57 getConnection - Exit with(org.sqlite.jdbc4.JDBC4Connection@d52e2fb)
13 Apr 2025 15:17:01,953 ERROR ro.mpp2024.services.ServerService 48 login - Authentication failed
13 Apr 2025 15:17:01,954 ERROR ro.mpp2024.protocol.ClientWorkerJson 99 handleRequest - ro.mpp2024.ManageException: Authentication failed
13 Apr 2025 15:17:01,956 DEBUG ro.mpp2024.protocol.ClientWorkerJson 79 sendResponse - sending response {"typeJava":"ERROR","typeCsharp":0,"errormessage":"Authentication failed"}
13 Apr 2025 15:17:16,765 ERROR ro.mpp2024.protocol.ClientWorkerJson 56 run - java.net.SocketException: Connection reset
13 Apr 2025 15:17:16,765 ERROR ro.mpp2024.protocol.ClientWorkerJson 57 run - [Ljava.lang.StackTraceElement;@5a1a976c
13 Apr 2025 15:17:17,770 ERROR ro.mpp2024.protocol.ClientWorkerJson 56 run - java.net.SocketException: Connection reset
13 Apr 2025 15:17:17,770 ERROR ro.mpp2024.protocol.ClientWorkerJson 57 run - [Ljava.lang.StackTraceElement;@7ede0847
13 Apr 2025 15:17:18,778 ERROR ro.mpp2024.protocol.ClientWorkerJson 56 run - java.net.SocketException: Connection reset
13 Apr 2025 15:17:18,778 ERROR ro.mpp2024.protocol.ClientWorkerJson 57 run - [Ljava.lang.StackTraceElement;@2516acce
13 Apr 2025 15:17:19,787 ERROR ro.mpp2024.protocol.ClientWorkerJson 56 run - java.net.SocketException: Connection reset
13 Apr 2025 15:17:19,787 ERROR ro.mpp2024.protocol.ClientWorkerJson 57 run - [Ljava.lang.StackTraceElement;@514ec049
13 Apr 2025 15:17:20,791 ERROR ro.mpp2024.protocol.ClientWorkerJson 56 run - java.net.SocketException: Connection reset
13 Apr 2025 15:17:20,791 ERROR ro.mpp2024.protocol.ClientWorkerJson 57 run - [Ljava.lang.StackTraceElement;@5f618cfb
13 Apr 2025 15:18:38,589 INFO  ro.mpp2024.StartJsonServer 24 main - Server properties: {server.port=55556, jdbc.url=jdbc:sqlite:src/main/resources/triatlon.db}
13 Apr 2025 15:18:38,593 INFO  ro.mpp2024.repository.ArbitruRepository 23 <init> - Initializing IArbitruRepository with properties: {} 
13 Apr 2025 15:18:38,594 INFO  ro.mpp2024.repository.ProbaRepository 25 <init> - Initializing ProbaRepository with properties: {} 
13 Apr 2025 15:18:38,594 INFO  ro.mpp2024.repository.ParticipantRepository 24 <init> - Initializing ParticipantRepository with properties: {} 
13 Apr 2025 15:18:38,595 INFO  ro.mpp2024.repository.RezultatRepository 25 <init> - Initializing RezultatRepository with properties: {} 
13 Apr 2025 15:18:38,603 INFO  ro.mpp2024.services.ServerService 37 <init> - Service Rezultat made
13 Apr 2025 15:18:38,603 DEBUG ro.mpp2024.StartJsonServer 50 main - Starting server on port: 55556
13 Apr 2025 15:18:38,604 DEBUG ro.mpp2024.networkUtils.AbsConcurrentServer 13 <init> - Concurrent AbstractServer
13 Apr 2025 15:18:38,604 INFO  ro.mpp2024.networkUtils.JsonConcurrentServer 17 <init> - JsonConcurrentServer
13 Apr 2025 15:18:38,611 INFO  chat.network.utils.AbstractServer 25 start - Waiting for clients ...
13 Apr 2025 15:19:26,467 INFO  chat.network.utils.AbstractServer 27 start - Client connected ...
13 Apr 2025 15:19:26,498 INFO  chat.network.utils.AbstractServer 25 start - Waiting for clients ...
13 Apr 2025 15:19:43,388 DEBUG ro.mpp2024.protocol.ClientWorkerJson 90 handleRequest - Login request UserDTO{nume='', username='a', password='YQ==', probaId=''}
13 Apr 2025 15:19:43,396 TRACE ro.mpp2024.utils.JdbcUtils 48 getConnection - Enter
13 Apr 2025 15:19:43,397 TRACE ro.mpp2024.utils.JdbcUtils 25 getNewConnection - Enter
13 Apr 2025 15:19:43,397 INFO  ro.mpp2024.utils.JdbcUtils 30 getNewConnection - trying to connect to database ... jdbc:sqlite:src/main/resources/triatlon.db
13 Apr 2025 15:19:43,397 INFO  ro.mpp2024.utils.JdbcUtils 31 getNewConnection - user: null
13 Apr 2025 15:19:43,397 INFO  ro.mpp2024.utils.JdbcUtils 32 getNewConnection - pass: null
13 Apr 2025 15:19:43,510 TRACE ro.mpp2024.utils.JdbcUtils 57 getConnection - Exit with(org.sqlite.jdbc4.JDBC4Connection@d52e2fb)
13 Apr 2025 15:19:43,513 ERROR ro.mpp2024.services.ServerService 48 login - Authentication failed
13 Apr 2025 15:19:43,513 ERROR ro.mpp2024.protocol.ClientWorkerJson 99 handleRequest - ro.mpp2024.ManageException: Authentication failed
13 Apr 2025 15:19:43,516 DEBUG ro.mpp2024.protocol.ClientWorkerJson 79 sendResponse - sending response {"typeJava":"ERROR","typeCsharp":0,"errormessage":"Authentication failed"}
13 Apr 2025 15:19:57,453 ERROR ro.mpp2024.protocol.ClientWorkerJson 56 run - java.net.SocketException: Connection reset
13 Apr 2025 15:19:57,454 ERROR ro.mpp2024.protocol.ClientWorkerJson 57 run - [Ljava.lang.StackTraceElement;@5a1a976c
13 Apr 2025 15:19:58,461 ERROR ro.mpp2024.protocol.ClientWorkerJson 56 run - java.net.SocketException: Connection reset
13 Apr 2025 15:19:58,461 ERROR ro.mpp2024.protocol.ClientWorkerJson 57 run - [Ljava.lang.StackTraceElement;@7ede0847
13 Apr 2025 15:19:59,476 ERROR ro.mpp2024.protocol.ClientWorkerJson 56 run - java.net.SocketException: Connection reset
13 Apr 2025 15:19:59,476 ERROR ro.mpp2024.protocol.ClientWorkerJson 57 run - [Ljava.lang.StackTraceElement;@2516acce
13 Apr 2025 15:20:00,485 ERROR ro.mpp2024.protocol.ClientWorkerJson 56 run - java.net.SocketException: Connection reset
13 Apr 2025 15:20:00,485 ERROR ro.mpp2024.protocol.ClientWorkerJson 57 run - [Ljava.lang.StackTraceElement;@514ec049
13 Apr 2025 15:20:01,497 ERROR ro.mpp2024.protocol.ClientWorkerJson 56 run - java.net.SocketException: Connection reset
13 Apr 2025 15:20:01,497 ERROR ro.mpp2024.protocol.ClientWorkerJson 57 run - [Ljava.lang.StackTraceElement;@5f618cfb
13 Apr 2025 15:20:02,506 ERROR ro.mpp2024.protocol.ClientWorkerJson 56 run - java.net.SocketException: Connection reset
13 Apr 2025 15:20:02,506 ERROR ro.mpp2024.protocol.ClientWorkerJson 57 run - [Ljava.lang.StackTraceElement;@51f32b60
13 Apr 2025 15:20:03,519 ERROR ro.mpp2024.protocol.ClientWorkerJson 56 run - java.net.SocketException: Connection reset
13 Apr 2025 15:20:03,519 ERROR ro.mpp2024.protocol.ClientWorkerJson 57 run - [Ljava.lang.StackTraceElement;@41938d4c
13 Apr 2025 15:20:04,530 ERROR ro.mpp2024.protocol.ClientWorkerJson 56 run - java.net.SocketException: Connection reset
13 Apr 2025 15:20:04,530 ERROR ro.mpp2024.protocol.ClientWorkerJson 57 run - [Ljava.lang.StackTraceElement;@667841bf
13 Apr 2025 15:20:05,540 ERROR ro.mpp2024.protocol.ClientWorkerJson 56 run - java.net.SocketException: Connection reset
13 Apr 2025 15:20:05,540 ERROR ro.mpp2024.protocol.ClientWorkerJson 57 run - [Ljava.lang.StackTraceElement;@352d0fdf
13 Apr 2025 15:20:06,556 ERROR ro.mpp2024.protocol.ClientWorkerJson 56 run - java.net.SocketException: Connection reset
13 Apr 2025 15:20:06,556 ERROR ro.mpp2024.protocol.ClientWorkerJson 57 run - [Ljava.lang.StackTraceElement;@7d4d9a31
13 Apr 2025 15:20:07,568 ERROR ro.mpp2024.protocol.ClientWorkerJson 56 run - java.net.SocketException: Connection reset
13 Apr 2025 15:20:07,568 ERROR ro.mpp2024.protocol.ClientWorkerJson 57 run - [Ljava.lang.StackTraceElement;@20698139
13 Apr 2025 15:20:08,576 ERROR ro.mpp2024.protocol.ClientWorkerJson 56 run - java.net.SocketException: Connection reset
13 Apr 2025 15:20:08,576 ERROR ro.mpp2024.protocol.ClientWorkerJson 57 run - [Ljava.lang.StackTraceElement;@4385932
13 Apr 2025 15:20:09,583 ERROR ro.mpp2024.protocol.ClientWorkerJson 56 run - java.net.SocketException: Connection reset
13 Apr 2025 15:20:09,583 ERROR ro.mpp2024.protocol.ClientWorkerJson 57 run - [Ljava.lang.StackTraceElement;@59b6ed9d
13 Apr 2025 15:20:10,594 ERROR ro.mpp2024.protocol.ClientWorkerJson 56 run - java.net.SocketException: Connection reset
13 Apr 2025 15:20:10,594 ERROR ro.mpp2024.protocol.ClientWorkerJson 57 run - [Ljava.lang.StackTraceElement;@483b6888
13 Apr 2025 15:20:11,604 ERROR ro.mpp2024.protocol.ClientWorkerJson 56 run - java.net.SocketException: Connection reset
13 Apr 2025 15:20:11,604 ERROR ro.mpp2024.protocol.ClientWorkerJson 57 run - [Ljava.lang.StackTraceElement;@24b748ff
13 Apr 2025 15:20:12,616 ERROR ro.mpp2024.protocol.ClientWorkerJson 56 run - java.net.SocketException: Connection reset
13 Apr 2025 15:20:12,616 ERROR ro.mpp2024.protocol.ClientWorkerJson 57 run - [Ljava.lang.StackTraceElement;@62006492
13 Apr 2025 15:20:13,627 ERROR ro.mpp2024.protocol.ClientWorkerJson 56 run - java.net.SocketException: Connection reset
13 Apr 2025 15:20:13,627 ERROR ro.mpp2024.protocol.ClientWorkerJson 57 run - [Ljava.lang.StackTraceElement;@c34a74a
13 Apr 2025 15:20:14,636 ERROR ro.mpp2024.protocol.ClientWorkerJson 56 run - java.net.SocketException: Connection reset
13 Apr 2025 15:20:14,636 ERROR ro.mpp2024.protocol.ClientWorkerJson 57 run - [Ljava.lang.StackTraceElement;@1fd8f16c
13 Apr 2025 15:20:15,638 ERROR ro.mpp2024.protocol.ClientWorkerJson 56 run - java.net.SocketException: Connection reset
13 Apr 2025 15:20:15,638 ERROR ro.mpp2024.protocol.ClientWorkerJson 57 run - [Ljava.lang.StackTraceElement;@136a2d8
13 Apr 2025 15:20:16,650 ERROR ro.mpp2024.protocol.ClientWorkerJson 56 run - java.net.SocketException: Connection reset
13 Apr 2025 15:20:16,650 ERROR ro.mpp2024.protocol.ClientWorkerJson 57 run - [Ljava.lang.StackTraceElement;@60f36298
13 Apr 2025 15:20:17,658 ERROR ro.mpp2024.protocol.ClientWorkerJson 56 run - java.net.SocketException: Connection reset
13 Apr 2025 15:20:17,658 ERROR ro.mpp2024.protocol.ClientWorkerJson 57 run - [Ljava.lang.StackTraceElement;@4954973b
13 Apr 2025 15:20:18,663 ERROR ro.mpp2024.protocol.ClientWorkerJson 56 run - java.net.SocketException: Connection reset
13 Apr 2025 15:20:18,663 ERROR ro.mpp2024.protocol.ClientWorkerJson 57 run - [Ljava.lang.StackTraceElement;@115f4cec
13 Apr 2025 15:20:19,675 ERROR ro.mpp2024.protocol.ClientWorkerJson 56 run - java.net.SocketException: Connection reset
13 Apr 2025 15:20:19,675 ERROR ro.mpp2024.protocol.ClientWorkerJson 57 run - [Ljava.lang.StackTraceElement;@254b1c7d
13 Apr 2025 15:20:20,686 ERROR ro.mpp2024.protocol.ClientWorkerJson 56 run - java.net.SocketException: Connection reset
13 Apr 2025 15:20:20,686 ERROR ro.mpp2024.protocol.ClientWorkerJson 57 run - [Ljava.lang.StackTraceElement;@5e574dee
13 Apr 2025 15:20:21,697 ERROR ro.mpp2024.protocol.ClientWorkerJson 56 run - java.net.SocketException: Connection reset
13 Apr 2025 15:20:21,697 ERROR ro.mpp2024.protocol.ClientWorkerJson 57 run - [Ljava.lang.StackTraceElement;@33d7e450
13 Apr 2025 15:20:22,706 ERROR ro.mpp2024.protocol.ClientWorkerJson 56 run - java.net.SocketException: Connection reset
13 Apr 2025 15:20:22,706 ERROR ro.mpp2024.protocol.ClientWorkerJson 57 run - [Ljava.lang.StackTraceElement;@5884f6ea
13 Apr 2025 15:20:23,722 ERROR ro.mpp2024.protocol.ClientWorkerJson 56 run - java.net.SocketException: Connection reset
13 Apr 2025 15:20:23,722 ERROR ro.mpp2024.protocol.ClientWorkerJson 57 run - [Ljava.lang.StackTraceElement;@25d1a173
13 Apr 2025 15:20:29,806 INFO  ro.mpp2024.StartJsonServer 24 main - Server properties: {server.port=55556, jdbc.url=jdbc:sqlite:src/main/resources/triatlon.db}
13 Apr 2025 15:20:29,810 INFO  ro.mpp2024.repository.ArbitruRepository 23 <init> - Initializing IArbitruRepository with properties: {} 
13 Apr 2025 15:20:29,811 INFO  ro.mpp2024.repository.ProbaRepository 25 <init> - Initializing ProbaRepository with properties: {} 
13 Apr 2025 15:20:29,812 INFO  ro.mpp2024.repository.ParticipantRepository 24 <init> - Initializing ParticipantRepository with properties: {} 
13 Apr 2025 15:20:29,813 INFO  ro.mpp2024.repository.RezultatRepository 25 <init> - Initializing RezultatRepository with properties: {} 
13 Apr 2025 15:20:29,814 INFO  ro.mpp2024.services.ServerService 37 <init> - Service Rezultat made
13 Apr 2025 15:20:29,814 DEBUG ro.mpp2024.StartJsonServer 50 main - Starting server on port: 55556
13 Apr 2025 15:20:29,815 DEBUG ro.mpp2024.networkUtils.AbsConcurrentServer 13 <init> - Concurrent AbstractServer
13 Apr 2025 15:20:29,815 INFO  ro.mpp2024.networkUtils.JsonConcurrentServer 17 <init> - JsonConcurrentServer
13 Apr 2025 15:20:29,820 INFO  chat.network.utils.AbstractServer 25 start - Waiting for clients ...
13 Apr 2025 15:20:49,458 INFO  chat.network.utils.AbstractServer 27 start - Client connected ...
13 Apr 2025 15:20:49,486 INFO  chat.network.utils.AbstractServer 25 start - Waiting for clients ...
13 Apr 2025 15:20:49,495 DEBUG ro.mpp2024.protocol.ClientWorkerJson 90 handleRequest - Login request UserDTO{nume='', username='a', password='YQ==', probaId=''}
13 Apr 2025 15:20:49,497 TRACE ro.mpp2024.utils.JdbcUtils 48 getConnection - Enter
13 Apr 2025 15:20:49,497 TRACE ro.mpp2024.utils.JdbcUtils 25 getNewConnection - Enter
13 Apr 2025 15:20:49,497 INFO  ro.mpp2024.utils.JdbcUtils 30 getNewConnection - trying to connect to database ... jdbc:sqlite:src/main/resources/triatlon.db
13 Apr 2025 15:20:49,498 INFO  ro.mpp2024.utils.JdbcUtils 31 getNewConnection - user: null
13 Apr 2025 15:20:49,498 INFO  ro.mpp2024.utils.JdbcUtils 32 getNewConnection - pass: null
13 Apr 2025 15:20:49,593 TRACE ro.mpp2024.utils.JdbcUtils 57 getConnection - Exit with(org.sqlite.jdbc4.JDBC4Connection@d52e2fb)
13 Apr 2025 15:20:49,595 ERROR ro.mpp2024.services.ServerService 48 login - Authentication failed
13 Apr 2025 15:20:49,596 ERROR ro.mpp2024.protocol.ClientWorkerJson 99 handleRequest - ro.mpp2024.ManageException: Authentication failed
13 Apr 2025 15:20:49,599 DEBUG ro.mpp2024.protocol.ClientWorkerJson 79 sendResponse - sending response {"typeJava":"ERROR","typeCsharp":0,"errormessage":"Authentication failed"}
13 Apr 2025 15:21:05,679 ERROR ro.mpp2024.protocol.ClientWorkerJson 56 run - java.net.SocketException: Connection reset
13 Apr 2025 15:21:05,679 ERROR ro.mpp2024.protocol.ClientWorkerJson 57 run - [Ljava.lang.StackTraceElement;@5a1a976c
13 Apr 2025 15:21:06,694 ERROR ro.mpp2024.protocol.ClientWorkerJson 56 run - java.net.SocketException: Connection reset
13 Apr 2025 15:21:06,694 ERROR ro.mpp2024.protocol.ClientWorkerJson 57 run - [Ljava.lang.StackTraceElement;@7ede0847
13 Apr 2025 15:21:07,708 ERROR ro.mpp2024.protocol.ClientWorkerJson 56 run - java.net.SocketException: Connection reset
13 Apr 2025 15:21:07,708 ERROR ro.mpp2024.protocol.ClientWorkerJson 57 run - [Ljava.lang.StackTraceElement;@2516acce
13 Apr 2025 15:21:08,711 ERROR ro.mpp2024.protocol.ClientWorkerJson 56 run - java.net.SocketException: Connection reset
13 Apr 2025 15:21:08,711 ERROR ro.mpp2024.protocol.ClientWorkerJson 57 run - [Ljava.lang.StackTraceElement;@514ec049
13 Apr 2025 15:21:09,714 ERROR ro.mpp2024.protocol.ClientWorkerJson 56 run - java.net.SocketException: Connection reset
13 Apr 2025 15:21:09,714 ERROR ro.mpp2024.protocol.ClientWorkerJson 57 run - [Ljava.lang.StackTraceElement;@5f618cfb
13 Apr 2025 15:21:10,723 ERROR ro.mpp2024.protocol.ClientWorkerJson 56 run - java.net.SocketException: Connection reset
13 Apr 2025 15:21:10,723 ERROR ro.mpp2024.protocol.ClientWorkerJson 57 run - [Ljava.lang.StackTraceElement;@51f32b60
13 Apr 2025 15:21:11,732 ERROR ro.mpp2024.protocol.ClientWorkerJson 56 run - java.net.SocketException: Connection reset
13 Apr 2025 15:21:11,733 ERROR ro.mpp2024.protocol.ClientWorkerJson 57 run - [Ljava.lang.StackTraceElement;@41938d4c
13 Apr 2025 15:21:12,745 ERROR ro.mpp2024.protocol.ClientWorkerJson 56 run - java.net.SocketException: Connection reset
13 Apr 2025 15:21:12,745 ERROR ro.mpp2024.protocol.ClientWorkerJson 57 run - [Ljava.lang.StackTraceElement;@667841bf
13 Apr 2025 15:21:13,749 ERROR ro.mpp2024.protocol.ClientWorkerJson 56 run - java.net.SocketException: Connection reset
13 Apr 2025 15:21:13,749 ERROR ro.mpp2024.protocol.ClientWorkerJson 57 run - [Ljava.lang.StackTraceElement;@352d0fdf
13 Apr 2025 15:21:14,757 ERROR ro.mpp2024.protocol.ClientWorkerJson 56 run - java.net.SocketException: Connection reset
13 Apr 2025 15:21:14,757 ERROR ro.mpp2024.protocol.ClientWorkerJson 57 run - [Ljava.lang.StackTraceElement;@7d4d9a31
13 Apr 2025 15:21:15,762 ERROR ro.mpp2024.protocol.ClientWorkerJson 56 run - java.net.SocketException: Connection reset
13 Apr 2025 15:21:15,763 ERROR ro.mpp2024.protocol.ClientWorkerJson 57 run - [Ljava.lang.StackTraceElement;@20698139
13 Apr 2025 15:21:16,770 ERROR ro.mpp2024.protocol.ClientWorkerJson 56 run - java.net.SocketException: Connection reset
13 Apr 2025 15:21:16,770 ERROR ro.mpp2024.protocol.ClientWorkerJson 57 run - [Ljava.lang.StackTraceElement;@4385932
13 Apr 2025 15:25:27,634 INFO  ro.mpp2024.StartJsonServer 24 main - Server properties: {server.port=55556, jdbc.url=jdbc:sqlite:src/main/resources/triatlon.db}
13 Apr 2025 15:25:27,638 INFO  ro.mpp2024.repository.ArbitruRepository 23 <init> - Initializing IArbitruRepository with properties: {} 
13 Apr 2025 15:25:27,639 INFO  ro.mpp2024.repository.ProbaRepository 25 <init> - Initializing ProbaRepository with properties: {} 
13 Apr 2025 15:25:27,639 INFO  ro.mpp2024.repository.ParticipantRepository 24 <init> - Initializing ParticipantRepository with properties: {} 
13 Apr 2025 15:25:27,640 INFO  ro.mpp2024.repository.RezultatRepository 25 <init> - Initializing RezultatRepository with properties: {} 
13 Apr 2025 15:25:27,641 INFO  ro.mpp2024.services.ServerService 37 <init> - Service Rezultat made
13 Apr 2025 15:25:27,642 DEBUG ro.mpp2024.StartJsonServer 50 main - Starting server on port: 55556
13 Apr 2025 15:25:27,642 DEBUG ro.mpp2024.networkUtils.AbsConcurrentServer 13 <init> - Concurrent AbstractServer
13 Apr 2025 15:25:27,643 INFO  ro.mpp2024.networkUtils.JsonConcurrentServer 17 <init> - JsonConcurrentServer
13 Apr 2025 15:25:27,647 INFO  chat.network.utils.AbstractServer 25 start - Waiting for clients ...
13 Apr 2025 15:25:32,614 INFO  chat.network.utils.AbstractServer 27 start - Client connected ...
13 Apr 2025 15:25:32,644 INFO  chat.network.utils.AbstractServer 25 start - Waiting for clients ...
13 Apr 2025 15:25:32,652 DEBUG ro.mpp2024.protocol.ClientWorkerJson 90 handleRequest - Login request UserDTO{nume='', username='a', password='YQ==', probaId=''}
13 Apr 2025 15:25:32,653 TRACE ro.mpp2024.utils.JdbcUtils 48 getConnection - Enter
13 Apr 2025 15:25:32,653 TRACE ro.mpp2024.utils.JdbcUtils 25 getNewConnection - Enter
13 Apr 2025 15:25:32,654 INFO  ro.mpp2024.utils.JdbcUtils 30 getNewConnection - trying to connect to database ... jdbc:sqlite:src/main/resources/triatlon.db
13 Apr 2025 15:25:32,654 INFO  ro.mpp2024.utils.JdbcUtils 31 getNewConnection - user: null
13 Apr 2025 15:25:32,654 INFO  ro.mpp2024.utils.JdbcUtils 32 getNewConnection - pass: null
13 Apr 2025 15:25:32,778 TRACE ro.mpp2024.utils.JdbcUtils 57 getConnection - Exit with(org.sqlite.jdbc4.JDBC4Connection@d52e2fb)
13 Apr 2025 15:25:32,781 ERROR ro.mpp2024.services.ServerService 48 login - Authentication failed
13 Apr 2025 15:25:32,781 ERROR ro.mpp2024.protocol.ClientWorkerJson 99 handleRequest - ro.mpp2024.ManageException: Authentication failed
13 Apr 2025 15:25:32,784 DEBUG ro.mpp2024.protocol.ClientWorkerJson 79 sendResponse - sending response {"typeJava":"ERROR","typeCsharp":0,"errormessage":"Authentication failed"}
13 Apr 2025 15:25:46,805 ERROR ro.mpp2024.protocol.ClientWorkerJson 56 run - java.net.SocketException: Connection reset
13 Apr 2025 15:25:46,805 ERROR ro.mpp2024.protocol.ClientWorkerJson 57 run - [Ljava.lang.StackTraceElement;@5a1a976c
13 Apr 2025 15:25:47,820 ERROR ro.mpp2024.protocol.ClientWorkerJson 56 run - java.net.SocketException: Connection reset
13 Apr 2025 15:25:47,820 ERROR ro.mpp2024.protocol.ClientWorkerJson 57 run - [Ljava.lang.StackTraceElement;@7ede0847
13 Apr 2025 15:25:48,833 ERROR ro.mpp2024.protocol.ClientWorkerJson 56 run - java.net.SocketException: Connection reset
13 Apr 2025 15:25:48,833 ERROR ro.mpp2024.protocol.ClientWorkerJson 57 run - [Ljava.lang.StackTraceElement;@2516acce
13 Apr 2025 15:25:49,839 ERROR ro.mpp2024.protocol.ClientWorkerJson 56 run - java.net.SocketException: Connection reset
13 Apr 2025 15:25:49,839 ERROR ro.mpp2024.protocol.ClientWorkerJson 57 run - [Ljava.lang.StackTraceElement;@514ec049
13 Apr 2025 15:25:50,848 ERROR ro.mpp2024.protocol.ClientWorkerJson 56 run - java.net.SocketException: Connection reset
13 Apr 2025 15:25:50,848 ERROR ro.mpp2024.protocol.ClientWorkerJson 57 run - [Ljava.lang.StackTraceElement;@5f618cfb
13 Apr 2025 15:25:51,863 ERROR ro.mpp2024.protocol.ClientWorkerJson 56 run - java.net.SocketException: Connection reset
13 Apr 2025 15:25:51,864 ERROR ro.mpp2024.protocol.ClientWorkerJson 57 run - [Ljava.lang.StackTraceElement;@51f32b60
13 Apr 2025 15:25:52,878 ERROR ro.mpp2024.protocol.ClientWorkerJson 56 run - java.net.SocketException: Connection reset
13 Apr 2025 15:25:52,878 ERROR ro.mpp2024.protocol.ClientWorkerJson 57 run - [Ljava.lang.StackTraceElement;@41938d4c
13 Apr 2025 15:25:53,884 ERROR ro.mpp2024.protocol.ClientWorkerJson 56 run - java.net.SocketException: Connection reset
13 Apr 2025 15:25:53,884 ERROR ro.mpp2024.protocol.ClientWorkerJson 57 run - [Ljava.lang.StackTraceElement;@667841bf
13 Apr 2025 15:25:54,890 ERROR ro.mpp2024.protocol.ClientWorkerJson 56 run - java.net.SocketException: Connection reset
13 Apr 2025 15:25:54,890 ERROR ro.mpp2024.protocol.ClientWorkerJson 57 run - [Ljava.lang.StackTraceElement;@352d0fdf
13 Apr 2025 15:27:18,025 INFO  ro.mpp2024.StartJsonServer 24 main - Server properties: {server.port=55556, jdbc.url=jdbc:sqlite:src/main/resources/triatlon.db}
13 Apr 2025 15:27:18,030 INFO  ro.mpp2024.repository.ArbitruRepository 23 <init> - Initializing IArbitruRepository with properties: {} 
13 Apr 2025 15:27:18,031 INFO  ro.mpp2024.repository.ProbaRepository 25 <init> - Initializing ProbaRepository with properties: {} 
13 Apr 2025 15:27:18,032 INFO  ro.mpp2024.repository.ParticipantRepository 24 <init> - Initializing ParticipantRepository with properties: {} 
13 Apr 2025 15:27:18,033 INFO  ro.mpp2024.repository.RezultatRepository 25 <init> - Initializing RezultatRepository with properties: {} 
13 Apr 2025 15:27:18,034 INFO  ro.mpp2024.services.ServerService 37 <init> - Service Rezultat made
13 Apr 2025 15:27:18,035 DEBUG ro.mpp2024.StartJsonServer 50 main - Starting server on port: 55556
13 Apr 2025 15:27:18,036 DEBUG ro.mpp2024.networkUtils.AbsConcurrentServer 13 <init> - Concurrent AbstractServer
13 Apr 2025 15:27:18,036 INFO  ro.mpp2024.networkUtils.JsonConcurrentServer 17 <init> - JsonConcurrentServer
13 Apr 2025 15:27:18,041 INFO  chat.network.utils.AbstractServer 25 start - Waiting for clients ...
13 Apr 2025 15:27:31,886 INFO  chat.network.utils.AbstractServer 27 start - Client connected ...
13 Apr 2025 15:27:31,913 INFO  chat.network.utils.AbstractServer 25 start - Waiting for clients ...
13 Apr 2025 15:27:31,921 DEBUG ro.mpp2024.protocol.ClientWorkerJson 90 handleRequest - Login request UserDTO{nume='', username='a', password='YQ==', probaId=''}
13 Apr 2025 15:27:31,923 TRACE ro.mpp2024.utils.JdbcUtils 48 getConnection - Enter
13 Apr 2025 15:27:31,923 TRACE ro.mpp2024.utils.JdbcUtils 25 getNewConnection - Enter
13 Apr 2025 15:27:31,923 INFO  ro.mpp2024.utils.JdbcUtils 30 getNewConnection - trying to connect to database ... jdbc:sqlite:src/main/resources/triatlon.db
13 Apr 2025 15:27:31,923 INFO  ro.mpp2024.utils.JdbcUtils 31 getNewConnection - user: null
13 Apr 2025 15:27:31,923 INFO  ro.mpp2024.utils.JdbcUtils 32 getNewConnection - pass: null
13 Apr 2025 15:27:32,029 TRACE ro.mpp2024.utils.JdbcUtils 57 getConnection - Exit with(org.sqlite.jdbc4.JDBC4Connection@d52e2fb)
13 Apr 2025 15:27:32,032 ERROR ro.mpp2024.services.ServerService 48 login - Authentication failed
13 Apr 2025 15:27:32,032 ERROR ro.mpp2024.protocol.ClientWorkerJson 99 handleRequest - ro.mpp2024.ManageException: Authentication failed
13 Apr 2025 15:27:32,035 DEBUG ro.mpp2024.protocol.ClientWorkerJson 79 sendResponse - sending response {"typeJava":"ERROR","typeCsharp":0,"errormessage":"Authentication failed"}
13 Apr 2025 15:28:21,659 INFO  chat.network.utils.AbstractServer 27 start - Client connected ...
13 Apr 2025 15:28:21,660 INFO  chat.network.utils.AbstractServer 25 start - Waiting for clients ...
13 Apr 2025 15:28:21,661 DEBUG ro.mpp2024.protocol.ClientWorkerJson 90 handleRequest - Login request UserDTO{nume='', username='alice.j', password='UGFzc3cwcmQxIQ==', probaId=''}
13 Apr 2025 15:28:21,661 TRACE ro.mpp2024.utils.JdbcUtils 48 getConnection - Enter
13 Apr 2025 15:28:21,661 TRACE ro.mpp2024.utils.JdbcUtils 57 getConnection - Exit with(org.sqlite.jdbc4.JDBC4Connection@d52e2fb)
13 Apr 2025 15:28:21,662 TRACE ro.mpp2024.repository.ArbitruRepository 29 createEntityFromResultSet - Enter createEntityFromResultSet
13 Apr 2025 15:28:21,663 TRACE ro.mpp2024.repository.ArbitruRepository 36 createEntityFromResultSet - Exit with(Arbitru{nume='Alice Johnson', username='alice.j', password='UGFzc3cwcmQxIQ==', id_proba=s1})
13 Apr 2025 15:28:21,663 DEBUG ro.mpp2024.protocol.ClientWorkerJson 79 sendResponse - sending response {"typeJava":"LOGGED_ACC","typeCsharp":0,"user":{"id":20,"nume":"Alice Johnson","username":"alice.j","password":"UGFzc3cwcmQxIQ\u003d\u003d","id_proba":"s1"}}
13 Apr 2025 15:28:53,810 INFO  chat.network.utils.AbstractServer 27 start - Client connected ...
13 Apr 2025 15:28:53,811 INFO  chat.network.utils.AbstractServer 25 start - Waiting for clients ...
13 Apr 2025 15:28:53,811 DEBUG ro.mpp2024.protocol.ClientWorkerJson 90 handleRequest - Login request UserDTO{nume='', username='alice.j', password='UGFzc3cwcmQxIQ==', probaId=''}
13 Apr 2025 15:28:53,812 TRACE ro.mpp2024.utils.JdbcUtils 48 getConnection - Enter
13 Apr 2025 15:28:53,812 TRACE ro.mpp2024.utils.JdbcUtils 57 getConnection - Exit with(org.sqlite.jdbc4.JDBC4Connection@d52e2fb)
13 Apr 2025 15:28:53,813 TRACE ro.mpp2024.repository.ArbitruRepository 29 createEntityFromResultSet - Enter createEntityFromResultSet
13 Apr 2025 15:28:53,813 TRACE ro.mpp2024.repository.ArbitruRepository 36 createEntityFromResultSet - Exit with(Arbitru{nume='Alice Johnson', username='alice.j', password='UGFzc3cwcmQxIQ==', id_proba=s1})
13 Apr 2025 15:28:53,813 ERROR ro.mpp2024.protocol.ClientWorkerJson 99 handleRequest - ro.mpp2024.ManageException: User already logged in
13 Apr 2025 15:28:53,813 DEBUG ro.mpp2024.protocol.ClientWorkerJson 79 sendResponse - sending response {"typeJava":"ERROR","typeCsharp":0,"errormessage":"User already logged in"}
13 Apr 2025 15:29:12,092 ERROR ro.mpp2024.protocol.ClientWorkerJson 56 run - java.net.SocketException: Connection reset
13 Apr 2025 15:29:12,093 ERROR ro.mpp2024.protocol.ClientWorkerJson 57 run - [Ljava.lang.StackTraceElement;@17372a39
13 Apr 2025 15:31:03,746 INFO  ro.mpp2024.StartJsonServer 24 main - Server properties: {server.port=55556, jdbc.url=jdbc:sqlite:src/main/resources/triatlon.db}
13 Apr 2025 15:31:03,751 INFO  ro.mpp2024.repository.ArbitruRepository 23 <init> - Initializing IArbitruRepository with properties: {} 
13 Apr 2025 15:31:03,751 INFO  ro.mpp2024.repository.ProbaRepository 25 <init> - Initializing ProbaRepository with properties: {} 
13 Apr 2025 15:31:03,752 INFO  ro.mpp2024.repository.ParticipantRepository 24 <init> - Initializing ParticipantRepository with properties: {} 
13 Apr 2025 15:31:03,753 INFO  ro.mpp2024.repository.RezultatRepository 25 <init> - Initializing RezultatRepository with properties: {} 
13 Apr 2025 15:31:03,755 INFO  ro.mpp2024.services.ServerService 37 <init> - Service Rezultat made
13 Apr 2025 15:31:03,755 DEBUG ro.mpp2024.StartJsonServer 50 main - Starting server on port: 55556
13 Apr 2025 15:31:03,756 DEBUG ro.mpp2024.networkUtils.AbsConcurrentServer 13 <init> - Concurrent AbstractServer
13 Apr 2025 15:31:03,756 INFO  ro.mpp2024.networkUtils.JsonConcurrentServer 17 <init> - JsonConcurrentServer
13 Apr 2025 15:31:03,760 INFO  chat.network.utils.AbstractServer 25 start - Waiting for clients ...
13 Apr 2025 15:31:16,038 INFO  chat.network.utils.AbstractServer 27 start - Client connected ...
13 Apr 2025 15:31:16,067 INFO  chat.network.utils.AbstractServer 25 start - Waiting for clients ...
13 Apr 2025 15:31:16,075 DEBUG ro.mpp2024.protocol.ClientWorkerJson 90 handleRequest - Login request UserDTO{nume='', username='alice.j', password='UGFzc3cwcmQxIQ==', probaId=''}
13 Apr 2025 15:31:16,077 TRACE ro.mpp2024.utils.JdbcUtils 48 getConnection - Enter
13 Apr 2025 15:31:16,077 TRACE ro.mpp2024.utils.JdbcUtils 25 getNewConnection - Enter
13 Apr 2025 15:31:16,077 INFO  ro.mpp2024.utils.JdbcUtils 30 getNewConnection - trying to connect to database ... jdbc:sqlite:src/main/resources/triatlon.db
13 Apr 2025 15:31:16,077 INFO  ro.mpp2024.utils.JdbcUtils 31 getNewConnection - user: null
13 Apr 2025 15:31:16,077 INFO  ro.mpp2024.utils.JdbcUtils 32 getNewConnection - pass: null
13 Apr 2025 15:31:16,173 TRACE ro.mpp2024.utils.JdbcUtils 57 getConnection - Exit with(org.sqlite.jdbc4.JDBC4Connection@d52e2fb)
13 Apr 2025 15:31:16,175 TRACE ro.mpp2024.repository.ArbitruRepository 29 createEntityFromResultSet - Enter createEntityFromResultSet
13 Apr 2025 15:31:16,176 TRACE ro.mpp2024.repository.ArbitruRepository 36 createEntityFromResultSet - Exit with(Arbitru{nume='Alice Johnson', username='alice.j', password='UGFzc3cwcmQxIQ==', id_proba=s1})
13 Apr 2025 15:31:16,179 DEBUG ro.mpp2024.protocol.ClientWorkerJson 79 sendResponse - sending response {"typeJava":"LOGGED_ACC","typeCsharp":0,"user":{"id":20,"nume":"Alice Johnson","username":"alice.j","password":"UGFzc3cwcmQxIQ\u003d\u003d","id_proba":"s1"}}
13 Apr 2025 15:31:35,242 ERROR ro.mpp2024.protocol.ClientWorkerJson 56 run - java.net.SocketException: Connection reset
13 Apr 2025 15:31:35,242 ERROR ro.mpp2024.protocol.ClientWorkerJson 57 run - [Ljava.lang.StackTraceElement;@2516acce
13 Apr 2025 15:32:12,070 INFO  ro.mpp2024.StartJsonServer 24 main - Server properties: {server.port=55556, jdbc.url=jdbc:sqlite:src/main/resources/triatlon.db}
13 Apr 2025 15:32:12,074 INFO  ro.mpp2024.repository.ArbitruRepository 23 <init> - Initializing IArbitruRepository with properties: {} 
13 Apr 2025 15:32:12,075 INFO  ro.mpp2024.repository.ProbaRepository 25 <init> - Initializing ProbaRepository with properties: {} 
13 Apr 2025 15:32:12,076 INFO  ro.mpp2024.repository.ParticipantRepository 24 <init> - Initializing ParticipantRepository with properties: {} 
13 Apr 2025 15:32:12,077 INFO  ro.mpp2024.repository.RezultatRepository 25 <init> - Initializing RezultatRepository with properties: {} 
13 Apr 2025 15:32:12,078 INFO  ro.mpp2024.services.ServerService 37 <init> - Service Rezultat made
13 Apr 2025 15:32:12,078 DEBUG ro.mpp2024.StartJsonServer 50 main - Starting server on port: 55556
13 Apr 2025 15:32:12,079 DEBUG ro.mpp2024.networkUtils.AbsConcurrentServer 13 <init> - Concurrent AbstractServer
13 Apr 2025 15:32:12,079 INFO  ro.mpp2024.networkUtils.JsonConcurrentServer 17 <init> - JsonConcurrentServer
13 Apr 2025 15:32:12,083 INFO  chat.network.utils.AbstractServer 25 start - Waiting for clients ...
13 Apr 2025 15:32:13,743 INFO  chat.network.utils.AbstractServer 27 start - Client connected ...
13 Apr 2025 15:32:13,774 INFO  chat.network.utils.AbstractServer 25 start - Waiting for clients ...
13 Apr 2025 15:32:13,781 DEBUG ro.mpp2024.protocol.ClientWorkerJson 90 handleRequest - Login request UserDTO{nume='', username='ada', password='ZGFkYQ==', probaId=''}
13 Apr 2025 15:32:13,783 TRACE ro.mpp2024.utils.JdbcUtils 48 getConnection - Enter
13 Apr 2025 15:32:13,783 TRACE ro.mpp2024.utils.JdbcUtils 25 getNewConnection - Enter
13 Apr 2025 15:32:13,783 INFO  ro.mpp2024.utils.JdbcUtils 30 getNewConnection - trying to connect to database ... jdbc:sqlite:src/main/resources/triatlon.db
13 Apr 2025 15:32:13,783 INFO  ro.mpp2024.utils.JdbcUtils 31 getNewConnection - user: null
13 Apr 2025 15:32:13,783 INFO  ro.mpp2024.utils.JdbcUtils 32 getNewConnection - pass: null
13 Apr 2025 15:32:13,883 TRACE ro.mpp2024.utils.JdbcUtils 57 getConnection - Exit with(org.sqlite.jdbc4.JDBC4Connection@d52e2fb)
13 Apr 2025 15:32:13,886 ERROR ro.mpp2024.services.ServerService 48 login - Authentication failed
13 Apr 2025 15:32:13,886 ERROR ro.mpp2024.protocol.ClientWorkerJson 99 handleRequest - ro.mpp2024.ManageException: Authentication failed
13 Apr 2025 15:32:13,889 DEBUG ro.mpp2024.protocol.ClientWorkerJson 79 sendResponse - sending response {"typeJava":"ERROR","typeCsharp":0,"errormessage":"Authentication failed"}
13 Apr 2025 15:32:51,397 INFO  chat.network.utils.AbstractServer 27 start - Client connected ...
13 Apr 2025 15:32:51,398 INFO  chat.network.utils.AbstractServer 25 start - Waiting for clients ...
13 Apr 2025 15:32:51,398 DEBUG ro.mpp2024.protocol.ClientWorkerJson 90 handleRequest - Login request UserDTO{nume='', username='alice.j', password='UGFzc3cwcmQxIQ==', probaId=''}
13 Apr 2025 15:32:51,399 TRACE ro.mpp2024.utils.JdbcUtils 48 getConnection - Enter
13 Apr 2025 15:32:51,399 TRACE ro.mpp2024.utils.JdbcUtils 57 getConnection - Exit with(org.sqlite.jdbc4.JDBC4Connection@d52e2fb)
13 Apr 2025 15:32:51,400 TRACE ro.mpp2024.repository.ArbitruRepository 29 createEntityFromResultSet - Enter createEntityFromResultSet
13 Apr 2025 15:32:51,401 TRACE ro.mpp2024.repository.ArbitruRepository 36 createEntityFromResultSet - Exit with(Arbitru{nume='Alice Johnson', username='alice.j', password='UGFzc3cwcmQxIQ==', id_proba=s1})
13 Apr 2025 15:32:51,401 DEBUG ro.mpp2024.protocol.ClientWorkerJson 79 sendResponse - sending response {"typeJava":"LOGGED_ACC","typeCsharp":0,"user":{"id":20,"nume":"Alice Johnson","username":"alice.j","password":"UGFzc3cwcmQxIQ\u003d\u003d","id_proba":"s1"}}
13 Apr 2025 15:32:52,404 DEBUG ro.mpp2024.protocol.ClientWorkerJson 115 handleRequest - Get all rezultate request fornull
13 Apr 2025 15:32:52,404 TRACE ro.mpp2024.repository.RezultatRepository 144 listaParticipantiPuncteAlfabetic - Enter listaParticipantiPuncteAlfabetic
13 Apr 2025 15:32:52,405 TRACE ro.mpp2024.utils.JdbcUtils 48 getConnection - Enter
13 Apr 2025 15:32:52,405 TRACE ro.mpp2024.utils.JdbcUtils 57 getConnection - Exit with(org.sqlite.jdbc4.JDBC4Connection@d52e2fb)
13 Apr 2025 15:32:52,406 TRACE ro.mpp2024.repository.RezultatRepository 162 listaParticipantiPuncteAlfabetic - Enter Terminat dictionar
13 Apr 2025 15:32:52,408 DEBUG ro.mpp2024.protocol.ClientWorkerJson 79 sendResponse - sending response {"typeJava":"ALL_REZULTATE","typeCsharp":0,"punctaje":[{"idParticipant":18,"nume":"Barbu","prenume":"Irina","varsta":27,"punctaj":240},{"idParticipant":19,"nume":"Constantin","prenume":"Marius","varsta":30,"punctaj":288},{"idParticipant":13,"nume":"Dobre","prenume":"Adriana","varsta":34,"punctaj":185},{"idParticipant":21,"nume":"Dragomir","prenume":"Adrian","varsta":26,"punctaj":140},{"idParticipant":4,"nume":"Dumitrescu","prenume":"Elena","varsta":28,"punctaj":153},{"idParticipant":20,"nume":"Enache","prenume":"Laura","varsta":29,"punctaj":325},{"idParticipant":22,"nume":"Filip","prenume":"Bianca","varsta":31,"punctaj":347},{"idParticipant":3,"nume":"Georgescu","prenume":"Andrei","varsta":22,"punctaj":132},{"idParticipant":17,"nume":"Gheorghe","prenume":"Vlad","varsta":28,"punctaj":210},{"idParticipant":23,"nume":"Grigore","prenume":"Stefan","varsta":24,"punctaj":155},{"idParticipant":24,"nume":"Hagi","prenume":"Diana","varsta":32,"punctaj":203},{"idParticipant":25,"nume":"Iacob","prenume":"Radu","varsta":23,"punctaj":195},{"idParticipant":11,"nume":"Iliescu","prenume":"Daniela","varsta":32,"punctaj":320},{"idParticipant":2,"nume":"Ionescu","prenume":"Maria","varsta":30,"punctaj":166},{"idParticipant":26,"nume":"Jianu","prenume":"Oana","varsta":34,"punctaj":142},{"idParticipant":27,"nume":"Kovacs","prenume":"Cristina","varsta":21,"punctaj":199},{"idParticipant":16,"nume":"Lazar","prenume":"Roxana","varsta":25,"punctaj":185},{"idParticipant":28,"nume":"Lupu","prenume":"George","varsta":33,"punctaj":349},{"idParticipant":29,"nume":"Manole","prenume":"Simona","varsta":25,"punctaj":117},{"idParticipant":8,"nume":"Marin","prenume":"Ana","varsta":29,"punctaj":134},{"idParticipant":14,"nume":"Munteanu","prenume":"Sorin","varsta":21,"punctaj":301},{"idParticipant":30,"nume":"Nedelcu","prenume":"Alexandra","varsta":28,"punctaj":169},{"idParticipant":15,"nume":"Nistor","prenume":"Carmen","varsta":33,"punctaj":189},{"idParticipant":40,"nume":"nume","prenume":"prenume","varsta":20,"punctaj":300},{"idParticipant":31,"nume":"Oprea","prenume":"Bogdan","varsta":27,"punctaj":282},{"idParticipant":32,"nume":"Pavel","prenume":"Monica","varsta":30,"punctaj":111},{"idParticipant":10,"nume":"Petrescu","prenume":"Gabriel","varsta":26,"punctaj":188},{"idParticipant":5,"nume":"Popa","prenume":"Mihai","varsta":35,"punctaj":282},{"idParticipant":1,"nume":"Popescu","prenume":"Ion","varsta":25,"punctaj":158},{"idParticipant":7,"nume":"Radu","prenume":"Cristian","varsta":24,"punctaj":256},{"idParticipant":33,"nume":"Rusu","prenume":"Andreea","varsta":29,"punctaj":313},{"idParticipant":34,"nume":"Sandu","prenume":"Victor","varsta":26,"punctaj":115},{"idParticipant":6,"nume":"Stan","prenume":"Ioana","varsta":27,"punctaj":289},{"idParticipant":35,"nume":"Toma","prenume":"Gabriela","varsta":31,"punctaj":132},{"idParticipant":9,"nume":"Tudor","prenume":"Alexandru","varsta":31,"punctaj":288},{"idParticipant":36,"nume":"Ursu","prenume":"Mihail","varsta":24,"punctaj":155},{"idParticipant":12,"nume":"Vasilescu","prenume":"Florin","varsta":23,"punctaj":472},{"idParticipant":37,"nume":"Vlad","prenume":"Anca","varsta":32,"punctaj":138},{"idParticipant":39,"nume":"Voicu","prenume":"Raluca","varsta":34,"punctaj":190},{"idParticipant":38,"nume":"Zamfir","prenume":"Lucian","varsta":23,"punctaj":177}]}
13 Apr 2025 15:32:53,420 DEBUG ro.mpp2024.protocol.ClientWorkerJson 103 handleRequest - Get rezultate request forUserDTO{nume='', username='', password='', probaId='s1'}
13 Apr 2025 15:32:53,420 TRACE ro.mpp2024.repository.RezultatRepository 168 listaParticiapntPuncteProbaDescrescator - Enter listaParticiapntPuncteProbaDescrescator
13 Apr 2025 15:32:53,421 TRACE ro.mpp2024.utils.JdbcUtils 48 getConnection - Enter
13 Apr 2025 15:32:53,421 TRACE ro.mpp2024.utils.JdbcUtils 57 getConnection - Exit with(org.sqlite.jdbc4.JDBC4Connection@d52e2fb)
13 Apr 2025 15:32:53,421 TRACE ro.mpp2024.repository.RezultatRepository 186 listaParticiapntPuncteProbaDescrescator - Enter Terminat dictionar
13 Apr 2025 15:32:53,422 DEBUG ro.mpp2024.protocol.ClientWorkerJson 79 sendResponse - sending response {"typeJava":"REZULTATE","typeCsharp":0,"punctaje":[{"idParticipant":28,"nume":"Lupu","prenume":"George","varsta":33,"punctaj":199},{"idParticipant":12,"nume":"Vasilescu","prenume":"Florin","varsta":23,"punctaj":198},{"idParticipant":11,"nume":"Iliescu","prenume":"Daniela","varsta":32,"punctaj":185},{"idParticipant":20,"nume":"Enache","prenume":"Laura","varsta":29,"punctaj":140},{"idParticipant":19,"nume":"Constantin","prenume":"Marius","varsta":30,"punctaj":100},{"idParticipant":22,"nume":"Filip","prenume":"Bianca","varsta":31,"punctaj":30},{"idParticipant":18,"nume":"Barbu","prenume":"Irina","varsta":27,"punctaj":20},{"idParticipant":3,"nume":"Georgescu","prenume":"Andrei","varsta":22,"punctaj":20},{"idParticipant":13,"nume":"Dobre","prenume":"Adriana","varsta":34,"punctaj":10}]}
13 Apr 2025 15:32:54,437 DEBUG ro.mpp2024.protocol.ClientWorkerJson 141 handleRequest - Get participanti request fornull
13 Apr 2025 15:32:54,437 TRACE ro.mpp2024.repository.ParticipantRepository 42 findAll - Enter
13 Apr 2025 15:32:54,437 TRACE ro.mpp2024.utils.JdbcUtils 48 getConnection - Enter
13 Apr 2025 15:32:54,438 TRACE ro.mpp2024.utils.JdbcUtils 57 getConnection - Exit with(org.sqlite.jdbc4.JDBC4Connection@d52e2fb)
13 Apr 2025 15:32:54,438 TRACE ro.mpp2024.repository.ParticipantRepository 30 createEntityFromResultSet - Enter createEntityFromResultSet
13 Apr 2025 15:32:54,438 TRACE ro.mpp2024.repository.ParticipantRepository 36 createEntityFromResultSet - Exit with(Popescu Ion)
13 Apr 2025 15:32:54,439 TRACE ro.mpp2024.repository.ParticipantRepository 30 createEntityFromResultSet - Enter createEntityFromResultSet
13 Apr 2025 15:32:54,439 TRACE ro.mpp2024.repository.ParticipantRepository 36 createEntityFromResultSet - Exit with(Ionescu Maria)
13 Apr 2025 15:32:54,439 TRACE ro.mpp2024.repository.ParticipantRepository 30 createEntityFromResultSet - Enter createEntityFromResultSet
13 Apr 2025 15:32:54,439 TRACE ro.mpp2024.repository.ParticipantRepository 36 createEntityFromResultSet - Exit with(Georgescu Andrei)
13 Apr 2025 15:32:54,439 TRACE ro.mpp2024.repository.ParticipantRepository 30 createEntityFromResultSet - Enter createEntityFromResultSet
13 Apr 2025 15:32:54,439 TRACE ro.mpp2024.repository.ParticipantRepository 36 createEntityFromResultSet - Exit with(Dumitrescu Elena)
13 Apr 2025 15:32:54,440 TRACE ro.mpp2024.repository.ParticipantRepository 30 createEntityFromResultSet - Enter createEntityFromResultSet
13 Apr 2025 15:32:54,440 TRACE ro.mpp2024.repository.ParticipantRepository 36 createEntityFromResultSet - Exit with(Popa Mihai)
13 Apr 2025 15:32:54,440 TRACE ro.mpp2024.repository.ParticipantRepository 30 createEntityFromResultSet - Enter createEntityFromResultSet
13 Apr 2025 15:32:54,440 TRACE ro.mpp2024.repository.ParticipantRepository 36 createEntityFromResultSet - Exit with(Stan Ioana)
13 Apr 2025 15:32:54,440 TRACE ro.mpp2024.repository.ParticipantRepository 30 createEntityFromResultSet - Enter createEntityFromResultSet
13 Apr 2025 15:32:54,440 TRACE ro.mpp2024.repository.ParticipantRepository 36 createEntityFromResultSet - Exit with(Radu Cristian)
13 Apr 2025 15:32:54,440 TRACE ro.mpp2024.repository.ParticipantRepository 30 createEntityFromResultSet - Enter createEntityFromResultSet
13 Apr 2025 15:32:54,441 TRACE ro.mpp2024.repository.ParticipantRepository 36 createEntityFromResultSet - Exit with(Marin Ana)
13 Apr 2025 15:32:54,441 TRACE ro.mpp2024.repository.ParticipantRepository 30 createEntityFromResultSet - Enter createEntityFromResultSet
13 Apr 2025 15:32:54,441 TRACE ro.mpp2024.repository.ParticipantRepository 36 createEntityFromResultSet - Exit with(Tudor Alexandru)
13 Apr 2025 15:32:54,441 TRACE ro.mpp2024.repository.ParticipantRepository 30 createEntityFromResultSet - Enter createEntityFromResultSet
13 Apr 2025 15:32:54,441 TRACE ro.mpp2024.repository.ParticipantRepository 36 createEntityFromResultSet - Exit with(Petrescu Gabriel)
13 Apr 2025 15:32:54,441 TRACE ro.mpp2024.repository.ParticipantRepository 30 createEntityFromResultSet - Enter createEntityFromResultSet
13 Apr 2025 15:32:54,441 TRACE ro.mpp2024.repository.ParticipantRepository 36 createEntityFromResultSet - Exit with(Iliescu Daniela)
13 Apr 2025 15:32:54,442 TRACE ro.mpp2024.repository.ParticipantRepository 30 createEntityFromResultSet - Enter createEntityFromResultSet
13 Apr 2025 15:32:54,442 TRACE ro.mpp2024.repository.ParticipantRepository 36 createEntityFromResultSet - Exit with(Vasilescu Florin)
13 Apr 2025 15:32:54,442 TRACE ro.mpp2024.repository.ParticipantRepository 30 createEntityFromResultSet - Enter createEntityFromResultSet
13 Apr 2025 15:32:54,442 TRACE ro.mpp2024.repository.ParticipantRepository 36 createEntityFromResultSet - Exit with(Dobre Adriana)
13 Apr 2025 15:32:54,442 TRACE ro.mpp2024.repository.ParticipantRepository 30 createEntityFromResultSet - Enter createEntityFromResultSet
13 Apr 2025 15:32:54,442 TRACE ro.mpp2024.repository.ParticipantRepository 36 createEntityFromResultSet - Exit with(Munteanu Sorin)
13 Apr 2025 15:32:54,442 TRACE ro.mpp2024.repository.ParticipantRepository 30 createEntityFromResultSet - Enter createEntityFromResultSet
13 Apr 2025 15:32:54,442 TRACE ro.mpp2024.repository.ParticipantRepository 36 createEntityFromResultSet - Exit with(Nistor Carmen)
13 Apr 2025 15:32:54,443 TRACE ro.mpp2024.repository.ParticipantRepository 30 createEntityFromResultSet - Enter createEntityFromResultSet
13 Apr 2025 15:32:54,443 TRACE ro.mpp2024.repository.ParticipantRepository 36 createEntityFromResultSet - Exit with(Lazar Roxana)
13 Apr 2025 15:32:54,443 TRACE ro.mpp2024.repository.ParticipantRepository 30 createEntityFromResultSet - Enter createEntityFromResultSet
13 Apr 2025 15:32:54,443 TRACE ro.mpp2024.repository.ParticipantRepository 36 createEntityFromResultSet - Exit with(Gheorghe Vlad)
13 Apr 2025 15:32:54,443 TRACE ro.mpp2024.repository.ParticipantRepository 30 createEntityFromResultSet - Enter createEntityFromResultSet
13 Apr 2025 15:32:54,443 TRACE ro.mpp2024.repository.ParticipantRepository 36 createEntityFromResultSet - Exit with(Barbu Irina)
13 Apr 2025 15:32:54,443 TRACE ro.mpp2024.repository.ParticipantRepository 30 createEntityFromResultSet - Enter createEntityFromResultSet
13 Apr 2025 15:32:54,443 TRACE ro.mpp2024.repository.ParticipantRepository 36 createEntityFromResultSet - Exit with(Constantin Marius)
13 Apr 2025 15:32:54,444 TRACE ro.mpp2024.repository.ParticipantRepository 30 createEntityFromResultSet - Enter createEntityFromResultSet
13 Apr 2025 15:32:54,444 TRACE ro.mpp2024.repository.ParticipantRepository 36 createEntityFromResultSet - Exit with(Enache Laura)
13 Apr 2025 15:32:54,444 TRACE ro.mpp2024.repository.ParticipantRepository 30 createEntityFromResultSet - Enter createEntityFromResultSet
13 Apr 2025 15:32:54,444 TRACE ro.mpp2024.repository.ParticipantRepository 36 createEntityFromResultSet - Exit with(Dragomir Adrian)
13 Apr 2025 15:32:54,444 TRACE ro.mpp2024.repository.ParticipantRepository 30 createEntityFromResultSet - Enter createEntityFromResultSet
13 Apr 2025 15:32:54,444 TRACE ro.mpp2024.repository.ParticipantRepository 36 createEntityFromResultSet - Exit with(Filip Bianca)
13 Apr 2025 15:32:54,444 TRACE ro.mpp2024.repository.ParticipantRepository 30 createEntityFromResultSet - Enter createEntityFromResultSet
13 Apr 2025 15:32:54,444 TRACE ro.mpp2024.repository.ParticipantRepository 36 createEntityFromResultSet - Exit with(Grigore Stefan)
13 Apr 2025 15:32:54,444 TRACE ro.mpp2024.repository.ParticipantRepository 30 createEntityFromResultSet - Enter createEntityFromResultSet
13 Apr 2025 15:32:54,445 TRACE ro.mpp2024.repository.ParticipantRepository 36 createEntityFromResultSet - Exit with(Hagi Diana)
13 Apr 2025 15:32:54,445 TRACE ro.mpp2024.repository.ParticipantRepository 30 createEntityFromResultSet - Enter createEntityFromResultSet
13 Apr 2025 15:32:54,445 TRACE ro.mpp2024.repository.ParticipantRepository 36 createEntityFromResultSet - Exit with(Iacob Radu)
13 Apr 2025 15:32:54,445 TRACE ro.mpp2024.repository.ParticipantRepository 30 createEntityFromResultSet - Enter createEntityFromResultSet
13 Apr 2025 15:32:54,445 TRACE ro.mpp2024.repository.ParticipantRepository 36 createEntityFromResultSet - Exit with(Jianu Oana)
13 Apr 2025 15:32:54,445 TRACE ro.mpp2024.repository.ParticipantRepository 30 createEntityFromResultSet - Enter createEntityFromResultSet
13 Apr 2025 15:32:54,445 TRACE ro.mpp2024.repository.ParticipantRepository 36 createEntityFromResultSet - Exit with(Kovacs Cristina)
13 Apr 2025 15:32:54,445 TRACE ro.mpp2024.repository.ParticipantRepository 30 createEntityFromResultSet - Enter createEntityFromResultSet
13 Apr 2025 15:32:54,446 TRACE ro.mpp2024.repository.ParticipantRepository 36 createEntityFromResultSet - Exit with(Lupu George)
13 Apr 2025 15:32:54,446 TRACE ro.mpp2024.repository.ParticipantRepository 30 createEntityFromResultSet - Enter createEntityFromResultSet
13 Apr 2025 15:32:54,446 TRACE ro.mpp2024.repository.ParticipantRepository 36 createEntityFromResultSet - Exit with(Manole Simona)
13 Apr 2025 15:32:54,446 TRACE ro.mpp2024.repository.ParticipantRepository 30 createEntityFromResultSet - Enter createEntityFromResultSet
13 Apr 2025 15:32:54,446 TRACE ro.mpp2024.repository.ParticipantRepository 36 createEntityFromResultSet - Exit with(Nedelcu Alexandra)
13 Apr 2025 15:32:54,446 TRACE ro.mpp2024.repository.ParticipantRepository 30 createEntityFromResultSet - Enter createEntityFromResultSet
13 Apr 2025 15:32:54,446 TRACE ro.mpp2024.repository.ParticipantRepository 36 createEntityFromResultSet - Exit with(Oprea Bogdan)
13 Apr 2025 15:32:54,446 TRACE ro.mpp2024.repository.ParticipantRepository 30 createEntityFromResultSet - Enter createEntityFromResultSet
13 Apr 2025 15:32:54,446 TRACE ro.mpp2024.repository.ParticipantRepository 36 createEntityFromResultSet - Exit with(Pavel Monica)
13 Apr 2025 15:32:54,447 TRACE ro.mpp2024.repository.ParticipantRepository 30 createEntityFromResultSet - Enter createEntityFromResultSet
13 Apr 2025 15:32:54,447 TRACE ro.mpp2024.repository.ParticipantRepository 36 createEntityFromResultSet - Exit with(Rusu Andreea)
13 Apr 2025 15:32:54,447 TRACE ro.mpp2024.repository.ParticipantRepository 30 createEntityFromResultSet - Enter createEntityFromResultSet
13 Apr 2025 15:32:54,447 TRACE ro.mpp2024.repository.ParticipantRepository 36 createEntityFromResultSet - Exit with(Sandu Victor)
13 Apr 2025 15:32:54,447 TRACE ro.mpp2024.repository.ParticipantRepository 30 createEntityFromResultSet - Enter createEntityFromResultSet
13 Apr 2025 15:32:54,447 TRACE ro.mpp2024.repository.ParticipantRepository 36 createEntityFromResultSet - Exit with(Toma Gabriela)
13 Apr 2025 15:32:54,447 TRACE ro.mpp2024.repository.ParticipantRepository 30 createEntityFromResultSet - Enter createEntityFromResultSet
13 Apr 2025 15:32:54,447 TRACE ro.mpp2024.repository.ParticipantRepository 36 createEntityFromResultSet - Exit with(Ursu Mihail)
13 Apr 2025 15:32:54,447 TRACE ro.mpp2024.repository.ParticipantRepository 30 createEntityFromResultSet - Enter createEntityFromResultSet
13 Apr 2025 15:32:54,448 TRACE ro.mpp2024.repository.ParticipantRepository 36 createEntityFromResultSet - Exit with(Vlad Anca)
13 Apr 2025 15:32:54,448 TRACE ro.mpp2024.repository.ParticipantRepository 30 createEntityFromResultSet - Enter createEntityFromResultSet
13 Apr 2025 15:32:54,448 TRACE ro.mpp2024.repository.ParticipantRepository 36 createEntityFromResultSet - Exit with(Zamfir Lucian)
13 Apr 2025 15:32:54,448 TRACE ro.mpp2024.repository.ParticipantRepository 30 createEntityFromResultSet - Enter createEntityFromResultSet
13 Apr 2025 15:32:54,448 TRACE ro.mpp2024.repository.ParticipantRepository 36 createEntityFromResultSet - Exit with(Voicu Raluca)
13 Apr 2025 15:32:54,448 TRACE ro.mpp2024.repository.ParticipantRepository 30 createEntityFromResultSet - Enter createEntityFromResultSet
13 Apr 2025 15:32:54,448 TRACE ro.mpp2024.repository.ParticipantRepository 36 createEntityFromResultSet - Exit with(nume prenume)
13 Apr 2025 15:32:54,449 TRACE ro.mpp2024.repository.ParticipantRepository 56 findAll - Exit with([Popescu Ion, Ionescu Maria, Georgescu Andrei, Dumitrescu Elena, Popa Mihai, Stan Ioana, Radu Cristian, Marin Ana, Tudor Alexandru, Petrescu Gabriel, Iliescu Daniela, Vasilescu Florin, Dobre Adriana, Munteanu Sorin, Nistor Carmen, Lazar Roxana, Gheorghe Vlad, Barbu Irina, Constantin Marius, Enache Laura, Dragomir Adrian, Filip Bianca, Grigore Stefan, Hagi Diana, Iacob Radu, Jianu Oana, Kovacs Cristina, Lupu George, Manole Simona, Nedelcu Alexandra, Oprea Bogdan, Pavel Monica, Rusu Andreea, Sandu Victor, Toma Gabriela, Ursu Mihail, Vlad Anca, Zamfir Lucian, Voicu Raluca, nume prenume])
13 Apr 2025 15:32:54,450 DEBUG ro.mpp2024.protocol.ClientWorkerJson 79 sendResponse - sending response {"typeJava":"PARTICIPANTI","typeCsharp":0,"participanti":[{"idParticipant":1,"nume":"Popescu","prenume":"Ion","varsta":25,"punctaj":0},{"idParticipant":2,"nume":"Ionescu","prenume":"Maria","varsta":30,"punctaj":0},{"idParticipant":3,"nume":"Georgescu","prenume":"Andrei","varsta":22,"punctaj":0},{"idParticipant":4,"nume":"Dumitrescu","prenume":"Elena","varsta":28,"punctaj":0},{"idParticipant":5,"nume":"Popa","prenume":"Mihai","varsta":35,"punctaj":0},{"idParticipant":6,"nume":"Stan","prenume":"Ioana","varsta":27,"punctaj":0},{"idParticipant":7,"nume":"Radu","prenume":"Cristian","varsta":24,"punctaj":0},{"idParticipant":8,"nume":"Marin","prenume":"Ana","varsta":29,"punctaj":0},{"idParticipant":9,"nume":"Tudor","prenume":"Alexandru","varsta":31,"punctaj":0},{"idParticipant":10,"nume":"Petrescu","prenume":"Gabriel","varsta":26,"punctaj":0},{"idParticipant":11,"nume":"Iliescu","prenume":"Daniela","varsta":32,"punctaj":0},{"idParticipant":12,"nume":"Vasilescu","prenume":"Florin","varsta":23,"punctaj":0},{"idParticipant":13,"nume":"Dobre","prenume":"Adriana","varsta":34,"punctaj":0},{"idParticipant":14,"nume":"Munteanu","prenume":"Sorin","varsta":21,"punctaj":0},{"idParticipant":15,"nume":"Nistor","prenume":"Carmen","varsta":33,"punctaj":0},{"idParticipant":16,"nume":"Lazar","prenume":"Roxana","varsta":25,"punctaj":0},{"idParticipant":17,"nume":"Gheorghe","prenume":"Vlad","varsta":28,"punctaj":0},{"idParticipant":18,"nume":"Barbu","prenume":"Irina","varsta":27,"punctaj":0},{"idParticipant":19,"nume":"Constantin","prenume":"Marius","varsta":30,"punctaj":0},{"idParticipant":20,"nume":"Enache","prenume":"Laura","varsta":29,"punctaj":0},{"idParticipant":21,"nume":"Dragomir","prenume":"Adrian","varsta":26,"punctaj":0},{"idParticipant":22,"nume":"Filip","prenume":"Bianca","varsta":31,"punctaj":0},{"idParticipant":23,"nume":"Grigore","prenume":"Stefan","varsta":24,"punctaj":0},{"idParticipant":24,"nume":"Hagi","prenume":"Diana","varsta":32,"punctaj":0},{"idParticipant":25,"nume":"Iacob","prenume":"Radu","varsta":23,"punctaj":0},{"idParticipant":26,"nume":"Jianu","prenume":"Oana","varsta":34,"punctaj":0},{"idParticipant":27,"nume":"Kovacs","prenume":"Cristina","varsta":21,"punctaj":0},{"idParticipant":28,"nume":"Lupu","prenume":"George","varsta":33,"punctaj":0},{"idParticipant":29,"nume":"Manole","prenume":"Simona","varsta":25,"punctaj":0},{"idParticipant":30,"nume":"Nedelcu","prenume":"Alexandra","varsta":28,"punctaj":0},{"idParticipant":31,"nume":"Oprea","prenume":"Bogdan","varsta":27,"punctaj":0},{"idParticipant":32,"nume":"Pavel","prenume":"Monica","varsta":30,"punctaj":0},{"idParticipant":33,"nume":"Rusu","prenume":"Andreea","varsta":29,"punctaj":0},{"idParticipant":34,"nume":"Sandu","prenume":"Victor","varsta":26,"punctaj":0},{"idParticipant":35,"nume":"Toma","prenume":"Gabriela","varsta":31,"punctaj":0},{"idParticipant":36,"nume":"Ursu","prenume":"Mihail","varsta":24,"punctaj":0},{"idParticipant":37,"nume":"Vlad","prenume":"Anca","varsta":32,"punctaj":0},{"idParticipant":38,"nume":"Zamfir","prenume":"Lucian","varsta":23,"punctaj":0},{"idParticipant":39,"nume":"Voicu","prenume":"Raluca","varsta":34,"punctaj":0},{"idParticipant":40,"nume":"nume","prenume":"prenume","varsta":20,"punctaj":0}]}
13 Apr 2025 15:33:05,081 DEBUG ro.mpp2024.protocol.ClientWorkerJson 126 handleRequest - Add rezultat request RezultatDTO{idProba='s1', idParticipant=4, puncte=1000}
13 Apr 2025 15:33:05,082 TRACE ro.mpp2024.services.ServerService 56 addRezultat - Enter
13 Apr 2025 15:33:05,082 TRACE ro.mpp2024.repository.ParticipantRepository 62 findOne - Enter
13 Apr 2025 15:33:05,082 TRACE ro.mpp2024.utils.JdbcUtils 48 getConnection - Enter
13 Apr 2025 15:33:05,082 TRACE ro.mpp2024.utils.JdbcUtils 57 getConnection - Exit with(org.sqlite.jdbc4.JDBC4Connection@d52e2fb)
13 Apr 2025 15:33:05,082 TRACE ro.mpp2024.repository.ParticipantRepository 30 createEntityFromResultSet - Enter createEntityFromResultSet
13 Apr 2025 15:33:05,083 TRACE ro.mpp2024.repository.ParticipantRepository 36 createEntityFromResultSet - Exit with(Dumitrescu Elena)
13 Apr 2025 15:33:05,083 TRACE ro.mpp2024.repository.ParticipantRepository 76 findOne - Exit with(Dumitrescu Elena)
13 Apr 2025 15:33:05,083 TRACE ro.mpp2024.repository.ProbaRepository 63 findOne - Enter findOne
13 Apr 2025 15:33:05,083 TRACE ro.mpp2024.utils.JdbcUtils 48 getConnection - Enter
13 Apr 2025 15:33:05,083 TRACE ro.mpp2024.utils.JdbcUtils 57 getConnection - Exit with(org.sqlite.jdbc4.JDBC4Connection@d52e2fb)
13 Apr 2025 15:33:05,084 TRACE ro.mpp2024.repository.ProbaRepository 31 createEntityFromResultSet - Enter createEntityFromResultSet
13 Apr 2025 15:33:05,087 TRACE ro.mpp2024.repository.ProbaRepository 37 createEntityFromResultSet - Exit with(Proba{nume='Cursa 100 de m', arbitru=1, categorie=alergat})
13 Apr 2025 15:33:05,087 TRACE ro.mpp2024.repository.ProbaRepository 77 findOne - Exit with(Proba{nume='Cursa 100 de m', arbitru=1, categorie=alergat})
13 Apr 2025 15:33:05,087 TRACE ro.mpp2024.repository.RezultatRepository 116 save - Enter save
13 Apr 2025 15:33:05,087 TRACE ro.mpp2024.utils.JdbcUtils 48 getConnection - Enter
13 Apr 2025 15:33:05,087 TRACE ro.mpp2024.utils.JdbcUtils 57 getConnection - Exit with(org.sqlite.jdbc4.JDBC4Connection@d52e2fb)
13 Apr 2025 15:33:05,096 TRACE ro.mpp2024.repository.RezultatRepository 127 save - Exit
13 Apr 2025 15:33:05,096 TRACE ro.mpp2024.services.ServerService 60 addRezultat - Exit
13 Apr 2025 15:33:05,097 DEBUG ro.mpp2024.services.ServerService 66 rezultatAdded - rezultat added
13 Apr 2025 15:33:05,099 DEBUG ro.mpp2024.protocol.ClientWorkerJson 79 sendResponse - sending response {"typeJava":"OK","typeCsharp":0}
13 Apr 2025 15:33:05,103 DEBUG ro.mpp2024.protocol.ClientWorkerJson 179 RezultatAdded - Sending rezultat added response Response{type=REZULTAT_ADDED, errormessage='null', user=null, rezultat=RezultatDTO{idProba='s1', idParticipant=4, puncte=1000}, punctaje=null}
13 Apr 2025 15:33:05,103 DEBUG ro.mpp2024.protocol.ClientWorkerJson 79 sendResponse - sending response {"typeJava":"REZULTAT_ADDED","typeCsharp":0,"rezultat":{"idProba":"s1","idParticipant":4,"numeParticipant":"Dumitrescu","prenumeParticipant":"Elena","puncte":1000}}
13 Apr 2025 15:33:11,681 DEBUG ro.mpp2024.protocol.ClientWorkerJson 151 handleRequest - Logout request forUserDTO{nume='Alice Johnson', username='alice.j', password='UGFzc3cwcmQxIQ==', probaId='s1'}
13 Apr 2025 15:33:11,681 INFO  ro.mpp2024.services.ServerService 94 logout - Logout user alice.j
13 Apr 2025 15:33:11,681 DEBUG ro.mpp2024.protocol.ClientWorkerJson 79 sendResponse - sending response {"typeJava":"OK","typeCsharp":0}
13 Apr 2025 15:33:13,961 INFO  chat.network.utils.AbstractServer 27 start - Client connected ...
13 Apr 2025 15:33:13,961 INFO  chat.network.utils.AbstractServer 25 start - Waiting for clients ...
13 Apr 2025 15:33:13,962 DEBUG ro.mpp2024.protocol.ClientWorkerJson 90 handleRequest - Login request UserDTO{nume='', username='alice.j', password='', probaId=''}
13 Apr 2025 15:33:13,962 TRACE ro.mpp2024.utils.JdbcUtils 48 getConnection - Enter
13 Apr 2025 15:33:13,962 TRACE ro.mpp2024.utils.JdbcUtils 57 getConnection - Exit with(org.sqlite.jdbc4.JDBC4Connection@d52e2fb)
13 Apr 2025 15:33:13,963 ERROR ro.mpp2024.services.ServerService 48 login - Authentication failed
13 Apr 2025 15:33:13,963 ERROR ro.mpp2024.protocol.ClientWorkerJson 99 handleRequest - ro.mpp2024.ManageException: Authentication failed
13 Apr 2025 15:33:13,963 DEBUG ro.mpp2024.protocol.ClientWorkerJson 79 sendResponse - sending response {"typeJava":"ERROR","typeCsharp":0,"errormessage":"Authentication failed"}
13 Apr 2025 15:50:50,993 INFO  ro.mpp2024.StartJsonServer 24 main - Server properties: {server.port=55556, jdbc.url=jdbc:sqlite:src/main/resources/triatlon.db}
13 Apr 2025 15:50:50,996 INFO  ro.mpp2024.repository.ArbitruRepository 23 <init> - Initializing IArbitruRepository with properties: {} 
13 Apr 2025 15:50:50,997 INFO  ro.mpp2024.repository.ProbaRepository 25 <init> - Initializing ProbaRepository with properties: {} 
13 Apr 2025 15:50:50,998 INFO  ro.mpp2024.repository.ParticipantRepository 24 <init> - Initializing ParticipantRepository with properties: {} 
13 Apr 2025 15:50:50,999 INFO  ro.mpp2024.repository.RezultatRepository 25 <init> - Initializing RezultatRepository with properties: {} 
13 Apr 2025 15:50:51,000 INFO  ro.mpp2024.services.ServerService 37 <init> - Service Rezultat made
13 Apr 2025 15:50:51,001 DEBUG ro.mpp2024.StartJsonServer 50 main - Starting server on port: 55556
13 Apr 2025 15:50:51,001 DEBUG ro.mpp2024.networkUtils.AbsConcurrentServer 13 <init> - Concurrent AbstractServer
13 Apr 2025 15:50:51,001 INFO  ro.mpp2024.networkUtils.JsonConcurrentServer 17 <init> - JsonConcurrentServer
13 Apr 2025 15:50:51,006 INFO  chat.network.utils.AbstractServer 25 start - Waiting for clients ...
13 Apr 2025 15:51:22,303 INFO  chat.network.utils.AbstractServer 27 start - Client connected ...
13 Apr 2025 15:51:22,332 INFO  chat.network.utils.AbstractServer 25 start - Waiting for clients ...
13 Apr 2025 15:51:22,340 DEBUG ro.mpp2024.protocol.ClientWorkerJson 90 handleRequest - Login request UserDTO{nume='', username='alice.j', password='UGFzc3cwcmQxIQ==', probaId='c0'}
13 Apr 2025 15:51:22,342 TRACE ro.mpp2024.utils.JdbcUtils 48 getConnection - Enter
13 Apr 2025 15:51:22,342 TRACE ro.mpp2024.utils.JdbcUtils 25 getNewConnection - Enter
13 Apr 2025 15:51:22,342 INFO  ro.mpp2024.utils.JdbcUtils 30 getNewConnection - trying to connect to database ... jdbc:sqlite:src/main/resources/triatlon.db
13 Apr 2025 15:51:22,342 INFO  ro.mpp2024.utils.JdbcUtils 31 getNewConnection - user: null
13 Apr 2025 15:51:22,342 INFO  ro.mpp2024.utils.JdbcUtils 32 getNewConnection - pass: null
13 Apr 2025 15:51:22,438 TRACE ro.mpp2024.utils.JdbcUtils 57 getConnection - Exit with(org.sqlite.jdbc4.JDBC4Connection@10f5c909)
13 Apr 2025 15:51:22,441 TRACE ro.mpp2024.repository.ArbitruRepository 29 createEntityFromResultSet - Enter createEntityFromResultSet
13 Apr 2025 15:51:22,441 TRACE ro.mpp2024.repository.ArbitruRepository 36 createEntityFromResultSet - Exit with(Arbitru{nume='Alice Johnson', username='alice.j', password='UGFzc3cwcmQxIQ==', id_proba=s1})
13 Apr 2025 15:51:22,444 DEBUG ro.mpp2024.protocol.ClientWorkerJson 79 sendResponse - sending response {"typeJava":"LOGGED_ACC","typeCsharp":4,"user":{"id":20,"nume":"Alice Johnson","username":"alice.j","password":"UGFzc3cwcmQxIQ\u003d\u003d","id_proba":"s1"}}
13 Apr 2025 15:51:23,455 DEBUG ro.mpp2024.protocol.ClientWorkerJson 115 handleRequest - Get all rezultate request fornull
13 Apr 2025 15:51:23,456 TRACE ro.mpp2024.repository.RezultatRepository 144 listaParticipantiPuncteAlfabetic - Enter listaParticipantiPuncteAlfabetic
13 Apr 2025 15:51:23,456 TRACE ro.mpp2024.utils.JdbcUtils 48 getConnection - Enter
13 Apr 2025 15:51:23,456 TRACE ro.mpp2024.utils.JdbcUtils 57 getConnection - Exit with(org.sqlite.jdbc4.JDBC4Connection@10f5c909)
13 Apr 2025 15:51:23,457 TRACE ro.mpp2024.repository.RezultatRepository 162 listaParticipantiPuncteAlfabetic - Enter Terminat dictionar
13 Apr 2025 15:51:23,459 DEBUG ro.mpp2024.protocol.ClientWorkerJson 79 sendResponse - sending response {"typeJava":"ALL_REZULTATE","typeCsharp":3,"punctaje":[{"idParticipant":18,"nume":"Barbu","prenume":"Irina","varsta":27,"punctaj":240},{"idParticipant":19,"nume":"Constantin","prenume":"Marius","varsta":30,"punctaj":288},{"idParticipant":13,"nume":"Dobre","prenume":"Adriana","varsta":34,"punctaj":185},{"idParticipant":21,"nume":"Dragomir","prenume":"Adrian","varsta":26,"punctaj":140},{"idParticipant":4,"nume":"Dumitrescu","prenume":"Elena","varsta":28,"punctaj":1153},{"idParticipant":20,"nume":"Enache","prenume":"Laura","varsta":29,"punctaj":325},{"idParticipant":22,"nume":"Filip","prenume":"Bianca","varsta":31,"punctaj":347},{"idParticipant":3,"nume":"Georgescu","prenume":"Andrei","varsta":22,"punctaj":132},{"idParticipant":17,"nume":"Gheorghe","prenume":"Vlad","varsta":28,"punctaj":210},{"idParticipant":23,"nume":"Grigore","prenume":"Stefan","varsta":24,"punctaj":155},{"idParticipant":24,"nume":"Hagi","prenume":"Diana","varsta":32,"punctaj":203},{"idParticipant":25,"nume":"Iacob","prenume":"Radu","varsta":23,"punctaj":195},{"idParticipant":11,"nume":"Iliescu","prenume":"Daniela","varsta":32,"punctaj":320},{"idParticipant":2,"nume":"Ionescu","prenume":"Maria","varsta":30,"punctaj":166},{"idParticipant":26,"nume":"Jianu","prenume":"Oana","varsta":34,"punctaj":142},{"idParticipant":27,"nume":"Kovacs","prenume":"Cristina","varsta":21,"punctaj":199},{"idParticipant":16,"nume":"Lazar","prenume":"Roxana","varsta":25,"punctaj":185},{"idParticipant":28,"nume":"Lupu","prenume":"George","varsta":33,"punctaj":349},{"idParticipant":29,"nume":"Manole","prenume":"Simona","varsta":25,"punctaj":117},{"idParticipant":8,"nume":"Marin","prenume":"Ana","varsta":29,"punctaj":134},{"idParticipant":14,"nume":"Munteanu","prenume":"Sorin","varsta":21,"punctaj":301},{"idParticipant":30,"nume":"Nedelcu","prenume":"Alexandra","varsta":28,"punctaj":169},{"idParticipant":15,"nume":"Nistor","prenume":"Carmen","varsta":33,"punctaj":189},{"idParticipant":40,"nume":"nume","prenume":"prenume","varsta":20,"punctaj":300},{"idParticipant":31,"nume":"Oprea","prenume":"Bogdan","varsta":27,"punctaj":282},{"idParticipant":32,"nume":"Pavel","prenume":"Monica","varsta":30,"punctaj":111},{"idParticipant":10,"nume":"Petrescu","prenume":"Gabriel","varsta":26,"punctaj":188},{"idParticipant":5,"nume":"Popa","prenume":"Mihai","varsta":35,"punctaj":282},{"idParticipant":1,"nume":"Popescu","prenume":"Ion","varsta":25,"punctaj":158},{"idParticipant":7,"nume":"Radu","prenume":"Cristian","varsta":24,"punctaj":256},{"idParticipant":33,"nume":"Rusu","prenume":"Andreea","varsta":29,"punctaj":313},{"idParticipant":34,"nume":"Sandu","prenume":"Victor","varsta":26,"punctaj":115},{"idParticipant":6,"nume":"Stan","prenume":"Ioana","varsta":27,"punctaj":289},{"idParticipant":35,"nume":"Toma","prenume":"Gabriela","varsta":31,"punctaj":132},{"idParticipant":9,"nume":"Tudor","prenume":"Alexandru","varsta":31,"punctaj":288},{"idParticipant":36,"nume":"Ursu","prenume":"Mihail","varsta":24,"punctaj":155},{"idParticipant":12,"nume":"Vasilescu","prenume":"Florin","varsta":23,"punctaj":472},{"idParticipant":37,"nume":"Vlad","prenume":"Anca","varsta":32,"punctaj":138},{"idParticipant":39,"nume":"Voicu","prenume":"Raluca","varsta":34,"punctaj":190},{"idParticipant":38,"nume":"Zamfir","prenume":"Lucian","varsta":23,"punctaj":177}]}
13 Apr 2025 15:51:24,468 DEBUG ro.mpp2024.protocol.ClientWorkerJson 103 handleRequest - Get rezultate request forUserDTO{nume='', username='', password='', probaId='s1'}
13 Apr 2025 15:51:24,469 TRACE ro.mpp2024.repository.RezultatRepository 168 listaParticiapntPuncteProbaDescrescator - Enter listaParticiapntPuncteProbaDescrescator
13 Apr 2025 15:51:24,469 TRACE ro.mpp2024.utils.JdbcUtils 48 getConnection - Enter
13 Apr 2025 15:51:24,469 TRACE ro.mpp2024.utils.JdbcUtils 57 getConnection - Exit with(org.sqlite.jdbc4.JDBC4Connection@10f5c909)
13 Apr 2025 15:51:24,470 TRACE ro.mpp2024.repository.RezultatRepository 186 listaParticiapntPuncteProbaDescrescator - Enter Terminat dictionar
13 Apr 2025 15:51:24,470 DEBUG ro.mpp2024.protocol.ClientWorkerJson 79 sendResponse - sending response {"typeJava":"REZULTATE","typeCsharp":2,"punctaje":[{"idParticipant":4,"nume":"Dumitrescu","prenume":"Elena","varsta":28,"punctaj":1000},{"idParticipant":28,"nume":"Lupu","prenume":"George","varsta":33,"punctaj":199},{"idParticipant":12,"nume":"Vasilescu","prenume":"Florin","varsta":23,"punctaj":198},{"idParticipant":11,"nume":"Iliescu","prenume":"Daniela","varsta":32,"punctaj":185},{"idParticipant":20,"nume":"Enache","prenume":"Laura","varsta":29,"punctaj":140},{"idParticipant":19,"nume":"Constantin","prenume":"Marius","varsta":30,"punctaj":100},{"idParticipant":22,"nume":"Filip","prenume":"Bianca","varsta":31,"punctaj":30},{"idParticipant":18,"nume":"Barbu","prenume":"Irina","varsta":27,"punctaj":20},{"idParticipant":3,"nume":"Georgescu","prenume":"Andrei","varsta":22,"punctaj":20},{"idParticipant":13,"nume":"Dobre","prenume":"Adriana","varsta":34,"punctaj":10}]}
13 Apr 2025 15:51:25,479 DEBUG ro.mpp2024.protocol.ClientWorkerJson 141 handleRequest - Get participanti request fornull
13 Apr 2025 15:51:25,479 TRACE ro.mpp2024.repository.ParticipantRepository 42 findAll - Enter
13 Apr 2025 15:51:25,480 TRACE ro.mpp2024.utils.JdbcUtils 48 getConnection - Enter
13 Apr 2025 15:51:25,480 TRACE ro.mpp2024.utils.JdbcUtils 57 getConnection - Exit with(org.sqlite.jdbc4.JDBC4Connection@10f5c909)
13 Apr 2025 15:51:25,480 TRACE ro.mpp2024.repository.ParticipantRepository 30 createEntityFromResultSet - Enter createEntityFromResultSet
13 Apr 2025 15:51:25,481 TRACE ro.mpp2024.repository.ParticipantRepository 36 createEntityFromResultSet - Exit with(Popescu Ion)
13 Apr 2025 15:51:25,481 TRACE ro.mpp2024.repository.ParticipantRepository 30 createEntityFromResultSet - Enter createEntityFromResultSet
13 Apr 2025 15:51:25,481 TRACE ro.mpp2024.repository.ParticipantRepository 36 createEntityFromResultSet - Exit with(Ionescu Maria)
13 Apr 2025 15:51:25,481 TRACE ro.mpp2024.repository.ParticipantRepository 30 createEntityFromResultSet - Enter createEntityFromResultSet
13 Apr 2025 15:51:25,481 TRACE ro.mpp2024.repository.ParticipantRepository 36 createEntityFromResultSet - Exit with(Georgescu Andrei)
13 Apr 2025 15:51:25,482 TRACE ro.mpp2024.repository.ParticipantRepository 30 createEntityFromResultSet - Enter createEntityFromResultSet
13 Apr 2025 15:51:25,482 TRACE ro.mpp2024.repository.ParticipantRepository 36 createEntityFromResultSet - Exit with(Dumitrescu Elena)
13 Apr 2025 15:51:25,482 TRACE ro.mpp2024.repository.ParticipantRepository 30 createEntityFromResultSet - Enter createEntityFromResultSet
13 Apr 2025 15:51:25,482 TRACE ro.mpp2024.repository.ParticipantRepository 36 createEntityFromResultSet - Exit with(Popa Mihai)
13 Apr 2025 15:51:25,482 TRACE ro.mpp2024.repository.ParticipantRepository 30 createEntityFromResultSet - Enter createEntityFromResultSet
13 Apr 2025 15:51:25,482 TRACE ro.mpp2024.repository.ParticipantRepository 36 createEntityFromResultSet - Exit with(Stan Ioana)
13 Apr 2025 15:51:25,482 TRACE ro.mpp2024.repository.ParticipantRepository 30 createEntityFromResultSet - Enter createEntityFromResultSet
13 Apr 2025 15:51:25,482 TRACE ro.mpp2024.repository.ParticipantRepository 36 createEntityFromResultSet - Exit with(Radu Cristian)
13 Apr 2025 15:51:25,483 TRACE ro.mpp2024.repository.ParticipantRepository 30 createEntityFromResultSet - Enter createEntityFromResultSet
13 Apr 2025 15:51:25,483 TRACE ro.mpp2024.repository.ParticipantRepository 36 createEntityFromResultSet - Exit with(Marin Ana)
13 Apr 2025 15:51:25,483 TRACE ro.mpp2024.repository.ParticipantRepository 30 createEntityFromResultSet - Enter createEntityFromResultSet
13 Apr 2025 15:51:25,483 TRACE ro.mpp2024.repository.ParticipantRepository 36 createEntityFromResultSet - Exit with(Tudor Alexandru)
13 Apr 2025 15:51:25,483 TRACE ro.mpp2024.repository.ParticipantRepository 30 createEntityFromResultSet - Enter createEntityFromResultSet
13 Apr 2025 15:51:25,483 TRACE ro.mpp2024.repository.ParticipantRepository 36 createEntityFromResultSet - Exit with(Petrescu Gabriel)
13 Apr 2025 15:51:25,483 TRACE ro.mpp2024.repository.ParticipantRepository 30 createEntityFromResultSet - Enter createEntityFromResultSet
13 Apr 2025 15:51:25,483 TRACE ro.mpp2024.repository.ParticipantRepository 36 createEntityFromResultSet - Exit with(Iliescu Daniela)
13 Apr 2025 15:51:25,484 TRACE ro.mpp2024.repository.ParticipantRepository 30 createEntityFromResultSet - Enter createEntityFromResultSet
13 Apr 2025 15:51:25,484 TRACE ro.mpp2024.repository.ParticipantRepository 36 createEntityFromResultSet - Exit with(Vasilescu Florin)
13 Apr 2025 15:51:25,484 TRACE ro.mpp2024.repository.ParticipantRepository 30 createEntityFromResultSet - Enter createEntityFromResultSet
13 Apr 2025 15:51:25,484 TRACE ro.mpp2024.repository.ParticipantRepository 36 createEntityFromResultSet - Exit with(Dobre Adriana)
13 Apr 2025 15:51:25,484 TRACE ro.mpp2024.repository.ParticipantRepository 30 createEntityFromResultSet - Enter createEntityFromResultSet
13 Apr 2025 15:51:25,484 TRACE ro.mpp2024.repository.ParticipantRepository 36 createEntityFromResultSet - Exit with(Munteanu Sorin)
13 Apr 2025 15:51:25,484 TRACE ro.mpp2024.repository.ParticipantRepository 30 createEntityFromResultSet - Enter createEntityFromResultSet
13 Apr 2025 15:51:25,484 TRACE ro.mpp2024.repository.ParticipantRepository 36 createEntityFromResultSet - Exit with(Nistor Carmen)
13 Apr 2025 15:51:25,485 TRACE ro.mpp2024.repository.ParticipantRepository 30 createEntityFromResultSet - Enter createEntityFromResultSet
13 Apr 2025 15:51:25,485 TRACE ro.mpp2024.repository.ParticipantRepository 36 createEntityFromResultSet - Exit with(Lazar Roxana)
13 Apr 2025 15:51:25,485 TRACE ro.mpp2024.repository.ParticipantRepository 30 createEntityFromResultSet - Enter createEntityFromResultSet
13 Apr 2025 15:51:25,485 TRACE ro.mpp2024.repository.ParticipantRepository 36 createEntityFromResultSet - Exit with(Gheorghe Vlad)
13 Apr 2025 15:51:25,485 TRACE ro.mpp2024.repository.ParticipantRepository 30 createEntityFromResultSet - Enter createEntityFromResultSet
13 Apr 2025 15:51:25,485 TRACE ro.mpp2024.repository.ParticipantRepository 36 createEntityFromResultSet - Exit with(Barbu Irina)
13 Apr 2025 15:51:25,485 TRACE ro.mpp2024.repository.ParticipantRepository 30 createEntityFromResultSet - Enter createEntityFromResultSet
13 Apr 2025 15:51:25,485 TRACE ro.mpp2024.repository.ParticipantRepository 36 createEntityFromResultSet - Exit with(Constantin Marius)
13 Apr 2025 15:51:25,486 TRACE ro.mpp2024.repository.ParticipantRepository 30 createEntityFromResultSet - Enter createEntityFromResultSet
13 Apr 2025 15:51:25,486 TRACE ro.mpp2024.repository.ParticipantRepository 36 createEntityFromResultSet - Exit with(Enache Laura)
13 Apr 2025 15:51:25,486 TRACE ro.mpp2024.repository.ParticipantRepository 30 createEntityFromResultSet - Enter createEntityFromResultSet
13 Apr 2025 15:51:25,486 TRACE ro.mpp2024.repository.ParticipantRepository 36 createEntityFromResultSet - Exit with(Dragomir Adrian)
13 Apr 2025 15:51:25,486 TRACE ro.mpp2024.repository.ParticipantRepository 30 createEntityFromResultSet - Enter createEntityFromResultSet
13 Apr 2025 15:51:25,486 TRACE ro.mpp2024.repository.ParticipantRepository 36 createEntityFromResultSet - Exit with(Filip Bianca)
13 Apr 2025 15:51:25,486 TRACE ro.mpp2024.repository.ParticipantRepository 30 createEntityFromResultSet - Enter createEntityFromResultSet
13 Apr 2025 15:51:25,486 TRACE ro.mpp2024.repository.ParticipantRepository 36 createEntityFromResultSet - Exit with(Grigore Stefan)
13 Apr 2025 15:51:25,486 TRACE ro.mpp2024.repository.ParticipantRepository 30 createEntityFromResultSet - Enter createEntityFromResultSet
13 Apr 2025 15:51:25,487 TRACE ro.mpp2024.repository.ParticipantRepository 36 createEntityFromResultSet - Exit with(Hagi Diana)
13 Apr 2025 15:51:25,487 TRACE ro.mpp2024.repository.ParticipantRepository 30 createEntityFromResultSet - Enter createEntityFromResultSet
13 Apr 2025 15:51:25,487 TRACE ro.mpp2024.repository.ParticipantRepository 36 createEntityFromResultSet - Exit with(Iacob Radu)
13 Apr 2025 15:51:25,487 TRACE ro.mpp2024.repository.ParticipantRepository 30 createEntityFromResultSet - Enter createEntityFromResultSet
13 Apr 2025 15:51:25,487 TRACE ro.mpp2024.repository.ParticipantRepository 36 createEntityFromResultSet - Exit with(Jianu Oana)
13 Apr 2025 15:51:25,487 TRACE ro.mpp2024.repository.ParticipantRepository 30 createEntityFromResultSet - Enter createEntityFromResultSet
13 Apr 2025 15:51:25,487 TRACE ro.mpp2024.repository.ParticipantRepository 36 createEntityFromResultSet - Exit with(Kovacs Cristina)
13 Apr 2025 15:51:25,487 TRACE ro.mpp2024.repository.ParticipantRepository 30 createEntityFromResultSet - Enter createEntityFromResultSet
13 Apr 2025 15:51:25,487 TRACE ro.mpp2024.repository.ParticipantRepository 36 createEntityFromResultSet - Exit with(Lupu George)
13 Apr 2025 15:51:25,488 TRACE ro.mpp2024.repository.ParticipantRepository 30 createEntityFromResultSet - Enter createEntityFromResultSet
13 Apr 2025 15:51:25,488 TRACE ro.mpp2024.repository.ParticipantRepository 36 createEntityFromResultSet - Exit with(Manole Simona)
13 Apr 2025 15:51:25,488 TRACE ro.mpp2024.repository.ParticipantRepository 30 createEntityFromResultSet - Enter createEntityFromResultSet
13 Apr 2025 15:51:25,488 TRACE ro.mpp2024.repository.ParticipantRepository 36 createEntityFromResultSet - Exit with(Nedelcu Alexandra)
13 Apr 2025 15:51:25,488 TRACE ro.mpp2024.repository.ParticipantRepository 30 createEntityFromResultSet - Enter createEntityFromResultSet
13 Apr 2025 15:51:25,488 TRACE ro.mpp2024.repository.ParticipantRepository 36 createEntityFromResultSet - Exit with(Oprea Bogdan)
13 Apr 2025 15:51:25,488 TRACE ro.mpp2024.repository.ParticipantRepository 30 createEntityFromResultSet - Enter createEntityFromResultSet
13 Apr 2025 15:51:25,494 TRACE ro.mpp2024.repository.ParticipantRepository 36 createEntityFromResultSet - Exit with(Pavel Monica)
13 Apr 2025 15:51:25,494 TRACE ro.mpp2024.repository.ParticipantRepository 30 createEntityFromResultSet - Enter createEntityFromResultSet
13 Apr 2025 15:51:25,494 TRACE ro.mpp2024.repository.ParticipantRepository 36 createEntityFromResultSet - Exit with(Rusu Andreea)
13 Apr 2025 15:51:25,494 TRACE ro.mpp2024.repository.ParticipantRepository 30 createEntityFromResultSet - Enter createEntityFromResultSet
13 Apr 2025 15:51:25,494 TRACE ro.mpp2024.repository.ParticipantRepository 36 createEntityFromResultSet - Exit with(Sandu Victor)
13 Apr 2025 15:51:25,495 TRACE ro.mpp2024.repository.ParticipantRepository 30 createEntityFromResultSet - Enter createEntityFromResultSet
13 Apr 2025 15:51:25,495 TRACE ro.mpp2024.repository.ParticipantRepository 36 createEntityFromResultSet - Exit with(Toma Gabriela)
13 Apr 2025 15:51:25,495 TRACE ro.mpp2024.repository.ParticipantRepository 30 createEntityFromResultSet - Enter createEntityFromResultSet
13 Apr 2025 15:51:25,495 TRACE ro.mpp2024.repository.ParticipantRepository 36 createEntityFromResultSet - Exit with(Ursu Mihail)
13 Apr 2025 15:51:25,495 TRACE ro.mpp2024.repository.ParticipantRepository 30 createEntityFromResultSet - Enter createEntityFromResultSet
13 Apr 2025 15:51:25,495 TRACE ro.mpp2024.repository.ParticipantRepository 36 createEntityFromResultSet - Exit with(Vlad Anca)
13 Apr 2025 15:51:25,495 TRACE ro.mpp2024.repository.ParticipantRepository 30 createEntityFromResultSet - Enter createEntityFromResultSet
13 Apr 2025 15:51:25,495 TRACE ro.mpp2024.repository.ParticipantRepository 36 createEntityFromResultSet - Exit with(Zamfir Lucian)
13 Apr 2025 15:51:25,495 TRACE ro.mpp2024.repository.ParticipantRepository 30 createEntityFromResultSet - Enter createEntityFromResultSet
13 Apr 2025 15:51:25,496 TRACE ro.mpp2024.repository.ParticipantRepository 36 createEntityFromResultSet - Exit with(Voicu Raluca)
13 Apr 2025 15:51:25,496 TRACE ro.mpp2024.repository.ParticipantRepository 30 createEntityFromResultSet - Enter createEntityFromResultSet
13 Apr 2025 15:51:25,496 TRACE ro.mpp2024.repository.ParticipantRepository 36 createEntityFromResultSet - Exit with(nume prenume)
13 Apr 2025 15:51:25,496 TRACE ro.mpp2024.repository.ParticipantRepository 56 findAll - Exit with([Popescu Ion, Ionescu Maria, Georgescu Andrei, Dumitrescu Elena, Popa Mihai, Stan Ioana, Radu Cristian, Marin Ana, Tudor Alexandru, Petrescu Gabriel, Iliescu Daniela, Vasilescu Florin, Dobre Adriana, Munteanu Sorin, Nistor Carmen, Lazar Roxana, Gheorghe Vlad, Barbu Irina, Constantin Marius, Enache Laura, Dragomir Adrian, Filip Bianca, Grigore Stefan, Hagi Diana, Iacob Radu, Jianu Oana, Kovacs Cristina, Lupu George, Manole Simona, Nedelcu Alexandra, Oprea Bogdan, Pavel Monica, Rusu Andreea, Sandu Victor, Toma Gabriela, Ursu Mihail, Vlad Anca, Zamfir Lucian, Voicu Raluca, nume prenume])
13 Apr 2025 15:51:25,497 DEBUG ro.mpp2024.protocol.ClientWorkerJson 79 sendResponse - sending response {"typeJava":"PARTICIPANTI","typeCsharp":6,"participanti":[{"idParticipant":1,"nume":"Popescu","prenume":"Ion","varsta":25,"punctaj":0},{"idParticipant":2,"nume":"Ionescu","prenume":"Maria","varsta":30,"punctaj":0},{"idParticipant":3,"nume":"Georgescu","prenume":"Andrei","varsta":22,"punctaj":0},{"idParticipant":4,"nume":"Dumitrescu","prenume":"Elena","varsta":28,"punctaj":0},{"idParticipant":5,"nume":"Popa","prenume":"Mihai","varsta":35,"punctaj":0},{"idParticipant":6,"nume":"Stan","prenume":"Ioana","varsta":27,"punctaj":0},{"idParticipant":7,"nume":"Radu","prenume":"Cristian","varsta":24,"punctaj":0},{"idParticipant":8,"nume":"Marin","prenume":"Ana","varsta":29,"punctaj":0},{"idParticipant":9,"nume":"Tudor","prenume":"Alexandru","varsta":31,"punctaj":0},{"idParticipant":10,"nume":"Petrescu","prenume":"Gabriel","varsta":26,"punctaj":0},{"idParticipant":11,"nume":"Iliescu","prenume":"Daniela","varsta":32,"punctaj":0},{"idParticipant":12,"nume":"Vasilescu","prenume":"Florin","varsta":23,"punctaj":0},{"idParticipant":13,"nume":"Dobre","prenume":"Adriana","varsta":34,"punctaj":0},{"idParticipant":14,"nume":"Munteanu","prenume":"Sorin","varsta":21,"punctaj":0},{"idParticipant":15,"nume":"Nistor","prenume":"Carmen","varsta":33,"punctaj":0},{"idParticipant":16,"nume":"Lazar","prenume":"Roxana","varsta":25,"punctaj":0},{"idParticipant":17,"nume":"Gheorghe","prenume":"Vlad","varsta":28,"punctaj":0},{"idParticipant":18,"nume":"Barbu","prenume":"Irina","varsta":27,"punctaj":0},{"idParticipant":19,"nume":"Constantin","prenume":"Marius","varsta":30,"punctaj":0},{"idParticipant":20,"nume":"Enache","prenume":"Laura","varsta":29,"punctaj":0},{"idParticipant":21,"nume":"Dragomir","prenume":"Adrian","varsta":26,"punctaj":0},{"idParticipant":22,"nume":"Filip","prenume":"Bianca","varsta":31,"punctaj":0},{"idParticipant":23,"nume":"Grigore","prenume":"Stefan","varsta":24,"punctaj":0},{"idParticipant":24,"nume":"Hagi","prenume":"Diana","varsta":32,"punctaj":0},{"idParticipant":25,"nume":"Iacob","prenume":"Radu","varsta":23,"punctaj":0},{"idParticipant":26,"nume":"Jianu","prenume":"Oana","varsta":34,"punctaj":0},{"idParticipant":27,"nume":"Kovacs","prenume":"Cristina","varsta":21,"punctaj":0},{"idParticipant":28,"nume":"Lupu","prenume":"George","varsta":33,"punctaj":0},{"idParticipant":29,"nume":"Manole","prenume":"Simona","varsta":25,"punctaj":0},{"idParticipant":30,"nume":"Nedelcu","prenume":"Alexandra","varsta":28,"punctaj":0},{"idParticipant":31,"nume":"Oprea","prenume":"Bogdan","varsta":27,"punctaj":0},{"idParticipant":32,"nume":"Pavel","prenume":"Monica","varsta":30,"punctaj":0},{"idParticipant":33,"nume":"Rusu","prenume":"Andreea","varsta":29,"punctaj":0},{"idParticipant":34,"nume":"Sandu","prenume":"Victor","varsta":26,"punctaj":0},{"idParticipant":35,"nume":"Toma","prenume":"Gabriela","varsta":31,"punctaj":0},{"idParticipant":36,"nume":"Ursu","prenume":"Mihail","varsta":24,"punctaj":0},{"idParticipant":37,"nume":"Vlad","prenume":"Anca","varsta":32,"punctaj":0},{"idParticipant":38,"nume":"Zamfir","prenume":"Lucian","varsta":23,"punctaj":0},{"idParticipant":39,"nume":"Voicu","prenume":"Raluca","varsta":34,"punctaj":0},{"idParticipant":40,"nume":"nume","prenume":"prenume","varsta":20,"punctaj":0}]}
13 Apr 2025 15:51:59,658 DEBUG ro.mpp2024.protocol.ClientWorkerJson 126 handleRequest - Add rezultat request RezultatDTO{idProba='s1', idParticipant=30, puncte=400}
13 Apr 2025 15:51:59,658 TRACE ro.mpp2024.services.ServerService 56 addRezultat - Enter
13 Apr 2025 15:51:59,658 TRACE ro.mpp2024.repository.ParticipantRepository 62 findOne - Enter
13 Apr 2025 15:51:59,659 TRACE ro.mpp2024.utils.JdbcUtils 48 getConnection - Enter
13 Apr 2025 15:51:59,659 TRACE ro.mpp2024.utils.JdbcUtils 57 getConnection - Exit with(org.sqlite.jdbc4.JDBC4Connection@10f5c909)
13 Apr 2025 15:51:59,659 TRACE ro.mpp2024.repository.ParticipantRepository 30 createEntityFromResultSet - Enter createEntityFromResultSet
13 Apr 2025 15:51:59,659 TRACE ro.mpp2024.repository.ParticipantRepository 36 createEntityFromResultSet - Exit with(Nedelcu Alexandra)
13 Apr 2025 15:51:59,659 TRACE ro.mpp2024.repository.ParticipantRepository 76 findOne - Exit with(Nedelcu Alexandra)
13 Apr 2025 15:51:59,660 TRACE ro.mpp2024.repository.ProbaRepository 63 findOne - Enter findOne
13 Apr 2025 15:51:59,660 TRACE ro.mpp2024.utils.JdbcUtils 48 getConnection - Enter
13 Apr 2025 15:51:59,660 TRACE ro.mpp2024.utils.JdbcUtils 57 getConnection - Exit with(org.sqlite.jdbc4.JDBC4Connection@10f5c909)
13 Apr 2025 15:51:59,660 TRACE ro.mpp2024.repository.ProbaRepository 31 createEntityFromResultSet - Enter createEntityFromResultSet
13 Apr 2025 15:51:59,662 TRACE ro.mpp2024.repository.ProbaRepository 37 createEntityFromResultSet - Exit with(Proba{nume='Cursa 100 de m', arbitru=1, categorie=alergat})
13 Apr 2025 15:51:59,663 TRACE ro.mpp2024.repository.ProbaRepository 77 findOne - Exit with(Proba{nume='Cursa 100 de m', arbitru=1, categorie=alergat})
13 Apr 2025 15:51:59,663 TRACE ro.mpp2024.repository.RezultatRepository 116 save - Enter save
13 Apr 2025 15:51:59,663 TRACE ro.mpp2024.utils.JdbcUtils 48 getConnection - Enter
13 Apr 2025 15:51:59,663 TRACE ro.mpp2024.utils.JdbcUtils 57 getConnection - Exit with(org.sqlite.jdbc4.JDBC4Connection@10f5c909)
13 Apr 2025 15:51:59,672 TRACE ro.mpp2024.repository.RezultatRepository 127 save - Exit
13 Apr 2025 15:51:59,672 TRACE ro.mpp2024.services.ServerService 60 addRezultat - Exit
13 Apr 2025 15:51:59,672 DEBUG ro.mpp2024.services.ServerService 66 rezultatAdded - rezultat added
13 Apr 2025 15:51:59,675 DEBUG ro.mpp2024.protocol.ClientWorkerJson 79 sendResponse - sending response {"typeJava":"OK","typeCsharp":0}
13 Apr 2025 15:51:59,678 DEBUG ro.mpp2024.protocol.ClientWorkerJson 179 RezultatAdded - Sending rezultat added response Response{type=REZULTAT_ADDED, errormessage='null', user=null, rezultat=RezultatDTO{idProba='s1', idParticipant=30, puncte=400}, punctaje=null}
13 Apr 2025 15:51:59,678 DEBUG ro.mpp2024.protocol.ClientWorkerJson 79 sendResponse - sending response {"typeJava":"REZULTAT_ADDED","typeCsharp":5,"rezultat":{"idProba":"s1","idParticipant":30,"numeParticipant":"Nedelcu","prenumeParticipant":"Alexandra","puncte":400}}
13 Apr 2025 15:52:06,653 DEBUG ro.mpp2024.protocol.ClientWorkerJson 151 handleRequest - Logout request forUserDTO{nume='Alice Johnson', username='alice.j', password='UGFzc3cwcmQxIQ==', probaId='s1'}
13 Apr 2025 15:52:06,654 INFO  ro.mpp2024.services.ServerService 94 logout - Logout user alice.j
13 Apr 2025 15:52:06,654 DEBUG ro.mpp2024.protocol.ClientWorkerJson 79 sendResponse - sending response {"typeJava":"OK","typeCsharp":0}
